STATE,ST_CASE,VEH_NO,PER_NO,NMIMPAIR
1,10003,0,1,99
1,10004,0,1,99
1,10005,0,1,0
1,10006,0,1,0
1,10008,0,1,99
1,10011,0,1,99
1,10017,0,1,99
1,10025,0,1,99
1,10026,0,1,0
1,10029,0,1,0
1,10030,0,1,0
1,10032,0,1,0
1,10034,0,1,0
1,10049,0,1,99
1,10055,0,1,99
1,10063,0,1,0
1,10066,0,1,0
1,10070,0,1,99
1,10074,0,1,0
1,10083,0,1,99
1,10091,0,1,0
1,10102,0,1,99
1,10108,0,1,9
1,10109,0,1,0
1,10117,0,1,9
1,10123,0,1,0
1,10134,0,1,0
1,10136,0,1,99
1,10138,0,1,5
1,10139,0,1,0
1,10140,0,1,99
1,10148,0,1,99
1,10152,0,1,99
1,10161,0,1,99
1,10162,0,1,99
1,10171,0,1,5
1,10185,0,1,99
1,10189,0,1,99
1,10190,0,1,99
1,10193,0,1,99
1,10202,0,1,0
1,10229,0,1,99
1,10233,0,1,10
1,10237,0,1,9
1,10238,0,1,0
1,10241,0,1,99
1,10247,0,1,0
1,10247,0,2,0
1,10274,0,1,99
1,10275,0,1,99
1,10281,0,1,99
1,10282,0,1,99
1,10288,0,1,9
1,10290,0,1,0
1,10308,0,1,99
1,10313,0,1,0
1,10315,0,1,9
1,10316,0,1,99
1,10317,0,1,0
1,10317,0,2,0
1,10323,0,1,99
1,10340,0,1,0
1,10345,0,1,99
1,10354,0,1,99
1,10359,0,1,99
1,10362,0,1,0
1,10366,0,1,98
1,10366,0,2,98
1,10366,0,3,98
1,10376,0,1,1
1,10381,0,1,99
1,10393,0,1,99
1,10398,0,1,99
1,10399,0,1,9
1,10401,0,1,99
1,10418,0,1,0
1,10425,0,1,5
1,10431,0,1,0
1,10461,0,1,99
1,10465,0,1,8
1,10465,0,2,8
1,10466,0,1,0
1,10471,0,1,99
1,10486,0,1,9
1,10487,0,1,99
1,10489,0,1,99
1,10492,0,1,9
1,10511,0,1,99
1,10517,0,1,99
1,10522,0,1,99
1,10529,0,1,0
1,10535,0,1,99
1,10543,0,1,99
1,10563,0,1,99
1,10569,0,1,0
1,10570,0,1,0
1,10571,0,1,0
1,10586,0,1,0
1,10594,0,1,0
1,10598,0,1,99
1,10599,0,1,5
1,10599,0,2,0
1,10608,0,1,0
1,10611,0,1,0
1,10616,0,1,99
1,10617,0,1,0
1,10626,0,1,99
1,10639,0,1,99
1,10644,0,1,0
1,10645,0,1,9
1,10659,0,1,99
1,10661,0,1,0
1,10661,0,2,0
1,10680,0,1,0
1,10685,0,1,99
1,10687,0,1,99
1,10698,0,1,99
1,10707,0,1,99
1,10711,0,1,0
1,10714,0,1,99
1,10720,0,1,9
1,10720,0,1,10
1,10724,0,1,99
1,10736,0,1,0
1,10742,0,1,0
1,10751,0,1,99
1,10773,0,1,99
1,10785,0,1,98
1,10790,0,1,0
1,10799,0,1,99
1,10801,0,1,98
1,10803,0,1,99
1,10807,0,1,0
1,10822,0,1,99
1,10835,0,1,9
1,10836,0,1,99
1,10839,0,1,0
1,10869,0,1,99
1,10873,0,1,99
1,10879,0,1,0
1,10890,0,1,9
1,10899,0,1,0
1,10900,0,1,99
1,10907,0,1,99
1,10908,0,1,9
1,10911,0,1,99
2,20003,0,1,98
2,20006,0,1,99
2,20007,0,1,0
2,20007,0,2,98
2,20007,0,3,98
2,20008,0,1,98
2,20013,0,1,2
2,20013,0,1,9
2,20014,0,1,98
2,20020,0,1,98
2,20027,0,1,0
2,20036,0,1,98
2,20037,0,1,98
2,20039,0,1,98
2,20043,0,1,98
2,20044,0,1,98
2,20046,0,1,9
2,20054,0,1,0
2,20060,0,1,98
2,20061,0,1,99
4,40001,0,1,99
4,40005,0,1,99
4,40006,0,1,99
4,40007,0,1,99
4,40008,0,1,99
4,40009,0,1,0
4,40009,0,2,0
4,40017,0,1,99
4,40022,0,1,99
4,40026,0,1,99
4,40030,0,1,99
4,40031,0,1,9
4,40035,0,1,0
4,40035,0,2,0
4,40040,0,1,99
4,40048,0,1,99
4,40052,0,1,0
4,40053,0,1,0
4,40054,0,1,9
4,40055,0,1,0
4,40057,0,1,99
4,40059,0,1,0
4,40059,0,2,0
4,40063,0,1,0
4,40066,0,1,0
4,40069,0,1,99
4,40070,0,1,9
4,40072,0,1,99
4,40074,0,1,99
4,40081,0,1,99
4,40081,0,2,0
4,40082,0,1,0
4,40084,0,1,0
4,40088,0,1,0
4,40092,0,1,99
4,40093,0,1,9
4,40095,0,1,0
4,40098,0,1,99
4,40102,0,1,0
4,40103,0,1,0
4,40104,0,1,99
4,40106,0,1,0
4,40109,0,1,99
4,40111,0,1,0
4,40111,0,2,0
4,40112,0,1,9
4,40113,0,1,0
4,40118,0,1,0
4,40120,0,1,99
4,40128,0,1,99
4,40129,0,1,9
4,40130,0,1,99
4,40131,0,1,0
4,40150,0,1,0
4,40153,0,1,99
4,40154,0,1,99
4,40156,0,1,0
4,40159,0,1,0
4,40167,0,1,99
4,40169,0,1,99
4,40174,0,1,99
4,40178,0,1,99
4,40181,0,1,99
4,40183,0,1,99
4,40186,0,1,99
4,40191,0,1,9
4,40194,0,1,0
4,40195,0,1,0
4,40195,0,2,0
4,40195,0,3,0
4,40209,0,1,99
4,40213,0,1,98
4,40217,0,1,99
4,40223,0,1,0
4,40231,0,1,9
4,40233,0,1,99
4,40241,0,1,99
4,40247,0,1,99
4,40249,0,1,9
4,40252,0,1,98
4,40257,0,1,99
4,40258,0,1,99
4,40262,0,1,98
4,40266,0,1,99
4,40268,0,1,0
4,40270,0,1,99
4,40274,0,1,0
4,40275,0,1,99
4,40285,0,1,99
4,40295,0,1,9
4,40297,0,1,0
4,40297,0,2,0
4,40298,0,1,9
4,40301,0,1,0
4,40311,0,1,99
4,40315,0,1,0
4,40315,0,2,98
4,40322,0,1,99
4,40327,0,1,99
4,40331,0,1,0
4,40338,0,1,9
4,40340,0,1,0
4,40349,0,1,9
4,40355,0,1,9
4,40356,0,1,9
4,40358,0,1,99
4,40361,0,1,99
4,40362,0,1,99
4,40363,0,1,9
4,40365,0,1,98
4,40366,0,1,9
4,40367,0,1,0
4,40368,0,1,0
4,40379,0,1,99
4,40382,0,1,9
4,40387,0,1,99
4,40388,0,1,0
4,40389,0,1,9
4,40398,0,1,0
4,40399,0,1,9
4,40407,0,1,99
4,40409,0,1,99
4,40413,0,1,99
4,40414,0,1,0
4,40426,0,1,99
4,40430,0,1,0
4,40441,0,1,98
4,40450,0,1,0
4,40451,0,1,99
4,40451,0,2,99
4,40459,0,1,99
4,40460,0,1,0
4,40461,0,1,0
4,40463,0,1,9
4,40464,0,1,99
4,40467,0,1,99
4,40468,0,1,0
4,40472,0,1,9
4,40476,0,1,9
4,40482,0,1,99
4,40488,0,1,9
4,40493,0,1,98
4,40495,0,1,9
4,40501,0,1,98
4,40502,0,1,9
4,40514,0,1,99
4,40517,0,1,9
4,40524,0,1,9
4,40527,0,1,9
4,40528,0,1,99
4,40529,0,1,99
4,40532,0,1,0
4,40534,0,1,99
4,40554,0,1,99
4,40560,0,1,98
4,40561,0,1,98
4,40562,0,1,98
4,40568,0,1,99
4,40571,0,1,98
4,40579,0,1,98
4,40582,0,1,9
4,40583,0,1,0
4,40602,0,1,0
4,40610,0,1,0
4,40617,0,1,98
4,40626,0,1,0
4,40635,0,1,9
4,40642,0,1,0
4,40652,0,1,98
4,40658,0,1,0
4,40662,0,1,99
4,40670,0,1,99
4,40672,0,1,0
4,40672,0,2,0
4,40673,0,1,98
4,40675,0,1,0
4,40685,0,1,0
4,40686,0,1,9
4,40690,0,1,0
4,40693,0,1,99
4,40695,0,1,0
4,40696,0,1,99
4,40699,0,1,99
4,40703,0,1,99
4,40704,0,1,99
4,40713,0,1,0
4,40728,0,1,0
4,40728,0,2,0
4,40732,0,1,98
4,40744,0,1,98
4,40752,0,1,99
4,40755,0,1,99
4,40758,0,1,98
4,40763,0,1,0
4,40764,0,1,9
4,40766,0,1,99
4,40767,0,1,98
4,40770,0,1,0
4,40779,0,1,99
4,40782,0,1,99
4,40783,0,1,99
4,40790,0,1,98
4,40791,0,1,9
4,40793,0,1,99
4,40795,0,1,98
4,40797,0,1,98
4,40798,0,1,98
4,40802,0,1,0
4,40803,0,1,99
4,40810,0,1,99
4,40811,0,1,99
4,40812,0,1,0
4,40815,0,1,0
4,40816,0,1,99
4,40818,0,1,0
4,40819,0,1,0
4,40820,0,1,99
4,40824,0,1,99
4,40825,0,1,9
4,40826,0,1,99
4,40832,0,1,0
4,40833,0,1,98
4,40834,0,1,98
4,40835,0,1,98
4,40836,0,1,99
4,40837,0,1,98
4,40839,0,1,98
4,40841,0,1,98
4,40845,0,1,0
4,40846,0,1,98
4,40863,0,1,99
4,40869,0,1,0
4,40876,0,1,99
4,40878,0,1,0
4,40878,0,2,0
4,40893,0,1,99
4,40900,0,1,99
4,40901,0,1,99
4,40908,0,1,9
4,40912,0,1,9
4,40914,0,1,9
4,40917,0,1,99
4,40921,0,1,99
4,40922,0,1,9
4,40924,0,1,99
4,40927,0,1,0
4,40929,0,1,99
4,40931,0,1,99
4,40933,0,1,0
4,40935,0,1,0
4,40949,0,1,99
4,40952,0,1,0
4,40953,0,1,0
4,40954,0,1,99
4,40954,0,2,99
4,40955,0,1,98
4,40955,0,2,98
4,40960,0,1,99
4,40961,0,1,0
4,40962,0,1,0
4,40962,0,2,0
4,40965,0,1,99
4,40969,0,1,99
4,40970,0,1,9
4,40971,0,1,99
4,40974,0,1,0
4,40977,0,1,99
4,40978,0,1,99
4,40985,0,1,98
4,40988,0,1,98
4,40989,0,1,0
4,40994,0,1,99
4,40998,0,1,99
4,40999,0,1,0
4,41000,0,1,98
4,41001,0,1,0
4,41002,0,1,0
4,41005,0,1,0
4,41007,0,1,99
4,41013,0,1,98
4,41019,0,1,98
4,41020,0,1,98
4,41021,0,1,98
4,41023,0,1,99
4,41026,0,1,9
4,41028,0,1,9
4,41030,0,1,98
4,41032,0,1,99
4,41050,0,1,0
4,41064,0,1,0
4,41065,0,1,99
4,41072,0,1,0
4,41075,0,1,98
4,41078,0,1,9
4,41080,0,1,98
4,41081,0,1,98
4,41082,0,1,9
4,41086,0,1,99
4,41088,0,1,99
4,41089,0,1,0
4,41094,0,1,0
4,41099,0,1,99
4,41102,0,1,0
4,41103,0,1,98
4,41105,0,1,0
4,41105,0,2,98
4,41108,0,1,0
4,41109,0,1,9
4,41112,0,1,3
4,41114,0,1,98
4,41115,0,1,98
4,41118,0,1,99
4,41121,0,1,99
4,41127,0,1,0
4,41133,0,1,0
4,41134,0,1,99
4,41137,0,1,9
4,41141,0,1,9
4,41142,0,1,98
4,41143,0,1,98
4,41147,0,1,98
5,50002,0,1,9
5,50030,0,1,0
5,50039,0,1,99
5,50043,0,1,99
5,50045,0,1,99
5,50048,0,1,99
5,50061,0,1,99
5,50073,0,1,0
5,50082,0,1,99
5,50109,0,1,99
5,50116,0,1,8
5,50116,0,1,9
5,50121,0,1,99
5,50129,0,1,99
5,50131,0,1,99
5,50140,0,1,99
5,50141,0,1,99
5,50144,0,1,98
5,50145,0,1,99
5,50146,0,1,0
5,50155,0,1,0
5,50159,0,1,99
5,50181,0,1,0
5,50187,0,1,99
5,50189,0,1,9
5,50192,0,1,5
5,50201,0,1,0
5,50228,0,1,99
5,50230,0,1,99
5,50246,0,1,0
5,50255,0,1,8
5,50263,0,1,99
5,50273,0,1,99
5,50279,0,1,99
5,50279,0,2,0
5,50295,0,1,99
5,50305,0,1,99
5,50318,0,1,99
5,50362,0,1,99
5,50364,0,1,0
5,50366,0,1,99
5,50367,0,1,99
5,50378,0,1,99
5,50387,0,1,0
5,50388,0,1,99
5,50388,0,2,99
5,50392,0,1,0
5,50397,0,1,99
5,50397,0,2,99
5,50407,0,1,99
5,50409,0,1,99
5,50414,0,1,0
5,50416,0,1,0
5,50432,0,1,0
5,50432,0,2,0
5,50435,0,1,99
5,50438,0,1,0
5,50441,0,1,99
5,50442,0,1,99
5,50445,0,1,0
5,50447,0,1,0
5,50448,0,1,0
5,50449,0,1,99
5,50451,0,1,99
5,50453,0,1,0
5,50454,0,1,99
5,50457,0,1,99
5,50460,0,1,99
5,50466,0,1,99
5,50474,0,1,99
5,50480,0,1,99
5,50490,0,1,99
5,50491,0,1,99
5,50517,0,1,0
5,50521,0,1,99
5,50528,0,1,99
5,50540,0,1,99
5,50543,0,1,0
5,50544,0,1,99
5,50550,0,1,99
5,50554,0,1,99
6,60002,0,1,99
6,60016,0,1,99
6,60018,0,1,99
6,60019,0,1,99
6,60022,0,1,98
6,60026,0,1,99
6,60030,0,1,98
6,60033,0,1,99
6,60041,0,1,99
6,60044,0,1,99
6,60046,0,1,98
6,60047,0,1,99
6,60052,0,1,99
6,60054,0,1,98
6,60058,0,1,99
6,60063,0,1,99
6,60069,0,1,99
6,60071,0,1,99
6,60073,0,1,99
6,60078,0,1,98
6,60080,0,1,99
6,60082,0,1,99
6,60088,0,1,98
6,60090,0,1,99
6,60091,0,1,99
6,60092,0,1,99
6,60096,0,1,98
6,60097,0,1,99
6,60106,0,1,98
6,60107,0,1,0
6,60108,0,1,9
6,60109,0,1,98
6,60110,0,1,98
6,60111,0,1,99
6,60112,0,1,98
6,60113,0,1,99
6,60115,0,1,99
6,60118,0,1,98
6,60119,0,1,99
6,60120,0,1,8
6,60126,0,1,99
6,60126,0,2,99
6,60128,0,1,99
6,60129,0,1,99
6,60133,0,1,99
6,60136,0,1,99
6,60138,0,1,98
6,60139,0,1,99
6,60141,0,1,99
6,60144,0,1,99
6,60147,0,1,99
6,60147,0,2,99
6,60153,0,1,99
6,60158,0,1,99
6,60159,0,1,98
6,60166,0,1,99
6,60175,0,1,9
6,60182,0,1,9
6,60187,0,1,99
6,60188,0,1,99
6,60192,0,1,98
6,60192,0,2,98
6,60193,0,1,99
6,60194,0,1,99
6,60195,0,1,99
6,60204,0,1,99
6,60205,0,1,98
6,60210,0,1,98
6,60213,0,1,99
6,60222,0,1,9
6,60223,0,1,99
6,60224,0,1,98
6,60229,0,1,99
6,60233,0,1,99
6,60234,0,1,98
6,60235,0,1,99
6,60248,0,1,99
6,60251,0,1,99
6,60253,0,1,98
6,60254,0,1,98
6,60255,0,1,98
6,60258,0,1,98
6,60259,0,1,98
6,60267,0,1,9
6,60268,0,1,98
6,60269,0,1,9
6,60270,0,1,98
6,60271,0,1,99
6,60273,0,1,9
6,60275,0,1,99
6,60278,0,1,99
6,60287,0,1,99
6,60298,0,1,98
6,60299,0,1,99
6,60307,0,1,8
6,60309,0,1,9
6,60312,0,1,99
6,60319,0,1,99
6,60323,0,1,99
6,60324,0,1,99
6,60326,0,1,98
6,60332,0,1,98
6,60336,0,1,99
6,60339,0,1,99
6,60340,0,1,98
6,60350,0,1,99
6,60353,0,1,98
6,60370,0,1,99
6,60384,0,1,99
6,60386,0,1,99
6,60388,0,1,99
6,60390,0,1,99
6,60391,0,1,99
6,60396,0,1,98
6,60397,0,1,99
6,60406,0,1,0
6,60409,0,1,98
6,60413,0,1,99
6,60415,0,1,98
6,60422,0,1,9
6,60423,0,1,9
6,60428,0,1,98
6,60429,0,1,98
6,60430,0,1,98
6,60447,0,1,99
6,60448,0,1,99
6,60450,0,1,9
6,60450,0,2,99
6,60452,0,1,99
6,60453,0,1,98
6,60453,0,2,98
6,60462,0,1,98
6,60463,0,1,98
6,60464,0,1,98
6,60466,0,1,9
6,60469,0,1,98
6,60470,0,1,98
6,60474,0,1,98
6,60475,0,1,98
6,60479,0,1,98
6,60480,0,1,98
6,60481,0,1,98
6,60482,0,1,98
6,60485,0,1,99
6,60487,0,1,99
6,60488,0,1,7
6,60490,0,1,98
6,60495,0,1,99
6,60499,0,1,98
6,60503,0,1,99
6,60505,0,1,99
6,60508,0,1,99
6,60509,0,1,99
6,60511,0,1,0
6,60512,0,1,98
6,60514,0,1,99
6,60515,0,1,98
6,60516,0,1,98
6,60517,0,1,99
6,60525,0,1,98
6,60526,0,1,0
6,60527,0,1,9
6,60528,0,1,99
6,60530,0,1,99
6,60534,0,1,98
6,60537,0,1,0
6,60538,0,1,98
6,60539,0,1,99
6,60542,0,1,9
6,60547,0,1,99
6,60548,0,1,99
6,60549,0,1,99
6,60550,0,1,99
6,60554,0,1,99
6,60554,0,2,98
6,60556,0,1,98
6,60573,0,1,99
6,60574,0,1,9
6,60575,0,1,98
6,60576,0,1,98
6,60581,0,1,9
6,60585,0,1,9
6,60586,0,1,99
6,60590,0,1,99
6,60596,0,1,99
6,60601,0,1,99
6,60606,0,1,99
6,60609,0,1,9
6,60611,0,1,99
6,60612,0,1,98
6,60613,0,1,98
6,60614,0,1,98
6,60615,0,1,98
6,60623,0,1,9
6,60625,0,1,99
6,60626,0,1,98
6,60628,0,1,9
6,60629,0,1,98
6,60634,0,1,99
6,60636,0,1,99
6,60637,0,1,99
6,60638,0,1,98
6,60639,0,1,98
6,60641,0,1,98
6,60643,0,1,99
6,60644,0,1,99
6,60645,0,1,99
6,60646,0,1,99
6,60647,0,1,99
6,60650,0,1,99
6,60653,0,1,98
6,60654,0,1,98
6,60660,0,1,99
6,60662,0,1,99
6,60664,0,1,99
6,60669,0,1,99
6,60671,0,1,98
6,60672,0,1,99
6,60676,0,1,98
6,60677,0,1,98
6,60679,0,1,98
6,60680,0,1,98
6,60681,0,1,99
6,60683,0,1,99
6,60697,0,1,99
6,60699,0,1,98
6,60703,0,1,9
6,60712,0,1,98
6,60714,0,1,99
6,60715,0,1,99
6,60717,0,1,98
6,60717,0,2,98
6,60719,0,1,9
6,60720,0,1,98
6,60722,0,1,99
6,60725,0,1,98
6,60728,0,1,99
6,60729,0,1,99
6,60732,0,1,98
6,60732,0,2,98
6,60732,0,3,98
6,60732,0,4,98
6,60734,0,1,99
6,60735,0,1,99
6,60738,0,1,99
6,60743,0,1,99
6,60744,0,1,99
6,60745,0,1,99
6,60749,0,1,2
6,60750,0,1,98
6,60751,0,1,99
6,60752,0,1,9
6,60753,0,1,3
6,60754,0,1,98
6,60755,0,1,98
6,60758,0,1,9
6,60760,0,1,99
6,60763,0,1,99
6,60768,0,1,99
6,60770,0,1,99
6,60771,0,1,98
6,60773,0,1,99
6,60774,0,1,99
6,60775,0,1,99
6,60776,0,1,99
6,60777,0,1,9
6,60781,0,1,99
6,60782,0,1,99
6,60785,0,1,99
6,60787,0,1,99
6,60788,0,1,99
6,60789,0,1,99
6,60795,0,1,99
6,60799,0,1,99
6,60800,0,1,4
6,60802,0,1,0
6,60803,0,1,98
6,60804,0,1,98
6,60805,0,1,99
6,60807,0,1,99
6,60811,0,1,99
6,60812,0,1,99
6,60813,0,1,99
6,60819,0,1,99
6,60821,0,1,98
6,60822,0,1,99
6,60823,0,1,0
6,60828,0,1,99
6,60829,0,1,99
6,60830,0,1,99
6,60831,0,1,99
6,60833,0,1,99
6,60834,0,1,98
6,60834,0,2,98
6,60841,0,1,99
6,60842,0,1,9
6,60843,0,1,98
6,60843,0,2,0
6,60846,0,1,99
6,60847,0,1,99
6,60854,0,1,98
6,60855,0,1,99
6,60856,0,1,99
6,60857,0,1,99
6,60858,0,1,0
6,60860,0,1,99
6,60861,0,1,99
6,60862,0,1,99
6,60863,0,1,9
6,60864,0,1,99
6,60866,0,1,99
6,60867,0,1,99
6,60870,0,1,98
6,60871,0,1,99
6,60872,0,1,99
6,60873,0,1,99
6,60875,0,1,99
6,60893,0,1,99
6,60896,0,1,99
6,60905,0,1,99
6,60909,0,1,98
6,60916,0,1,8
6,60929,0,1,99
6,60930,0,1,9
6,60931,0,1,98
6,60934,0,1,99
6,60936,0,1,98
6,60937,0,1,99
6,60939,0,1,98
6,60940,0,1,99
6,60941,0,1,99
6,60942,0,1,99
6,60944,0,1,99
6,60945,0,1,98
6,60945,0,2,98
6,60946,0,1,99
6,60947,0,1,9
6,60949,0,1,9
6,60950,0,1,99
6,60955,0,1,98
6,60956,0,1,99
6,60962,0,1,99
6,60963,0,1,99
6,60967,0,1,99
6,60969,0,1,9
6,60977,0,1,98
6,60979,0,1,99
6,60980,0,1,98
6,60984,0,1,99
6,60985,0,1,99
6,60989,0,1,99
6,60990,0,1,98
6,60991,0,1,99
6,60993,0,1,99
6,60996,0,1,98
6,60997,0,1,99
6,60998,0,1,4
6,61001,0,1,99
6,61002,0,1,99
6,61005,0,1,99
6,61006,0,1,99
6,61010,0,1,99
6,61011,0,1,99
6,61012,0,1,98
6,61013,0,1,99
6,61016,0,1,99
6,61020,0,1,9
6,61026,0,1,98
6,61027,0,1,99
6,61032,0,1,99
6,61033,0,1,99
6,61035,0,1,99
6,61041,0,1,99
6,61042,0,1,99
6,61043,0,1,99
6,61048,0,1,99
6,61052,0,1,9
6,61056,0,1,99
6,61058,0,1,9
6,61060,0,1,99
6,61061,0,1,99
6,61062,0,1,98
6,61065,0,1,99
6,61070,0,1,99
6,61071,0,1,99
6,61076,0,1,9
6,61080,0,1,99
6,61081,0,1,99
6,61082,0,1,99
6,61084,0,1,0
6,61085,0,1,98
6,61086,0,1,99
6,61088,0,1,99
6,61089,0,1,99
6,61091,0,1,99
6,61093,0,1,98
6,61095,0,1,99
6,61096,0,1,99
6,61097,0,1,99
6,61097,0,2,99
6,61097,0,3,99
6,61098,0,1,99
6,61106,0,1,9
6,61109,0,1,98
6,61110,0,1,98
6,61111,0,1,99
6,61112,0,1,98
6,61121,0,1,99
6,61122,0,1,99
6,61123,0,1,98
6,61124,0,1,99
6,61125,0,1,99
6,61127,0,1,99
6,61131,0,1,9
6,61132,0,1,98
6,61134,0,1,98
6,61136,0,1,99
6,61137,0,1,98
6,61139,0,1,99
6,61144,0,1,98
6,61148,0,1,4
6,61148,0,2,99
6,61150,0,1,99
6,61163,0,1,99
6,61164,0,1,98
6,61166,0,1,99
6,61168,0,1,99
6,61169,0,1,99
6,61171,0,1,9
6,61178,0,1,99
6,61181,0,1,99
6,61186,0,1,98
6,61188,0,1,99
6,61193,0,1,99
6,61200,0,1,99
6,61204,0,1,99
6,61205,0,1,99
6,61206,0,1,9
6,61209,0,1,99
6,61209,0,2,99
6,61210,0,1,99
6,61212,0,1,99
6,61220,0,1,99
6,61221,0,1,99
6,61222,0,1,99
6,61224,0,1,9
6,61225,0,1,99
6,61226,0,1,99
6,61227,0,1,99
6,61228,0,1,9
6,61229,0,1,99
6,61231,0,1,99
6,61237,0,1,98
6,61238,0,1,98
6,61240,0,1,98
6,61243,0,1,98
6,61244,0,1,99
6,61246,0,1,99
6,61249,0,1,98
6,61263,0,1,0
6,61264,0,1,98
6,61265,0,1,99
6,61267,0,1,9
6,61277,0,1,0
6,61279,0,1,98
6,61282,0,1,99
6,61285,0,1,9
6,61286,0,1,98
6,61288,0,1,98
6,61290,0,1,99
6,61292,0,1,98
6,61298,0,1,99
6,61299,0,1,99
6,61302,0,1,9
6,61304,0,1,99
6,61305,0,1,99
6,61306,0,1,99
6,61307,0,1,98
6,61311,0,1,4
6,61313,0,1,99
6,61314,0,1,99
6,61316,0,1,3
6,61317,0,1,99
6,61318,0,1,98
6,61319,0,1,99
6,61324,0,1,98
6,61329,0,1,99
6,61330,0,1,99
6,61333,0,1,0
6,61337,0,1,98
6,61338,0,1,98
6,61345,0,1,99
6,61353,0,1,99
6,61355,0,1,99
6,61356,0,1,99
6,61359,0,1,99
6,61361,0,1,99
6,61362,0,1,99
6,61363,0,1,99
6,61364,0,1,99
6,61365,0,1,99
6,61366,0,1,99
6,61368,0,1,99
6,61371,0,1,99
6,61373,0,1,98
6,61374,0,1,99
6,61382,0,1,99
6,61384,0,1,99
6,61386,0,1,98
6,61389,0,1,99
6,61391,0,1,0
6,61394,0,1,0
6,61394,0,2,0
6,61394,0,3,0
6,61394,0,4,0
6,61394,0,5,0
6,61395,0,1,99
6,61398,0,1,0
6,61401,0,1,99
6,61402,0,1,98
6,61403,0,1,99
6,61405,0,1,99
6,61408,0,1,98
6,61412,0,1,99
6,61415,0,1,99
6,61416,0,1,9
6,61417,0,1,99
6,61418,0,1,9
6,61421,0,1,99
6,61423,0,1,9
6,61429,0,1,9
6,61430,0,1,99
6,61433,0,1,99
6,61434,0,1,99
6,61435,0,1,99
6,61436,0,1,99
6,61441,0,1,98
6,61443,0,1,99
6,61444,0,1,99
6,61448,0,1,99
6,61455,0,1,98
6,61456,0,1,9
6,61458,0,1,98
6,61466,0,1,9
6,61468,0,1,9
6,61469,0,1,99
6,61470,0,1,99
6,61473,0,1,99
6,61474,0,1,99
6,61476,0,1,99
6,61477,0,1,99
6,61478,0,1,99
6,61480,0,1,99
6,61482,0,1,0
6,61487,0,1,99
6,61492,0,1,98
6,61493,0,1,99
6,61498,0,1,99
6,61499,0,1,99
6,61504,0,1,99
6,61509,0,1,99
6,61510,0,1,99
6,61512,0,1,0
6,61515,0,1,99
6,61521,0,1,99
6,61522,0,1,99
6,61526,0,1,99
6,61527,0,1,99
6,61533,0,1,99
6,61537,0,1,98
6,61541,0,1,99
6,61542,0,1,98
6,61542,0,2,98
6,61543,0,1,99
6,61544,0,1,98
6,61547,0,1,99
6,61557,0,1,98
6,61563,0,1,99
6,61567,0,1,99
6,61575,0,1,9
6,61578,0,1,99
6,61579,0,1,98
6,61585,0,1,99
6,61587,0,1,99
6,61592,0,1,98
6,61599,0,1,99
6,61601,0,1,99
6,61602,0,1,99
6,61607,0,1,98
6,61608,0,1,98
6,61611,0,1,9
6,61612,0,1,99
6,61616,0,1,99
6,61628,0,1,99
6,61633,0,1,99
6,61635,0,1,3
6,61636,0,1,99
6,61637,0,1,99
6,61644,0,1,99
6,61649,0,1,9
6,61653,0,1,99
6,61662,0,1,99
6,61665,0,1,99
6,61669,0,1,99
6,61671,0,1,99
6,61672,0,1,99
6,61675,0,1,99
6,61681,0,1,99
6,61687,0,1,99
6,61687,0,2,98
6,61693,0,1,99
6,61702,0,1,99
6,61706,0,1,0
6,61707,0,1,9
6,61718,0,1,98
6,61719,0,1,99
6,61723,0,1,9
6,61729,0,1,99
6,61731,0,1,9
6,61732,0,1,98
6,61733,0,1,99
6,61738,0,1,99
6,61740,0,1,99
6,61742,0,1,98
6,61744,0,1,9
6,61750,0,1,98
6,61750,0,2,98
6,61751,0,1,99
6,61758,0,1,98
6,61761,0,1,98
6,61762,0,1,99
6,61763,0,1,99
6,61765,0,1,99
6,61770,0,1,99
6,61771,0,1,99
6,61773,0,1,99
6,61774,0,1,99
6,61775,0,1,98
6,61776,0,1,98
6,61779,0,1,99
6,61780,0,1,99
6,61783,0,1,99
6,61787,0,1,98
6,61789,0,1,9
6,61790,0,1,99
6,61791,0,1,99
6,61793,0,1,99
6,61795,0,1,99
6,61797,0,1,99
6,61798,0,1,99
6,61799,0,1,4
6,61802,0,1,9
6,61803,0,1,98
6,61803,0,2,98
6,61805,0,1,99
6,61808,0,1,0
6,61812,0,1,99
6,61817,0,1,99
6,61825,0,1,99
6,61828,0,1,9
6,61832,0,1,9
6,61834,0,1,9
6,61837,0,1,0
6,61843,0,1,99
6,61844,0,1,99
6,61845,0,1,99
6,61846,0,1,99
6,61848,0,1,99
6,61850,0,1,9
6,61851,0,1,9
6,61855,0,1,98
6,61857,0,1,99
6,61858,0,1,99
6,61864,0,1,9
6,61873,0,1,9
6,61885,0,1,98
6,61886,0,1,98
6,61887,0,1,99
6,61893,0,1,99
6,61893,0,2,99
6,61896,0,1,0
6,61904,0,1,98
6,61904,0,2,98
6,61907,0,1,99
6,61913,0,1,9
6,61914,0,1,0
6,61920,0,1,99
6,61924,0,1,99
6,61926,0,1,99
6,61934,0,1,99
6,61936,0,1,0
6,61947,0,1,99
6,61958,0,1,0
6,61959,0,1,99
6,61962,0,1,99
6,61966,0,1,98
6,61968,0,1,99
6,61970,0,1,99
6,61971,0,1,99
6,61972,0,1,9
6,61974,0,1,99
6,61984,0,1,99
6,61993,0,1,99
6,61996,0,1,99
6,62008,0,1,99
6,62009,0,1,99
6,62010,0,1,98
6,62011,0,1,9
6,62011,0,2,98
6,62014,0,1,99
6,62015,0,1,99
6,62020,0,1,9
6,62021,0,1,99
6,62028,0,1,98
6,62029,0,1,9
6,62033,0,1,99
6,62034,0,1,99
6,62035,0,1,99
6,62037,0,1,99
6,62038,0,1,99
6,62039,0,1,9
6,62042,0,1,98
6,62044,0,1,99
6,62046,0,1,99
6,62050,0,1,98
6,62052,0,1,98
6,62055,0,1,9
6,62058,0,1,99
6,62059,0,1,98
6,62060,0,1,99
6,62065,0,1,99
6,62067,0,1,9
6,62068,0,1,99
6,62072,0,1,99
6,62074,0,1,0
6,62076,0,1,98
6,62083,0,1,99
6,62085,0,1,99
6,62088,0,1,99
6,62094,0,1,99
6,62098,0,1,99
6,62099,0,1,99
6,62100,0,1,9
6,62111,0,1,9
6,62112,0,1,99
6,62114,0,1,99
6,62116,0,1,98
6,62121,0,1,99
6,62128,0,1,99
6,62135,0,1,99
6,62138,0,1,99
6,62144,0,1,99
6,62145,0,1,99
6,62160,0,1,99
6,62165,0,1,9
6,62166,0,1,9
6,62169,0,1,98
6,62175,0,1,99
6,62177,0,1,99
6,62185,0,1,98
6,62186,0,1,99
6,62189,0,1,9
6,62190,0,1,9
6,62191,0,1,99
6,62192,0,1,9
6,62197,0,1,99
6,62201,0,1,99
6,62202,0,1,99
6,62205,0,1,99
6,62208,0,1,99
6,62210,0,1,99
6,62211,0,1,99
6,62215,0,1,9
6,62218,0,1,9
6,62220,0,1,9
6,62221,0,1,99
6,62224,0,1,99
6,62225,0,1,99
6,62228,0,1,99
6,62230,0,1,98
6,62231,0,1,99
6,62232,0,1,98
6,62233,0,1,99
6,62235,0,1,98
6,62236,0,1,99
6,62242,0,1,99
6,62245,0,1,9
6,62247,0,1,9
6,62252,0,1,99
6,62256,0,1,0
6,62258,0,1,99
6,62260,0,1,98
6,62265,0,1,98
6,62266,0,1,9
6,62269,0,1,99
6,62270,0,1,99
6,62273,0,1,98
6,62274,0,1,99
6,62277,0,1,99
6,62278,0,1,9
6,62283,0,1,9
6,62284,0,1,9
6,62287,0,1,99
6,62289,0,1,99
6,62294,0,1,99
6,62295,0,1,99
6,62298,0,1,99
6,62302,0,1,98
6,62302,0,2,98
6,62302,0,3,98
6,62302,0,4,98
6,62305,0,1,98
6,62308,0,1,6
6,62308,0,1,9
6,62311,0,1,9
6,62313,0,1,9
6,62321,0,1,9
6,62322,0,1,99
6,62323,0,1,99
6,62324,0,1,99
6,62324,0,2,99
6,62326,0,1,99
6,62329,0,1,9
6,62330,0,1,99
6,62333,0,1,8
6,62334,0,1,98
6,62337,0,1,9
6,62340,0,1,99
6,62346,0,1,99
6,62350,0,1,99
6,62355,0,1,9
6,62356,0,1,9
6,62357,0,1,98
6,62358,0,1,99
6,62369,0,1,98
6,62380,0,1,99
6,62381,0,1,9
6,62384,0,1,99
6,62385,0,1,99
6,62386,0,1,98
6,62387,0,1,9
6,62390,0,1,99
6,62398,0,1,99
6,62399,0,1,99
6,62403,0,1,9
6,62407,0,1,99
6,62410,0,1,98
6,62413,0,1,99
6,62416,0,1,9
6,62419,0,1,98
6,62419,0,2,98
6,62419,0,3,98
6,62419,0,4,98
6,62420,0,1,99
6,62421,0,1,99
6,62422,0,1,99
6,62423,0,1,99
6,62428,0,1,9
6,62428,0,2,98
6,62431,0,1,98
6,62431,0,2,98
6,62433,0,1,9
6,62435,0,1,99
6,62441,0,1,99
6,62444,0,1,99
6,62445,0,1,99
6,62446,0,1,99
6,62451,0,1,98
6,62452,0,1,9
6,62455,0,1,98
6,62459,0,1,99
6,62461,0,1,99
6,62463,0,1,99
6,62465,0,1,99
6,62466,0,1,99
6,62468,0,1,99
6,62469,0,1,99
6,62473,0,1,99
6,62477,0,1,99
6,62482,0,1,9
6,62489,0,1,99
6,62490,0,1,99
6,62492,0,1,98
6,62494,0,1,98
6,62495,0,1,99
6,62499,0,1,99
6,62502,0,1,9
6,62507,0,1,99
6,62508,0,1,98
6,62511,0,1,99
6,62515,0,1,0
6,62517,0,1,99
6,62524,0,1,99
6,62528,0,1,9
6,62529,0,1,99
6,62532,0,1,99
6,62537,0,1,99
6,62538,0,1,98
6,62543,0,1,9
6,62544,0,1,98
6,62547,0,1,99
6,62548,0,1,99
6,62549,0,1,99
6,62555,0,1,99
6,62558,0,1,98
6,62559,0,1,9
6,62568,0,1,9
6,62571,0,1,9
6,62575,0,1,99
6,62575,0,2,99
6,62577,0,1,98
6,62580,0,1,99
6,62583,0,1,99
6,62586,0,1,99
6,62589,0,1,99
6,62592,0,1,99
6,62593,0,1,9
6,62595,0,1,99
6,62598,0,1,99
6,62600,0,1,99
6,62603,0,1,9
6,62605,0,1,99
6,62606,0,1,99
6,62606,0,2,99
6,62614,0,1,99
6,62617,0,1,99
6,62621,0,1,99
6,62625,0,1,99
6,62633,0,1,99
6,62640,0,1,9
6,62640,0,2,99
6,62641,0,1,9
6,62642,0,1,99
6,62643,0,1,99
6,62644,0,1,99
6,62646,0,1,99
6,62649,0,1,9
6,62650,0,1,99
6,62651,0,1,98
6,62653,0,1,99
6,62655,0,1,98
6,62656,0,1,99
6,62657,0,1,98
6,62661,0,1,9
6,62666,0,1,99
6,62667,0,1,99
6,62671,0,1,98
6,62672,0,1,3
6,62674,0,1,99
6,62676,0,1,99
6,62677,0,1,98
6,62681,0,1,99
6,62684,0,1,99
6,62685,0,1,99
6,62692,0,1,99
6,62695,0,1,99
6,62698,0,1,99
6,62700,0,1,99
6,62701,0,1,98
6,62705,0,1,98
6,62706,0,1,98
6,62712,0,1,99
6,62713,0,1,99
6,62716,0,1,99
6,62718,0,1,0
6,62719,0,1,99
6,62720,0,1,98
6,62721,0,1,99
6,62724,0,1,8
6,62726,0,1,99
6,62732,0,1,98
6,62733,0,1,98
6,62734,0,1,9
6,62735,0,1,9
6,62738,0,1,9
6,62741,0,1,99
6,62742,0,1,0
6,62745,0,1,98
6,62750,0,1,98
6,62753,0,1,99
6,62760,0,1,99
6,62762,0,1,0
6,62769,0,1,99
6,62770,0,1,99
6,62771,0,1,99
6,62773,0,1,98
6,62773,0,2,98
6,62774,0,1,99
6,62776,0,1,99
6,62777,0,1,99
6,62779,0,1,98
6,62782,0,1,96
6,62783,0,1,96
6,62786,0,1,96
6,62788,0,1,98
6,62789,0,1,99
6,62791,0,1,99
6,62792,0,1,98
6,62793,0,1,99
6,62793,0,2,98
6,62794,0,1,99
6,62797,0,1,99
6,62798,0,1,99
6,62800,0,1,99
6,62802,0,1,99
6,62806,0,1,9
6,62807,0,1,99
6,62810,0,1,99
6,62812,0,1,99
6,62817,0,1,99
6,62818,0,1,99
6,62819,0,1,99
6,62820,0,1,99
6,62825,0,1,99
6,62826,0,1,99
6,62827,0,1,9
6,62838,0,1,9
6,62843,0,1,98
6,62845,0,1,99
6,62848,0,1,9
6,62850,0,1,99
6,62851,0,1,99
6,62853,0,1,99
6,62854,0,1,99
6,62855,0,1,99
6,62856,0,1,99
6,62857,0,1,0
6,62858,0,1,0
6,62859,0,1,99
6,62865,0,1,99
6,62866,0,1,99
6,62867,0,1,98
6,62870,0,1,9
6,62872,0,1,99
6,62877,0,1,99
6,62879,0,1,99
6,62880,0,1,9
6,62885,0,1,9
6,62886,0,1,99
6,62890,0,1,99
6,62891,0,1,9
6,62892,0,1,99
6,62893,0,1,98
6,62896,0,1,99
6,62898,0,1,99
6,62899,0,1,99
6,62902,0,1,0
6,62911,0,1,98
6,62913,0,1,99
6,62914,0,1,9
6,62916,0,1,99
6,62917,0,1,99
6,62919,0,1,99
6,62922,0,1,99
6,62923,0,1,99
6,62925,0,1,99
6,62927,0,1,99
6,62929,0,1,0
6,62932,0,1,98
6,62938,0,1,99
6,62939,0,1,99
6,62942,0,1,99
6,62943,0,1,99
6,62944,0,1,98
6,62945,0,1,98
6,62946,0,1,98
6,62946,0,2,98
6,62946,0,3,98
6,62946,0,4,98
6,62946,0,5,98
6,62951,0,1,98
6,62951,0,2,98
6,62960,0,1,99
6,62961,0,1,9
6,62962,0,1,98
6,62964,0,1,99
6,62965,0,1,99
6,62965,0,2,99
6,62975,0,1,99
6,62976,0,1,98
6,62978,0,1,9
6,62979,0,1,99
6,62981,0,1,98
6,62981,0,2,98
6,62997,0,1,99
6,62999,0,1,98
6,63000,0,1,98
6,63000,0,2,98
6,63003,0,1,99
6,63006,0,1,99
6,63010,0,1,9
6,63011,0,1,98
6,63017,0,1,99
6,63019,0,1,99
6,63022,0,1,99
6,63027,0,1,98
6,63028,0,1,99
6,63033,0,1,98
6,63041,0,1,99
6,63043,0,1,99
6,63046,0,1,99
6,63048,0,1,99
6,63053,0,1,98
6,63055,0,1,98
6,63057,0,1,0
6,63066,0,1,9
6,63067,0,1,99
6,63070,0,1,99
6,63074,0,1,99
6,63074,0,2,99
6,63077,0,1,98
6,63085,0,1,99
6,63087,0,1,99
6,63095,0,1,99
6,63096,0,1,9
6,63101,0,1,9
6,63103,0,1,9
6,63105,0,1,99
6,63108,0,1,99
6,63109,0,1,99
6,63111,0,1,9
6,63114,0,1,99
6,63115,0,1,99
6,63116,0,1,98
6,63121,0,1,99
6,63122,0,1,98
6,63123,0,1,9
6,63124,0,1,99
6,63125,0,1,98
6,63128,0,1,0
6,63129,0,1,99
6,63131,0,1,9
6,63133,0,1,99
6,63137,0,1,99
6,63139,0,1,9
6,63140,0,1,99
6,63141,0,1,99
6,63143,0,1,99
6,63146,0,1,9
6,63148,0,1,99
6,63150,0,1,99
6,63160,0,1,99
6,63172,0,1,98
6,63174,0,1,98
6,63178,0,1,0
6,63181,0,1,96
6,63183,0,1,99
6,63185,0,1,99
6,63191,0,1,98
6,63192,0,1,98
6,63196,0,1,99
6,63198,0,1,99
6,63199,0,1,99
6,63200,0,1,9
6,63201,0,1,99
6,63205,0,1,99
6,63208,0,1,98
6,63210,0,1,99
6,63211,0,1,99
6,63212,0,1,98
6,63213,0,1,98
6,63215,0,1,9
6,63217,0,1,99
6,63218,0,1,99
6,63219,0,1,98
6,63220,0,1,99
6,63221,0,1,99
6,63224,0,1,9
6,63227,0,1,9
6,63229,0,1,0
6,63233,0,1,98
6,63233,0,2,98
6,63235,0,1,98
6,63236,0,1,99
6,63239,0,1,99
6,63240,0,1,9
6,63241,0,1,98
6,63242,0,1,99
6,63245,0,1,9
6,63246,0,1,98
6,63246,0,2,98
6,63252,0,1,98
6,63254,0,1,98
6,63255,0,1,98
6,63256,0,1,9
6,63257,0,1,99
6,63258,0,1,0
6,63259,0,1,99
6,63267,0,1,9
6,63270,0,1,9
6,63270,0,2,98
6,63271,0,1,99
6,63274,0,1,98
6,63280,0,1,99
6,63282,0,1,99
6,63285,0,1,99
6,63288,0,1,98
6,63289,0,1,99
6,63290,0,1,9
6,63293,0,1,99
6,63295,0,1,99
6,63297,0,1,99
6,63298,0,1,9
6,63299,0,1,99
6,63300,0,1,99
6,63301,0,1,98
6,63305,0,1,98
6,63309,0,1,9
6,63310,0,1,99
6,63312,0,1,99
6,63315,0,1,99
6,63317,0,1,99
6,63319,0,1,99
6,63324,0,1,98
6,63329,0,1,99
6,63331,0,1,98
6,63332,0,1,99
6,63334,0,1,99
6,63337,0,1,98
6,63342,0,1,98
6,63344,0,1,98
6,63347,0,1,9
6,63349,0,1,98
6,63351,0,1,0
6,63357,0,1,99
6,63358,0,1,99
6,63360,0,1,99
6,63361,0,1,98
6,63362,0,1,98
6,63363,0,1,0
6,63366,0,1,99
6,63367,0,1,99
6,63372,0,1,98
6,63374,0,1,98
6,63375,0,1,99
6,63376,0,1,99
6,63377,0,1,98
6,63380,0,1,98
6,63383,0,1,99
6,63384,0,1,99
6,63386,0,1,99
6,63387,0,1,98
6,63388,0,1,9
6,63389,0,1,99
6,63398,0,1,99
6,63399,0,1,0
6,63400,0,1,0
6,63402,0,1,9
6,63406,0,1,98
6,63409,0,1,9
6,63410,0,1,99
6,63411,0,1,99
6,63415,0,1,98
6,63416,0,1,0
6,63420,0,1,99
6,63420,0,2,99
6,63421,0,1,98
6,63427,0,1,98
6,63427,0,2,98
6,63430,0,1,98
6,63431,0,1,3
6,63436,0,1,99
6,63438,0,1,98
6,63439,0,1,9
6,63441,0,1,99
6,63442,0,1,98
6,63443,0,1,99
6,63444,0,1,99
6,63444,0,2,98
6,63446,0,1,98
6,63447,0,1,98
6,63447,0,2,98
6,63449,0,1,99
6,63450,0,1,99
6,63451,0,1,96
6,63452,0,1,99
6,63453,0,1,99
6,63454,0,1,98
6,63455,0,1,99
6,63458,0,1,98
6,63460,0,1,98
6,63461,0,1,99
6,63465,0,1,99
6,63467,0,1,0
6,63471,0,1,99
6,63472,0,1,98
6,63473,0,1,98
6,63474,0,1,0
6,63477,0,1,99
6,63481,0,1,98
6,63484,0,1,99
6,63485,0,1,0
6,63486,0,1,9
6,63487,0,1,99
6,63490,0,1,99
6,63497,0,1,99
6,63498,0,1,98
6,63499,0,1,99
6,63500,0,1,99
6,63505,0,1,99
6,63507,0,1,99
6,63509,0,1,99
6,63510,0,1,0
6,63511,0,1,98
6,63512,0,1,98
6,63514,0,1,99
6,63516,0,1,98
6,63517,0,1,96
6,63518,0,1,99
6,63519,0,1,99
6,63521,0,1,8
6,63528,0,1,99
6,63530,0,1,99
6,63533,0,1,98
6,63534,0,1,99
6,63535,0,1,99
6,63538,0,1,9
6,63539,0,1,98
6,63544,0,1,99
6,63549,0,1,99
6,63552,0,1,98
6,63554,0,1,99
6,63556,0,1,99
6,63557,0,1,99
6,63561,0,1,98
6,63563,0,1,99
6,63566,0,1,0
6,63567,0,1,9
6,63569,0,1,99
6,63570,0,1,9
6,63572,0,1,9
6,63573,0,1,99
6,63575,0,1,98
6,63578,0,1,99
6,63579,0,1,98
6,63582,0,1,98
6,63583,0,1,98
6,63585,0,1,98
6,63586,0,1,99
6,63587,0,1,99
6,63587,0,2,99
6,63592,0,1,9
6,63593,0,1,99
6,63594,0,1,98
6,63595,0,1,99
6,63596,0,1,99
6,63598,0,1,0
6,63599,0,1,98
6,63601,0,1,99
6,63602,0,1,98
6,63607,0,1,99
6,63608,0,1,99
6,63609,0,1,99
6,63616,0,1,98
6,63620,0,1,99
6,63621,0,1,98
6,63623,0,1,98
6,63624,0,1,99
6,63627,0,1,99
6,63629,0,1,99
6,63630,0,1,98
6,63631,0,1,99
6,63632,0,1,99
8,80004,0,1,98
8,80010,0,1,9
8,80011,0,1,98
8,80012,0,1,9
8,80017,0,1,98
8,80023,0,1,98
8,80024,0,1,10
8,80026,0,1,98
8,80029,0,1,9
8,80032,0,1,98
8,80034,0,1,98
8,80036,0,1,1
8,80037,0,1,9
8,80041,0,1,98
8,80041,0,2,98
8,80051,0,1,98
8,80055,0,1,98
8,80057,0,1,9
8,80058,0,1,98
8,80060,0,1,98
8,80064,0,1,9
8,80067,0,1,9
8,80068,0,1,98
8,80078,0,1,98
8,80080,0,1,98
8,80084,0,1,98
8,80087,0,1,98
8,80090,0,1,98
8,80092,0,1,9
8,80098,0,1,9
8,80100,0,1,98
8,80102,0,1,98
8,80103,0,1,98
8,80109,0,1,9
8,80115,0,1,98
8,80122,0,1,98
8,80128,0,1,98
8,80134,0,1,9
8,80137,0,1,98
8,80155,0,1,98
8,80157,0,1,98
8,80158,0,1,98
8,80170,0,1,98
8,80181,0,1,98
8,80189,0,1,9
8,80191,0,1,98
8,80200,0,1,98
8,80206,0,1,98
8,80210,0,1,98
8,80216,0,1,98
8,80240,0,1,9
8,80267,0,1,98
8,80276,0,1,9
8,80280,0,1,98
8,80284,0,1,98
8,80293,0,1,98
8,80294,0,1,98
8,80295,0,1,98
8,80299,0,1,98
8,80302,0,1,98
8,80305,0,1,9
8,80307,0,1,98
8,80310,0,1,98
8,80313,0,1,98
8,80319,0,1,98
8,80322,0,1,98
8,80353,0,1,98
8,80354,0,1,98
8,80354,0,2,98
8,80358,0,1,98
8,80359,0,1,98
8,80362,0,1,9
8,80365,0,1,9
8,80375,0,1,98
8,80378,0,1,98
8,80381,0,1,98
8,80386,0,1,98
8,80390,0,1,98
8,80407,0,1,98
8,80409,0,1,98
8,80419,0,1,98
8,80419,0,2,98
8,80424,0,1,98
8,80424,0,2,98
8,80428,0,1,98
8,80443,0,1,98
8,80446,0,1,98
8,80448,0,1,98
8,80450,0,1,98
8,80459,0,1,98
8,80460,0,1,98
8,80461,0,1,98
8,80464,0,1,98
8,80467,0,1,98
8,80467,0,2,98
8,80470,0,1,98
8,80495,0,1,9
8,80497,0,1,9
8,80501,0,1,1
8,80506,0,1,9
8,80507,0,1,98
8,80512,0,1,98
8,80514,0,1,98
8,80515,0,1,98
8,80517,0,1,98
8,80517,0,2,98
8,80521,0,1,98
8,80527,0,1,98
8,80529,0,1,98
8,80531,0,1,98
8,80537,0,1,98
8,80538,0,1,9
8,80546,0,1,98
8,80547,0,1,98
8,80548,0,1,98
8,80549,0,1,98
8,80552,0,1,98
8,80562,0,1,9
8,80567,0,1,98
8,80570,0,1,98
8,80571,0,1,98
8,80571,0,2,98
8,80571,0,3,98
8,80571,0,4,98
8,80574,0,1,9
8,80576,0,1,98
8,80577,0,1,98
8,80578,0,1,9
8,80579,0,1,98
8,80588,0,1,98
8,80589,0,1,98
8,80594,0,1,9
8,80595,0,1,98
8,80597,0,1,98
8,80598,0,1,98
8,80613,0,1,9
8,80616,0,1,98
8,80617,0,1,98
8,80619,0,1,98
8,80624,0,1,98
8,80628,0,1,98
8,80630,0,1,98
8,80631,0,1,98
8,80637,0,1,98
9,90001,0,1,99
9,90005,0,1,9
9,90008,0,1,99
9,90016,0,1,99
9,90020,0,1,99
9,90022,0,1,99
9,90027,0,1,9
9,90028,0,1,9
9,90028,0,1,10
9,90037,0,1,9
9,90043,0,1,99
9,90047,0,1,99
9,90053,0,1,9
9,90059,0,1,99
9,90065,0,1,0
9,90074,0,1,99
9,90079,0,1,0
9,90080,0,1,9
9,90086,0,1,99
9,90093,0,1,0
9,90097,0,1,99
9,90101,0,1,99
9,90101,0,2,99
9,90102,0,1,0
9,90107,0,1,9
9,90109,0,1,9
9,90111,0,1,9
9,90112,0,1,99
9,90126,0,1,99
9,90129,0,1,99
9,90149,0,1,99
9,90151,0,1,10
9,90168,0,1,0
9,90182,0,1,0
9,90182,0,2,0
9,90188,0,1,9
9,90191,0,1,99
9,90200,0,1,99
9,90202,0,1,9
9,90205,0,1,9
9,90206,0,1,0
9,90207,0,1,99
9,90212,0,1,99
9,90218,0,1,0
9,90222,0,1,0
9,90228,0,1,9
9,90230,0,1,0
9,90232,0,1,0
9,90232,0,2,0
9,90233,0,1,9
9,90244,0,1,0
9,90244,0,2,99
9,90246,0,1,99
9,90249,0,1,9
9,90269,0,1,99
9,90273,0,1,0
9,90274,0,1,0
9,90275,0,1,9
9,90276,0,1,9
9,90278,0,1,0
9,90279,0,1,0
9,90283,0,1,98
9,90285,0,1,0
9,90287,0,1,98
9,90288,0,1,99
9,90289,0,1,98
9,90290,0,1,0
9,90294,0,1,98
9,90294,0,2,98
9,90298,0,1,98
10,100001,0,1,96
10,100003,0,1,99
10,100004,0,1,0
10,100005,0,1,0
10,100016,0,1,99
10,100023,0,1,0
10,100027,0,1,0
10,100028,0,1,0
10,100030,0,1,0
10,100031,0,1,0
10,100033,0,1,0
10,100035,0,1,0
10,100043,0,1,0
10,100043,0,2,0
10,100045,0,1,9
10,100047,0,1,99
10,100048,0,1,2
10,100059,0,1,0
10,100067,0,1,0
10,100078,0,1,99
10,100079,0,1,0
10,100082,0,1,0
10,100082,0,2,0
10,100082,0,3,0
10,100082,0,4,0
10,100082,0,5,0
10,100083,0,1,0
10,100088,0,1,99
10,100091,0,1,0
10,100094,0,1,3
10,100095,0,1,99
10,100099,0,1,99
10,100102,0,1,0
10,100105,0,1,0
10,100106,0,1,0
10,100107,0,1,0
10,100111,0,1,99
10,100113,0,1,99
10,100115,0,1,99
10,100118,0,1,99
10,100120,0,1,98
10,100122,0,1,98
10,100123,0,1,98
11,110001,0,1,0
11,110002,0,1,99
11,110004,0,1,99
11,110005,0,1,0
11,110009,0,1,9
11,110013,0,1,0
11,110014,0,1,0
11,110015,0,1,99
11,110018,0,1,0
11,110019,0,1,9
11,110020,0,1,99
11,110020,0,2,0
11,110023,0,1,0
11,110025,0,1,0
11,110028,0,1,0
11,110029,0,1,99
11,110033,0,1,0
11,110034,0,1,99
11,110036,0,1,0
11,110040,0,1,0
11,110046,0,1,98
12,120001,0,1,98
12,120006,0,1,98
12,120008,0,1,98
12,120009,0,1,98
12,120010,0,1,98
12,120011,0,1,98
12,120014,0,1,98
12,120015,0,1,98
12,120015,0,2,98
12,120015,0,3,98
12,120033,0,1,98
12,120035,0,1,98
12,120041,0,1,98
12,120042,0,1,98
12,120043,0,1,98
12,120047,0,1,98
12,120051,0,1,98
12,120057,0,1,98
12,120061,0,1,98
12,120063,0,1,98
12,120064,0,1,98
12,120071,0,1,98
12,120072,0,1,98
12,120074,0,1,98
12,120076,0,1,98
12,120078,0,1,98
12,120079,0,1,98
12,120080,0,1,98
12,120083,0,1,98
12,120084,0,1,98
12,120088,0,1,98
12,120089,0,1,98
12,120092,0,1,98
12,120094,0,1,98
12,120097,0,1,98
12,120099,0,1,98
12,120099,0,2,98
12,120099,0,3,98
12,120100,0,1,98
12,120104,0,1,98
12,120107,0,1,98
12,120110,0,1,98
12,120115,0,1,98
12,120120,0,1,98
12,120121,0,1,98
12,120123,0,1,98
12,120127,0,1,98
12,120132,0,1,98
12,120137,0,1,98
12,120143,0,1,98
12,120153,0,1,98
12,120159,0,1,98
12,120160,0,1,98
12,120162,0,1,98
12,120171,0,1,98
12,120176,0,1,98
12,120177,0,1,98
12,120181,0,1,98
12,120182,0,1,98
12,120185,0,1,98
12,120187,0,1,98
12,120189,0,1,98
12,120190,0,1,98
12,120192,0,1,98
12,120193,0,1,98
12,120196,0,1,98
12,120206,0,1,98
12,120210,0,1,98
12,120214,0,1,98
12,120215,0,1,98
12,120219,0,1,98
12,120220,0,1,98
12,120231,0,1,98
12,120233,0,1,98
12,120235,0,1,98
12,120236,0,1,98
12,120238,0,1,98
12,120240,0,1,0
12,120251,0,1,98
12,120256,0,1,98
12,120258,0,1,98
12,120265,0,1,98
12,120267,0,1,98
12,120269,0,1,0
12,120272,0,1,98
12,120272,0,2,98
12,120273,0,1,98
12,120274,0,1,98
12,120279,0,1,98
12,120281,0,1,98
12,120286,0,1,98
12,120287,0,1,98
12,120289,0,1,98
12,120290,0,1,98
12,120295,0,1,98
12,120297,0,1,98
12,120298,0,1,98
12,120300,0,1,98
12,120302,0,1,98
12,120314,0,1,98
12,120315,0,1,98
12,120318,0,1,98
12,120321,0,1,98
12,120323,0,1,98
12,120323,0,2,98
12,120325,0,1,98
12,120326,0,1,98
12,120327,0,1,98
12,120329,0,1,98
12,120330,0,1,98
12,120332,0,1,98
12,120334,0,1,98
12,120335,0,1,98
12,120336,0,1,98
12,120338,0,1,98
12,120339,0,1,98
12,120340,0,1,98
12,120343,0,1,98
12,120345,0,1,98
12,120350,0,1,98
12,120354,0,1,98
12,120354,0,2,98
12,120355,0,1,98
12,120356,0,1,98
12,120357,0,1,98
12,120362,0,1,98
12,120364,0,1,98
12,120365,0,1,98
12,120366,0,1,98
12,120367,0,1,98
12,120369,0,1,98
12,120373,0,1,10
12,120379,0,1,98
12,120380,0,1,98
12,120382,0,1,98
12,120388,0,1,98
12,120392,0,1,98
12,120394,0,1,98
12,120403,0,1,99
12,120405,0,1,98
12,120406,0,1,98
12,120407,0,1,98
12,120412,0,1,98
12,120413,0,1,98
12,120415,0,1,98
12,120417,0,1,98
12,120423,0,1,98
12,120426,0,1,98
12,120428,0,1,98
12,120431,0,1,98
12,120435,0,1,98
12,120436,0,1,98
12,120439,0,1,98
12,120439,0,2,98
12,120444,0,1,98
12,120446,0,1,98
12,120450,0,1,98
12,120455,0,1,98
12,120456,0,1,98
12,120458,0,1,98
12,120460,0,1,98
12,120462,0,1,98
12,120464,0,1,98
12,120472,0,1,98
12,120473,0,1,98
12,120479,0,1,98
12,120480,0,1,98
12,120482,0,1,98
12,120487,0,1,98
12,120495,0,1,98
12,120495,0,2,98
12,120498,0,1,98
12,120509,0,1,98
12,120511,0,1,98
12,120516,0,1,98
12,120517,0,1,98
12,120518,0,1,98
12,120533,0,1,98
12,120534,0,1,98
12,120535,0,1,98
12,120536,0,1,98
12,120546,0,1,98
12,120552,0,1,98
12,120553,0,1,98
12,120554,0,1,98
12,120562,0,1,98
12,120564,0,1,98
12,120567,0,1,98
12,120568,0,1,98
12,120571,0,1,98
12,120579,0,1,98
12,120580,0,1,98
12,120580,0,2,98
12,120587,0,1,98
12,120592,0,1,98
12,120593,0,1,98
12,120598,0,1,98
12,120600,0,1,98
12,120604,0,1,0
12,120605,0,1,98
12,120610,0,1,98
12,120617,0,1,98
12,120621,0,1,98
12,120623,0,1,98
12,120625,0,1,98
12,120626,0,1,98
12,120628,0,1,98
12,120631,0,1,98
12,120633,0,1,98
12,120636,0,1,98
12,120638,0,1,98
12,120638,0,2,98
12,120642,0,1,98
12,120644,0,1,98
12,120647,0,1,98
12,120650,0,1,98
12,120653,0,1,98
12,120656,0,1,98
12,120664,0,1,98
12,120665,0,1,98
12,120670,0,1,98
12,120682,0,1,98
12,120692,0,1,98
12,120693,0,1,98
12,120697,0,1,98
12,120699,0,1,98
12,120704,0,1,98
12,120713,0,1,98
12,120714,0,1,98
12,120717,0,1,98
12,120721,0,1,98
12,120724,0,1,98
12,120726,0,1,98
12,120727,0,1,98
12,120728,0,1,98
12,120728,0,2,98
12,120731,0,1,98
12,120732,0,1,98
12,120733,0,1,98
12,120735,0,1,98
12,120745,0,1,98
12,120746,0,1,98
12,120751,0,1,98
12,120753,0,1,98
12,120755,0,1,98
12,120757,0,1,98
12,120759,0,1,98
12,120761,0,1,98
12,120762,0,1,98
12,120766,0,1,98
12,120768,0,1,0
12,120769,0,1,98
12,120770,0,1,99
12,120775,0,1,98
12,120778,0,1,98
12,120780,0,1,98
12,120784,0,1,98
12,120786,0,1,98
12,120787,0,1,98
12,120788,0,1,98
12,120797,0,1,98
12,120804,0,1,98
12,120806,0,1,98
12,120810,0,1,98
12,120813,0,1,98
12,120817,0,1,98
12,120818,0,1,98
12,120820,0,1,98
12,120822,0,1,98
12,120826,0,1,98
12,120827,0,1,98
12,120834,0,1,98
12,120836,0,1,98
12,120837,0,1,98
12,120846,0,1,98
12,120858,0,1,98
12,120861,0,1,98
12,120866,0,1,98
12,120868,0,1,98
12,120869,0,1,98
12,120872,0,1,98
12,120872,0,2,98
12,120872,0,3,98
12,120872,0,4,98
12,120872,0,5,98
12,120873,0,1,98
12,120874,0,1,98
12,120875,0,1,0
12,120882,0,1,98
12,120884,0,1,98
12,120886,0,1,98
12,120887,0,1,98
12,120896,0,1,98
12,120897,0,1,98
12,120901,0,1,0
12,120907,0,1,0
12,120910,0,1,98
12,120911,0,1,98
12,120912,0,1,0
12,120913,0,1,98
12,120914,0,1,0
12,120919,0,1,98
12,120920,0,1,98
12,120924,0,1,98
12,120927,0,1,98
12,120938,0,1,98
12,120947,0,1,98
12,120948,0,1,98
12,120951,0,1,98
12,120959,0,1,98
12,120967,0,1,98
12,120969,0,1,98
12,120971,0,1,98
12,120973,0,1,98
12,120974,0,1,98
12,120987,0,1,98
12,120996,0,1,98
12,120997,0,1,98
12,121000,0,1,98
12,121001,0,1,98
12,121002,0,1,98
12,121005,0,1,98
12,121008,0,1,98
12,121011,0,1,98
12,121014,0,1,98
12,121015,0,1,98
12,121029,0,1,0
12,121030,0,1,98
12,121031,0,1,98
12,121032,0,1,98
12,121036,0,1,98
12,121039,0,1,98
12,121041,0,1,98
12,121044,0,1,98
12,121046,0,1,98
12,121050,0,1,98
12,121054,0,1,98
12,121057,0,1,98
12,121063,0,1,0
12,121064,0,1,98
12,121065,0,1,98
12,121068,0,1,98
12,121070,0,1,98
12,121070,0,2,98
12,121074,0,1,98
12,121075,0,1,98
12,121076,0,1,98
12,121077,0,1,98
12,121079,0,1,98
12,121086,0,1,98
12,121089,0,1,98
12,121090,0,1,98
12,121093,0,1,98
12,121101,0,1,98
12,121103,0,1,98
12,121106,0,1,0
12,121111,0,1,0
12,121124,0,1,0
12,121130,0,1,98
12,121138,0,1,98
12,121139,0,1,98
12,121141,0,1,98
12,121143,0,1,98
12,121145,0,1,98
12,121147,0,1,98
12,121148,0,1,98
12,121151,0,1,98
12,121152,0,1,0
12,121157,0,1,98
12,121158,0,1,98
12,121165,0,1,0
12,121167,0,1,98
12,121171,0,1,98
12,121175,0,1,98
12,121176,0,1,98
12,121177,0,1,98
12,121178,0,1,98
12,121180,0,1,98
12,121185,0,1,98
12,121190,0,1,98
12,121197,0,1,98
12,121199,0,1,98
12,121199,0,2,98
12,121207,0,1,98
12,121208,0,1,98
12,121210,0,1,98
12,121210,0,2,0
12,121211,0,1,98
12,121216,0,1,98
12,121216,0,2,98
12,121219,0,1,98
12,121221,0,1,98
12,121226,0,1,98
12,121228,0,1,98
12,121233,0,1,98
12,121233,0,2,98
12,121235,0,1,98
12,121237,0,1,0
12,121237,0,2,0
12,121242,0,1,98
12,121243,0,1,98
12,121246,0,1,98
12,121252,0,1,98
12,121255,0,1,98
12,121256,0,1,98
12,121257,0,1,98
12,121259,0,1,0
12,121260,0,1,98
12,121263,0,1,0
12,121270,0,1,98
12,121271,0,1,98
12,121274,0,1,0
12,121276,0,1,98
12,121276,0,2,98
12,121279,0,1,98
12,121282,0,1,98
12,121285,0,1,98
12,121292,0,1,98
12,121293,0,1,98
12,121295,0,1,98
12,121297,0,1,98
12,121298,0,1,98
12,121306,0,1,98
12,121307,0,1,98
12,121307,0,2,98
12,121318,0,1,98
12,121319,0,1,98
12,121326,0,1,98
12,121327,0,1,0
12,121329,0,1,0
12,121335,0,1,0
12,121336,0,1,98
12,121339,0,1,0
12,121344,0,1,0
12,121346,0,1,98
12,121349,0,1,98
12,121355,0,1,0
12,121358,0,1,98
12,121368,0,1,98
12,121378,0,1,98
12,121379,0,1,98
12,121384,0,1,0
12,121387,0,1,98
12,121390,0,1,98
12,121393,0,1,98
12,121401,0,1,98
12,121404,0,1,98
12,121416,0,1,98
12,121429,0,1,0
12,121431,0,1,98
12,121439,0,1,98
12,121445,0,1,98
12,121450,0,1,98
12,121458,0,1,98
12,121461,0,1,98
12,121462,0,1,98
12,121463,0,1,98
12,121464,0,1,98
12,121467,0,1,98
12,121469,0,1,98
12,121471,0,1,98
12,121478,0,1,98
12,121483,0,1,0
12,121484,0,1,0
12,121487,0,1,0
12,121489,0,1,98
12,121491,0,1,98
12,121496,0,1,0
12,121498,0,1,98
12,121499,0,1,98
12,121503,0,1,98
12,121503,0,2,98
12,121503,0,3,98
12,121503,0,4,98
12,121503,0,5,98
12,121503,0,6,0
12,121504,0,1,98
12,121505,0,1,98
12,121507,0,1,98
12,121510,0,1,98
12,121511,0,1,98
12,121511,0,2,98
12,121513,0,1,98
12,121522,0,1,98
12,121523,0,1,98
12,121526,0,1,98
12,121530,0,1,98
12,121539,0,1,98
12,121543,0,1,98
12,121545,0,1,98
12,121546,0,1,9
12,121551,0,1,98
12,121552,0,1,98
12,121560,0,1,98
12,121561,0,1,98
12,121562,0,1,98
12,121569,0,1,0
12,121571,0,1,98
12,121575,0,1,98
12,121576,0,1,98
12,121577,0,1,0
12,121578,0,1,98
12,121585,0,1,98
12,121594,0,1,98
12,121597,0,1,98
12,121598,0,1,98
12,121602,0,1,0
12,121604,0,1,0
12,121604,0,2,0
12,121607,0,1,98
12,121611,0,1,98
12,121614,0,1,98
12,121617,0,1,98
12,121618,0,1,98
12,121623,0,1,98
12,121625,0,1,98
12,121627,0,1,98
12,121632,0,1,98
12,121637,0,1,98
12,121639,0,1,98
12,121641,0,1,98
12,121644,0,1,0
12,121647,0,1,0
12,121648,0,1,98
12,121651,0,1,98
12,121655,0,1,98
12,121658,0,1,98
12,121659,0,1,98
12,121671,0,1,98
12,121672,0,1,98
12,121673,0,1,98
12,121679,0,1,98
12,121682,0,1,98
12,121689,0,1,98
12,121690,0,1,98
12,121696,0,1,98
12,121698,0,1,98
12,121700,0,1,0
12,121704,0,1,98
12,121705,0,1,98
12,121706,0,1,98
12,121710,0,1,98
12,121712,0,1,98
12,121713,0,1,98
12,121722,0,1,98
12,121725,0,1,98
12,121735,0,1,98
12,121741,0,1,98
12,121746,0,1,98
12,121752,0,1,98
12,121757,0,1,0
12,121761,0,1,98
12,121767,0,1,0
12,121769,0,1,98
12,121777,0,1,98
12,121781,0,1,98
12,121784,0,1,98
12,121786,0,1,98
12,121789,0,1,98
12,121790,0,1,98
12,121793,0,1,98
12,121797,0,1,98
12,121800,0,1,0
12,121801,0,1,98
12,121807,0,1,98
12,121811,0,1,98
12,121813,0,1,98
12,121814,0,1,98
12,121814,0,2,98
12,121815,0,1,98
12,121819,0,1,98
12,121821,0,1,98
12,121822,0,1,98
12,121832,0,1,98
12,121836,0,1,0
12,121838,0,1,0
12,121839,0,1,98
12,121839,0,2,98
12,121839,0,3,98
12,121842,0,1,98
12,121843,0,1,98
12,121855,0,1,98
12,121857,0,1,98
12,121858,0,1,98
12,121863,0,1,98
12,121870,0,1,0
12,121871,0,1,98
12,121881,0,1,98
12,121885,0,1,98
12,121888,0,1,98
12,121893,0,1,98
12,121897,0,1,98
12,121902,0,1,0
12,121907,0,1,98
12,121910,0,1,98
12,121915,0,1,98
12,121918,0,1,98
12,121928,0,1,98
12,121931,0,1,98
12,121934,0,1,98
12,121935,0,1,0
12,121936,0,1,98
12,121937,0,1,98
12,121938,0,1,98
12,121939,0,1,98
12,121940,0,1,98
12,121945,0,1,0
12,121948,0,1,98
12,121950,0,1,98
12,121954,0,1,98
12,121955,0,1,98
12,121956,0,1,98
12,121957,0,1,0
12,121965,0,1,98
12,121967,0,1,98
12,121970,0,1,98
12,121972,0,1,98
12,121973,0,1,98
12,121974,0,1,98
12,121977,0,1,98
12,121977,0,2,98
12,121977,0,3,98
12,121989,0,1,98
12,121991,0,1,98
12,121993,0,1,98
12,121995,0,1,0
12,122001,0,1,98
12,122003,0,1,98
12,122007,0,1,98
12,122010,0,1,98
12,122011,0,1,98
12,122013,0,1,98
12,122015,0,1,0
12,122016,0,1,98
12,122018,0,1,98
12,122018,0,2,98
12,122018,0,3,98
12,122022,0,1,98
12,122034,0,1,98
12,122035,0,1,98
12,122037,0,1,98
12,122043,0,1,98
12,122045,0,1,98
12,122054,0,1,98
12,122061,0,1,98
12,122062,0,1,0
12,122069,0,1,98
12,122070,0,1,98
12,122076,0,1,98
12,122078,0,1,98
12,122080,0,1,98
12,122082,0,1,0
12,122083,0,1,98
12,122087,0,1,98
12,122089,0,1,98
12,122092,0,1,98
12,122104,0,1,98
12,122107,0,1,98
12,122108,0,1,96
12,122110,0,1,96
12,122118,0,1,96
12,122119,0,1,96
12,122120,0,1,0
12,122122,0,1,98
12,122124,0,1,98
12,122125,0,1,98
12,122125,0,2,96
12,122131,0,1,98
12,122133,0,1,98
12,122133,0,2,98
12,122134,0,1,98
12,122139,0,1,98
12,122140,0,1,98
12,122145,0,1,98
12,122150,0,1,98
12,122156,0,1,98
12,122158,0,1,98
12,122163,0,1,98
12,122165,0,1,0
12,122167,0,1,98
12,122168,0,1,96
12,122172,0,1,98
12,122173,0,1,98
12,122174,0,1,98
12,122179,0,1,98
12,122180,0,1,98
12,122181,0,1,98
12,122184,0,1,98
12,122185,0,1,98
12,122188,0,1,98
12,122191,0,1,98
12,122195,0,1,98
12,122197,0,1,98
12,122200,0,1,0
12,122201,0,1,98
12,122203,0,1,98
12,122204,0,1,98
12,122205,0,1,98
12,122208,0,1,98
12,122210,0,1,98
12,122211,0,1,98
12,122216,0,1,98
12,122218,0,1,98
12,122220,0,1,98
12,122221,0,1,98
12,122222,0,1,98
12,122223,0,1,98
12,122225,0,1,98
12,122228,0,1,98
12,122229,0,1,98
12,122233,0,1,98
12,122242,0,1,0
12,122244,0,1,0
12,122252,0,1,98
12,122255,0,1,98
12,122259,0,1,98
12,122261,0,1,98
12,122264,0,1,98
12,122272,0,1,98
12,122273,0,1,98
12,122275,0,1,98
12,122278,0,1,98
12,122285,0,1,98
12,122288,0,1,98
12,122291,0,1,98
12,122292,0,1,98
12,122300,0,1,0
12,122302,0,1,98
12,122303,0,1,98
12,122306,0,1,98
12,122315,0,1,0
12,122318,0,1,98
12,122326,0,1,98
12,122333,0,1,0
12,122338,0,1,0
12,122339,0,1,98
12,122340,0,1,98
12,122341,0,1,98
12,122343,0,1,98
12,122344,0,1,98
12,122345,0,1,98
12,122346,0,1,98
12,122347,0,1,96
12,122348,0,1,98
12,122348,0,2,98
12,122349,0,1,98
12,122350,0,1,98
12,122352,0,1,98
12,122353,0,1,98
12,122363,0,1,98
12,122364,0,1,98
12,122374,0,1,98
12,122377,0,1,98
12,122387,0,1,98
12,122390,0,1,98
12,122395,0,1,98
12,122396,0,1,98
12,122396,0,2,98
12,122405,0,1,98
12,122405,0,2,98
12,122405,0,3,98
12,122405,0,4,98
12,122405,0,5,98
12,122405,0,6,98
12,122410,0,1,98
12,122412,0,1,98
12,122414,0,1,0
12,122416,0,1,98
12,122417,0,1,0
12,122423,0,1,98
12,122425,0,1,98
12,122426,0,1,98
12,122427,0,1,98
12,122429,0,1,96
12,122433,0,1,98
12,122434,0,1,98
12,122436,0,1,98
12,122436,0,2,98
12,122436,0,3,98
12,122437,0,1,98
12,122439,0,1,98
12,122442,0,1,98
12,122450,0,1,98
12,122453,0,1,98
12,122455,0,1,98
12,122456,0,1,98
12,122469,0,1,98
12,122473,0,1,98
12,122476,0,1,98
12,122478,0,1,98
12,122486,0,1,99
12,122488,0,1,98
12,122489,0,1,98
12,122491,0,1,98
12,122492,0,1,98
12,122494,0,1,98
12,122495,0,1,98
12,122495,0,2,98
12,122500,0,1,98
12,122501,0,1,0
12,122505,0,1,0
12,122506,0,1,0
12,122507,0,1,98
12,122508,0,1,98
12,122516,0,1,98
12,122519,0,1,0
12,122521,0,1,98
12,122530,0,1,98
12,122530,0,2,98
12,122536,0,1,98
12,122537,0,1,0
12,122540,0,1,98
12,122541,0,1,98
12,122548,0,1,98
12,122550,0,1,0
12,122558,0,1,98
12,122565,0,1,98
12,122567,0,1,98
12,122568,0,1,98
12,122570,0,1,98
12,122573,0,1,0
12,122575,0,1,98
12,122577,0,1,98
12,122579,0,1,98
12,122582,0,1,0
12,122584,0,1,98
12,122587,0,1,98
12,122588,0,1,98
12,122593,0,1,98
12,122597,0,1,98
12,122599,0,1,98
12,122604,0,1,98
12,122605,0,1,0
12,122606,0,1,0
12,122614,0,1,98
12,122617,0,1,98
12,122622,0,1,98
12,122624,0,1,98
12,122630,0,1,98
12,122633,0,1,98
12,122634,0,1,98
12,122635,0,1,98
12,122639,0,1,98
12,122646,0,1,98
12,122649,0,1,98
12,122658,0,1,98
12,122659,0,1,98
12,122664,0,1,98
12,122665,0,1,98
12,122670,0,1,98
12,122677,0,1,0
12,122680,0,1,98
12,122688,0,1,0
12,122689,0,1,98
12,122690,0,1,0
12,122690,0,2,0
12,122690,0,3,0
12,122699,0,1,0
12,122701,0,1,98
12,122704,0,1,98
12,122709,0,1,98
12,122721,0,1,98
12,122723,0,1,98
12,122724,0,1,98
12,122738,0,1,98
12,122739,0,1,98
12,122740,0,1,98
12,122741,0,1,98
12,122743,0,1,0
12,122745,0,1,0
12,122749,0,1,98
12,122750,0,1,0
12,122753,0,1,0
12,122757,0,1,98
12,122758,0,1,98
12,122763,0,1,0
12,122765,0,1,98
12,122772,0,1,98
12,122776,0,1,98
12,122777,0,1,98
12,122778,0,1,98
12,122782,0,1,98
12,122787,0,1,98
12,122791,0,1,98
12,122794,0,1,98
12,122795,0,1,98
12,122797,0,1,98
12,122798,0,1,98
12,122802,0,1,98
12,122804,0,1,98
12,122807,0,1,98
12,122808,0,1,98
12,122815,0,1,98
12,122817,0,1,98
12,122822,0,1,98
12,122823,0,1,98
12,122824,0,1,98
12,122831,0,1,98
12,122833,0,1,98
12,122834,0,1,98
12,122834,0,2,98
12,122838,0,1,98
12,122839,0,1,98
12,122842,0,1,98
12,122845,0,1,98
12,122846,0,1,98
12,122847,0,1,98
12,122852,0,1,98
12,122852,0,2,98
12,122853,0,1,98
12,122855,0,1,98
12,122861,0,1,98
12,122863,0,1,98
12,122866,0,1,98
12,122867,0,1,98
12,122868,0,1,98
12,122869,0,1,98
12,122872,0,1,98
12,122874,0,1,98
12,122878,0,1,98
12,122879,0,1,98
12,122880,0,1,98
12,122882,0,1,98
12,122886,0,1,98
12,122893,0,1,98
12,122894,0,1,98
12,122896,0,1,98
12,122896,0,2,98
12,122898,0,1,98
12,122900,0,1,98
12,122901,0,1,98
12,122905,0,1,98
12,122908,0,1,98
12,122909,0,1,98
12,122910,0,1,98
12,122917,0,1,98
12,122921,0,1,98
12,122922,0,1,98
12,122923,0,1,98
12,122934,0,1,98
12,122937,0,1,98
12,122939,0,1,98
12,122948,0,1,98
12,122950,0,1,98
12,122957,0,1,98
12,122959,0,1,98
12,122960,0,1,98
12,122968,0,1,98
12,122968,0,2,98
12,122969,0,1,98
12,122971,0,1,98
12,122975,0,1,98
12,122978,0,1,98
12,122979,0,1,98
12,122980,0,1,0
12,122983,0,1,98
12,122985,0,1,98
12,122987,0,1,98
12,122990,0,1,98
12,122994,0,1,98
12,122998,0,1,98
12,122999,0,1,98
12,123000,0,1,98
12,123001,0,1,98
12,123001,0,2,98
12,123003,0,1,98
12,123008,0,1,0
12,123021,0,1,98
12,123022,0,1,98
12,123027,0,1,98
12,123031,0,1,98
12,123032,0,1,98
12,123034,0,1,0
12,123039,0,1,98
13,130005,0,1,98
13,130005,0,2,98
13,130008,0,1,98
13,130011,0,1,9
13,130018,0,1,98
13,130019,0,1,98
13,130020,0,1,99
13,130026,0,1,98
13,130027,0,1,98
13,130027,0,2,98
13,130027,0,3,98
13,130027,0,4,98
13,130028,0,1,99
13,130051,0,1,9
13,130058,0,1,99
13,130061,0,1,9
13,130066,0,1,98
13,130067,0,1,98
13,130081,0,1,99
13,130086,0,1,99
13,130093,0,1,98
13,130098,0,1,99
13,130100,0,1,98
13,130109,0,1,98
13,130111,0,1,98
13,130112,0,1,98
13,130119,0,1,99
13,130123,0,1,98
13,130139,0,1,98
13,130141,0,1,99
13,130146,0,1,99
13,130147,0,1,99
13,130150,0,1,98
13,130154,0,1,99
13,130155,0,1,98
13,130156,0,1,98
13,130162,0,1,98
13,130169,0,1,98
13,130173,0,1,99
13,130176,0,1,8
13,130178,0,1,98
13,130190,0,1,98
13,130204,0,1,99
13,130207,0,1,99
13,130209,0,1,99
13,130214,0,1,9
13,130219,0,1,99
13,130220,0,1,98
13,130221,0,1,99
13,130226,0,1,98
13,130229,0,1,98
13,130229,0,2,98
13,130238,0,1,99
13,130239,0,1,99
13,130241,0,1,98
13,130242,0,1,98
13,130245,0,1,99
13,130247,0,1,99
13,130249,0,1,98
13,130249,0,2,98
13,130253,0,1,98
13,130255,0,1,99
13,130256,0,1,98
13,130267,0,1,98
13,130269,0,1,99
13,130288,0,1,9
13,130289,0,1,98
13,130290,0,1,99
13,130293,0,1,98
13,130314,0,1,99
13,130319,0,1,99
13,130321,0,1,98
13,130322,0,1,99
13,130326,0,1,99
13,130331,0,1,99
13,130338,0,1,99
13,130341,0,1,98
13,130351,0,1,99
13,130354,0,1,98
13,130366,0,1,99
13,130368,0,1,98
13,130373,0,1,9
13,130378,0,1,9
13,130379,0,1,99
13,130380,0,1,99
13,130385,0,1,9
13,130392,0,1,99
13,130396,0,1,99
13,130402,0,1,99
13,130419,0,1,99
13,130423,0,1,98
13,130438,0,1,98
13,130441,0,1,98
13,130445,0,1,9
13,130458,0,1,10
13,130460,0,1,98
13,130461,0,1,99
13,130466,0,1,99
13,130466,0,2,99
13,130467,0,1,98
13,130469,0,1,99
13,130476,0,1,9
13,130483,0,1,98
13,130485,0,1,98
13,130492,0,1,99
13,130501,0,1,99
13,130508,0,1,99
13,130509,0,1,98
13,130511,0,1,99
13,130514,0,1,10
13,130519,0,1,99
13,130531,0,1,99
13,130532,0,1,99
13,130535,0,1,9
13,130538,0,1,98
13,130543,0,1,99
13,130558,0,1,99
13,130561,0,1,98
13,130562,0,1,98
13,130569,0,1,99
13,130582,0,1,98
13,130584,0,1,99
13,130585,0,1,99
13,130585,0,2,99
13,130587,0,1,98
13,130597,0,1,99
13,130604,0,1,9
13,130606,0,1,99
13,130609,0,1,5
13,130613,0,1,99
13,130616,0,1,98
13,130618,0,1,99
13,130634,0,1,99
13,130638,0,1,99
13,130639,0,1,99
13,130644,0,1,99
13,130650,0,1,99
13,130654,0,1,98
13,130658,0,1,99
13,130670,0,1,98
13,130672,0,1,99
13,130680,0,1,99
13,130683,0,1,99
13,130689,0,1,96
13,130698,0,1,98
13,130702,0,1,99
13,130715,0,1,98
13,130716,0,1,99
13,130719,0,1,99
13,130720,0,1,99
13,130721,0,1,99
13,130731,0,1,98
13,130738,0,1,99
13,130746,0,1,99
13,130755,0,1,9
13,130768,0,1,99
13,130774,0,1,99
13,130774,0,2,99
13,130777,0,1,99
13,130782,0,1,99
13,130784,0,1,99
13,130786,0,1,99
13,130800,0,1,99
13,130808,0,1,98
13,130811,0,1,99
13,130814,0,1,99
13,130818,0,1,99
13,130824,0,1,98
13,130830,0,1,99
13,130833,0,1,99
13,130834,0,1,98
13,130848,0,1,98
13,130849,0,1,99
13,130857,0,1,99
13,130858,0,1,99
13,130862,0,1,99
13,130871,0,1,98
13,130875,0,1,98
13,130875,0,2,98
13,130889,0,1,99
13,130891,0,1,98
13,130891,0,2,98
13,130898,0,1,99
13,130901,0,1,99
13,130902,0,1,99
13,130905,0,1,99
13,130906,0,1,99
13,130908,0,1,9
13,130914,0,1,98
13,130915,0,1,98
13,130917,0,1,99
13,130925,0,1,98
13,130925,0,2,98
13,130934,0,1,99
13,130936,0,1,99
13,130940,0,1,9
13,130946,0,1,99
13,130952,0,1,0
13,130956,0,1,8
13,130958,0,1,99
13,130963,0,1,99
13,130964,0,1,99
13,130965,0,1,98
13,130967,0,1,99
13,130971,0,1,99
13,130972,0,1,98
13,130976,0,1,0
13,130980,0,1,99
13,130985,0,1,98
13,130985,0,2,98
13,130987,0,1,99
13,130992,0,1,99
13,130993,0,1,99
13,130995,0,1,99
13,130997,0,1,98
13,131004,0,1,98
13,131006,0,1,99
13,131008,0,1,98
13,131010,0,1,99
13,131015,0,1,8
13,131016,0,1,99
13,131017,0,1,98
13,131018,0,1,99
13,131022,0,1,99
13,131030,0,1,99
13,131032,0,1,9
13,131035,0,1,99
13,131038,0,1,98
13,131039,0,1,99
13,131040,0,1,98
13,131041,0,1,99
13,131041,0,2,99
13,131042,0,1,99
13,131047,0,1,98
13,131053,0,1,99
13,131055,0,1,98
13,131058,0,1,99
13,131060,0,1,99
13,131063,0,1,98
13,131064,0,1,99
13,131066,0,1,99
13,131069,0,1,99
13,131070,0,1,99
13,131077,0,1,98
13,131086,0,1,99
13,131090,0,1,99
13,131093,0,1,98
13,131095,0,1,99
13,131096,0,1,99
13,131097,0,1,99
13,131097,0,2,99
13,131097,0,3,99
13,131098,0,1,99
13,131099,0,1,98
13,131103,0,1,98
13,131109,0,1,99
13,131112,0,1,98
13,131117,0,1,99
13,131119,0,1,99
13,131122,0,1,99
13,131127,0,1,9
13,131128,0,1,99
13,131136,0,1,98
13,131137,0,1,9
13,131142,0,1,99
13,131143,0,1,99
13,131149,0,1,98
13,131153,0,1,98
13,131157,0,1,98
13,131162,0,1,98
13,131163,0,1,98
13,131166,0,1,99
13,131167,0,1,8
13,131169,0,1,98
13,131170,0,1,9
13,131178,0,1,98
13,131183,0,1,99
13,131190,0,1,98
13,131193,0,1,98
13,131193,0,2,98
13,131196,0,1,99
13,131197,0,1,99
13,131203,0,1,98
13,131208,0,1,99
13,131213,0,1,98
13,131223,0,1,99
13,131231,0,1,99
13,131233,0,1,99
13,131234,0,1,99
13,131236,0,1,99
13,131237,0,1,99
13,131238,0,1,99
13,131238,0,2,99
13,131240,0,1,99
13,131241,0,1,99
13,131242,0,1,99
13,131244,0,1,9
13,131248,0,1,99
13,131258,0,1,99
13,131261,0,1,99
13,131262,0,1,98
13,131263,0,1,99
13,131264,0,1,99
13,131269,0,1,99
13,131280,0,1,9
13,131283,0,1,9
13,131285,0,1,99
13,131288,0,1,99
13,131289,0,1,99
13,131289,0,2,99
13,131293,0,1,99
13,131298,0,1,99
13,131299,0,1,99
13,131306,0,1,99
13,131309,0,1,98
13,131309,0,2,98
13,131313,0,1,99
13,131315,0,1,99
13,131321,0,1,98
13,131322,0,1,99
13,131325,0,1,99
13,131328,0,1,98
13,131328,0,2,98
13,131329,0,1,99
13,131333,0,1,98
13,131334,0,1,99
13,131336,0,1,99
13,131343,0,1,99
13,131344,0,1,9
13,131345,0,1,99
13,131346,0,1,99
13,131349,0,1,99
13,131352,0,1,99
13,131356,0,1,98
13,131361,0,1,99
13,131364,0,1,98
13,131364,0,2,98
13,131369,0,1,99
15,150001,0,1,98
15,150002,0,1,98
15,150005,0,1,9
15,150006,0,1,98
15,150007,0,1,98
15,150013,0,1,0
15,150018,0,1,98
15,150020,0,1,98
15,150020,0,2,98
15,150021,0,1,98
15,150023,0,1,98
15,150028,0,1,0
15,150030,0,1,96
15,150032,0,1,98
15,150033,0,1,98
15,150034,0,1,98
15,150037,0,1,98
15,150038,0,1,98
15,150042,0,1,98
15,150043,0,1,98
15,150044,0,1,98
15,150049,0,1,98
15,150052,0,1,98
15,150054,0,1,98
15,150059,0,1,98
15,150060,0,1,98
15,150061,0,1,98
15,150063,0,1,5
15,150064,0,1,98
15,150067,0,1,98
15,150067,0,2,0
15,150070,0,1,98
15,150071,0,1,98
15,150072,0,1,98
15,150076,0,1,98
15,150085,0,1,0
15,150088,0,1,98
15,150089,0,1,98
15,150091,0,1,98
15,150093,0,1,98
15,150094,0,1,98
15,150095,0,1,8
15,150097,0,1,0
15,150098,0,1,98
16,160008,0,1,98
16,160022,0,1,0
16,160053,0,1,0
16,160057,0,1,9
16,160111,0,1,0
16,160117,0,1,0
16,160152,0,1,0
16,160160,0,1,9
16,160179,0,1,0
16,160181,0,1,9
16,160183,0,1,8
16,160183,0,1,9
16,160184,0,1,10
16,160201,0,1,0
16,160209,0,1,0
16,160213,0,1,9
16,160214,0,1,0
16,160223,0,1,0
17,170035,0,1,99
17,170036,0,1,99
17,170037,0,1,99
17,170038,0,1,98
17,170040,0,1,99
17,170043,0,1,98
17,170043,0,2,98
17,170045,0,1,99
17,170046,0,1,99
17,170047,0,1,99
17,170051,0,1,98
17,170053,0,1,98
17,170054,0,1,98
17,170056,0,1,98
17,170057,0,1,98
17,170067,0,1,0
17,170073,0,1,98
17,170077,0,1,98
17,170078,0,1,98
17,170083,0,1,0
17,170085,0,1,99
17,170087,0,1,0
17,170088,0,1,98
17,170090,0,1,0
17,170098,0,1,99
17,170099,0,1,98
17,170101,0,1,99
17,170102,0,1,98
17,170103,0,1,99
17,170104,0,1,98
17,170105,0,1,98
17,170106,0,1,99
17,170113,0,1,99
17,170115,0,1,98
17,170116,0,1,98
17,170127,0,1,0
17,170129,0,1,0
17,170129,0,2,0
17,170130,0,1,99
17,170135,0,1,99
17,170136,0,1,99
17,170144,0,1,9
17,170150,0,1,99
17,170158,0,1,98
17,170160,0,1,99
17,170160,0,2,99
17,170162,0,1,98
17,170163,0,1,99
17,170165,0,1,99
17,170166,0,1,98
17,170182,0,1,99
17,170184,0,1,98
17,170186,0,1,98
17,170193,0,1,0
17,170199,0,1,99
17,170203,0,1,99
17,170204,0,1,99
17,170207,0,1,98
17,170211,0,1,0
17,170233,0,1,98
17,170240,0,1,99
17,170249,0,1,0
17,170249,0,2,98
17,170249,0,3,98
17,170252,0,1,96
17,170254,0,1,98
17,170259,0,1,99
17,170265,0,1,98
17,170270,0,1,99
17,170278,0,1,99
17,170295,0,1,98
17,170304,0,1,98
17,170307,0,1,98
17,170308,0,1,98
17,170309,0,1,99
17,170310,0,1,99
17,170311,0,1,9
17,170312,0,1,0
17,170316,0,1,98
17,170318,0,1,99
17,170322,0,1,99
17,170342,0,1,9
17,170351,0,1,96
17,170358,0,1,99
17,170360,0,1,99
17,170372,0,1,98
17,170395,0,1,99
17,170396,0,1,99
17,170399,0,1,98
17,170406,0,1,98
17,170412,0,1,98
17,170415,0,1,0
17,170416,0,1,98
17,170417,0,1,98
17,170418,0,1,99
17,170426,0,1,98
17,170427,0,1,98
17,170431,0,1,9
17,170434,0,1,98
17,170435,0,1,0
17,170436,0,1,9
17,170442,0,1,98
17,170444,0,1,98
17,170444,0,2,98
17,170451,0,1,98
17,170459,0,1,98
17,170467,0,1,0
17,170469,0,1,0
17,170484,0,1,9
17,170491,0,1,99
17,170498,0,1,0
17,170501,0,1,99
17,170502,0,1,98
17,170513,0,1,98
17,170515,0,1,9
17,170520,0,1,98
17,170522,0,1,99
17,170533,0,1,99
17,170549,0,1,99
17,170557,0,1,99
17,170559,0,1,99
17,170563,0,1,98
17,170568,0,1,99
17,170578,0,1,99
17,170580,0,1,98
17,170582,0,1,98
17,170590,0,1,99
17,170590,0,2,99
17,170598,0,1,98
17,170601,0,1,98
17,170608,0,1,99
17,170609,0,1,98
17,170617,0,1,99
17,170624,0,1,99
17,170632,0,1,99
17,170633,0,1,98
17,170634,0,1,99
17,170637,0,1,99
17,170639,0,1,0
17,170640,0,1,98
17,170641,0,1,99
17,170642,0,1,98
17,170657,0,1,98
17,170659,0,1,0
17,170664,0,1,99
17,170666,0,1,98
17,170672,0,1,99
17,170677,0,1,99
17,170687,0,1,99
17,170695,0,1,0
17,170696,0,1,98
17,170699,0,1,99
17,170706,0,1,99
17,170709,0,1,98
17,170715,0,1,0
17,170715,0,2,98
17,170715,0,3,98
17,170722,0,1,99
17,170726,0,1,99
17,170729,0,1,0
17,170735,0,1,99
17,170739,0,1,99
17,170745,0,1,99
17,170755,0,1,3
17,170762,0,1,98
17,170764,0,1,98
17,170771,0,1,3
17,170777,0,1,99
17,170780,0,1,98
17,170786,0,1,99
17,170792,0,1,99
17,170794,0,1,99
17,170800,0,1,98
17,170803,0,1,99
17,170804,0,1,99
17,170806,0,1,98
17,170808,0,1,99
17,170810,0,1,99
17,170812,0,1,99
17,170813,0,1,99
17,170815,0,1,98
17,170817,0,1,99
17,170825,0,1,99
17,170828,0,1,99
17,170831,0,1,96
17,170836,0,1,98
17,170837,0,1,98
17,170840,0,1,99
17,170842,0,1,0
17,170843,0,1,99
17,170849,0,1,99
17,170858,0,1,98
17,170859,0,1,98
17,170870,0,1,99
17,170876,0,1,99
17,170879,0,1,99
17,170889,0,1,99
17,170896,0,1,98
17,170897,0,1,9
17,170901,0,1,99
17,170904,0,1,99
17,170907,0,1,96
17,170908,0,1,99
17,170910,0,1,99
17,170916,0,1,98
17,170917,0,1,99
17,170920,0,1,0
17,170926,0,1,98
17,170933,0,1,98
17,170936,0,1,98
17,170940,0,1,98
17,170941,0,1,98
17,170947,0,1,99
17,170957,0,1,99
17,170958,0,1,0
17,170959,0,1,0
17,170960,0,1,98
17,170975,0,1,98
17,170977,0,1,99
17,170984,0,1,99
17,170987,0,1,99
17,170990,0,1,99
17,170993,0,1,98
17,170994,0,1,98
17,170998,0,1,99
17,171001,0,1,98
17,171007,0,1,99
17,171009,0,1,98
17,171015,0,1,99
17,171020,0,1,98
17,171021,0,1,98
17,171027,0,1,98
17,171027,0,2,98
17,171028,0,1,98
17,171030,0,1,98
17,171038,0,1,99
17,171040,0,1,98
17,171040,0,2,98
17,171045,0,1,98
17,171046,0,1,98
17,171054,0,1,98
17,171055,0,1,98
17,171056,0,1,0
17,171064,0,1,98
17,171065,0,1,99
17,171066,0,1,0
17,171072,0,1,99
17,171086,0,1,98
17,171087,0,1,99
17,171090,0,1,0
17,171096,0,1,98
17,171101,0,1,99
17,171105,0,1,99
17,171113,0,1,8
17,171118,0,1,99
17,171120,0,1,0
17,171122,0,1,99
17,171123,0,1,99
17,171125,0,1,0
17,171127,0,1,98
17,171128,0,1,99
17,171133,0,1,98
18,180007,0,1,99
18,180008,0,1,99
18,180014,0,1,99
18,180016,0,1,0
18,180016,0,2,0
18,180021,0,1,98
18,180022,0,1,99
18,180026,0,1,99
18,180028,0,1,99
18,180029,0,1,99
18,180032,0,1,99
18,180047,0,1,9
18,180053,0,1,99
18,180056,0,1,99
18,180063,0,1,99
18,180065,0,1,9
18,180066,0,1,99
18,180071,0,1,99
18,180075,0,1,98
18,180080,0,1,99
18,180089,0,1,99
18,180094,0,1,99
18,180105,0,1,9
18,180105,0,2,9
18,180105,0,3,9
18,180107,0,1,99
18,180111,0,1,99
18,180116,0,1,99
18,180122,0,1,99
18,180144,0,1,99
18,180152,0,1,99
18,180153,0,1,9
18,180164,0,1,9
18,180167,0,1,99
18,180174,0,1,99
18,180175,0,1,9
18,180186,0,1,98
18,180188,0,1,99
18,180199,0,1,99
18,180217,0,1,0
18,180221,0,1,4
18,180222,0,1,0
18,180223,0,1,99
18,180224,0,1,0
18,180242,0,1,99
18,180247,0,1,2
18,180248,0,1,99
18,180256,0,1,0
18,180265,0,1,99
18,180274,0,1,99
18,180275,0,1,99
18,180278,0,1,9
18,180295,0,1,99
18,180306,0,1,99
18,180309,0,1,99
18,180317,0,1,0
18,180333,0,1,0
18,180339,0,1,99
18,180341,0,1,99
18,180343,0,1,9
18,180346,0,1,0
18,180354,0,1,9
18,180366,0,1,99
18,180378,0,1,99
18,180387,0,1,99
18,180387,0,2,99
18,180396,0,1,99
18,180429,0,1,0
18,180433,0,1,0
18,180440,0,1,99
18,180443,0,1,99
18,180453,0,1,0
18,180464,0,1,99
18,180467,0,1,99
18,180468,0,1,99
18,180486,0,1,99
18,180487,0,1,99
18,180497,0,1,0
18,180498,0,1,9
18,180504,0,1,9
18,180508,0,1,99
18,180510,0,1,99
18,180512,0,1,99
18,180522,0,1,99
18,180531,0,1,0
18,180533,0,1,0
18,180544,0,1,99
18,180547,0,1,99
18,180554,0,1,0
18,180554,0,2,0
18,180561,0,1,99
18,180565,0,1,0
18,180569,0,1,99
18,180569,0,2,99
18,180578,0,1,99
18,180583,0,1,0
18,180586,0,1,0
18,180590,0,1,0
18,180590,0,2,0
18,180590,0,3,0
18,180590,0,4,0
18,180590,0,5,0
18,180593,0,1,99
18,180596,0,1,9
18,180598,0,1,99
18,180602,0,1,99
18,180608,0,1,99
18,180614,0,1,99
18,180615,0,1,10
18,180617,0,1,99
18,180627,0,1,99
18,180636,0,1,99
18,180646,0,1,99
18,180649,0,1,98
18,180649,0,2,98
18,180652,0,1,99
18,180654,0,1,99
18,180655,0,1,0
18,180694,0,1,0
18,180697,0,1,9
18,180713,0,1,0
18,180720,0,1,99
18,180723,0,1,99
18,180726,0,1,0
18,180732,0,1,99
18,180733,0,1,99
18,180741,0,1,99
18,180750,0,1,99
18,180758,0,1,0
18,180772,0,1,9
18,180773,0,1,99
18,180778,0,1,0
18,180779,0,1,99
18,180781,0,1,99
18,180796,0,1,99
18,180806,0,1,99
18,180817,0,1,99
18,180820,0,1,99
18,180829,0,1,99
19,190005,0,1,0
19,190008,0,1,0
19,190011,0,1,0
19,190012,0,1,0
19,190036,0,1,0
19,190042,0,1,99
19,190054,0,1,98
19,190055,0,1,0
19,190061,0,1,99
19,190066,0,1,99
19,190084,0,1,10
19,190085,0,1,0
19,190090,0,1,99
19,190094,0,1,99
19,190113,0,1,0
19,190119,0,1,0
19,190144,0,1,99
19,190148,0,1,99
19,190156,0,1,0
19,190170,0,1,0
19,190196,0,1,0
19,190216,0,1,99
19,190231,0,1,0
19,190234,0,1,99
19,190252,0,1,99
19,190254,0,1,0
19,190261,0,1,0
19,190261,0,2,0
19,190262,0,1,99
19,190263,0,1,0
19,190271,0,1,99
19,190276,0,1,99
19,190289,0,1,99
19,190302,0,1,99
19,190317,0,1,99
19,190320,0,1,0
20,200003,0,1,98
20,200009,0,1,98
20,200012,0,1,98
20,200014,0,1,98
20,200015,0,1,98
20,200024,0,1,98
20,200028,0,1,98
20,200035,0,1,98
20,200042,0,1,98
20,200048,0,1,0
20,200064,0,1,0
20,200078,0,1,98
20,200088,0,1,98
20,200111,0,1,98
20,200112,0,1,98
20,200119,0,1,98
20,200120,0,1,98
20,200148,0,1,98
20,200155,0,1,9
20,200156,0,1,98
20,200181,0,1,0
20,200182,0,1,98
20,200185,0,1,98
20,200195,0,1,98
20,200207,0,1,98
20,200218,0,1,98
20,200219,0,1,9
20,200246,0,1,98
20,200259,0,1,98
20,200261,0,1,98
20,200276,0,1,98
20,200291,0,1,98
20,200296,0,1,0
20,200301,0,1,98
20,200311,0,1,1
20,200314,0,1,98
20,200315,0,1,9
20,200317,0,1,98
20,200319,0,1,98
20,200320,0,1,98
20,200325,0,1,98
20,200326,0,1,98
20,200328,0,1,98
21,210009,0,1,0
21,210012,0,1,9
21,210013,0,1,0
21,210018,0,1,0
21,210021,0,1,0
21,210025,0,1,0
21,210026,0,1,0
21,210042,0,1,9
21,210048,0,1,98
21,210058,0,1,98
21,210062,0,1,98
21,210072,0,1,9
21,210073,0,1,98
21,210089,0,1,98
21,210090,0,1,98
21,210097,0,1,98
21,210099,0,1,9
21,210100,0,1,9
21,210101,0,1,98
21,210107,0,1,9
21,210112,0,1,98
21,210114,0,1,98
21,210116,0,1,98
21,210118,0,1,98
21,210119,0,1,98
21,210123,0,1,98
21,210124,0,1,98
21,210136,0,1,98
21,210156,0,1,98
21,210159,0,1,98
21,210165,0,1,98
21,210171,0,1,98
21,210174,0,1,98
21,210183,0,1,8
21,210199,0,1,98
21,210203,0,1,98
21,210213,0,1,98
21,210220,0,1,98
21,210227,0,1,98
21,210227,0,2,98
21,210249,0,1,98
21,210254,0,1,98
21,210255,0,1,98
21,210260,0,1,98
21,210266,0,1,98
21,210277,0,1,98
21,210287,0,1,98
21,210288,0,1,98
21,210299,0,1,98
21,210300,0,1,98
21,210324,0,1,98
21,210336,0,1,98
21,210341,0,1,98
21,210343,0,1,98
21,210348,0,1,98
21,210349,0,1,98
21,210356,0,1,98
21,210363,0,1,98
21,210366,0,1,98
21,210367,0,1,98
21,210370,0,1,98
21,210373,0,1,98
21,210373,0,2,98
21,210375,0,1,98
21,210386,0,1,98
21,210389,0,1,98
21,210390,0,1,9
21,210396,0,1,98
21,210403,0,1,98
21,210411,0,1,9
21,210414,0,1,98
21,210415,0,1,9
21,210425,0,1,98
21,210433,0,1,98
21,210441,0,1,98
21,210442,0,1,98
21,210443,0,1,98
21,210453,0,1,98
21,210458,0,1,98
21,210459,0,1,9
21,210471,0,1,98
21,210475,0,1,98
21,210476,0,1,98
21,210477,0,1,0
21,210478,0,1,0
21,210484,0,1,98
21,210487,0,1,98
21,210488,0,1,98
21,210513,0,1,98
21,210532,0,1,98
21,210540,0,1,98
21,210551,0,1,98
21,210555,0,1,98
21,210558,0,1,98
21,210570,0,1,98
21,210578,0,1,98
21,210585,0,1,98
21,210586,0,1,98
21,210588,0,1,98
21,210588,0,2,98
21,210591,0,1,98
21,210593,0,1,98
21,210596,0,1,98
21,210601,0,1,98
21,210602,0,1,98
21,210603,0,1,98
21,210604,0,1,98
21,210606,0,1,98
21,210624,0,1,98
21,210634,0,1,98
21,210637,0,1,98
21,210639,0,1,98
21,210641,0,1,4
21,210647,0,1,98
21,210656,0,1,98
21,210680,0,1,98
22,220004,0,1,99
22,220005,0,1,99
22,220012,0,1,99
22,220018,0,1,99
22,220021,0,1,9
22,220022,0,1,99
22,220027,0,1,99
22,220029,0,1,99
22,220031,0,1,99
22,220033,0,1,99
22,220035,0,1,99
22,220035,0,2,98
22,220036,0,1,99
22,220039,0,1,99
22,220043,0,1,99
22,220047,0,1,99
22,220052,0,1,99
22,220062,0,1,99
22,220063,0,1,99
22,220066,0,1,99
22,220073,0,1,99
22,220087,0,1,0
22,220089,0,1,99
22,220091,0,1,99
22,220096,0,1,9
22,220097,0,1,99
22,220097,0,2,99
22,220099,0,1,99
22,220101,0,1,99
22,220105,0,1,98
22,220107,0,1,98
22,220107,0,2,98
22,220123,0,1,99
22,220126,0,1,9
22,220127,0,1,99
22,220129,0,1,98
22,220133,0,1,98
22,220133,0,2,98
22,220144,0,1,99
22,220147,0,1,9
22,220151,0,1,98
22,220152,0,1,98
22,220156,0,1,0
22,220163,0,1,98
22,220165,0,1,99
22,220167,0,1,98
22,220171,0,1,9
22,220172,0,1,9
22,220174,0,1,99
22,220176,0,1,99
22,220179,0,1,99
22,220183,0,1,98
22,220197,0,1,98
22,220200,0,1,98
22,220209,0,1,99
22,220210,0,1,99
22,220212,0,1,99
22,220216,0,1,98
22,220217,0,1,99
22,220223,0,1,1
22,220232,0,1,99
22,220235,0,1,98
22,220242,0,1,99
22,220247,0,1,98
22,220248,0,1,8
22,220252,0,1,98
22,220255,0,1,98
22,220256,0,1,99
22,220258,0,1,99
22,220262,0,1,99
22,220263,0,1,99
22,220265,0,1,99
22,220266,0,1,99
22,220274,0,1,99
22,220279,0,1,99
22,220283,0,1,99
22,220286,0,1,9
22,220296,0,1,98
22,220297,0,1,98
22,220299,0,1,0
22,220301,0,1,98
22,220303,0,1,9
22,220303,0,2,9
22,220307,0,1,9
22,220314,0,1,99
22,220316,0,1,98
22,220318,0,1,99
22,220319,0,1,99
22,220321,0,1,99
22,220328,0,1,99
22,220330,0,1,99
22,220331,0,1,99
22,220339,0,1,9
22,220341,0,1,98
22,220342,0,1,98
22,220344,0,1,99
22,220345,0,1,99
22,220350,0,1,99
22,220351,0,1,99
22,220353,0,1,98
22,220365,0,1,99
22,220366,0,1,98
22,220370,0,1,98
22,220371,0,1,99
22,220372,0,1,98
22,220376,0,1,98
22,220379,0,1,98
22,220384,0,1,99
22,220387,0,1,9
22,220389,0,1,99
22,220391,0,1,99
22,220394,0,1,98
22,220395,0,1,99
22,220418,0,1,98
22,220420,0,1,99
22,220421,0,1,98
22,220425,0,1,99
22,220426,0,1,98
22,220431,0,1,98
22,220433,0,1,99
22,220436,0,1,99
22,220438,0,1,9
22,220439,0,1,98
22,220441,0,1,99
22,220447,0,1,9
22,220447,0,2,98
22,220448,0,1,99
22,220455,0,1,99
22,220458,0,1,98
22,220460,0,1,98
22,220471,0,1,98
22,220473,0,1,99
22,220475,0,1,99
22,220476,0,1,99
22,220487,0,1,99
22,220487,0,2,99
22,220490,0,1,99
22,220493,0,1,99
22,220494,0,1,98
22,220498,0,1,99
22,220501,0,1,99
22,220503,0,1,99
22,220505,0,1,99
22,220506,0,1,98
22,220508,0,1,99
22,220509,0,1,98
22,220510,0,1,99
22,220517,0,1,99
22,220522,0,1,98
22,220526,0,1,9
22,220533,0,1,99
22,220536,0,1,98
22,220542,0,1,98
22,220548,0,1,99
22,220558,0,1,98
22,220561,0,1,99
22,220567,0,1,98
22,220569,0,1,98
22,220573,0,1,9
22,220575,0,1,98
22,220583,0,1,99
22,220591,0,1,99
22,220592,0,1,98
22,220601,0,1,98
22,220602,0,1,98
22,220603,0,1,99
22,220605,0,1,99
22,220606,0,1,98
22,220609,0,1,99
22,220611,0,1,99
22,220611,0,2,98
22,220612,0,1,99
22,220615,0,1,99
22,220618,0,1,99
22,220620,0,1,99
22,220623,0,1,9
22,220623,0,1,10
22,220626,0,1,99
22,220627,0,1,99
22,220629,0,1,98
22,220631,0,1,8
22,220634,0,1,98
22,220635,0,1,99
22,220640,0,1,98
22,220643,0,1,98
22,220646,0,1,9
22,220647,0,1,99
22,220648,0,1,9
22,220650,0,1,8
22,220650,0,1,9
22,220662,0,1,99
22,220664,0,1,99
22,220671,0,1,99
22,220672,0,1,9
22,220674,0,1,98
22,220675,0,1,99
22,220677,0,1,98
22,220681,0,1,99
22,220682,0,1,98
22,220690,0,1,8
22,220692,0,1,98
22,220695,0,1,99
22,220698,0,1,98
22,220698,0,2,98
22,220702,0,1,99
22,220704,0,1,98
22,220704,0,2,98
22,220705,0,1,99
22,220706,0,1,9
22,220708,0,1,99
22,220709,0,1,9
22,220713,0,1,9
22,220714,0,1,99
22,220716,0,1,8
22,220721,0,1,99
22,220722,0,1,3
22,220724,0,1,99
23,230038,0,1,0
23,230040,0,1,0
23,230044,0,1,8
23,230073,0,1,0
23,230116,0,1,0
23,230118,0,1,0
23,230120,0,1,0
23,230132,0,1,0
23,230148,0,1,98
23,230152,0,1,0
23,230158,0,1,0
23,230165,0,1,98
23,230169,0,1,0
23,230171,0,1,0
24,240001,0,1,0
24,240002,0,1,99
24,240007,0,1,9
24,240010,0,1,99
24,240012,0,1,0
24,240018,0,1,0
24,240019,0,1,99
24,240023,0,1,0
24,240024,0,1,99
24,240037,0,1,99
24,240042,0,1,99
24,240043,0,1,99
24,240045,0,1,9
24,240047,0,1,0
24,240050,0,1,9
24,240051,0,1,0
24,240052,0,1,8
24,240053,0,1,99
24,240057,0,1,99
24,240060,0,1,0
24,240065,0,1,9
24,240074,0,1,99
24,240081,0,1,99
24,240091,0,1,99
24,240096,0,1,99
24,240102,0,1,0
24,240103,0,1,99
24,240114,0,1,99
24,240118,0,1,0
24,240119,0,1,0
24,240120,0,1,99
24,240125,0,1,99
24,240134,0,1,99
24,240135,0,1,99
24,240136,0,1,0
24,240142,0,1,99
24,240144,0,1,0
24,240152,0,1,99
24,240153,0,1,0
24,240157,0,1,0
24,240158,0,1,99
24,240165,0,1,99
24,240166,0,1,99
24,240167,0,1,9
24,240168,0,1,99
24,240173,0,1,99
24,240182,0,1,99
24,240183,0,1,99
24,240186,0,1,99
24,240195,0,1,99
24,240201,0,1,9
24,240204,0,1,99
24,240209,0,1,0
24,240217,0,1,0
24,240220,0,1,99
24,240221,0,1,99
24,240223,0,1,99
24,240226,0,1,99
24,240236,0,1,10
24,240242,0,1,9
24,240247,0,1,99
24,240252,0,1,9
24,240254,0,1,0
24,240260,0,1,99
24,240261,0,1,0
24,240264,0,1,9
24,240265,0,1,9
24,240266,0,1,99
24,240269,0,1,9
24,240273,0,1,9
24,240274,0,1,9
24,240280,0,1,99
24,240281,0,1,99
24,240285,0,1,0
24,240291,0,1,99
24,240310,0,1,99
24,240313,0,1,9
24,240316,0,1,9
24,240318,0,1,9
24,240323,0,1,99
24,240325,0,1,0
24,240330,0,1,0
24,240331,0,1,99
24,240332,0,1,99
24,240337,0,1,99
24,240338,0,1,99
24,240343,0,1,99
24,240345,0,1,0
24,240347,0,1,0
24,240351,0,1,99
24,240357,0,1,99
24,240359,0,1,0
24,240361,0,1,9
24,240362,0,1,0
24,240363,0,1,9
24,240364,0,1,0
24,240366,0,1,99
24,240367,0,1,99
24,240372,0,1,99
24,240376,0,1,99
24,240384,0,1,8
24,240384,0,1,9
24,240386,0,1,99
24,240388,0,1,8
24,240389,0,1,99
24,240393,0,1,99
24,240400,0,1,99
24,240401,0,1,99
24,240403,0,1,0
24,240406,0,1,99
24,240410,0,1,99
24,240412,0,1,99
24,240419,0,1,99
24,240420,0,1,99
24,240423,0,1,99
24,240424,0,1,0
24,240429,0,1,99
24,240435,0,1,0
24,240443,0,1,99
24,240446,0,1,99
24,240447,0,1,99
24,240449,0,1,0
24,240450,0,1,99
24,240457,0,1,0
24,240462,0,1,0
24,240464,0,1,99
24,240465,0,1,99
24,240473,0,1,0
24,240478,0,1,99
24,240480,0,1,99
24,240484,0,1,0
24,240485,0,1,99
24,240487,0,1,99
24,240488,0,1,9
24,240489,0,1,0
24,240490,0,1,0
24,240491,0,1,0
24,240492,0,1,98
24,240496,0,1,9
24,240503,0,1,9
24,240505,0,1,99
24,240506,0,1,0
24,240507,0,1,0
24,240509,0,1,9
24,240510,0,1,0
24,240512,0,1,9
24,240515,0,1,99
24,240516,0,1,0
24,240519,0,1,99
24,240520,0,1,9
24,240522,0,1,9
24,240524,0,1,0
24,240525,0,1,0
24,240526,0,1,9
24,240531,0,1,0
24,240533,0,1,0
24,240535,0,1,9
24,240540,0,1,8
24,240543,0,1,99
24,240548,0,1,9
24,240549,0,1,9
24,240551,0,1,0
24,240555,0,1,99
24,240556,0,1,99
24,240557,0,1,9
24,240558,0,1,0
24,240560,0,1,9
24,240561,0,1,0
24,240563,0,1,0
24,240567,0,1,0
24,240567,0,2,0
24,240568,0,1,0
24,240570,0,1,0
24,240572,0,1,98
24,240573,0,1,98
25,250001,0,1,99
25,250001,0,2,0
25,250004,0,1,0
25,250008,0,1,0
25,250012,0,1,0
25,250016,0,1,0
25,250017,0,1,0
25,250020,0,1,98
25,250021,0,1,99
25,250023,0,1,98
25,250030,0,1,99
25,250031,0,1,0
25,250032,0,1,99
25,250037,0,1,99
25,250038,0,1,0
25,250040,0,1,98
25,250041,0,1,0
25,250049,0,1,0
25,250054,0,1,98
25,250062,0,1,0
25,250068,0,1,0
25,250068,0,2,0
25,250071,0,1,0
25,250079,0,1,0
25,250087,0,1,0
25,250091,0,1,0
25,250096,0,1,98
25,250099,0,1,98
25,250106,0,1,98
25,250108,0,1,0
25,250110,0,1,0
25,250111,0,1,1
25,250111,0,1,10
25,250115,0,1,9
25,250124,0,1,98
25,250124,0,2,98
25,250127,0,1,0
25,250131,0,1,0
25,250132,0,1,98
25,250136,0,1,0
25,250140,0,1,98
25,250142,0,1,9
25,250143,0,1,98
25,250147,0,1,98
25,250149,0,1,98
25,250151,0,1,0
25,250158,0,1,98
25,250158,0,2,98
25,250158,0,3,98
25,250166,0,1,98
25,250169,0,1,98
25,250170,0,1,98
25,250170,0,2,98
25,250185,0,1,98
25,250185,0,2,98
25,250190,0,1,0
25,250194,0,1,98
25,250196,0,1,98
25,250202,0,1,98
25,250204,0,1,98
25,250209,0,1,98
25,250211,0,1,0
25,250218,0,1,0
25,250218,0,2,0
25,250220,0,1,98
25,250223,0,1,98
25,250225,0,1,9
25,250231,0,1,0
25,250234,0,1,98
25,250236,0,1,98
25,250245,0,1,9
25,250247,0,1,0
25,250248,0,1,98
25,250249,0,1,0
25,250258,0,1,98
25,250261,0,1,98
25,250264,0,1,98
25,250266,0,1,98
25,250267,0,1,9
25,250271,0,1,98
25,250272,0,1,98
25,250274,0,1,98
25,250284,0,1,0
25,250302,0,1,98
25,250305,0,1,98
25,250307,0,1,98
25,250310,0,1,0
25,250317,0,1,98
25,250321,0,1,98
25,250322,0,1,98
25,250323,0,1,98
25,250324,0,1,98
25,250327,0,1,98
25,250328,0,1,98
25,250330,0,1,98
25,250336,0,1,98
25,250341,0,1,98
25,250343,0,1,98
25,250344,0,1,98
25,250350,0,1,98
25,250351,0,1,98
25,250353,0,1,98
25,250365,0,1,98
26,260003,0,1,98
26,260003,0,2,98
26,260006,0,1,98
26,260009,0,1,98
26,260012,0,1,96
26,260015,0,1,0
26,260020,0,1,98
26,260022,0,1,10
26,260024,0,1,98
26,260026,0,1,98
26,260027,0,1,10
26,260032,0,1,99
26,260033,0,1,98
26,260041,0,1,99
26,260045,0,1,98
26,260049,0,1,99
26,260050,0,1,98
26,260059,0,1,99
26,260062,0,1,98
26,260064,0,1,98
26,260066,0,1,98
26,260070,0,1,99
26,260071,0,1,98
26,260077,0,1,98
26,260088,0,1,98
26,260093,0,1,98
26,260099,0,1,10
26,260100,0,1,98
26,260101,0,1,10
26,260102,0,1,98
26,260111,0,1,99
26,260115,0,1,99
26,260116,0,1,98
26,260119,0,1,98
26,260123,0,1,98
26,260123,0,2,98
26,260140,0,1,10
26,260144,0,1,0
26,260156,0,1,98
26,260177,0,1,98
26,260177,0,2,98
26,260180,0,1,98
26,260196,0,1,98
26,260198,0,1,0
26,260205,0,1,98
26,260207,0,1,98
26,260208,0,1,98
26,260221,0,1,98
26,260222,0,1,98
26,260229,0,1,98
26,260229,0,2,98
26,260229,0,3,98
26,260229,0,4,98
26,260229,0,5,98
26,260229,0,6,98
26,260229,0,7,98
26,260229,0,8,98
26,260229,0,9,98
26,260229,0,10,98
26,260231,0,1,98
26,260231,0,2,98
26,260235,0,1,98
26,260261,0,1,98
26,260263,0,1,98
26,260268,0,1,98
26,260269,0,1,98
26,260270,0,1,98
26,260280,0,1,98
26,260283,0,1,98
26,260286,0,1,98
26,260290,0,1,98
26,260293,0,1,98
26,260299,0,1,99
26,260321,0,1,99
26,260323,0,1,98
26,260326,0,1,99
26,260338,0,1,98
26,260351,0,1,98
26,260352,0,1,99
26,260364,0,1,98
26,260374,0,1,10
26,260390,0,1,1
26,260396,0,1,10
26,260404,0,1,98
26,260410,0,1,10
26,260416,0,1,99
26,260421,0,1,98
26,260423,0,1,98
26,260427,0,1,10
26,260451,0,1,98
26,260457,0,1,99
26,260460,0,1,99
26,260462,0,1,98
26,260462,0,2,0
26,260467,0,1,98
26,260476,0,1,99
26,260493,0,1,98
26,260496,0,1,98
26,260499,0,1,10
26,260502,0,1,99
26,260508,0,1,98
26,260514,0,1,99
26,260514,0,2,98
26,260520,0,1,98
26,260527,0,1,98
26,260546,0,1,99
26,260547,0,1,98
26,260565,0,1,0
26,260567,0,1,10
26,260578,0,1,98
26,260579,0,1,98
26,260584,0,1,98
26,260594,0,1,99
26,260598,0,1,98
26,260601,0,1,98
26,260604,0,1,98
26,260609,0,1,99
26,260613,0,1,0
26,260630,0,1,0
26,260631,0,1,10
26,260632,0,1,98
26,260635,0,1,98
26,260637,0,1,98
26,260641,0,1,98
26,260645,0,1,98
26,260648,0,1,99
26,260654,0,1,10
26,260659,0,1,99
26,260662,0,1,10
26,260663,0,1,98
26,260679,0,1,0
26,260704,0,1,98
26,260706,0,1,98
26,260713,0,1,99
26,260714,0,1,10
26,260714,0,2,10
26,260714,0,3,10
26,260714,0,4,10
26,260714,0,5,10
26,260716,0,1,99
26,260729,0,1,99
26,260730,0,1,98
26,260735,0,1,99
26,260739,0,1,98
26,260739,0,2,98
26,260751,0,1,98
26,260756,0,1,0
26,260761,0,1,98
26,260762,0,1,98
26,260764,0,1,98
26,260767,0,1,99
26,260772,0,1,98
26,260777,0,1,98
26,260790,0,1,98
26,260793,0,1,98
26,260800,0,1,98
26,260805,0,1,98
26,260806,0,1,98
26,260810,0,1,98
26,260813,0,1,99
26,260815,0,1,8
26,260820,0,1,98
26,260824,0,1,98
26,260826,0,1,99
26,260829,0,1,10
26,260830,0,1,0
26,260832,0,1,99
26,260836,0,1,10
26,260840,0,1,98
26,260841,0,1,10
26,260842,0,1,10
26,260843,0,1,99
26,260843,0,2,98
26,260845,0,1,99
26,260850,0,1,98
26,260856,0,1,98
26,260866,0,1,98
26,260867,0,1,98
26,260871,0,1,98
26,260874,0,1,10
26,260875,0,1,98
26,260876,0,1,10
26,260880,0,1,98
26,260881,0,1,98
26,260888,0,1,98
26,260897,0,1,98
26,260898,0,1,98
26,260899,0,1,10
26,260916,0,1,0
26,260921,0,1,99
26,260925,0,1,10
26,260930,0,1,98
26,260933,0,1,98
26,260933,0,2,98
26,260933,0,3,98
26,260933,0,4,98
26,260933,0,5,98
26,260933,0,6,98
26,260933,0,7,98
26,260933,0,8,98
26,260933,0,9,98
26,260933,0,10,98
26,260933,0,11,98
26,260933,0,12,98
26,260933,0,13,98
26,260933,0,14,98
26,260933,0,15,98
26,260933,0,16,98
26,260935,0,1,98
26,260937,0,1,0
26,260958,0,1,99
26,260960,0,1,99
26,260963,0,1,98
26,260972,0,1,98
26,260973,0,1,98
26,260976,0,1,98
26,260986,0,1,10
26,260993,0,1,98
26,260993,0,2,98
26,261008,0,1,10
26,261010,0,1,98
26,261022,0,1,10
27,270001,0,1,99
27,270003,0,1,0
27,270017,0,1,0
27,270017,0,2,0
27,270024,0,1,8
27,270026,0,1,99
27,270030,0,1,98
27,270038,0,1,99
27,270039,0,1,0
27,270043,0,1,0
27,270056,0,1,99
27,270076,0,1,98
27,270083,0,1,99
27,270088,0,1,99
27,270118,0,1,0
27,270124,0,1,99
27,270152,0,1,0
27,270161,0,1,99
27,270166,0,1,0
27,270168,0,1,99
27,270175,0,1,9
27,270177,0,1,0
27,270184,0,1,99
27,270185,0,1,98
27,270187,0,1,99
27,270203,0,1,0
27,270203,0,2,0
27,270209,0,1,0
27,270215,0,1,99
27,270216,0,1,99
27,270219,0,1,9
27,270241,0,1,99
27,270249,0,1,0
27,270253,0,1,0
27,270259,0,1,0
27,270261,0,1,99
27,270266,0,1,0
27,270280,0,1,98
27,270281,0,1,99
27,270293,0,1,99
27,270309,0,1,99
27,270318,0,1,0
27,270324,0,1,0
27,270333,0,1,0
27,270352,0,1,99
27,270354,0,1,9
27,270359,0,1,99
27,270363,0,1,99
27,270371,0,1,99
27,270378,0,1,99
27,270385,0,1,0
27,270391,0,1,9
27,270394,0,1,99
27,270395,0,1,0
27,270398,0,1,0
27,270403,0,1,0
27,270405,0,1,0
27,270406,0,1,0
27,270408,0,1,0
27,270409,0,1,9
27,270411,0,1,99
27,270418,0,1,0
27,270418,0,2,0
27,270419,0,1,96
27,270419,0,2,0
27,270429,0,1,0
27,270431,0,1,99
27,270437,0,1,99
27,270438,0,1,99
27,270441,0,1,99
28,280001,0,1,99
28,280018,0,1,99
28,280020,0,1,99
28,280022,0,1,0
28,280023,0,1,99
28,280033,0,1,99
28,280038,0,1,0
28,280040,0,1,0
28,280042,0,1,0
28,280044,0,1,99
28,280050,0,1,0
28,280057,0,1,99
28,280077,0,1,0
28,280090,0,1,0
28,280093,0,1,99
28,280097,0,1,0
28,280105,0,1,99
28,280112,0,1,8
28,280122,0,1,99
28,280127,0,1,99
28,280129,0,1,99
28,280131,0,1,99
28,280133,0,1,0
28,280137,0,1,0
28,280140,0,1,99
28,280142,0,1,99
28,280149,0,1,0
28,280150,0,1,9
28,280159,0,1,99
28,280161,0,1,98
28,280177,0,1,9
28,280183,0,1,99
28,280185,0,1,99
28,280187,0,1,99
28,280191,0,1,99
28,280215,0,1,99
28,280221,0,1,9
28,280227,0,1,99
28,280229,0,1,99
28,280243,0,1,99
28,280244,0,1,8
28,280246,0,1,99
28,280247,0,1,0
28,280250,0,1,99
28,280256,0,1,99
28,280260,0,1,99
28,280265,0,1,99
28,280273,0,1,99
28,280278,0,1,0
28,280278,0,2,0
28,280278,0,3,0
28,280280,0,1,0
28,280286,0,1,99
28,280290,0,1,99
28,280316,0,1,99
28,280332,0,1,9
28,280333,0,1,98
28,280333,0,2,0
28,280338,0,1,99
28,280341,0,1,99
28,280344,0,1,0
28,280345,0,1,0
28,280351,0,1,0
28,280351,0,2,0
28,280359,0,1,99
28,280363,0,1,99
28,280365,0,1,99
28,280373,0,1,99
28,280389,0,1,0
28,280394,0,1,99
28,280405,0,1,8
28,280417,0,1,98
28,280420,0,1,0
28,280423,0,1,10
28,280451,0,1,99
28,280456,0,1,99
28,280457,0,1,0
28,280469,0,1,0
28,280470,0,1,99
28,280471,0,1,0
28,280492,0,1,99
28,280509,0,1,99
28,280515,0,1,99
28,280533,0,1,0
28,280536,0,1,99
28,280537,0,1,8
28,280545,0,1,99
28,280552,0,1,99
28,280559,0,1,99
28,280566,0,1,0
28,280567,0,1,0
28,280568,0,1,0
28,280569,0,1,0
28,280574,0,1,0
28,280582,0,1,1
28,280585,0,1,99
28,280588,0,1,0
28,280597,0,1,99
28,280607,0,1,99
28,280613,0,1,99
28,280622,0,1,99
28,280623,0,1,99
28,280627,0,1,99
28,280635,0,1,0
28,280637,0,1,99
28,280645,0,1,98
28,280652,0,1,99
28,280654,0,1,0
28,280655,0,1,99
28,280656,0,1,9
28,280657,0,1,99
28,280659,0,1,10
28,280663,0,1,98
28,280671,0,1,0
28,280674,0,1,98
28,280676,0,1,98
28,280678,0,1,98
28,280680,0,1,99
29,290008,0,1,98
29,290011,0,1,98
29,290012,0,1,98
29,290017,0,1,98
29,290019,0,1,98
29,290025,0,1,98
29,290044,0,1,98
29,290045,0,1,98
29,290052,0,1,98
29,290053,0,1,98
29,290056,0,1,9
29,290058,0,1,98
29,290062,0,1,4
29,290073,0,1,4
29,290078,0,1,98
29,290078,0,2,98
29,290079,0,1,98
29,290082,0,1,98
29,290094,0,1,98
29,290095,0,1,98
29,290099,0,1,98
29,290104,0,1,10
29,290109,0,1,99
29,290118,0,1,98
29,290124,0,1,98
29,290125,0,1,98
29,290131,0,1,98
29,290138,0,1,98
29,290143,0,1,98
29,290144,0,1,98
29,290147,0,1,98
29,290173,0,1,98
29,290184,0,1,98
29,290186,0,1,98
29,290187,0,1,98
29,290195,0,1,98
29,290197,0,1,98
29,290221,0,1,98
29,290222,0,1,98
29,290229,0,1,98
29,290230,0,1,98
29,290234,0,1,98
29,290241,0,1,98
29,290244,0,1,98
29,290245,0,1,98
29,290245,0,2,98
29,290249,0,1,98
29,290250,0,1,98
29,290258,0,1,98
29,290260,0,1,99
29,290278,0,1,98
29,290295,0,1,98
29,290313,0,1,98
29,290319,0,1,98
29,290330,0,1,98
29,290346,0,1,98
29,290347,0,1,98
29,290357,0,1,98
29,290366,0,1,98
29,290374,0,1,98
29,290375,0,1,98
29,290398,0,1,98
29,290403,0,1,98
29,290406,0,1,98
29,290408,0,1,98
29,290409,0,1,98
29,290416,0,1,98
29,290417,0,1,98
29,290418,0,1,98
29,290421,0,1,98
29,290433,0,1,98
29,290440,0,1,98
29,290447,0,1,98
29,290447,0,2,98
29,290453,0,1,98
29,290473,0,1,98
29,290475,0,1,98
29,290476,0,1,98
29,290476,0,2,98
29,290477,0,1,98
29,290487,0,1,98
29,290496,0,1,98
29,290500,0,1,98
29,290501,0,1,98
29,290502,0,1,98
29,290516,0,1,98
29,290518,0,1,98
29,290529,0,1,98
29,290537,0,1,98
29,290539,0,1,98
29,290539,0,2,98
29,290544,0,1,98
29,290547,0,1,98
29,290550,0,1,98
29,290551,0,1,98
29,290553,0,1,98
29,290555,0,1,98
29,290558,0,1,98
29,290567,0,1,98
29,290569,0,1,98
29,290572,0,1,98
29,290575,0,1,98
29,290587,0,1,98
29,290594,0,1,9
29,290607,0,1,98
29,290609,0,1,98
29,290625,0,1,98
29,290628,0,1,98
29,290631,0,1,0
29,290633,0,1,98
29,290635,0,1,98
29,290649,0,1,98
29,290653,0,1,98
29,290663,0,1,98
29,290664,0,1,98
29,290672,0,1,98
29,290675,0,1,98
29,290678,0,1,98
29,290691,0,1,98
29,290695,0,1,98
29,290707,0,1,98
29,290708,0,1,98
29,290713,0,1,98
29,290717,0,1,98
29,290721,0,1,98
29,290721,0,2,98
29,290723,0,1,98
29,290728,0,1,98
29,290728,0,2,98
29,290728,0,3,98
29,290728,0,4,0
29,290732,0,1,98
29,290737,0,1,98
29,290739,0,1,98
29,290740,0,1,98
29,290744,0,1,98
29,290748,0,1,98
29,290752,0,1,98
29,290754,0,1,98
29,290755,0,1,98
29,290757,0,1,98
29,290759,0,1,98
29,290763,0,1,98
29,290769,0,1,98
29,290771,0,1,98
29,290778,0,1,98
29,290779,0,1,98
29,290791,0,1,98
29,290792,0,1,98
29,290809,0,1,98
29,290814,0,1,98
29,290821,0,1,98
29,290822,0,1,98
29,290823,0,1,98
29,290831,0,1,98
29,290832,0,1,98
29,290847,0,1,98
29,290849,0,1,98
29,290854,0,1,98
29,290862,0,1,98
29,290869,0,1,98
29,290876,0,1,98
29,290877,0,1,98
29,290878,0,1,98
29,290879,0,1,98
29,290886,0,1,98
29,290888,0,1,98
29,290891,0,1,98
29,290893,0,1,98
29,290899,0,1,98
30,300009,0,1,98
30,300028,0,1,9
30,300031,0,1,9
30,300037,0,1,0
30,300040,0,1,0
30,300068,0,1,0
30,300069,0,1,98
30,300104,0,1,0
30,300128,0,1,98
30,300142,0,1,98
30,300146,0,1,9
30,300155,0,1,9
31,310004,0,1,0
31,310005,0,1,99
31,310012,0,1,99
31,310025,0,1,9
31,310058,0,1,99
31,310079,0,1,99
31,310094,0,1,4
31,310096,0,1,0
31,310103,0,1,99
31,310104,0,1,99
31,310124,0,1,99
31,310125,0,1,99
31,310126,0,1,99
31,310135,0,1,99
31,310166,0,1,99
31,310172,0,1,99
31,310181,0,1,99
31,310182,0,1,9
31,310187,0,1,98
31,310188,0,1,99
31,310193,0,1,10
31,310207,0,1,0
31,310208,0,1,99
31,310220,0,1,0
31,310224,0,1,99
32,320001,0,1,0
32,320002,0,1,0
32,320003,0,1,99
32,320004,0,1,99
32,320008,0,1,99
32,320010,0,1,9
32,320012,0,1,99
32,320015,0,1,99
32,320016,0,1,0
32,320018,0,1,99
32,320021,0,1,99
32,320023,0,1,99
32,320026,0,1,99
32,320027,0,1,9
32,320028,0,1,99
32,320034,0,1,99
32,320044,0,1,99
32,320046,0,1,0
32,320047,0,1,99
32,320049,0,1,99
32,320059,0,1,99
32,320063,0,1,99
32,320066,0,1,99
32,320067,0,1,99
32,320070,0,1,99
32,320071,0,1,0
32,320072,0,1,99
32,320073,0,1,99
32,320075,0,1,99
32,320081,0,1,0
32,320081,0,2,0
32,320081,0,3,0
32,320081,0,4,0
32,320081,0,5,0
32,320083,0,1,99
32,320088,0,1,99
32,320090,0,1,10
32,320092,0,1,99
32,320094,0,1,99
32,320096,0,1,99
32,320100,0,1,99
32,320102,0,1,99
32,320103,0,1,10
32,320109,0,1,99
32,320111,0,1,99
32,320116,0,1,0
32,320129,0,1,99
32,320130,0,1,99
32,320131,0,1,0
32,320132,0,1,9
32,320133,0,1,99
32,320134,0,1,99
32,320136,0,1,99
32,320137,0,1,99
32,320149,0,1,99
32,320156,0,1,0
32,320163,0,1,99
32,320165,0,1,99
32,320168,0,1,0
32,320172,0,1,99
32,320173,0,1,9
32,320176,0,1,99
32,320187,0,1,99
32,320188,0,1,99
32,320193,0,1,99
32,320195,0,1,99
32,320196,0,1,99
32,320197,0,1,99
32,320200,0,1,99
32,320202,0,1,99
32,320203,0,1,99
32,320206,0,1,99
32,320208,0,1,99
32,320214,0,1,99
32,320216,0,1,99
32,320217,0,1,99
32,320223,0,1,99
32,320225,0,1,99
32,320226,0,1,99
32,320229,0,1,99
32,320235,0,1,99
32,320241,0,1,0
32,320246,0,1,99
32,320250,0,1,99
32,320252,0,1,99
32,320255,0,1,99
32,320259,0,1,99
32,320260,0,1,99
32,320264,0,1,99
32,320272,0,1,99
32,320274,0,1,9
32,320275,0,1,99
32,320277,0,1,0
32,320279,0,1,0
32,320280,0,1,9
32,320283,0,1,99
32,320284,0,1,0
32,320294,0,1,0
32,320300,0,1,99
32,320301,0,1,9
32,320302,0,1,9
32,320306,0,1,0
32,320312,0,1,99
32,320313,0,1,99
32,320315,0,1,9
32,320319,0,1,99
32,320320,0,1,99
32,320323,0,1,99
32,320324,0,1,99
32,320326,0,1,98
32,320327,0,1,99
32,320330,0,1,99
32,320335,0,1,0
32,320337,0,1,99
32,320342,0,1,99
32,320350,0,1,0
32,320352,0,1,99
32,320354,0,1,99
32,320356,0,1,99
32,320359,0,1,0
32,320360,0,1,0
32,320361,0,1,99
32,320363,0,1,99
32,320364,0,1,0
32,320365,0,1,99
32,320372,0,1,99
32,320377,0,1,0
32,320378,0,1,99
32,320380,0,1,99
32,320381,0,1,99
32,320386,0,1,0
32,320388,0,1,99
33,330012,0,1,0
33,330013,0,1,98
33,330022,0,1,0
33,330027,0,1,98
33,330029,0,1,98
33,330050,0,1,96
33,330051,0,1,0
33,330054,0,1,0
33,330057,0,1,99
33,330069,0,1,99
33,330071,0,1,0
33,330072,0,1,98
33,330092,0,1,96
33,330098,0,1,98
33,330099,0,1,98
33,330105,0,1,99
34,340002,0,1,0
34,340008,0,1,98
34,340010,0,1,0
34,340014,0,1,99
34,340015,0,1,99
34,340017,0,1,0
34,340017,0,2,0
34,340019,0,1,99
34,340021,0,1,99
34,340022,0,1,99
34,340027,0,1,0
34,340034,0,1,99
34,340038,0,1,98
34,340039,0,1,9
34,340040,0,1,99
34,340041,0,1,3
34,340051,0,1,99
34,340056,0,1,98
34,340061,0,1,98
34,340070,0,1,99
34,340072,0,1,0
34,340072,0,2,0
34,340074,0,1,0
34,340078,0,1,0
34,340080,0,1,99
34,340081,0,1,99
34,340084,0,1,99
34,340085,0,1,99
34,340087,0,1,0
34,340099,0,1,0
34,340103,0,1,0
34,340106,0,1,98
34,340107,0,1,98
34,340110,0,1,0
34,340114,0,1,0
34,340120,0,1,0
34,340123,0,1,0
34,340124,0,1,0
34,340126,0,1,98
34,340127,0,1,98
34,340132,0,1,99
34,340133,0,1,99
34,340136,0,1,99
34,340137,0,1,98
34,340142,0,1,9
34,340145,0,1,99
34,340146,0,1,9
34,340147,0,1,99
34,340148,0,1,9
34,340149,0,1,99
34,340150,0,1,99
34,340159,0,1,0
34,340161,0,1,9
34,340164,0,1,98
34,340165,0,1,0
34,340167,0,1,99
34,340168,0,1,0
34,340170,0,1,98
34,340176,0,1,99
34,340177,0,1,98
34,340178,0,1,99
34,340181,0,1,99
34,340184,0,1,99
34,340185,0,1,99
34,340187,0,1,99
34,340188,0,1,4
34,340190,0,1,98
34,340193,0,1,0
34,340193,0,2,98
34,340193,0,3,0
34,340193,0,4,98
34,340199,0,1,99
34,340200,0,1,1
34,340203,0,1,99
34,340207,0,1,99
34,340210,0,1,0
34,340212,0,1,0
34,340213,0,1,99
34,340227,0,1,5
34,340227,0,1,9
34,340229,0,1,0
34,340231,0,1,99
34,340234,0,1,9
34,340234,0,2,9
34,340235,0,1,0
34,340237,0,1,99
34,340239,0,1,99
34,340240,0,1,98
34,340242,0,1,99
34,340243,0,1,9
34,340253,0,1,9
34,340253,0,2,9
34,340255,0,1,99
34,340256,0,1,99
34,340257,0,1,0
34,340258,0,1,99
34,340259,0,1,9
34,340260,0,1,99
34,340262,0,1,0
34,340264,0,1,98
34,340275,0,1,0
34,340285,0,1,0
34,340295,0,1,99
34,340296,0,1,99
34,340300,0,1,99
34,340306,0,1,0
34,340308,0,1,99
34,340309,0,1,3
34,340310,0,1,99
34,340311,0,1,98
34,340315,0,1,99
34,340322,0,1,99
34,340323,0,1,98
34,340324,0,1,98
34,340325,0,1,0
34,340326,0,1,99
34,340327,0,1,99
34,340336,0,1,0
34,340340,0,1,9
34,340341,0,1,10
34,340348,0,1,99
34,340350,0,1,96
34,340351,0,1,98
34,340353,0,1,99
34,340358,0,1,9
34,340363,0,1,98
34,340364,0,1,0
34,340364,0,2,0
34,340365,0,1,0
34,340366,0,1,9
34,340368,0,1,99
34,340370,0,1,99
34,340374,0,1,99
34,340375,0,1,99
34,340379,0,1,99
34,340381,0,1,98
34,340382,0,1,9
34,340387,0,1,0
34,340389,0,1,9
34,340391,0,1,98
34,340395,0,1,99
34,340397,0,1,99
34,340398,0,1,96
34,340399,0,1,99
34,340401,0,1,99
34,340402,0,1,9
34,340406,0,1,1
34,340408,0,1,99
34,340414,0,1,98
34,340415,0,1,98
34,340417,0,1,99
34,340418,0,1,0
34,340425,0,1,99
34,340427,0,1,99
34,340431,0,1,99
34,340433,0,1,99
34,340434,0,1,9
34,340435,0,1,99
34,340439,0,1,9
34,340441,0,1,0
34,340446,0,1,98
34,340447,0,1,0
34,340455,0,1,98
34,340457,0,1,5
34,340462,0,1,1
34,340464,0,1,0
34,340465,0,1,0
34,340466,0,1,5
34,340466,0,2,0
34,340467,0,1,99
34,340470,0,1,99
34,340471,0,1,99
34,340481,0,1,0
34,340482,0,1,99
34,340483,0,1,99
34,340484,0,1,99
34,340485,0,1,10
34,340486,0,1,0
34,340487,0,1,0
34,340488,0,1,99
34,340489,0,1,99
34,340490,0,1,99
34,340493,0,1,0
34,340495,0,1,96
34,340497,0,1,99
34,340498,0,1,99
34,340501,0,1,99
34,340503,0,1,99
34,340504,0,1,0
34,340505,0,1,99
34,340506,0,1,99
34,340508,0,1,9
34,340510,0,1,9
34,340515,0,1,9
34,340520,0,1,99
34,340524,0,1,0
34,340526,0,1,0
34,340527,0,1,0
34,340531,0,1,99
34,340533,0,1,0
34,340533,0,2,0
34,340534,0,1,99
34,340536,0,1,9
34,340538,0,1,99
34,340541,0,1,99
34,340545,0,1,99
34,340546,0,1,99
34,340546,0,2,99
34,340548,0,1,9
34,340549,0,1,9
34,340551,0,1,0
34,340553,0,1,99
34,340554,0,1,99
34,340556,0,1,99
34,340557,0,1,0
34,340560,0,1,0
34,340562,0,1,7
34,340562,0,2,98
34,340563,0,1,98
34,340566,0,1,99
34,340567,0,1,99
34,340568,0,1,99
34,340569,0,1,99
34,340573,0,1,99
34,340579,0,1,99
34,340585,0,1,99
34,340586,0,1,98
34,340587,0,1,99
34,340590,0,1,0
34,340598,0,1,0
34,340601,0,1,99
34,340604,0,1,99
34,340608,0,1,99
34,340615,0,1,99
34,340616,0,1,0
34,340617,0,1,99
34,340618,0,1,99
34,340619,0,1,10
34,340623,0,1,99
34,340626,0,1,99
34,340627,0,1,99
34,340628,0,1,99
34,340629,0,1,99
34,340630,0,1,0
34,340632,0,1,98
34,340636,0,1,99
34,340637,0,1,98
34,340638,0,1,10
34,340640,0,1,0
34,340641,0,1,99
34,340642,0,1,99
34,340643,0,1,99
34,340644,0,1,98
34,340646,0,1,98
34,340647,0,1,98
34,340649,0,1,0
34,340650,0,1,98
35,350003,0,1,99
35,350006,0,1,99
35,350007,0,1,99
35,350009,0,1,9
35,350010,0,1,99
35,350014,0,1,99
35,350021,0,1,0
35,350030,0,1,98
35,350031,0,1,99
35,350032,0,1,0
35,350035,0,1,98
35,350038,0,1,99
35,350039,0,1,99
35,350047,0,1,0
35,350048,0,1,0
35,350049,0,1,99
35,350050,0,1,99
35,350056,0,1,99
35,350058,0,1,99
35,350067,0,1,99
35,350068,0,1,99
35,350074,0,1,99
35,350077,0,1,99
35,350081,0,1,99
35,350085,0,1,0
35,350091,0,1,99
35,350096,0,1,99
35,350106,0,1,99
35,350109,0,1,99
35,350111,0,1,99
35,350116,0,1,0
35,350117,0,1,98
35,350118,0,1,99
35,350119,0,1,99
35,350123,0,1,99
35,350132,0,1,0
35,350133,0,1,99
35,350135,0,1,99
35,350136,0,1,0
35,350138,0,1,99
35,350140,0,1,0
35,350141,0,1,0
35,350151,0,1,0
35,350160,0,1,98
35,350162,0,1,99
35,350167,0,1,99
35,350172,0,1,99
35,350174,0,1,99
35,350175,0,1,98
35,350179,0,1,99
35,350188,0,1,99
35,350192,0,1,98
35,350198,0,1,99
35,350202,0,1,9
35,350204,0,1,99
35,350212,0,1,8
35,350213,0,1,99
35,350214,0,1,7
35,350218,0,1,99
35,350219,0,1,99
35,350228,0,1,0
35,350232,0,1,99
35,350237,0,1,99
35,350239,0,1,99
35,350241,0,1,98
35,350246,0,1,99
35,350251,0,1,9
35,350253,0,1,0
35,350263,0,1,99
35,350267,0,1,99
35,350268,0,1,99
35,350272,0,1,98
35,350273,0,1,99
35,350274,0,1,99
35,350274,0,2,0
35,350274,0,3,0
35,350277,0,1,98
35,350288,0,1,99
35,350300,0,1,9
35,350302,0,1,0
35,350304,0,1,9
35,350307,0,1,99
35,350309,0,1,99
35,350312,0,1,9
35,350317,0,1,99
35,350321,0,1,99
35,350322,0,1,99
35,350323,0,1,0
35,350324,0,1,99
35,350326,0,1,98
35,350331,0,1,98
35,350343,0,1,99
35,350345,0,1,0
35,350346,0,1,99
35,350347,0,1,98
35,350350,0,1,99
35,350360,0,1,99
35,350369,0,1,1
35,350377,0,1,98
35,350378,0,1,3
36,360002,0,1,98
36,360004,0,1,98
36,360005,0,1,98
36,360007,0,1,98
36,360009,0,1,98
36,360010,0,1,98
36,360011,0,1,98
36,360012,0,1,98
36,360015,0,1,98
36,360016,0,1,98
36,360017,0,1,98
36,360026,0,1,98
36,360027,0,1,98
36,360032,0,1,98
36,360034,0,1,98
36,360037,0,1,98
36,360039,0,1,98
36,360040,0,1,98
36,360043,0,1,98
36,360044,0,1,98
36,360048,0,1,98
36,360053,0,1,98
36,360064,0,1,98
36,360066,0,1,98
36,360066,0,2,98
36,360076,0,1,9
36,360076,0,2,98
36,360077,0,1,98
36,360078,0,1,98
36,360079,0,1,98
36,360083,0,1,98
36,360084,0,1,98
36,360085,0,1,98
36,360088,0,1,98
36,360089,0,1,98
36,360092,0,1,98
36,360096,0,1,98
36,360097,0,1,98
36,360098,0,1,98
36,360100,0,1,98
36,360103,0,1,98
36,360104,0,1,98
36,360107,0,1,98
36,360108,0,1,98
36,360110,0,1,98
36,360112,0,1,98
36,360118,0,1,98
36,360126,0,1,98
36,360127,0,1,98
36,360129,0,1,98
36,360133,0,1,9
36,360134,0,1,98
36,360144,0,1,98
36,360145,0,1,98
36,360147,0,1,98
36,360147,0,2,98
36,360148,0,1,98
36,360153,0,1,98
36,360156,0,1,98
36,360158,0,1,98
36,360165,0,1,98
36,360171,0,1,98
36,360172,0,1,98
36,360181,0,1,98
36,360183,0,1,98
36,360188,0,1,98
36,360189,0,1,98
36,360190,0,1,98
36,360192,0,1,98
36,360193,0,1,98
36,360194,0,1,98
36,360195,0,1,98
36,360199,0,1,98
36,360200,0,1,98
36,360202,0,1,98
36,360204,0,1,98
36,360205,0,1,98
36,360206,0,1,98
36,360207,0,1,98
36,360207,0,2,4
36,360215,0,1,98
36,360217,0,1,98
36,360220,0,1,98
36,360225,0,1,98
36,360231,0,1,98
36,360242,0,1,98
36,360250,0,1,98
36,360252,0,1,98
36,360253,0,1,98
36,360253,0,2,98
36,360259,0,1,98
36,360260,0,1,98
36,360261,0,1,98
36,360262,0,1,98
36,360265,0,1,98
36,360269,0,1,98
36,360273,0,1,98
36,360274,0,1,98
36,360275,0,1,98
36,360276,0,1,98
36,360278,0,1,98
36,360285,0,1,98
36,360286,0,1,98
36,360287,0,1,98
36,360288,0,1,98
36,360289,0,1,98
36,360290,0,1,98
36,360291,0,1,98
36,360294,0,1,98
36,360295,0,1,98
36,360301,0,1,98
36,360305,0,1,98
36,360306,0,1,98
36,360308,0,1,98
36,360308,0,2,98
36,360310,0,1,98
36,360313,0,1,98
36,360315,0,1,98
36,360317,0,1,98
36,360326,0,1,98
36,360332,0,1,98
36,360336,0,1,98
36,360337,0,1,98
36,360338,0,1,98
36,360342,0,1,98
36,360347,0,1,98
36,360351,0,1,98
36,360351,0,2,98
36,360354,0,1,98
36,360355,0,1,98
36,360358,0,1,98
36,360360,0,1,9
36,360361,0,1,98
36,360364,0,1,98
36,360370,0,1,96
36,360372,0,1,98
36,360378,0,1,98
36,360379,0,1,98
36,360381,0,1,98
36,360383,0,1,98
36,360383,0,2,98
36,360384,0,1,98
36,360384,0,2,98
36,360384,0,3,98
36,360401,0,1,98
36,360402,0,1,98
36,360403,0,1,98
36,360403,0,2,98
36,360403,0,3,98
36,360403,0,4,98
36,360404,0,1,98
36,360404,0,2,98
36,360404,0,3,98
36,360404,0,4,98
36,360404,0,5,98
36,360404,0,6,98
36,360404,0,7,98
36,360404,0,8,98
36,360404,0,9,98
36,360404,0,10,98
36,360404,0,11,98
36,360420,0,1,98
36,360424,0,1,98
36,360424,0,2,98
36,360424,0,3,98
36,360424,0,4,98
36,360424,0,5,98
36,360424,0,6,98
36,360424,0,7,98
36,360424,0,8,98
36,360424,0,9,98
36,360424,0,10,98
36,360424,0,11,98
36,360424,0,12,98
36,360424,0,13,98
36,360425,0,1,98
36,360427,0,1,9
36,360428,0,1,98
36,360434,0,1,98
36,360435,0,1,98
36,360448,0,1,98
36,360448,0,2,98
36,360452,0,1,98
36,360453,0,1,98
36,360457,0,1,98
36,360459,0,1,98
36,360460,0,1,98
36,360464,0,1,98
36,360471,0,1,98
36,360482,0,1,98
36,360490,0,1,98
36,360498,0,1,98
36,360499,0,1,98
36,360507,0,1,98
36,360508,0,1,98
36,360513,0,1,98
36,360527,0,1,98
36,360534,0,1,98
36,360542,0,1,98
36,360543,0,1,98
36,360543,0,2,98
36,360543,0,3,98
36,360550,0,1,96
36,360551,0,1,98
36,360552,0,1,98
36,360569,0,1,98
36,360575,0,1,98
36,360576,0,1,98
36,360592,0,1,98
36,360596,0,1,98
36,360598,0,1,98
36,360599,0,1,98
36,360602,0,1,98
36,360603,0,1,98
36,360604,0,1,98
36,360605,0,1,98
36,360612,0,1,98
36,360626,0,1,98
36,360633,0,1,98
36,360637,0,1,98
36,360638,0,1,98
36,360639,0,1,98
36,360641,0,1,98
36,360642,0,1,98
36,360643,0,1,98
36,360644,0,1,98
36,360647,0,1,98
36,360648,0,1,98
36,360652,0,1,98
36,360654,0,1,98
36,360658,0,1,98
36,360659,0,1,98
36,360660,0,1,98
36,360674,0,1,98
36,360682,0,1,98
36,360688,0,1,98
36,360692,0,1,98
36,360696,0,1,98
36,360700,0,1,98
36,360703,0,1,98
36,360704,0,1,98
36,360705,0,1,98
36,360710,0,1,98
36,360712,0,1,9
36,360713,0,1,98
36,360717,0,1,98
36,360725,0,1,98
36,360726,0,1,98
36,360731,0,1,98
36,360734,0,1,98
36,360737,0,1,98
36,360737,0,2,98
36,360740,0,1,98
36,360744,0,1,98
36,360745,0,1,98
36,360748,0,1,98
36,360753,0,1,98
36,360759,0,1,98
36,360765,0,1,98
36,360767,0,1,98
36,360768,0,1,98
36,360769,0,1,98
36,360772,0,1,98
36,360773,0,1,98
36,360775,0,1,98
36,360780,0,1,98
36,360784,0,1,98
36,360785,0,1,98
36,360791,0,1,98
36,360793,0,1,98
36,360794,0,1,98
36,360796,0,1,98
36,360798,0,1,98
36,360798,0,2,98
36,360798,0,3,98
36,360800,0,1,98
36,360807,0,1,98
36,360810,0,1,98
36,360811,0,1,98
36,360812,0,1,98
36,360817,0,1,98
36,360818,0,1,98
36,360819,0,1,98
36,360820,0,1,98
36,360824,0,1,98
36,360825,0,1,98
36,360826,0,1,98
36,360830,0,1,98
36,360831,0,1,98
36,360832,0,1,98
36,360833,0,1,98
36,360838,0,1,98
36,360840,0,1,98
36,360845,0,1,98
36,360847,0,1,98
36,360848,0,1,98
36,360852,0,1,98
36,360861,0,1,98
36,360867,0,1,98
36,360868,0,1,98
36,360868,0,2,98
36,360870,0,1,98
36,360871,0,1,98
36,360872,0,1,98
36,360874,0,1,98
36,360876,0,1,98
36,360879,0,1,98
36,360880,0,1,98
36,360881,0,1,98
36,360882,0,1,98
36,360883,0,1,98
36,360885,0,1,98
36,360885,0,2,98
36,360886,0,1,98
36,360887,0,1,98
36,360888,0,1,98
36,360889,0,1,98
36,360894,0,1,98
36,360902,0,1,98
36,360909,0,1,98
36,360911,0,1,98
36,360914,0,1,98
36,360917,0,1,98
36,360918,0,1,98
36,360921,0,1,98
36,360922,0,1,98
36,360926,0,1,98
36,360933,0,1,98
36,360934,0,1,98
36,360940,0,1,98
36,360941,0,1,98
36,360944,0,1,98
36,360946,0,1,98
36,360947,0,1,8
36,360948,0,1,98
36,360949,0,1,98
36,360950,0,1,98
36,360959,0,1,99
36,360960,0,1,98
36,360960,0,2,98
36,360961,0,1,98
36,360962,0,1,98
36,360963,0,1,98
36,360964,0,1,98
36,360965,0,1,98
36,360966,0,1,98
36,360970,0,1,98
36,360974,0,1,98
36,360976,0,1,98
36,360978,0,1,98
36,360980,0,1,98
36,360981,0,1,98
36,360983,0,1,98
36,360984,0,1,98
36,360984,0,2,98
36,360986,0,1,98
36,360988,0,1,98
36,360989,0,1,98
36,360989,0,2,98
36,360989,0,3,98
36,360991,0,1,98
36,360997,0,1,98
36,360999,0,1,98
36,361002,0,1,98
36,361003,0,1,98
36,361005,0,1,98
36,361009,0,1,98
36,361020,0,1,98
36,361021,0,1,98
36,361022,0,1,98
36,361023,0,1,98
36,361026,0,1,98
36,361030,0,1,98
36,361030,0,2,98
36,361031,0,1,96
36,361032,0,1,98
36,361034,0,1,98
36,361035,0,1,9
36,361038,0,1,98
36,361040,0,1,98
36,361041,0,1,98
36,361042,0,1,98
36,361043,0,1,98
36,361046,0,1,98
36,361051,0,1,98
36,361056,0,1,98
36,361062,0,1,98
36,361069,0,1,98
36,361072,0,1,98
36,361073,0,1,98
36,361074,0,1,98
37,370011,0,1,99
37,370019,0,1,99
37,370020,0,1,0
37,370020,0,2,0
37,370038,0,1,99
37,370040,0,1,99
37,370043,0,1,9
37,370048,0,1,0
37,370071,0,1,99
37,370073,0,1,0
37,370074,0,1,0
37,370076,0,1,99
37,370083,0,1,99
37,370085,0,1,99
37,370086,0,1,99
37,370102,0,1,0
37,370103,0,1,99
37,370104,0,1,0
37,370111,0,1,0
37,370115,0,1,0
37,370119,0,1,99
37,370120,0,1,99
37,370122,0,1,0
37,370125,0,1,99
37,370128,0,1,0
37,370133,0,1,0
37,370135,0,1,99
37,370147,0,1,0
37,370149,0,1,0
37,370151,0,1,99
37,370153,0,1,0
37,370154,0,1,0
37,370157,0,1,99
37,370158,0,1,0
37,370161,0,1,99
37,370166,0,1,99
37,370173,0,1,99
37,370186,0,1,99
37,370194,0,1,99
37,370197,0,1,0
37,370199,0,1,99
37,370204,0,1,0
37,370205,0,1,0
37,370212,0,1,0
37,370213,0,1,99
37,370221,0,1,99
37,370222,0,1,0
37,370222,0,2,0
37,370224,0,1,99
37,370228,0,1,9
37,370231,0,1,99
37,370232,0,1,99
37,370239,0,1,0
37,370243,0,1,0
37,370250,0,1,0
37,370254,0,1,99
37,370255,0,1,9
37,370263,0,1,0
37,370263,0,2,99
37,370265,0,1,0
37,370270,0,1,99
37,370271,0,1,0
37,370272,0,1,8
37,370275,0,1,0
37,370276,0,1,99
37,370278,0,1,0
37,370279,0,1,99
37,370281,0,1,0
37,370281,0,2,0
37,370289,0,1,99
37,370292,0,1,0
37,370296,0,1,98
37,370302,0,1,98
37,370322,0,1,99
37,370325,0,1,99
37,370352,0,1,99
37,370362,0,1,99
37,370364,0,1,0
37,370366,0,1,99
37,370371,0,1,99
37,370372,0,1,0
37,370373,0,1,0
37,370375,0,1,99
37,370376,0,1,99
37,370383,0,1,99
37,370388,0,1,0
37,370389,0,1,0
37,370390,0,1,99
37,370398,0,1,99
37,370401,0,1,99
37,370402,0,1,0
37,370412,0,1,0
37,370413,0,1,99
37,370428,0,1,0
37,370430,0,1,0
37,370433,0,1,99
37,370435,0,1,0
37,370435,0,2,0
37,370439,0,1,98
37,370443,0,1,0
37,370455,0,1,0
37,370459,0,1,99
37,370460,0,1,99
37,370460,0,2,99
37,370475,0,1,99
37,370479,0,1,0
37,370483,0,1,0
37,370487,0,1,0
37,370490,0,1,0
37,370497,0,1,99
37,370503,0,1,99
37,370505,0,1,9
37,370506,0,1,99
37,370509,0,1,99
37,370516,0,1,9
37,370517,0,1,99
37,370527,0,1,99
37,370528,0,1,99
37,370539,0,1,0
37,370542,0,1,99
37,370543,0,1,99
37,370545,0,1,99
37,370554,0,1,99
37,370556,0,1,99
37,370561,0,1,99
37,370574,0,1,0
37,370574,0,2,0
37,370574,0,3,0
37,370585,0,1,0
37,370592,0,1,99
37,370593,0,1,99
37,370595,0,1,0
37,370601,0,1,0
37,370615,0,1,99
37,370624,0,1,0
37,370627,0,1,9
37,370631,0,1,10
37,370638,0,1,99
37,370645,0,1,9
37,370652,0,1,0
37,370654,0,1,98
37,370655,0,1,99
37,370656,0,1,98
37,370675,0,1,99
37,370695,0,1,9
37,370704,0,1,9
37,370720,0,1,99
37,370721,0,1,0
37,370722,0,1,99
37,370726,0,1,9
37,370734,0,1,99
37,370739,0,1,0
37,370740,0,1,99
37,370743,0,1,99
37,370745,0,1,99
37,370746,0,1,0
37,370746,0,2,0
37,370747,0,1,99
37,370751,0,1,99
37,370752,0,1,99
37,370763,0,1,0
37,370768,0,1,99
37,370775,0,1,99
37,370796,0,1,99
37,370797,0,1,99
37,370805,0,1,98
37,370807,0,1,99
37,370812,0,1,0
37,370815,0,1,0
37,370821,0,1,99
37,370842,0,1,10
37,370845,0,1,0
37,370846,0,1,96
37,370850,0,1,0
37,370858,0,1,0
37,370859,0,1,0
37,370870,0,1,9
37,370874,0,1,99
37,370876,0,1,0
37,370889,0,1,99
37,370891,0,1,99
37,370892,0,1,99
37,370893,0,1,99
37,370914,0,1,99
37,370915,0,1,96
37,370925,0,1,99
37,370929,0,1,0
37,370938,0,1,99
37,370939,0,1,0
37,370945,0,1,99
37,370948,0,1,0
37,370950,0,1,99
37,370953,0,1,99
37,370956,0,1,99
37,370961,0,1,0
37,370974,0,1,0
37,370986,0,1,0
37,370988,0,1,0
37,370997,0,1,0
37,370998,0,1,99
37,371002,0,1,9
37,371004,0,1,0
37,371005,0,1,0
37,371018,0,1,99
37,371021,0,1,99
37,371026,0,1,0
37,371031,0,1,0
37,371037,0,1,99
37,371043,0,1,99
37,371044,0,1,99
37,371052,0,1,99
37,371058,0,1,99
37,371059,0,1,0
37,371062,0,1,0
37,371078,0,1,99
37,371079,0,1,99
37,371084,0,1,0
37,371086,0,1,99
37,371097,0,1,0
37,371098,0,1,0
37,371103,0,1,0
37,371104,0,1,99
37,371114,0,1,0
37,371116,0,1,99
37,371121,0,1,99
37,371122,0,1,99
37,371123,0,1,0
37,371123,0,2,0
37,371124,0,1,99
37,371126,0,1,99
37,371131,0,1,99
37,371133,0,1,0
37,371133,0,2,0
37,371133,0,3,0
37,371140,0,1,0
37,371142,0,1,0
37,371143,0,1,99
37,371147,0,1,9
37,371149,0,1,99
37,371153,0,1,0
37,371162,0,1,99
37,371163,0,1,99
37,371163,0,2,0
37,371164,0,1,99
37,371165,0,1,0
37,371170,0,1,99
37,371170,0,2,99
37,371172,0,1,99
37,371184,0,1,0
37,371193,0,1,0
37,371203,0,1,9
37,371207,0,1,9
37,371213,0,1,99
37,371217,0,1,99
37,371223,0,1,0
37,371223,0,2,0
37,371226,0,1,0
37,371228,0,1,99
37,371232,0,1,9
37,371235,0,1,99
37,371240,0,1,0
37,371261,0,1,0
37,371264,0,1,99
37,371266,0,1,0
37,371267,0,1,9
37,371271,0,1,9
37,371273,0,1,0
37,371273,0,2,0
37,371279,0,1,99
37,371281,0,1,99
37,371287,0,1,0
37,371289,0,1,0
37,371289,0,2,0
37,371289,0,3,0
37,371290,0,1,99
37,371291,0,1,99
37,371292,0,1,9
37,371301,0,1,99
37,371308,0,1,99
37,371314,0,1,99
37,371315,0,1,99
37,371318,0,1,99
37,371319,0,1,99
37,371321,0,1,0
37,371334,0,1,99
37,371338,0,1,99
37,371339,0,1,99
37,371344,0,1,9
37,371345,0,1,0
37,371353,0,1,9
37,371363,0,1,99
37,371366,0,1,0
37,371369,0,1,0
37,371369,0,2,0
37,371376,0,1,99
37,371377,0,1,0
37,371389,0,1,0
37,371390,0,1,9
37,371406,0,1,99
37,371408,0,1,0
37,371411,0,1,0
37,371421,0,1,99
37,371430,0,1,0
37,371431,0,1,0
37,371433,0,1,9
37,371437,0,1,0
37,371455,0,1,0
37,371458,0,1,99
37,371461,0,1,1
37,371463,0,1,99
37,371467,0,1,0
37,371477,0,1,99
37,371478,0,1,99
37,371482,0,1,0
37,371488,0,1,0
37,371490,0,1,99
37,371490,0,2,99
37,371508,0,1,0
37,371509,0,1,99
37,371512,0,1,99
37,371521,0,1,99
37,371522,0,1,0
37,371525,0,1,0
37,371529,0,1,0
37,371534,0,1,9
37,371534,0,2,0
37,371541,0,1,98
37,371543,0,1,0
37,371548,0,1,99
37,371550,0,1,99
37,371551,0,1,9
37,371552,0,1,99
37,371554,0,1,99
37,371560,0,1,99
37,371562,0,1,0
38,380018,0,1,99
38,380023,0,1,8
38,380052,0,1,99
38,380060,0,1,99
38,380072,0,1,0
38,380082,0,1,3
39,390007,0,1,98
39,390013,0,1,98
39,390017,0,1,98
39,390021,0,1,98
39,390024,0,1,98
39,390027,0,1,98
39,390036,0,1,98
39,390047,0,1,0
39,390051,0,1,98
39,390053,0,1,98
39,390054,0,1,98
39,390059,0,1,0
39,390062,0,1,0
39,390070,0,1,0
39,390081,0,1,0
39,390081,0,2,98
39,390081,0,3,98
39,390081,0,4,98
39,390087,0,1,98
39,390088,0,1,8
39,390103,0,1,0
39,390133,0,1,98
39,390134,0,1,98
39,390135,0,1,98
39,390137,0,1,98
39,390138,0,1,98
39,390145,0,1,98
39,390149,0,1,0
39,390151,0,1,9
39,390178,0,1,98
39,390179,0,1,8
39,390188,0,1,0
39,390196,0,1,0
39,390204,0,1,0
39,390228,0,1,98
39,390233,0,1,10
39,390249,0,1,98
39,390250,0,1,98
39,390251,0,1,10
39,390253,0,1,98
39,390255,0,1,98
39,390257,0,1,98
39,390264,0,1,98
39,390269,0,1,98
39,390270,0,1,98
39,390280,0,1,98
39,390281,0,1,98
39,390287,0,1,98
39,390288,0,1,0
39,390291,0,1,9
39,390299,0,1,0
39,390299,0,2,0
39,390309,0,1,98
39,390326,0,1,10
39,390333,0,1,0
39,390339,0,1,98
39,390348,0,1,0
39,390356,0,1,98
39,390378,0,1,98
39,390393,0,1,0
39,390398,0,1,98
39,390401,0,1,98
39,390427,0,1,98
39,390434,0,1,9
39,390437,0,1,98
39,390441,0,1,98
39,390459,0,1,98
39,390477,0,1,98
39,390499,0,1,98
39,390506,0,1,0
39,390511,0,1,98
39,390520,0,1,9
39,390525,0,1,98
39,390544,0,1,0
39,390548,0,1,0
39,390562,0,1,0
39,390565,0,1,98
39,390565,0,2,98
39,390568,0,1,0
39,390570,0,1,98
39,390586,0,1,0
39,390587,0,1,98
39,390598,0,1,98
39,390611,0,1,98
39,390625,0,1,98
39,390636,0,1,0
39,390648,0,1,10
39,390668,0,1,0
39,390672,0,1,98
39,390674,0,1,98
39,390678,0,1,0
39,390685,0,1,0
39,390694,0,1,98
39,390700,0,1,98
39,390702,0,1,0
39,390704,0,1,0
39,390707,0,1,0
39,390717,0,1,0
39,390725,0,1,98
39,390751,0,1,10
39,390754,0,1,0
39,390764,0,1,9
39,390765,0,1,0
39,390765,0,2,0
39,390778,0,1,0
39,390785,0,1,0
39,390787,0,1,98
39,390787,0,2,98
39,390795,0,1,0
39,390798,0,1,9
39,390807,0,1,98
39,390811,0,1,0
39,390814,0,1,98
39,390816,0,1,0
39,390834,0,1,98
39,390836,0,1,0
39,390857,0,1,0
39,390865,0,1,98
39,390865,0,2,0
39,390865,0,3,0
39,390869,0,1,0
39,390870,0,1,0
39,390871,0,1,0
39,390886,0,1,98
39,390888,0,1,98
39,390915,0,1,0
39,390918,0,1,98
39,390923,0,1,98
39,390926,0,1,0
39,390927,0,1,0
39,390927,0,2,0
39,390935,0,1,0
39,390936,0,1,98
39,390960,0,1,98
39,390966,0,1,98
39,390967,0,1,98
39,390968,0,1,98
39,390981,0,1,0
39,390981,0,2,0
39,390997,0,1,98
39,391006,0,1,0
39,391008,0,1,0
39,391008,0,2,0
39,391014,0,1,0
39,391023,0,1,0
39,391027,0,1,0
39,391029,0,1,0
39,391031,0,1,0
39,391032,0,1,98
39,391047,0,1,98
39,391050,0,1,98
39,391061,0,1,0
39,391062,0,1,98
39,391063,0,1,9
39,391063,0,2,9
39,391063,0,3,9
39,391063,0,4,9
39,391066,0,1,98
39,391069,0,1,0
39,391069,0,2,0
39,391071,0,1,98
39,391073,0,1,98
39,391082,0,1,0
39,391083,0,1,98
39,391088,0,1,98
39,391109,0,1,98
39,391116,0,1,98
39,391121,0,1,0
39,391123,0,1,98
39,391129,0,1,98
40,400002,0,1,99
40,400005,0,1,99
40,400007,0,1,99
40,400008,0,1,99
40,400014,0,1,99
40,400020,0,1,9
40,400033,0,1,0
40,400043,0,1,99
40,400045,0,1,99
40,400054,0,1,0
40,400062,0,1,99
40,400065,0,1,99
40,400074,0,1,99
40,400075,0,1,98
40,400077,0,1,0
40,400084,0,1,99
40,400087,0,1,99
40,400092,0,1,0
40,400092,0,2,0
40,400092,0,3,0
40,400101,0,1,99
40,400130,0,1,0
40,400134,0,1,99
40,400145,0,1,99
40,400145,0,2,99
40,400146,0,1,0
40,400146,0,2,0
40,400157,0,1,0
40,400160,0,1,0
40,400178,0,1,0
40,400179,0,1,99
40,400180,0,1,99
40,400182,0,1,99
40,400197,0,1,99
40,400211,0,1,99
40,400214,0,1,99
40,400216,0,1,99
40,400217,0,1,0
40,400218,0,1,99
40,400227,0,1,9
40,400227,0,2,9
40,400233,0,1,96
40,400235,0,1,99
40,400238,0,1,99
40,400240,0,1,0
40,400240,0,2,99
40,400247,0,1,99
40,400255,0,1,99
40,400256,0,1,0
40,400257,0,1,99
40,400271,0,1,99
40,400272,0,1,99
40,400286,0,1,99
40,400289,0,1,99
40,400294,0,1,99
40,400298,0,1,99
40,400310,0,1,99
40,400314,0,1,99
40,400321,0,1,99
40,400333,0,1,9
40,400336,0,1,99
40,400347,0,1,99
40,400352,0,1,99
40,400353,0,1,99
40,400363,0,1,99
40,400374,0,1,99
40,400403,0,1,8
40,400411,0,1,99
40,400415,0,1,99
40,400426,0,1,0
40,400433,0,1,99
40,400438,0,1,0
40,400463,0,1,99
40,400467,0,1,0
40,400473,0,1,99
40,400475,0,1,99
40,400486,0,1,99
40,400488,0,1,99
40,400492,0,1,99
40,400493,0,1,0
40,400506,0,1,99
40,400519,0,1,99
40,400522,0,1,99
40,400527,0,1,99
40,400531,0,1,99
40,400532,0,1,99
40,400535,0,1,99
40,400545,0,1,99
40,400549,0,1,99
40,400554,0,1,0
40,400555,0,1,99
40,400560,0,1,98
40,400566,0,1,99
40,400570,0,1,99
40,400571,0,1,99
40,400584,0,1,99
40,400593,0,1,0
40,400595,0,1,99
40,400595,0,2,99
40,400598,0,1,99
41,410008,0,1,98
41,410011,0,1,98
41,410014,0,1,98
41,410016,0,1,98
41,410018,0,1,98
41,410021,0,1,98
41,410022,0,1,98
41,410023,0,1,9
41,410025,0,1,98
41,410031,0,1,98
41,410032,0,1,98
41,410035,0,1,98
41,410038,0,1,98
41,410040,0,1,98
41,410046,0,1,8
41,410052,0,1,98
41,410055,0,1,98
41,410057,0,1,98
41,410069,0,1,9
41,410070,0,1,9
41,410072,0,1,98
41,410074,0,1,98
41,410075,0,1,98
41,410084,0,1,98
41,410091,0,1,98
41,410093,0,1,98
41,410099,0,1,99
41,410101,0,1,98
41,410103,0,1,98
41,410107,0,1,9
41,410109,0,1,98
41,410123,0,1,98
41,410132,0,1,9
41,410138,0,1,98
41,410139,0,1,98
41,410154,0,1,98
41,410159,0,1,98
41,410166,0,1,98
41,410173,0,1,98
41,410177,0,1,98
41,410191,0,1,98
41,410198,0,1,98
41,410199,0,1,98
41,410209,0,1,98
41,410215,0,1,98
41,410219,0,1,98
41,410228,0,1,98
41,410235,0,1,98
41,410239,0,1,98
41,410243,0,1,98
41,410248,0,1,98
41,410268,0,1,98
41,410269,0,1,98
41,410279,0,1,98
41,410281,0,1,98
41,410281,0,2,98
41,410282,0,1,98
41,410283,0,1,98
41,410288,0,1,98
41,410290,0,1,98
41,410298,0,1,98
41,410300,0,1,98
41,410313,0,1,98
41,410319,0,1,98
41,410328,0,1,98
41,410338,0,1,7
41,410345,0,1,98
41,410352,0,1,98
41,410353,0,1,98
41,410355,0,1,98
41,410368,0,1,98
41,410388,0,1,98
41,410390,0,1,9
41,410391,0,1,98
41,410392,0,1,98
41,410394,0,1,98
41,410398,0,1,98
41,410399,0,1,98
41,410401,0,1,98
41,410405,0,1,98
41,410410,0,1,98
41,410417,0,1,98
41,410426,0,1,9
41,410427,0,1,98
41,410430,0,1,8
41,410432,0,1,98
41,410435,0,1,98
41,410449,0,1,98
41,410450,0,1,98
41,410452,0,1,98
41,410454,0,1,98
41,410455,0,1,98
41,410458,0,1,98
41,410459,0,1,0
41,410461,0,1,98
41,410480,0,1,98
41,410486,0,1,98
41,410486,0,2,98
41,410488,0,1,98
41,410489,0,1,98
41,410493,0,1,98
41,410494,0,1,98
41,410497,0,1,98
41,410506,0,1,98
41,410513,0,1,98
41,410514,0,1,9
41,410515,0,1,98
41,410517,0,1,98
41,410523,0,1,98
41,410524,0,1,98
41,410525,0,1,98
41,410527,0,1,98
42,420004,0,1,0
42,420010,0,1,0
42,420016,0,1,99
42,420019,0,1,0
42,420019,0,2,0
42,420026,0,1,0
42,420028,0,1,0
42,420029,0,1,99
42,420029,0,2,99
42,420029,0,3,99
42,420029,0,4,0
42,420036,0,1,0
42,420037,0,1,0
42,420040,0,1,0
42,420043,0,1,0
42,420045,0,1,99
42,420046,0,1,0
42,420047,0,1,9
42,420049,0,1,0
42,420059,0,1,99
42,420060,0,1,3
42,420074,0,1,9
42,420080,0,1,9
42,420085,0,1,99
42,420092,0,1,0
42,420112,0,1,99
42,420112,0,2,99
42,420114,0,1,0
42,420115,0,1,0
42,420118,0,1,0
42,420124,0,1,0
42,420125,0,1,99
42,420126,0,1,99
42,420127,0,1,0
42,420137,0,1,99
42,420138,0,1,0
42,420160,0,1,0
42,420170,0,1,99
42,420182,0,1,0
42,420199,0,1,9
42,420207,0,1,0
42,420212,0,1,98
42,420225,0,1,0
42,420225,0,2,0
42,420225,0,3,0
42,420234,0,1,0
42,420245,0,1,0
42,420256,0,1,0
42,420264,0,1,0
42,420270,0,1,0
42,420272,0,1,0
42,420277,0,1,0
42,420277,0,2,0
42,420295,0,1,9
42,420296,0,1,99
42,420300,0,1,9
42,420311,0,1,99
42,420315,0,1,0
42,420324,0,1,0
42,420335,0,1,0
42,420348,0,1,99
42,420350,0,1,0
42,420352,0,1,99
42,420378,0,1,0
42,420379,0,1,0
42,420383,0,1,9
42,420392,0,1,99
42,420394,0,1,99
42,420398,0,1,0
42,420402,0,1,99
42,420421,0,1,99
42,420423,0,1,99
42,420424,0,1,0
42,420424,0,2,0
42,420424,0,3,0
42,420427,0,1,99
42,420432,0,1,0
42,420435,0,1,0
42,420436,0,1,0
42,420442,0,1,0
42,420452,0,1,98
42,420454,0,1,0
42,420461,0,1,98
42,420470,0,1,0
42,420473,0,1,0
42,420507,0,1,0
42,420508,0,1,0
42,420514,0,1,99
42,420516,0,1,0
42,420527,0,1,0
42,420539,0,1,0
42,420541,0,1,0
42,420543,0,1,0
42,420550,0,1,0
42,420551,0,1,0
42,420551,0,2,0
42,420551,0,3,0
42,420564,0,1,9
42,420581,0,1,9
42,420590,0,1,0
42,420590,0,2,0
42,420591,0,1,0
42,420595,0,1,0
42,420596,0,1,9
42,420607,0,1,99
42,420611,0,1,0
42,420619,0,1,0
42,420630,0,1,0
42,420632,0,1,0
42,420634,0,1,0
42,420634,0,2,0
42,420634,0,3,0
42,420635,0,1,99
42,420638,0,1,0
42,420644,0,1,0
42,420657,0,1,0
42,420662,0,1,99
42,420664,0,1,0
42,420669,0,1,9
42,420675,0,1,0
42,420679,0,1,99
42,420683,0,1,0
42,420687,0,1,0
42,420691,0,1,99
42,420699,0,1,0
42,420702,0,1,0
42,420702,0,2,0
42,420704,0,1,0
42,420707,0,1,99
42,420708,0,1,99
42,420715,0,1,8
42,420715,0,1,9
42,420723,0,1,0
42,420730,0,1,9
42,420731,0,1,99
42,420733,0,1,99
42,420739,0,1,0
42,420740,0,1,99
42,420748,0,1,9
42,420750,0,1,0
42,420760,0,1,9
42,420762,0,1,0
42,420762,0,2,98
42,420764,0,1,0
42,420772,0,1,0
42,420778,0,1,0
42,420785,0,1,0
42,420791,0,1,0
42,420794,0,1,0
42,420796,0,1,99
42,420808,0,1,0
42,420815,0,1,99
42,420832,0,1,99
42,420841,0,1,0
42,420844,0,1,0
42,420852,0,1,0
42,420853,0,1,99
42,420854,0,1,0
42,420856,0,1,99
42,420858,0,1,99
42,420860,0,1,0
42,420863,0,1,99
42,420865,0,1,9
42,420870,0,1,99
42,420873,0,1,0
42,420874,0,1,0
42,420876,0,1,0
42,420878,0,1,99
42,420881,0,1,99
42,420885,0,1,0
42,420886,0,1,99
42,420888,0,1,0
42,420889,0,1,99
42,420891,0,1,0
42,420892,0,1,0
42,420909,0,1,0
42,420911,0,1,99
42,420915,0,1,0
42,420922,0,1,99
42,420943,0,1,0
42,420944,0,1,99
42,420945,0,1,0
42,420948,0,1,98
42,420949,0,1,99
42,420951,0,1,99
42,420952,0,1,0
42,420956,0,1,0
42,420956,0,2,0
42,420957,0,1,0
42,420962,0,1,99
42,420964,0,1,9
42,420974,0,1,99
42,420977,0,1,99
42,420978,0,1,0
42,420982,0,1,99
42,420986,0,1,9
42,420988,0,1,99
42,420989,0,1,99
42,420993,0,1,0
42,420993,0,2,0
42,420994,0,1,0
42,420996,0,1,99
42,420997,0,1,0
42,421000,0,1,99
42,421008,0,1,0
42,421008,0,2,0
42,421008,0,3,0
42,421009,0,1,99
42,421010,0,1,0
42,421013,0,1,0
42,421015,0,1,99
42,421016,0,1,99
42,421020,0,1,0
42,421024,0,1,99
42,421029,0,1,99
42,421029,0,2,99
42,421040,0,1,0
42,421043,0,1,99
42,421045,0,1,9
42,421050,0,1,9
42,421059,0,1,0
42,421065,0,1,0
44,440004,0,1,0
44,440008,0,1,0
44,440010,0,1,0
44,440016,0,1,99
44,440018,0,1,0
44,440019,0,1,99
44,440020,0,1,98
44,440022,0,1,98
44,440027,0,1,9
44,440028,0,1,10
44,440028,0,2,98
44,440029,0,1,98
44,440031,0,1,98
44,440032,0,1,98
44,440035,0,1,98
44,440038,0,1,9
44,440039,0,1,0
44,440044,0,1,99
44,440045,0,1,99
44,440046,0,1,98
44,440047,0,1,98
45,450001,0,1,9
45,450021,0,1,98
45,450027,0,1,98
45,450036,0,1,98
45,450049,0,1,98
45,450052,0,1,98
45,450067,0,1,98
45,450074,0,1,9
45,450075,0,1,98
45,450080,0,1,98
45,450081,0,1,98
45,450083,0,1,98
45,450086,0,1,98
45,450089,0,1,98
45,450092,0,1,98
45,450093,0,1,9
45,450095,0,1,98
45,450108,0,1,9
45,450110,0,1,9
45,450115,0,1,98
45,450119,0,1,98
45,450120,0,1,98
45,450130,0,1,98
45,450134,0,1,98
45,450136,0,1,98
45,450149,0,1,98
45,450156,0,1,98
45,450157,0,1,9
45,450159,0,1,98
45,450163,0,1,98
45,450168,0,1,98
45,450169,0,1,98
45,450171,0,1,98
45,450177,0,1,98
45,450179,0,1,98
45,450197,0,1,98
45,450201,0,1,98
45,450202,0,1,98
45,450204,0,1,98
45,450206,0,1,98
45,450207,0,1,98
45,450208,0,1,98
45,450211,0,1,98
45,450216,0,1,98
45,450219,0,1,98
45,450227,0,1,98
45,450227,0,2,98
45,450232,0,1,98
45,450238,0,1,98
45,450240,0,1,9
45,450255,0,1,98
45,450260,0,1,98
45,450262,0,1,98
45,450262,0,2,98
45,450273,0,1,98
45,450273,0,2,98
45,450276,0,1,9
45,450288,0,1,98
45,450292,0,1,98
45,450300,0,1,98
45,450309,0,1,9
45,450312,0,1,98
45,450313,0,1,98
45,450315,0,1,98
45,450319,0,1,98
45,450321,0,1,98
45,450326,0,1,98
45,450330,0,1,98
45,450347,0,1,98
45,450349,0,1,98
45,450353,0,1,98
45,450355,0,1,98
45,450363,0,1,98
45,450368,0,1,98
45,450370,0,1,98
45,450374,0,1,98
45,450377,0,1,98
45,450380,0,1,98
45,450394,0,1,98
45,450395,0,1,98
45,450409,0,1,98
45,450410,0,1,9
45,450414,0,1,98
45,450415,0,1,98
45,450417,0,1,98
45,450421,0,1,98
45,450421,0,2,98
45,450421,0,3,98
45,450421,0,4,98
45,450424,0,1,98
45,450425,0,1,98
45,450433,0,1,98
45,450435,0,1,98
45,450441,0,1,98
45,450442,0,1,98
45,450446,0,1,9
45,450450,0,1,98
45,450452,0,1,98
45,450453,0,1,9
45,450467,0,1,98
45,450472,0,1,98
45,450474,0,1,98
45,450478,0,1,98
45,450482,0,1,98
45,450483,0,1,98
45,450485,0,1,98
45,450499,0,1,9
45,450505,0,1,9
45,450505,0,2,0
45,450505,0,3,96
45,450506,0,1,98
45,450513,0,1,98
45,450531,0,1,9
45,450532,0,1,98
45,450534,0,1,98
45,450536,0,1,98
45,450537,0,1,98
45,450539,0,1,98
45,450540,0,1,98
45,450543,0,1,98
45,450548,0,1,9
45,450549,0,1,98
45,450551,0,1,98
45,450562,0,1,98
45,450563,0,1,98
45,450577,0,1,98
45,450581,0,1,98
45,450586,0,1,98
45,450587,0,1,98
45,450588,0,1,98
45,450593,0,1,98
45,450596,0,1,9
45,450598,0,1,9
45,450614,0,1,98
45,450618,0,1,98
45,450632,0,1,98
45,450642,0,1,98
45,450642,0,2,98
45,450642,0,3,98
45,450642,0,4,98
45,450642,0,5,98
45,450650,0,1,98
45,450651,0,1,98
45,450653,0,1,98
45,450656,0,1,98
45,450661,0,1,98
45,450668,0,1,98
45,450669,0,1,98
45,450674,0,1,98
45,450677,0,1,98
45,450686,0,1,98
45,450691,0,1,98
45,450704,0,1,9
45,450717,0,1,98
45,450719,0,1,98
45,450721,0,1,98
45,450722,0,1,98
45,450726,0,1,98
45,450728,0,1,98
45,450729,0,1,98
45,450732,0,1,98
45,450737,0,1,98
45,450740,0,1,98
45,450745,0,1,98
45,450750,0,1,98
45,450764,0,1,98
45,450772,0,1,98
45,450777,0,1,98
45,450779,0,1,98
45,450779,0,2,98
45,450781,0,1,98
45,450783,0,1,98
45,450786,0,1,98
45,450789,0,1,9
45,450790,0,1,98
45,450799,0,1,98
45,450801,0,1,98
45,450807,0,1,98
45,450807,0,2,98
45,450812,0,1,98
45,450816,0,1,9
45,450830,0,1,98
45,450831,0,1,98
45,450835,0,1,98
45,450838,0,1,98
45,450840,0,1,98
45,450843,0,1,98
45,450848,0,1,9
45,450849,0,1,98
45,450853,0,1,98
45,450855,0,1,98
45,450856,0,1,98
45,450858,0,1,98
45,450875,0,1,98
45,450884,0,1,98
45,450889,0,1,98
45,450890,0,1,98
45,450911,0,1,98
45,450912,0,1,98
45,450913,0,1,98
45,450918,0,1,98
45,450920,0,1,98
45,450920,0,2,98
45,450927,0,1,98
45,450927,0,2,98
45,450943,0,1,98
45,450949,0,1,98
46,460001,0,1,0
46,460010,0,1,98
46,460029,0,1,98
46,460046,0,1,98
46,460055,0,1,98
46,460055,0,2,98
46,460056,0,1,98
46,460062,0,1,98
46,460089,0,1,98
46,460097,0,1,98
46,460117,0,1,98
46,460126,0,1,98
46,460129,0,1,98
47,470001,0,1,99
47,470004,0,1,98
47,470023,0,1,98
47,470031,0,1,0
47,470042,0,1,0
47,470043,0,1,99
47,470049,0,1,0
47,470062,0,1,99
47,470075,0,1,99
47,470076,0,1,0
47,470076,0,2,0
47,470081,0,1,0
47,470083,0,1,0
47,470089,0,1,0
47,470097,0,1,99
47,470111,0,1,99
47,470112,0,1,0
47,470123,0,1,99
47,470128,0,1,99
47,470138,0,1,0
47,470153,0,1,0
47,470162,0,1,0
47,470164,0,1,0
47,470171,0,1,0
47,470185,0,1,99
47,470187,0,1,99
47,470193,0,1,0
47,470201,0,1,99
47,470220,0,1,99
47,470222,0,1,0
47,470230,0,1,0
47,470238,0,1,99
47,470250,0,1,99
47,470265,0,1,0
47,470266,0,1,0
47,470273,0,1,0
47,470274,0,1,0
47,470274,0,2,0
47,470281,0,1,99
47,470292,0,1,98
47,470298,0,1,0
47,470302,0,1,0
47,470305,0,1,99
47,470318,0,1,99
47,470323,0,1,99
47,470340,0,1,99
47,470344,0,1,99
47,470347,0,1,0
47,470358,0,1,99
47,470369,0,1,99
47,470374,0,1,99
47,470397,0,1,0
47,470409,0,1,99
47,470410,0,1,99
47,470420,0,1,0
47,470420,0,2,0
47,470424,0,1,99
47,470435,0,1,9
47,470443,0,1,8
47,470446,0,1,99
47,470456,0,1,10
47,470462,0,1,98
47,470471,0,1,9
47,470473,0,1,99
47,470475,0,1,0
47,470484,0,1,99
47,470492,0,1,0
47,470501,0,1,0
47,470504,0,1,99
47,470509,0,1,99
47,470517,0,1,9
47,470518,0,1,99
47,470538,0,1,9
47,470539,0,1,99
47,470540,0,1,0
47,470542,0,1,0
47,470558,0,1,4
47,470562,0,1,0
47,470568,0,1,0
47,470571,0,1,99
47,470572,0,1,99
47,470573,0,1,99
47,470589,0,1,99
47,470596,0,1,99
47,470599,0,1,99
47,470603,0,1,99
47,470606,0,1,98
47,470625,0,1,0
47,470628,0,1,0
47,470635,0,1,8
47,470648,0,1,99
47,470653,0,1,99
47,470668,0,1,9
47,470673,0,1,0
47,470674,0,1,99
47,470677,0,1,99
47,470677,0,2,99
47,470678,0,1,0
47,470683,0,1,99
47,470686,0,1,99
47,470695,0,1,98
47,470696,0,1,99
47,470701,0,1,9
47,470704,0,1,99
47,470706,0,1,98
47,470708,0,1,96
47,470709,0,1,0
47,470716,0,1,0
47,470719,0,1,99
47,470734,0,1,0
47,470740,0,1,9
47,470757,0,1,98
47,470760,0,1,99
47,470764,0,1,99
47,470788,0,1,99
47,470807,0,1,0
47,470813,0,1,99
47,470817,0,1,0
47,470820,0,1,0
47,470833,0,1,99
47,470837,0,1,98
47,470842,0,1,99
47,470855,0,1,0
47,470868,0,1,99
47,470868,0,2,0
47,470871,0,1,0
47,470873,0,1,99
47,470897,0,1,0
47,470897,0,2,0
47,470899,0,1,98
47,470905,0,1,8
47,470909,0,1,98
47,470911,0,1,0
47,470912,0,1,0
47,470912,0,2,0
47,470912,0,3,0
47,470912,0,4,0
47,470916,0,1,0
47,470927,0,1,9
47,470930,0,1,99
47,470931,0,1,0
47,470932,0,1,98
47,470938,0,1,0
47,470939,0,1,0
47,470940,0,1,0
47,470944,0,1,0
47,470948,0,1,99
47,470950,0,1,0
47,470951,0,1,0
47,470953,0,1,0
47,470954,0,1,99
47,470955,0,1,0
47,470968,0,1,99
47,470993,0,1,9
47,470996,0,1,0
47,471002,0,1,96
47,471006,0,1,99
47,471014,0,1,99
47,471031,0,1,98
47,471035,0,1,98
47,471035,0,2,98
47,471036,0,1,99
47,471037,0,1,99
47,471039,0,1,99
47,471043,0,1,0
47,471044,0,1,99
47,471047,0,1,99
47,471058,0,1,0
47,471060,0,1,0
47,471064,0,1,0
47,471073,0,1,0
47,471073,0,2,99
47,471074,0,1,98
47,471076,0,1,99
47,471081,0,1,0
47,471086,0,1,0
47,471091,0,1,98
47,471099,0,1,9
47,471106,0,1,99
47,471122,0,1,0
47,471123,0,1,0
47,471127,0,1,0
47,471129,0,1,99
47,471134,0,1,0
47,471141,0,1,98
47,471143,0,1,98
47,471152,0,1,9
47,471155,0,1,9
48,480001,0,1,98
48,480006,0,1,98
48,480007,0,1,98
48,480011,0,1,98
48,480013,0,1,98
48,480019,0,1,9
48,480028,0,1,98
48,480028,0,2,98
48,480035,0,1,98
48,480039,0,1,98
48,480044,0,1,98
48,480054,0,1,98
48,480060,0,1,9
48,480062,0,1,9
48,480064,0,1,98
48,480077,0,1,98
48,480078,0,1,98
48,480081,0,1,98
48,480092,0,1,98
48,480092,0,2,98
48,480114,0,1,98
48,480123,0,1,98
48,480129,0,1,9
48,480132,0,1,98
48,480133,0,1,9
48,480135,0,1,98
48,480138,0,1,98
48,480149,0,1,98
48,480152,0,1,98
48,480167,0,1,98
48,480173,0,1,98
48,480174,0,1,98
48,480180,0,1,8
48,480187,0,1,98
48,480187,0,2,9
48,480188,0,1,98
48,480189,0,1,9
48,480190,0,1,98
48,480200,0,1,98
48,480202,0,1,1
48,480203,0,1,98
48,480204,0,1,98
48,480211,0,1,98
48,480230,0,1,98
48,480234,0,1,98
48,480236,0,1,98
48,480238,0,1,98
48,480243,0,1,98
48,480247,0,1,98
48,480253,0,1,98
48,480261,0,1,98
48,480262,0,1,98
48,480263,0,1,98
48,480267,0,1,98
48,480275,0,1,98
48,480276,0,1,98
48,480276,0,2,98
48,480278,0,1,98
48,480281,0,1,98
48,480283,0,1,98
48,480286,0,1,98
48,480288,0,1,98
48,480295,0,1,98
48,480311,0,1,98
48,480313,0,1,98
48,480316,0,1,98
48,480322,0,1,98
48,480326,0,1,98
48,480338,0,1,98
48,480340,0,1,98
48,480345,0,1,9
48,480351,0,1,98
48,480351,0,2,98
48,480352,0,1,98
48,480357,0,1,98
48,480360,0,1,98
48,480364,0,1,98
48,480367,0,1,98
48,480376,0,1,98
48,480378,0,1,98
48,480382,0,1,98
48,480384,0,1,98
48,480385,0,1,98
48,480388,0,1,98
48,480388,0,2,98
48,480391,0,1,98
48,480393,0,1,9
48,480396,0,1,98
48,480402,0,1,98
48,480407,0,1,98
48,480410,0,1,9
48,480413,0,1,98
48,480413,0,2,98
48,480417,0,1,98
48,480418,0,1,9
48,480419,0,1,98
48,480420,0,1,98
48,480421,0,1,98
48,480432,0,1,9
48,480438,0,1,98
48,480440,0,1,98
48,480447,0,1,98
48,480461,0,1,98
48,480471,0,1,98
48,480471,0,2,98
48,480473,0,1,98
48,480477,0,1,98
48,480479,0,1,5
48,480486,0,1,98
48,480488,0,1,98
48,480496,0,1,98
48,480499,0,1,98
48,480500,0,1,98
48,480512,0,1,98
48,480514,0,1,98
48,480521,0,1,9
48,480523,0,1,98
48,480525,0,1,98
48,480538,0,1,98
48,480544,0,1,98
48,480549,0,1,98
48,480559,0,1,98
48,480564,0,1,98
48,480565,0,1,98
48,480575,0,1,98
48,480583,0,1,98
48,480590,0,1,98
48,480598,0,1,98
48,480605,0,1,98
48,480620,0,1,98
48,480621,0,1,98
48,480623,0,1,98
48,480624,0,1,9
48,480624,0,2,98
48,480624,0,3,98
48,480628,0,1,98
48,480633,0,1,98
48,480641,0,1,9
48,480643,0,1,9
48,480648,0,1,9
48,480652,0,1,98
48,480656,0,1,98
48,480656,0,2,98
48,480657,0,1,98
48,480661,0,1,98
48,480672,0,1,98
48,480685,0,1,98
48,480687,0,1,98
48,480696,0,1,98
48,480698,0,1,98
48,480700,0,1,9
48,480705,0,1,98
48,480707,0,1,98
48,480708,0,1,98
48,480715,0,1,98
48,480721,0,1,9
48,480723,0,1,9
48,480729,0,1,98
48,480734,0,1,9
48,480735,0,1,98
48,480740,0,1,98
48,480754,0,1,98
48,480757,0,1,98
48,480758,0,1,98
48,480761,0,1,98
48,480763,0,1,98
48,480789,0,1,98
48,480789,0,2,98
48,480790,0,1,98
48,480798,0,1,9
48,480800,0,1,9
48,480808,0,1,98
48,480810,0,1,98
48,480813,0,1,98
48,480817,0,1,98
48,480822,0,1,9
48,480829,0,1,8
48,480830,0,1,98
48,480843,0,1,98
48,480848,0,1,98
48,480855,0,1,98
48,480861,0,1,9
48,480862,0,1,98
48,480862,0,2,98
48,480866,0,1,98
48,480869,0,1,98
48,480875,0,1,98
48,480882,0,1,98
48,480891,0,1,98
48,480896,0,1,9
48,480897,0,1,98
48,480899,0,1,98
48,480899,0,2,98
48,480905,0,1,98
48,480907,0,1,98
48,480908,0,1,98
48,480909,0,1,98
48,480914,0,1,98
48,480921,0,1,98
48,480923,0,1,98
48,480924,0,1,98
48,480926,0,1,98
48,480938,0,1,9
48,480950,0,1,98
48,480951,0,1,98
48,480956,0,1,98
48,480959,0,1,98
48,480966,0,1,98
48,480969,0,1,98
48,480974,0,1,98
48,480975,0,1,98
48,480976,0,1,98
48,480979,0,1,98
48,480986,0,1,98
48,480991,0,1,98
48,480995,0,1,98
48,481002,0,1,98
48,481017,0,1,98
48,481018,0,1,98
48,481021,0,1,98
48,481032,0,1,98
48,481035,0,1,98
48,481046,0,1,98
48,481046,0,2,98
48,481046,0,3,98
48,481046,0,4,98
48,481046,0,5,98
48,481047,0,1,98
48,481049,0,1,98
48,481050,0,1,98
48,481054,0,1,98
48,481066,0,1,98
48,481073,0,1,98
48,481078,0,1,98
48,481082,0,1,98
48,481088,0,1,98
48,481089,0,1,98
48,481090,0,1,98
48,481093,0,1,9
48,481096,0,1,98
48,481100,0,1,98
48,481106,0,1,98
48,481109,0,1,98
48,481117,0,1,98
48,481118,0,1,98
48,481139,0,1,98
48,481146,0,1,98
48,481147,0,1,98
48,481152,0,1,98
48,481158,0,1,98
48,481162,0,1,98
48,481166,0,1,98
48,481170,0,1,98
48,481183,0,1,98
48,481186,0,1,98
48,481188,0,1,98
48,481196,0,1,98
48,481199,0,1,98
48,481207,0,1,98
48,481212,0,1,98
48,481219,0,1,98
48,481221,0,1,98
48,481222,0,1,98
48,481223,0,1,0
48,481229,0,1,98
48,481232,0,1,98
48,481238,0,1,98
48,481245,0,1,98
48,481264,0,1,98
48,481271,0,1,98
48,481276,0,1,98
48,481277,0,1,98
48,481278,0,1,9
48,481280,0,1,98
48,481287,0,1,98
48,481293,0,1,98
48,481294,0,1,98
48,481295,0,1,9
48,481299,0,1,8
48,481302,0,1,98
48,481302,0,2,98
48,481303,0,1,98
48,481305,0,1,9
48,481318,0,1,98
48,481320,0,1,98
48,481333,0,1,98
48,481335,0,1,98
48,481345,0,1,98
48,481348,0,1,98
48,481350,0,1,98
48,481354,0,1,98
48,481362,0,1,9
48,481380,0,1,98
48,481381,0,1,98
48,481381,0,2,98
48,481383,0,1,98
48,481384,0,1,98
48,481388,0,1,98
48,481390,0,1,98
48,481396,0,1,98
48,481397,0,1,98
48,481399,0,1,98
48,481404,0,1,98
48,481404,0,2,98
48,481405,0,1,98
48,481406,0,1,98
48,481417,0,1,98
48,481419,0,1,98
48,481437,0,1,98
48,481439,0,1,98
48,481448,0,1,98
48,481451,0,1,98
48,481451,0,2,98
48,481455,0,1,98
48,481455,0,2,98
48,481458,0,1,98
48,481470,0,1,98
48,481473,0,1,98
48,481485,0,1,9
48,481485,0,2,9
48,481486,0,1,98
48,481494,0,1,98
48,481495,0,1,98
48,481511,0,1,98
48,481514,0,1,98
48,481515,0,1,98
48,481519,0,1,98
48,481524,0,1,98
48,481541,0,1,98
48,481542,0,1,98
48,481547,0,1,98
48,481550,0,1,98
48,481556,0,1,9
48,481559,0,1,98
48,481562,0,1,98
48,481571,0,1,98
48,481573,0,1,98
48,481585,0,1,98
48,481597,0,1,98
48,481597,0,2,98
48,481603,0,1,98
48,481605,0,1,98
48,481606,0,1,98
48,481610,0,1,98
48,481617,0,1,98
48,481622,0,1,98
48,481625,0,1,98
48,481633,0,1,98
48,481635,0,1,98
48,481636,0,1,98
48,481639,0,1,9
48,481640,0,1,98
48,481643,0,1,98
48,481646,0,1,98
48,481659,0,1,98
48,481670,0,1,98
48,481673,0,1,98
48,481679,0,1,98
48,481683,0,1,98
48,481685,0,1,98
48,481687,0,1,98
48,481687,0,2,98
48,481687,0,3,98
48,481687,0,4,98
48,481687,0,5,98
48,481687,0,6,98
48,481688,0,1,98
48,481691,0,1,98
48,481700,0,1,98
48,481702,0,1,98
48,481704,0,1,98
48,481708,0,1,98
48,481709,0,1,98
48,481710,0,1,98
48,481722,0,1,98
48,481723,0,1,98
48,481732,0,1,98
48,481735,0,1,98
48,481737,0,1,98
48,481738,0,1,98
48,481743,0,1,98
48,481744,0,1,98
48,481755,0,1,98
48,481755,0,2,98
48,481755,0,3,98
48,481756,0,1,98
48,481796,0,1,98
48,481809,0,1,98
48,481825,0,1,98
48,481828,0,1,98
48,481830,0,1,98
48,481846,0,1,98
48,481848,0,1,98
48,481849,0,1,98
48,481850,0,1,98
48,481851,0,1,9
48,481859,0,1,9
48,481869,0,1,98
48,481876,0,1,98
48,481884,0,1,98
48,481896,0,1,98
48,481900,0,1,9
48,481901,0,1,98
48,481921,0,1,98
48,481923,0,1,98
48,481924,0,1,98
48,481926,0,1,98
48,481930,0,1,98
48,481937,0,1,98
48,481940,0,1,98
48,481942,0,1,98
48,481945,0,1,98
48,481946,0,1,98
48,481946,0,2,98
48,481949,0,1,98
48,481953,0,1,98
48,481955,0,1,98
48,481956,0,1,98
48,481956,0,2,98
48,481959,0,1,98
48,481961,0,1,98
48,481968,0,1,9
48,481972,0,1,98
48,481973,0,1,98
48,481973,0,2,98
48,481987,0,1,98
48,481997,0,1,98
48,481999,0,1,98
48,482010,0,1,98
48,482013,0,1,98
48,482016,0,1,98
48,482020,0,1,9
48,482026,0,1,98
48,482028,0,1,9
48,482029,0,1,98
48,482031,0,1,98
48,482031,0,2,98
48,482031,0,3,98
48,482037,0,1,98
48,482042,0,1,98
48,482049,0,1,98
48,482051,0,1,98
48,482053,0,1,98
48,482056,0,1,9
48,482060,0,1,98
48,482063,0,1,98
48,482068,0,1,98
48,482071,0,1,98
48,482088,0,1,98
48,482091,0,1,98
48,482092,0,1,98
48,482094,0,1,98
48,482099,0,1,98
48,482105,0,1,98
48,482117,0,1,98
48,482122,0,1,98
48,482129,0,1,9
48,482132,0,1,98
48,482149,0,1,98
48,482149,0,2,98
48,482150,0,1,98
48,482153,0,1,98
48,482156,0,1,98
48,482160,0,1,98
48,482168,0,1,98
48,482169,0,1,4
48,482173,0,1,98
48,482176,0,1,9
48,482183,0,1,9
48,482185,0,1,98
48,482189,0,1,98
48,482196,0,1,98
48,482198,0,1,98
48,482200,0,1,98
48,482201,0,1,98
48,482209,0,1,98
48,482211,0,1,98
48,482211,0,2,98
48,482223,0,1,98
48,482226,0,1,98
48,482226,0,2,98
48,482228,0,1,98
48,482231,0,1,98
48,482241,0,1,98
48,482244,0,1,98
48,482259,0,1,98
48,482278,0,1,98
48,482298,0,1,98
48,482300,0,1,98
48,482311,0,1,98
48,482318,0,1,98
48,482327,0,1,98
48,482328,0,1,9
48,482331,0,1,98
48,482335,0,1,98
48,482345,0,1,98
48,482347,0,1,98
48,482348,0,1,98
48,482353,0,1,98
48,482353,0,2,98
48,482354,0,1,98
48,482358,0,1,9
48,482359,0,1,98
48,482364,0,1,98
48,482375,0,1,98
48,482377,0,1,98
48,482382,0,1,98
48,482386,0,1,98
48,482391,0,1,98
48,482394,0,1,9
48,482396,0,1,9
48,482403,0,1,98
48,482404,0,1,98
48,482408,0,1,98
48,482408,0,2,98
48,482411,0,1,9
48,482418,0,1,98
48,482420,0,1,98
48,482422,0,1,98
48,482425,0,1,98
48,482431,0,1,98
48,482436,0,1,98
48,482439,0,1,98
48,482441,0,1,98
48,482443,0,1,98
48,482444,0,1,98
48,482448,0,1,98
48,482460,0,1,98
48,482460,0,2,98
48,482462,0,1,98
48,482465,0,1,98
48,482473,0,1,98
48,482485,0,1,9
48,482488,0,1,98
48,482488,0,2,98
48,482490,0,1,98
48,482491,0,1,98
48,482497,0,1,98
48,482510,0,1,98
48,482528,0,1,98
48,482529,0,1,98
48,482532,0,1,5
48,482537,0,1,98
48,482537,0,2,98
48,482541,0,1,98
48,482548,0,1,98
48,482551,0,1,98
48,482552,0,1,5
48,482552,0,2,98
48,482557,0,1,98
48,482561,0,1,98
48,482563,0,1,98
48,482565,0,1,98
48,482568,0,1,98
48,482573,0,1,98
48,482576,0,1,98
48,482580,0,1,2
48,482582,0,1,9
48,482586,0,1,98
48,482588,0,1,98
48,482592,0,1,98
48,482597,0,1,98
48,482599,0,1,98
48,482600,0,1,98
48,482603,0,1,98
48,482604,0,1,98
48,482605,0,1,98
48,482606,0,1,98
48,482609,0,1,98
48,482615,0,1,98
48,482616,0,1,98
48,482618,0,1,98
48,482624,0,1,98
48,482626,0,1,98
48,482633,0,1,9
48,482635,0,1,98
48,482642,0,1,98
48,482643,0,1,98
48,482644,0,1,98
48,482649,0,1,98
48,482658,0,1,98
48,482665,0,1,98
48,482666,0,1,98
48,482669,0,1,98
48,482670,0,1,98
48,482672,0,1,98
48,482674,0,1,98
48,482674,0,2,98
48,482675,0,1,98
48,482677,0,1,98
48,482679,0,1,98
48,482685,0,1,98
48,482688,0,1,98
48,482690,0,1,98
48,482703,0,1,98
48,482711,0,1,98
48,482717,0,1,98
48,482717,0,2,98
48,482718,0,1,98
48,482718,0,2,98
48,482724,0,1,98
48,482726,0,1,98
48,482728,0,1,98
48,482737,0,1,98
48,482739,0,1,98
48,482740,0,1,98
48,482741,0,1,98
48,482742,0,1,98
48,482744,0,1,98
48,482749,0,1,98
48,482753,0,1,98
48,482754,0,1,98
48,482757,0,1,98
48,482759,0,1,98
48,482768,0,1,9
48,482769,0,1,98
48,482778,0,1,98
48,482781,0,1,98
48,482783,0,1,98
48,482786,0,1,98
48,482790,0,1,98
48,482793,0,1,1
48,482795,0,1,9
48,482796,0,1,98
48,482798,0,1,9
48,482799,0,1,98
48,482800,0,1,98
48,482812,0,1,98
48,482816,0,1,98
48,482818,0,1,98
48,482819,0,1,98
48,482822,0,1,5
48,482826,0,1,9
48,482827,0,1,98
48,482828,0,1,9
48,482832,0,1,98
48,482839,0,1,98
48,482840,0,1,98
48,482859,0,1,98
48,482865,0,1,98
48,482866,0,1,98
48,482870,0,1,98
48,482873,0,1,98
48,482877,0,1,98
48,482881,0,1,98
48,482886,0,1,98
48,482896,0,1,98
48,482897,0,1,98
48,482898,0,1,98
48,482900,0,1,98
48,482901,0,1,98
48,482904,0,1,98
48,482916,0,1,98
48,482923,0,1,9
48,482925,0,1,98
48,482939,0,1,98
48,482943,0,1,98
48,482945,0,1,98
48,482949,0,1,98
48,482950,0,1,9
48,482953,0,1,98
48,482960,0,1,98
48,482961,0,1,98
48,482962,0,1,98
48,482964,0,1,98
48,482973,0,1,98
48,482977,0,1,98
48,482981,0,1,98
48,482984,0,1,98
48,482987,0,1,98
48,482988,0,1,98
48,482989,0,1,98
48,482989,0,2,98
48,482995,0,1,98
48,483001,0,1,98
48,483002,0,1,98
48,483007,0,1,98
48,483011,0,1,98
48,483021,0,1,98
48,483023,0,1,98
48,483034,0,1,98
48,483035,0,1,98
48,483036,0,1,98
48,483037,0,1,98
48,483038,0,1,98
48,483039,0,1,9
48,483040,0,1,98
48,483042,0,1,98
48,483049,0,1,98
48,483051,0,1,98
48,483055,0,1,98
48,483057,0,1,98
48,483063,0,1,98
48,483064,0,1,98
48,483066,0,1,98
48,483068,0,1,98
48,483073,0,1,9
48,483073,0,2,98
48,483075,0,1,98
48,483078,0,1,98
48,483080,0,1,98
48,483083,0,1,98
48,483084,0,1,98
48,483085,0,1,98
48,483086,0,1,98
48,483089,0,1,98
48,483090,0,1,98
48,483094,0,1,9
48,483095,0,1,98
48,483104,0,1,98
48,483105,0,1,98
48,483108,0,1,98
48,483112,0,1,98
48,483114,0,1,98
48,483114,0,2,98
48,483114,0,3,98
48,483120,0,1,98
48,483130,0,1,7
48,483133,0,1,98
48,483135,0,1,98
48,483141,0,1,98
48,483142,0,1,98
48,483143,0,1,98
48,483150,0,1,98
48,483152,0,1,9
48,483154,0,1,98
48,483159,0,1,98
48,483159,0,2,98
48,483159,0,3,98
48,483163,0,1,98
48,483169,0,1,98
48,483172,0,1,98
48,483173,0,1,98
48,483179,0,1,98
48,483188,0,1,98
48,483189,0,1,98
48,483193,0,1,98
48,483194,0,1,98
48,483197,0,1,98
48,483199,0,1,98
48,483204,0,1,98
48,483218,0,1,9
48,483224,0,1,98
48,483225,0,1,98
48,483234,0,1,98
48,483236,0,1,98
48,483240,0,1,98
48,483242,0,1,98
48,483244,0,1,98
48,483256,0,1,98
48,483258,0,1,0
48,483264,0,1,9
48,483266,0,1,98
48,483271,0,1,98
48,483274,0,1,98
48,483274,0,2,98
48,483274,0,3,98
48,483276,0,1,98
48,483277,0,1,98
48,483280,0,1,98
48,483284,0,1,9
48,483293,0,1,98
48,483297,0,1,98
48,483298,0,1,0
48,483304,0,1,98
48,483308,0,1,98
48,483310,0,1,98
48,483319,0,1,98
48,483326,0,1,98
48,483330,0,1,9
48,483330,0,2,98
48,483331,0,1,98
48,483336,0,1,98
48,483341,0,1,98
48,483347,0,1,98
48,483347,0,2,98
48,483350,0,1,98
48,483352,0,1,98
48,483354,0,1,98
48,483358,0,1,98
48,483360,0,1,98
48,483365,0,1,98
48,483366,0,1,98
48,483368,0,1,98
48,483375,0,1,98
48,483378,0,1,98
48,483378,0,2,98
48,483379,0,1,98
48,483385,0,1,98
48,483389,0,1,98
48,483390,0,1,98
48,483391,0,1,98
48,483404,0,1,98
48,483407,0,1,98
48,483409,0,1,98
48,483409,0,2,98
48,483411,0,1,98
48,483414,0,1,98
48,483417,0,1,98
48,483419,0,1,98
48,483420,0,1,9
48,483422,0,1,98
48,483423,0,1,98
48,483434,0,1,98
48,483441,0,1,98
48,483442,0,1,98
48,483443,0,1,98
48,483445,0,1,98
48,483453,0,1,98
48,483454,0,1,98
48,483459,0,1,98
48,483459,0,2,98
48,483462,0,1,98
48,483462,0,2,98
48,483468,0,1,98
48,483471,0,1,98
48,483471,0,2,98
48,483471,0,3,98
48,483471,0,4,98
48,483471,0,5,98
48,483471,0,6,98
48,483485,0,1,98
48,483496,0,1,98
48,483497,0,1,98
48,483498,0,1,98
48,483508,0,1,98
48,483509,0,1,98
48,483509,0,2,98
48,483512,0,1,98
48,483513,0,1,98
48,483517,0,1,98
48,483519,0,1,98
48,483522,0,1,98
48,483524,0,1,98
48,483527,0,1,98
48,483530,0,1,98
48,483535,0,1,98
48,483539,0,1,98
48,483540,0,1,98
48,483541,0,1,9
48,483547,0,1,98
48,483553,0,1,98
48,483560,0,1,98
48,483564,0,1,98
48,483567,0,1,98
48,483570,0,1,98
48,483571,0,1,98
48,483571,0,2,98
48,483573,0,1,98
48,483580,0,1,98
48,483581,0,1,98
48,483583,0,1,8
48,483594,0,1,98
48,483599,0,1,98
48,483605,0,1,98
48,483612,0,1,98
48,483613,0,1,98
48,483619,0,1,98
48,483620,0,1,98
48,483620,0,2,98
48,483621,0,1,98
48,483625,0,1,98
48,483628,0,1,98
48,483629,0,1,98
48,483633,0,1,98
48,483635,0,1,98
48,483636,0,1,98
48,483636,0,2,98
48,483638,0,1,98
48,483641,0,1,98
48,483641,0,2,98
48,483643,0,1,98
48,483643,0,2,98
48,483648,0,1,98
48,483649,0,1,9
48,483662,0,1,98
48,483663,0,1,98
48,483664,0,1,98
48,483666,0,1,98
48,483670,0,1,98
48,483677,0,1,98
48,483687,0,1,98
48,483692,0,1,98
48,483693,0,1,98
48,483705,0,1,98
48,483707,0,1,98
48,483707,0,2,98
48,483711,0,1,98
48,483720,0,1,98
48,483721,0,1,98
48,483726,0,1,98
48,483732,0,1,98
48,483744,0,1,98
48,483746,0,1,98
48,483748,0,1,9
48,483754,0,1,98
48,483756,0,1,98
48,483758,0,1,98
48,483763,0,1,98
48,483765,0,1,98
48,483766,0,1,98
48,483769,0,1,98
48,483772,0,1,98
48,483774,0,1,98
48,483777,0,1,98
48,483787,0,1,98
48,483788,0,1,98
48,483790,0,1,98
48,483795,0,1,98
48,483799,0,1,98
48,483802,0,1,98
48,483817,0,1,98
48,483826,0,1,98
48,483830,0,1,98
48,483831,0,1,98
48,483834,0,1,98
48,483838,0,1,98
48,483843,0,1,98
48,483844,0,1,98
48,483854,0,1,98
48,483861,0,1,98
48,483864,0,1,98
48,483867,0,1,98
48,483868,0,1,98
48,483869,0,1,98
48,483869,0,2,98
48,483873,0,1,98
48,483879,0,1,98
48,483882,0,1,98
48,483882,0,2,98
48,483882,0,3,98
48,483884,0,1,98
48,483885,0,1,98
48,483887,0,1,98
48,483889,0,1,98
48,483891,0,1,98
48,483892,0,1,98
48,483894,0,1,98
49,490009,0,1,99
49,490016,0,1,98
49,490017,0,1,0
49,490021,0,1,10
49,490030,0,1,0
49,490032,0,1,99
49,490034,0,1,98
49,490045,0,1,99
49,490048,0,1,98
49,490048,0,2,98
49,490067,0,1,98
49,490071,0,1,99
49,490076,0,1,0
49,490078,0,1,98
49,490087,0,1,0
49,490097,0,1,99
49,490107,0,1,0
49,490123,0,1,99
49,490123,0,2,99
49,490127,0,1,0
49,490128,0,1,99
49,490129,0,1,99
49,490150,0,1,0
49,490155,0,1,0
49,490156,0,1,0
49,490160,0,1,99
49,490166,0,1,99
49,490176,0,1,9
49,490176,0,2,9
49,490179,0,1,99
49,490186,0,1,99
49,490197,0,1,0
49,490199,0,1,99
49,490205,0,1,0
49,490206,0,1,0
49,490210,0,1,0
49,490211,0,1,0
49,490231,0,1,99
49,490240,0,1,0
49,490242,0,1,99
49,490245,0,1,0
49,490256,0,1,0
49,490257,0,1,99
49,490259,0,1,0
49,490262,0,1,0
49,490263,0,1,98
49,490265,0,1,98
49,490266,0,1,98
49,490268,0,1,8
49,490269,0,1,99
49,490270,0,1,0
49,490272,0,1,99
49,490273,0,1,99
50,500001,0,1,98
50,500010,0,1,98
50,500013,0,1,98
50,500029,0,1,98
50,500036,0,1,9
50,500043,0,1,0
50,500049,0,1,98
50,500055,0,1,98
51,510013,0,1,10
51,510027,0,1,99
51,510038,0,1,99
51,510043,0,1,99
51,510044,0,1,99
51,510049,0,1,99
51,510050,0,1,99
51,510057,0,1,10
51,510060,0,1,0
51,510063,0,1,10
51,510072,0,1,99
51,510073,0,1,99
51,510075,0,1,10
51,510083,0,1,99
51,510088,0,1,99
51,510089,0,1,0
51,510090,0,1,10
51,510091,0,1,98
51,510094,0,1,99
51,510099,0,1,99
51,510100,0,1,99
51,510101,0,1,99
51,510104,0,1,99
51,510105,0,1,99
51,510107,0,1,99
51,510108,0,1,0
51,510110,0,1,9
51,510113,0,1,99
51,510118,0,1,99
51,510123,0,1,0
51,510138,0,1,0
51,510140,0,1,99
51,510149,0,1,0
51,510154,0,1,99
51,510162,0,1,0
51,510175,0,1,10
51,510178,0,1,0
51,510179,0,1,99
51,510182,0,1,99
51,510192,0,1,99
51,510200,0,1,99
51,510204,0,1,99
51,510210,0,1,0
51,510219,0,1,98
51,510240,0,1,99
51,510241,0,1,10
51,510250,0,1,0
51,510258,0,1,10
51,510259,0,1,0
51,510293,0,1,99
51,510295,0,1,0
51,510303,0,1,0
51,510314,0,1,99
51,510324,0,1,10
51,510328,0,1,99
51,510330,0,1,99
51,510337,0,1,0
51,510357,0,1,10
51,510364,0,1,99
51,510365,0,1,99
51,510371,0,1,99
51,510386,0,1,99
51,510394,0,1,99
51,510400,0,1,10
51,510401,0,1,10
51,510408,0,1,99
51,510412,0,1,99
51,510413,0,1,0
51,510413,0,2,0
51,510424,0,1,99
51,510425,0,1,0
51,510428,0,1,99
51,510428,0,2,99
51,510435,0,1,99
51,510435,0,2,0
51,510436,0,1,0
51,510440,0,1,0
51,510440,0,2,98
51,510440,0,3,98
51,510440,0,4,98
51,510440,0,5,98
51,510440,0,6,98
51,510440,0,7,98
51,510447,0,1,99
51,510456,0,1,99
51,510462,0,1,0
51,510466,0,1,0
51,510473,0,1,99
51,510497,0,1,99
51,510501,0,1,99
51,510509,0,1,99
51,510512,0,1,99
51,510513,0,1,99
51,510519,0,1,9
51,510523,0,1,99
51,510523,0,2,99
51,510528,0,1,0
51,510530,0,1,99
51,510539,0,1,99
51,510546,0,1,99
51,510556,0,1,99
51,510559,0,1,99
51,510563,0,1,0
51,510569,0,1,0
51,510575,0,1,0
51,510578,0,1,0
51,510585,0,1,7
51,510589,0,1,0
51,510599,0,1,0
51,510602,0,1,0
51,510605,0,1,99
51,510623,0,1,9
51,510623,0,2,99
51,510636,0,1,0
51,510638,0,1,99
51,510641,0,1,99
51,510646,0,1,99
51,510647,0,1,99
51,510650,0,1,99
51,510655,0,1,99
51,510656,0,1,99
51,510657,0,1,99
51,510658,0,1,0
51,510661,0,1,99
51,510664,0,1,0
51,510669,0,1,9
51,510669,0,1,10
51,510670,0,1,99
51,510673,0,1,0
51,510674,0,1,0
51,510675,0,1,99
51,510683,0,1,99
51,510684,0,1,0
51,510692,0,1,0
51,510703,0,1,99
51,510706,0,1,0
51,510709,0,1,0
51,510713,0,1,0
51,510714,0,1,9
51,510715,0,1,99
51,510720,0,1,99
51,510733,0,1,99
51,510735,0,1,0
51,510735,0,2,0
51,510736,0,1,0
51,510736,0,2,0
51,510736,0,3,0
51,510736,0,4,0
51,510737,0,1,0
51,510749,0,1,0
51,510762,0,1,99
51,510763,0,1,10
51,510774,0,1,0
51,510779,0,1,99
51,510785,0,1,99
51,510792,0,1,9
51,510792,0,1,10
51,510794,0,1,99
51,510803,0,1,99
51,510810,0,1,9
51,510810,0,1,10
51,510813,0,1,99
51,510817,0,1,99
51,510824,0,1,0
51,510833,0,1,0
51,510835,0,1,99
51,510837,0,1,99
51,510839,0,1,99
51,510855,0,1,99
51,510861,0,1,0
51,510863,0,1,10
51,510869,0,1,0
51,510879,0,1,99
53,530001,0,1,0
53,530002,0,1,98
53,530003,0,1,98
53,530006,0,1,98
53,530016,0,1,98
53,530023,0,1,2
53,530025,0,1,98
53,530026,0,1,98
53,530030,0,1,98
53,530031,0,1,0
53,530032,0,1,98
53,530033,0,1,9
53,530034,0,1,98
53,530040,0,1,0
53,530041,0,1,98
53,530042,0,1,98
53,530045,0,1,0
53,530054,0,1,0
53,530055,0,1,98
53,530064,0,1,98
53,530079,0,1,98
53,530080,0,1,98
53,530082,0,1,98
53,530090,0,1,98
53,530104,0,1,98
53,530105,0,1,98
53,530111,0,1,98
53,530118,0,1,98
53,530127,0,1,98
53,530131,0,1,98
53,530132,0,1,0
53,530134,0,1,0
53,530139,0,1,98
53,530142,0,1,98
53,530152,0,1,98
53,530153,0,1,98
53,530155,0,1,98
53,530162,0,1,98
53,530165,0,1,98
53,530168,0,1,98
53,530177,0,1,98
53,530181,0,1,98
53,530189,0,1,98
53,530207,0,1,98
53,530211,0,1,98
53,530221,0,1,0
53,530221,0,2,0
53,530228,0,1,9
53,530229,0,1,0
53,530231,0,1,8
53,530236,0,1,2
53,530236,0,1,9
53,530237,0,1,9
53,530238,0,1,98
53,530242,0,1,0
53,530245,0,1,98
53,530251,0,1,0
53,530251,0,2,0
53,530258,0,1,9
53,530259,0,1,0
53,530262,0,1,98
53,530266,0,1,98
53,530267,0,1,98
53,530278,0,1,1
53,530287,0,1,0
53,530294,0,1,0
53,530296,0,1,98
53,530302,0,1,98
53,530302,0,2,98
53,530318,0,1,98
53,530324,0,1,98
53,530325,0,1,0
53,530344,0,1,98
53,530354,0,1,9
53,530360,0,1,98
53,530362,0,1,98
53,530363,0,1,98
53,530368,0,1,8
53,530377,0,1,98
53,530385,0,1,98
53,530392,0,1,0
53,530394,0,1,0
53,530399,0,1,98
53,530400,0,1,98
53,530402,0,1,98
53,530409,0,1,98
53,530411,0,1,98
53,530414,0,1,98
53,530417,0,1,98
53,530418,0,1,98
53,530421,0,1,98
53,530426,0,1,98
53,530427,0,1,98
53,530429,0,1,0
53,530453,0,1,98
53,530455,0,1,98
53,530465,0,1,98
53,530470,0,1,9
53,530475,0,1,98
53,530479,0,1,9
53,530482,0,1,0
53,530486,0,1,9
53,530490,0,1,98
53,530491,0,1,98
53,530492,0,1,98
53,530496,0,1,98
53,530501,0,1,98
53,530504,0,1,9
53,530506,0,1,1
53,530510,0,1,98
53,530514,0,1,98
53,530516,0,1,98
53,530524,0,1,98
53,530529,0,1,98
53,530530,0,1,0
53,530532,0,1,98
53,530534,0,1,98
53,530534,0,2,98
53,530536,0,1,98
53,530540,0,1,98
53,530541,0,1,98
53,530551,0,1,2
53,530553,0,1,98
53,530556,0,1,98
53,530562,0,1,98
53,530563,0,1,98
53,530566,0,1,98
53,530571,0,1,98
53,530577,0,1,98
53,530583,0,1,98
53,530586,0,1,98
53,530587,0,1,0
53,530587,0,2,0
53,530587,0,3,0
53,530587,0,4,0
53,530587,0,5,0
53,530590,0,1,98
53,530591,0,1,9
53,530592,0,1,98
53,530595,0,1,98
53,530599,0,1,0
53,530605,0,1,0
53,530609,0,1,98
53,530623,0,1,98
53,530624,0,1,98
53,530629,0,1,98
53,530635,0,1,0
53,530640,0,1,0
53,530643,0,1,98
53,530644,0,1,98
53,530647,0,1,98
53,530649,0,1,98
53,530649,0,2,98
53,530656,0,1,0
53,530657,0,1,98
53,530660,0,1,98
53,530661,0,1,98
53,530664,0,1,0
53,530671,0,1,98
53,530672,0,1,98
53,530673,0,1,98
53,530675,0,1,9
53,530678,0,1,98
53,530681,0,1,0
53,530682,0,1,98
53,530683,0,1,98
53,530684,0,1,8
53,530684,0,1,9
53,530686,0,1,0
53,530687,0,1,98
53,530689,0,1,98
53,530692,0,1,0
53,530699,0,1,98
53,530700,0,1,98
53,530703,0,1,0
53,530713,0,1,0
53,530714,0,1,0
53,530716,0,1,98
54,540011,0,1,9
54,540025,0,1,96
54,540050,0,1,0
54,540064,0,1,9
54,540102,0,1,0
54,540111,0,1,0
54,540113,0,1,9
54,540121,0,1,0
54,540130,0,1,0
54,540147,0,1,0
54,540151,0,1,0
54,540156,0,1,0
54,540171,0,1,0
54,540174,0,1,9
54,540175,0,1,0
54,540180,0,1,0
54,540182,0,1,9
54,540184,0,1,96
54,540186,0,1,0
54,540190,0,1,0
54,540191,0,1,0
54,540196,0,1,0
54,540196,0,2,0
54,540206,0,1,9
54,540207,0,1,0
54,540209,0,1,0
54,540212,0,1,1
54,540213,0,1,98
54,540230,0,1,98
54,540234,0,1,0
54,540236,0,1,0
55,550002,0,1,99
55,550004,0,1,99
55,550015,0,1,99
55,550019,0,1,99
55,550020,0,1,96
55,550022,0,1,99
55,550031,0,1,96
55,550040,0,1,96
55,550040,0,2,96
55,550043,0,1,99
55,550054,0,1,99
55,550055,0,1,99
55,550059,0,1,96
55,550072,0,1,0
55,550073,0,1,99
55,550077,0,1,96
55,550078,0,1,8
55,550087,0,1,96
55,550109,0,1,99
55,550111,0,1,99
55,550111,0,2,99
55,550116,0,1,4
55,550142,0,1,99
55,550143,0,1,99
55,550165,0,1,99
55,550172,0,1,99
55,550173,0,1,96
55,550173,0,2,96
55,550196,0,1,99
55,550199,0,1,96
55,550199,0,2,0
55,550253,0,1,99
55,550261,0,1,99
55,550274,0,1,99
55,550277,0,1,0
55,550281,0,1,99
55,550291,0,1,99
55,550294,0,1,99
55,550307,0,1,96
55,550308,0,1,99
55,550317,0,1,0
55,550321,0,1,9
55,550324,0,1,99
55,550326,0,1,9
55,550334,0,1,0
55,550342,0,1,99
55,550347,0,1,99
55,550353,0,1,8
55,550360,0,1,0
55,550360,0,2,0
55,550375,0,1,99
55,550387,0,1,96
55,550392,0,1,99
55,550402,0,1,99
55,550412,0,1,9
55,550417,0,1,10
55,550424,0,1,99
55,550425,0,1,99
55,550438,0,1,8
55,550443,0,1,99
55,550454,0,1,0
55,550462,0,1,99
55,550471,0,1,9
55,550478,0,1,99
55,550480,0,1,99
55,550481,0,1,99
55,550501,0,1,99
55,550505,0,1,98
55,550505,0,2,98
55,550513,0,1,0
55,550516,0,1,0
55,550516,0,2,96
55,550525,0,1,99
55,550529,0,1,10
55,550535,0,1,99
56,560001,0,1,9
56,560039,0,1,0
56,560044,0,1,0
56,560045,0,1,0
56,560047,0,1,99
56,560101,0,1,0
