STATE,ST_CASE,VEH_NO,PVE_FORMS,PMONTH,PDAY,PHOUR,PMINUTE,PHARM_EV,PMAN_COLL,PNUMOCCS,PTYPE,PHIT_RUN,PREG_STAT,POWNER,PVIN,PMODYEAR,PVPICMAKE,PVPICMODEL,PVPICBODYCLASS,PMAKE,PMODEL,PBODYTYP,PICFINALBODY,PGVWR_FROM,PGVWR_TO,PTRAILER,PTRLR1VIN,PTRLR2VIN,PTRLR3VIN,PTRLR1GVWR,PTRLR2GVWR,PTRLR3GVWR,PMCARR_ID,PMCARR_I1,PMCARR_I2,PV_CONFIG,PCARGTYP,PHAZ_INV,PHAZPLAC,PHAZ_ID,PHAZ_CNO,PHAZ_REL,PBUS_USE,PSP_USE,PEM_USE,PUNDEROVERRIDE,PIMPACT1,PVEH_SEV,PTOWED,PM_HARM,PFIRE,PMAK_MOD,PVIN_1,PVIN_2,PVIN_3,PVIN_4,PVIN_5,PVIN_6,PVIN_7,PVIN_8,PVIN_9,PVIN_10,PVIN_11,PVIN_12,PDEATHS
1,10005,2,1,1,3,23,40,8,0,0,3,0,13,6,2C3CDXGJ1HH6,2017,476,1895,13,7,24,4,0,11,11,0,777777777777,777777777777,777777777777,77,77,77,00000000000,0,000000000,0,0,1,0,0,0,0,0,5,5,0,10,2,6,12,0,7024,2,C,3,C,D,X,G,J,1,H,H,6,0
1,10005,3,1,1,3,23,40,8,0,1,3,0,12,6,2C3CDZFJ9NH1,2022,476,1893,13,7,28,2,0,11,11,0,777777777777,777777777777,777777777777,77,77,77,00000000000,0,000000000,0,0,1,0,0,0,0,0,0,0,0,7,6,6,12,0,7028,2,C,3,C,D,Z,F,J,9,N,H,1,0
1,10135,2,1,3,10,19,41,43,0,0,3,0,91,6,888888888888,9998,99998,99998,998,97,997,98,0,98,98,0,777777777777,777777777777,777777777777,77,77,77,99999999999,99,999999999,99,99,1,0,0,0,0,0,0,0,0,12,6,8,12,0,97997,8,8,8,8,8,8,8,8,8,8,8,8,0
1,10135,3,1,3,10,19,41,43,0,0,3,0,91,6,888888888888,9998,99998,99998,998,97,997,98,0,98,98,0,777777777777,777777777777,777777777777,77,77,77,99999999999,99,999999999,99,99,1,0,0,0,0,0,0,0,7,98,6,8,12,0,97997,8,8,8,8,8,8,8,8,8,8,8,8,0
1,10135,4,1,3,10,19,41,43,0,0,3,0,91,6,888888888888,9998,99998,99998,998,97,997,98,0,98,98,0,777777777777,777777777777,777777777777,77,77,77,99999999999,99,999999999,99,99,1,0,0,0,0,0,0,0,7,98,6,8,12,0,97997,8,8,8,8,8,8,8,8,8,8,8,8,0
1,10135,5,1,3,10,19,41,43,0,0,3,0,91,6,888888888888,9998,99998,99998,998,97,997,98,0,98,98,0,777777777777,777777777777,777777777777,77,77,77,99999999999,99,999999999,99,99,1,0,0,0,0,0,0,0,7,98,6,8,12,0,97997,8,8,8,8,8,8,8,8,8,8,8,8,0
1,10135,6,1,3,10,19,41,43,0,0,3,0,91,6,888888888888,9998,99998,99998,998,97,997,98,0,98,98,0,777777777777,777777777777,777777777777,77,77,77,99999999999,99,999999999,99,99,1,0,0,0,0,0,0,0,7,98,6,8,12,0,97997,8,8,8,8,8,8,8,8,8,8,8,8,0
1,10147,2,1,3,19,3,9,14,0,2,2,0,5,6,1FUJBBCG54LM,2004,450,2742,66,82,881,66,0,18,18,1,888888888888,777777777777,777777777777,98,77,77,573606016,57,3606016,6,1,1,0,0,0,0,0,0,0,0,6,2,5,12,0,82881,1,F,U,J,B,B,C,G,5,4,L,M,0
1,10148,2,1,3,20,9,45,14,0,0,2,0,12,6,3AKJGLD52GSG,2016,450,2501,66,82,881,66,0,18,18,1,888888888888,777777777777,777777777777,98,77,77,572349620,57,2349620,6,1,1,0,0,0,0,0,0,0,0,11,6,6,12,0,82881,3,A,K,J,G,L,D,5,2,G,S,G,0
1,10260,2,1,4,26,21,59,14,0,0,2,0,1,6,WBAPH77549NM,2009,452,1709,13,34,34,4,0,11,11,0,777777777777,777777777777,777777777777,77,77,77,00000000000,0,000000000,0,0,1,0,0,0,0,0,0,0,0,7,6,6,12,0,34034,W,B,A,P,H,7,7,5,4,9,N,M,0
1,10319,3,2,5,20,21,32,30,0,0,3,0,1,6,WBAFU7C51BC8,2011,452,1716,13,34,35,4,0,11,11,0,777777777777,777777777777,777777777777,77,77,77,00000000000,0,000000000,0,0,1,0,0,0,0,0,0,0,0,1,6,5,12,0,34035,W,B,A,F,U,7,C,5,1,B,C,8,0
1,10355,6,5,6,6,15,39,12,2,1,3,0,1,6,1FTEW1CP0LFB,2020,460,1801,60,12,481,34,0,12,12,0,777777777777,777777777777,777777777777,77,77,77,00000000000,0,000000000,0,0,1,0,0,0,0,0,0,0,7,61,8,8,12,0,12481,1,F,T,E,W,1,C,P,0,L,F,B,0
1,10460,2,1,7,19,0,9,33,0,0,3,0,1,6,2MEFM74W7WX6,1998,465,1792,13,14,6,4,0,11,11,0,777777777777,777777777777,777777777777,77,77,77,00000000000,0,000000000,0,0,1,0,0,0,0,0,0,0,7,12,7,8,12,0,14006,2,M,E,F,M,7,4,W,7,W,X,6,0
1,10460,3,1,7,19,0,9,33,0,0,3,0,1,6,2C3CCABG7HH6,2017,477,1878,13,6,51,4,0,11,11,0,777777777777,777777777777,777777777777,77,77,77,00000000000,0,000000000,0,0,1,0,0,0,0,0,0,0,7,13,7,8,12,0,6051,2,C,3,C,C,A,B,G,7,H,H,6,0
1,10466,2,1,7,20,17,5,8,0,0,2,0,1,6,4T3LWRFV0MU0,2021,448,2217,7,49,402,14,0,11,11,0,777777777777,777777777777,777777777777,77,77,77,00000000000,0,000000000,0,0,1,0,0,0,0,0,0,0,0,9,6,6,12,0,49402,4,T,3,L,W,R,F,V,0,M,U,0,0
1,10467,2,1,7,22,17,15,14,0,0,2,0,1,6,JTKKT6245601,2006,448,2206,5,49,48,5,0,11,11,0,777777777777,777777777777,777777777777,77,77,77,00000000000,0,000000000,0,0,1,0,0,0,0,0,0,0,0,11,2,5,12,0,49048,J,T,K,K,T,6,2,4,5,6,0,1,0
1,10467,3,1,7,22,17,15,14,0,0,2,0,1,6,1FMZU63K12UD,2002,460,1800,7,12,401,14,0,11,11,0,777777777777,777777777777,777777777777,77,77,77,00000000000,0,000000000,0,0,1,0,0,0,0,0,0,0,0,12,2,5,12,0,12401,1,F,M,Z,U,6,3,K,1,2,U,D,0
1,10492,2,1,8,1,15,5,14,0,0,2,0,1,6,1C4PJLCB9JD5,2018,483,1945,7,2,404,14,0,11,11,0,777777777777,777777777777,777777777777,77,77,77,00000000000,0,000000000,0,0,1,0,0,0,0,0,0,0,0,9,6,6,12,0,2404,1,C,4,P,J,L,C,B,9,J,D,5,0
1,10492,3,1,8,1,15,5,14,0,0,2,0,1,6,2HNYD2H25CH5,2012,475,2147,7,54,421,15,0,11,11,0,777777777777,777777777777,777777777777,77,77,77,00000000000,0,000000000,0,0,1,0,0,0,0,0,0,0,0,7,2,5,12,0,54421,2,H,N,Y,D,2,H,2,5,C,H,5,0
1,10531,2,1,8,19,18,50,14,0,1,3,0,34,6,3AKJGLBG3ESF,2014,450,2501,66,82,881,66,0,18,18,1,888888888888,777777777777,777777777777,98,77,77,572905744,57,2905744,6,1,1,0,0,0,0,0,0,0,8,6,4,5,12,1,82881,3,A,K,J,G,L,B,G,3,E,S,F,0
1,10589,2,1,9,11,6,15,30,0,0,3,0,91,6,3B7HF13YXVG8,1997,476,1938,60,7,482,34,0,12,12,0,777777777777,777777777777,777777777777,77,77,77,00000000000,0,000000000,0,0,1,0,0,0,0,0,0,0,0,9,4,8,12,0,7482,3,B,7,H,F,1,3,Y,X,V,G,8,0
1,10589,3,1,9,11,6,15,30,0,0,3,0,91,6,1B7HF13Y8YJ1,2000,476,1938,60,7,482,34,0,12,12,0,777777777777,777777777777,777777777777,77,77,77,00000000000,0,000000000,0,0,1,0,0,0,0,0,0,0,0,2,2,8,12,0,7482,1,B,7,H,F,1,3,Y,8,Y,J,1,0
1,10653,2,1,10,5,21,36,14,0,0,3,0,1,6,5FPYK1F62EB0,2014,474,1866,60,37,471,34,0,12,12,0,777777777777,777777777777,777777777777,77,77,77,00000000000,0,000000000,0,0,1,0,0,0,0,0,0,0,7,1,2,5,12,0,37471,5,F,P,Y,K,1,F,6,2,E,B,0,0
1,10653,3,1,10,5,21,36,14,0,0,3,0,91,6,999999999999,9999,99999,99999,999,99,499,19,0,11,12,0,777777777777,777777777777,777777777777,77,77,77,00000000000,0,000000000,0,0,1,0,0,0,0,0,0,0,7,1,8,8,12,0,99499,9,9,9,9,9,9,9,9,9,9,9,9,0
1,10695,2,1,2,25,4,25,14,0,2,2,0,1,6,1LNHL9DK4EG6,2014,464,1794,13,13,15,4,0,11,11,0,777777777777,777777777777,777777777777,77,77,77,00000000000,0,000000000,0,0,1,0,0,0,0,0,0,0,8,6,6,6,12,0,13015,1,L,N,H,L,9,D,K,4,E,G,6,1
1,10733,2,1,10,23,1,39,14,0,0,2,0,37,6,1FUJGLDR1JLK,2018,450,2501,66,82,881,66,0,18,18,1,888888888888,777777777777,777777777777,98,77,77,5716256,57,16256,6,1,1,0,0,0,0,0,0,0,2,6,6,6,12,0,82881,1,F,U,J,G,L,D,R,1,J,L,K,0
1,10737,4,3,10,22,14,5,12,6,0,3,0,1,6,1GNEK13ZX2R1,2002,467,1852,7,20,421,15,0,12,12,0,777777777777,777777777777,777777777777,77,77,77,00000000000,0,000000000,0,0,1,0,0,0,0,0,0,0,0,6,6,6,12,0,20421,1,G,N,E,K,1,3,Z,X,2,R,1,0
1,10774,2,1,11,6,2,48,14,0,0,2,0,1,6,4T1BF22K9VU0,1997,448,2469,13,49,40,4,0,11,11,0,777777777777,777777777777,777777777777,77,77,77,00000000000,0,000000000,0,0,1,0,0,0,0,0,0,0,0,6,6,6,12,0,49040,4,T,1,B,F,2,2,K,9,V,U,0,0
1,10848,2,1,12,7,16,50,14,0,1,2,0,17,6,4V4N99EJ1HN9,2017,487,1967,66,51,881,66,0,18,18,1,888888888888,777777777777,777777777777,98,77,77,573496735,57,3496735,6,1,1,0,0,0,0,0,0,0,8,6,6,6,12,0,51881,4,V,4,N,9,9,E,J,1,H,N,9,0
2,20017,3,2,6,24,11,56,12,2,0,3,0,2,6,4TAPM62N1XZ4,1999,448,2223,60,49,472,34,0,11,11,0,777777777777,777777777777,777777777777,77,77,77,00000000000,0,000000000,0,0,1,0,0,0,0,0,0,0,8,12,6,5,12,0,49472,4,T,A,P,M,6,2,N,1,X,Z,4,0
4,40043,2,1,1,25,14,55,45,0,0,4,0,4,3,1FVHG3DV1GHH,2016,450,2504,11,82,881,63,0,18,18,0,777777777777,777777777777,777777777777,77,77,77,77777777777,77,777777777,2,4,1,0,0,0,0,0,0,0,0,12,6,6,12,0,82881,1,F,V,H,G,3,D,V,1,G,H,H,0
4,40195,2,1,2,18,6,26,14,0,2,2,0,4,6,1FDWE3FS0JDC,2018,460,1818,62,12,870,61,128,13,13,0,777777777777,777777777777,777777777777,77,77,77,88888888888,88,888888888,1,1,1,0,0,0,0,0,6,2,0,62,6,6,12,0,12870,1,F,D,W,E,3,F,S,0,J,D,C,0
4,40200,3,2,4,20,9,53,14,0,3,2,0,34,6,4V4NC9EH8KN8,2019,487,1967,66,51,881,66,0,18,18,1,888888888888,777777777777,777777777777,98,77,77,573968197,57,3968197,6,1,1,0,0,0,0,0,0,0,0,6,4,6,12,0,51881,4,V,4,N,C,9,E,H,8,K,N,8,0
4,40214,3,2,3,3,18,26,12,6,0,2,0,4,6,15GGD2718G11,2016,554,2867,16,92,988,52,0,17,18,0,777777777777,777777777777,777777777777,77,77,77,77777777777,77,777777777,21,22,1,0,0,0,0,6,3,0,0,6,4,5,12,0,92988,1,5,G,G,D,2,7,1,8,G,1,1,0
4,40227,2,1,2,1,7,17,38,0,1,2,0,91,6,999999999999,2023,499,29462,999,63,999,49,0,11,11,0,777777777777,777777777777,777777777777,77,77,77,00000000000,0,000000000,0,0,1,0,0,0,0,0,0,0,7,98,8,8,12,0,63999,9,9,9,9,9,9,9,9,9,9,9,9,0
4,40237,2,1,2,9,5,10,14,0,0,3,0,4,6,1G6DN56S2501,2005,469,1825,13,19,18,4,0,11,11,0,777777777777,777777777777,777777777777,77,77,77,00000000000,0,000000000,0,0,1,0,0,0,0,0,0,0,0,98,7,8,14,0,19018,1,G,6,D,N,5,6,S,2,5,0,1,0
4,40237,3,1,2,9,5,10,14,0,0,3,0,4,6,1D7HA16N85J6,2005,476,1938,60,7,482,34,0,12,12,0,777777777777,777777777777,777777777777,77,77,77,00000000000,0,000000000,0,0,1,0,0,0,0,0,0,0,0,98,7,8,12,0,7482,1,D,7,H,A,1,6,N,8,5,J,6,0
4,40237,4,1,2,9,5,10,14,0,0,3,0,4,6,1ZVFT82H0552,2005,460,1781,3,12,3,2,0,11,11,0,777777777777,777777777777,777777777777,77,77,77,00000000000,0,000000000,0,0,1,0,0,0,0,0,0,0,0,98,7,8,12,0,12003,1,Z,V,F,T,8,2,H,0,5,5,2,0
4,40237,5,1,2,9,5,10,14,0,0,3,0,4,6,WDBHA24G5YA8,2000,449,2085,13,42,42,4,0,11,11,0,777777777777,777777777777,777777777777,77,77,77,00000000000,0,000000000,0,0,1,0,0,0,0,0,0,0,0,98,7,8,12,0,42042,W,D,B,H,A,2,4,G,5,Y,A,8,0
4,40237,6,1,2,9,5,10,14,0,0,3,0,4,6,WDDDJ75XX6A0,2006,449,2082,13,42,51,4,0,11,11,0,777777777777,777777777777,777777777777,77,77,77,00000000000,0,000000000,0,0,1,0,0,0,0,0,0,0,0,98,7,8,12,0,42051,W,D,D,D,J,7,5,X,X,6,A,0,0
4,40277,2,1,2,22,9,38,14,0,0,2,0,6,6,3AKJHHDR4RSU,2024,450,2501,66,82,881,66,0,18,18,1,888888888888,777777777777,777777777777,98,77,77,572532550,57,2532550,6,1,1,0,0,0,0,0,0,0,2,6,6,6,12,0,82881,3,A,K,J,H,H,D,R,4,R,S,U,0
4,40315,2,1,4,14,7,11,14,0,0,2,0,4,6,WDDSJ4EB4HN4,2017,449,2083,13,42,54,4,0,11,11,0,777777777777,777777777777,777777777777,77,77,77,00000000000,0,000000000,0,0,1,0,0,0,0,0,0,0,0,62,4,6,12,0,42054,W,D,D,S,J,4,E,B,4,H,N,4,0
4,40446,2,1,4,20,5,45,14,0,1,2,0,53,6,1XKWDB9X05J0,2005,532,9716,66,85,881,66,0,18,18,1,888888888888,777777777777,777777777777,98,77,77,573761448,57,3761448,6,3,1,0,0,0,0,0,0,0,0,6,4,5,12,0,85881,1,X,K,W,D,B,9,X,0,5,J,0,0
4,40470,2,1,6,21,3,26,39,0,0,3,0,4,6,KNMAT2MT9GP6,2016,478,1913,8,35,51,6,0,11,11,0,777777777777,777777777777,777777777777,77,77,77,00000000000,0,000000000,0,0,1,0,0,0,0,0,0,0,7,98,2,5,12,0,35051,K,N,M,A,T,2,M,T,9,G,P,6,0
4,40470,3,1,6,21,3,26,39,0,0,3,0,4,6,KNMAT2MT4LP5,2020,478,1913,8,35,404,14,0,11,11,0,777777777777,777777777777,777777777777,77,77,77,00000000000,0,000000000,0,0,1,0,0,0,0,0,0,0,8,62,4,5,14,0,35404,K,N,M,A,T,2,M,T,4,L,P,5,0
4,40470,4,1,6,21,3,26,39,0,0,3,0,4,6,3C4PDCGG3JT4,2018,476,1939,7,7,27,6,0,11,11,0,777777777777,777777777777,777777777777,77,77,77,00000000000,0,000000000,0,0,1,0,0,0,0,0,0,0,8,11,4,5,14,0,7027,3,C,4,P,D,C,G,G,3,J,T,4,0
4,40521,2,1,6,6,3,13,14,0,1,2,0,6,6,1XKYD49X8NJ4,2022,532,2733,66,85,881,66,0,18,18,1,888888888888,777777777777,777777777777,98,77,77,573891025,57,3891025,6,1,1,0,0,0,0,0,0,0,0,6,6,6,12,0,85881,1,X,K,Y,D,4,9,X,8,N,J,4,0
4,40545,2,1,5,3,16,48,33,0,0,2,0,35,6,2HGFC3B75HH3,2017,474,1863,3,37,31,2,0,11,11,0,777777777777,777777777777,777777777777,77,77,77,00000000000,0,000000000,0,0,1,0,0,0,0,0,0,0,7,13,7,8,12,0,37031,2,H,G,F,C,3,B,7,5,H,H,3,0
4,40579,2,1,5,16,20,0,14,0,0,2,0,4,6,999999999999,9999,467,1852,7,20,421,15,0,11,12,0,777777777777,777777777777,777777777777,77,77,77,00000000000,0,000000000,0,0,1,0,0,0,0,0,5,0,0,98,8,8,12,0,20421,9,9,9,9,9,9,9,9,9,9,9,9,0
4,40621,2,1,6,10,1,47,14,0,0,2,0,91,6,888888888888,9998,99998,99998,998,97,997,98,0,98,98,0,777777777777,777777777777,777777777777,77,77,77,99999999999,99,999999999,99,99,1,0,0,0,0,98,99,8,8,98,8,8,12,0,97997,8,8,8,8,8,8,8,8,8,8,8,8,0
4,40630,2,1,8,2,4,39,33,0,0,3,0,4,6,2GCEC13V7711,2007,467,1850,60,20,481,34,0,12,12,0,777777777777,777777777777,777777777777,77,77,77,00000000000,0,000000000,0,0,1,0,0,0,0,0,0,0,7,98,6,6,12,0,20481,2,G,C,E,C,1,3,V,7,7,1,1,0
4,40630,3,1,8,2,4,39,33,0,0,3,0,92,6,KNAGE1243851,2008,499,2739,13,63,34,4,0,11,11,0,777777777777,777777777777,777777777777,77,77,77,00000000000,0,000000000,0,0,1,0,0,0,0,0,0,0,7,98,4,5,12,0,63034,K,N,A,G,E,1,2,4,3,8,5,1,0
4,40630,4,1,8,2,4,39,33,0,0,3,0,4,6,4T1G11AK1MU4,2021,448,2469,13,49,40,4,0,11,11,0,777777777777,777777777777,777777777777,77,77,77,00000000000,0,000000000,0,0,1,0,0,0,0,0,0,0,7,98,4,5,12,0,49040,4,T,1,G,1,1,A,K,1,M,U,4,0
4,40630,5,1,8,2,4,39,33,0,0,3,0,4,6,JTEDS43A2820,2008,448,2213,7,49,403,14,0,11,11,0,777777777777,777777777777,777777777777,77,77,77,00000000000,0,000000000,0,0,1,0,0,0,0,0,0,0,7,13,4,5,12,0,49403,J,T,E,D,S,4,3,A,2,8,2,0,0
4,40744,2,1,7,12,9,5,14,0,0,2,0,4,6,1GC1CUEG9JF2,2018,467,1850,60,20,481,34,0,12,12,7,16VNX1425L20,777777777777,777777777777,98,77,77,00000000000,0,000000000,0,0,1,0,0,0,0,0,0,0,8,6,4,6,12,1,20481,1,G,C,1,C,U,E,G,9,J,F,2,0
4,40744,3,1,7,12,9,5,14,0,0,4,0,4,3,4KLC4B1UX4J8,2004,542,3641,11,38,882,61,0,14,14,0,777777777777,777777777777,777777777777,77,77,77,572071244,57,2071244,1,4,1,0,0,0,0,0,0,0,8,98,2,6,12,0,38882,4,K,L,C,4,B,1,U,X,4,J,8,0
4,40853,3,2,9,14,2,45,33,0,0,2,0,4,6,WA1UFAFL5DA0,2013,582,13759,8,32,403,14,0,11,11,0,777777777777,777777777777,777777777777,77,77,77,00000000000,0,000000000,0,0,1,0,0,0,0,0,0,0,7,6,2,5,33,0,32403,W,A,1,U,F,A,F,L,5,D,A,0,0
4,40892,5,4,9,26,17,23,12,6,0,2,0,91,6,888888888888,9998,99998,99998,998,97,997,98,0,98,98,0,777777777777,777777777777,777777777777,77,77,77,99999999999,99,999999999,99,99,1,0,0,0,0,99,0,0,8,98,2,5,12,0,97997,8,8,8,8,8,8,8,8,8,8,8,8,0
4,40903,3,2,12,17,16,20,12,6,0,3,0,4,6,1NXBR12E61Z5,2001,448,2208,13,49,32,4,0,11,11,0,777777777777,777777777777,777777777777,77,77,77,00000000000,0,000000000,0,0,1,0,0,0,0,0,0,0,0,98,2,5,12,0,49032,1,N,X,B,R,1,2,E,6,1,Z,5,0
4,40955,2,1,10,27,8,1,8,0,0,2,0,4,6,1C4RJEAG9GC5,2016,483,1949,7,2,422,15,0,12,12,0,777777777777,777777777777,777777777777,77,77,77,00000000000,0,000000000,0,0,1,0,0,0,0,0,0,0,0,63,6,6,12,0,2422,1,C,4,R,J,E,A,G,9,G,C,5,0
4,40999,2,1,9,20,20,22,33,0,0,3,0,92,6,2T3YFREV0HW3,2017,448,2217,7,49,402,14,0,11,11,0,777777777777,777777777777,777777777777,77,77,77,00000000000,0,000000000,0,0,1,0,0,0,0,0,0,0,8,98,7,8,12,0,49402,2,T,3,Y,F,R,E,V,0,H,W,3,0
4,40999,3,1,9,20,20,22,33,0,0,3,0,92,6,ZFBCFADH8FZ0,2015,492,2037,7,36,401,14,0,11,11,0,777777777777,777777777777,777777777777,77,77,77,00000000000,0,000000000,0,0,1,0,0,0,0,0,0,0,8,98,7,8,12,0,36401,Z,F,B,C,F,A,D,H,8,F,Z,0,0
4,40999,4,1,9,20,20,22,33,0,0,3,0,92,6,3N63M0ZN5GK6,2016,467,1921,95,20,445,20,0,11,11,0,777777777777,777777777777,777777777777,77,77,77,00000000000,0,000000000,0,0,1,0,0,0,0,0,0,0,8,98,7,8,12,0,20445,3,N,6,3,M,0,Z,N,5,G,K,6,0
4,41069,3,2,12,23,17,3,12,6,0,3,0,4,6,1N6AA1EJ4HN5,2017,478,1920,60,35,481,34,0,12,12,1,888888888888,777777777777,777777777777,98,77,77,00000000000,0,000000000,0,0,1,0,0,0,0,0,0,0,0,12,6,5,12,0,35481,1,N,6,A,A,1,E,J,4,H,N,5,0
5,50030,2,1,2,6,7,36,14,0,0,3,0,5,6,3B7HC13YX1G2,2001,476,1938,60,7,482,34,0,12,12,0,777777777777,777777777777,777777777777,77,77,77,00000000000,0,000000000,0,0,1,0,0,0,0,0,0,0,0,6,6,5,12,0,7482,3,B,7,H,C,1,3,Y,X,1,G,2,0
5,50030,3,1,2,6,7,36,14,0,0,3,0,5,6,2GCEC19J9811,2008,467,1850,60,20,481,34,0,12,12,0,777777777777,777777777777,777777777777,77,77,77,00000000000,0,000000000,0,0,1,0,0,0,0,0,0,0,0,6,2,5,12,0,20481,2,G,C,E,C,1,9,J,9,8,1,1,0
5,50061,2,1,2,28,9,55,14,0,0,2,0,48,6,3AKJGLDR5DSB,2013,450,2501,66,82,881,66,0,18,18,1,888888888888,777777777777,777777777777,98,77,77,572868002,57,2868002,6,1,1,0,0,0,0,0,0,0,0,10,6,6,12,0,82881,3,A,K,J,G,L,D,R,5,D,S,B,0
5,50095,2,1,3,20,13,20,14,0,0,2,0,95,6,1FUJGLD55GLH,2016,450,2501,66,82,881,66,0,18,18,1,888888888888,777777777777,777777777777,98,77,77,573600528,57,3600528,6,1,1,0,0,0,0,0,0,0,2,6,4,5,12,0,82881,1,F,U,J,G,L,D,5,5,G,L,H,0
5,50186,2,1,6,2,22,15,14,0,0,3,0,91,6,888888888888,9998,99998,99998,998,97,997,98,0,98,98,0,777777777777,777777777777,777777777777,77,77,77,99999999999,99,999999999,99,99,1,0,0,0,0,0,0,0,0,61,6,9,12,0,97997,8,8,8,8,8,8,8,8,8,8,8,8,0
5,50206,3,2,5,2,7,0,12,6,0,3,0,5,6,2G1FP22KXY21,2000,467,1829,3,20,9,2,0,11,11,0,777777777777,777777777777,777777777777,77,77,77,00000000000,0,000000000,0,0,1,0,0,0,0,0,0,0,0,6,4,5,14,0,20009,2,G,1,F,P,2,2,K,X,Y,2,1,0
5,50206,4,2,5,2,7,0,12,6,0,3,0,5,6,1N4AL3AP8FC1,2015,478,1904,13,35,47,4,0,11,11,0,777777777777,777777777777,777777777777,77,77,77,00000000000,0,000000000,0,0,1,0,0,0,0,0,0,0,0,11,2,5,14,0,35047,1,N,4,A,L,3,A,P,8,F,C,1,0
5,50334,1,1,8,25,17,13,14,0,1,3,0,5,6,5J6RE4H45BL0,2011,474,1865,7,37,402,14,0,11,11,0,777777777777,777777777777,777777777777,77,77,77,00000000000,0,000000000,0,0,1,0,0,0,0,0,0,0,0,1,6,6,12,0,37402,5,J,6,R,E,4,H,4,5,B,L,0,1
5,50432,2,1,9,29,0,28,14,0,4,2,0,48,6,1C6SRFFT4RN1,2024,496,13620,60,7,482,34,0,12,12,0,777777777777,777777777777,777777777777,77,77,77,00000000000,0,000000000,0,0,1,0,0,0,0,0,0,0,0,6,6,6,1,1,7482,1,C,6,S,R,F,F,T,4,R,N,1,2
5,50458,3,2,11,1,6,57,12,1,0,3,0,5,6,1GNDT13S1222,2002,467,4548,7,20,401,14,0,11,11,0,777777777777,777777777777,777777777777,77,77,77,00000000000,0,000000000,0,0,1,0,0,0,0,0,0,0,0,3,4,5,12,0,20401,1,G,N,D,T,1,3,S,1,2,2,2,0
5,50458,4,2,11,1,6,57,12,1,0,3,0,5,6,1N4AL3AP7GN3,2016,478,1904,13,35,47,4,0,11,11,0,777777777777,777777777777,777777777777,77,77,77,00000000000,0,000000000,0,0,1,0,0,0,0,0,0,0,7,3,4,5,12,0,35047,1,N,4,A,L,3,A,P,7,G,N,3,0
6,60030,2,1,1,5,7,7,14,0,0,2,0,6,6,1FAFP40481F1,2001,460,1781,3,12,3,2,0,11,11,0,777777777777,777777777777,777777777777,77,77,77,00000000000,0,000000000,0,0,1,0,0,0,0,0,0,0,0,6,7,6,12,0,12003,1,F,A,F,P,4,0,4,8,1,F,1,0
6,60055,2,1,2,12,3,33,14,0,1,2,0,6,6,4V4NC9EH0KN1,2019,487,1967,66,51,881,66,0,18,18,1,1JJV532D5HL9,777777777777,777777777777,13,77,77,573567439,57,3567439,6,1,1,0,0,0,0,0,0,0,0,6,7,6,12,0,51881,4,V,4,N,C,9,E,H,0,K,N,1,0
6,60085,2,1,1,3,3,25,14,0,1,2,0,6,6,JTDKB20U9833,2008,448,2209,5,49,46,5,0,11,11,0,777777777777,777777777777,777777777777,77,77,77,00000000000,0,000000000,0,0,1,0,0,0,0,0,0,0,0,6,7,6,12,0,49046,J,T,D,K,B,2,0,U,9,8,3,3,1
6,60105,3,2,2,9,23,8,12,6,0,2,0,6,6,5GZDV03L15D2,2005,1056,4964,2,24,441,20,0,11,11,0,777777777777,777777777777,777777777777,77,77,77,00000000000,0,000000000,0,0,1,0,0,0,0,0,0,0,0,12,7,5,12,0,24441,5,G,Z,D,V,0,3,L,1,5,D,2,0
6,60110,2,1,2,10,22,9,9,0,0,2,0,6,6,WBANE53596CK,2006,452,2584,13,34,35,4,0,11,11,0,777777777777,777777777777,777777777777,77,77,77,00000000000,0,000000000,0,0,1,0,0,0,0,0,0,0,0,98,7,5,12,0,34035,W,B,A,N,E,5,3,5,9,6,C,K,0
6,60146,2,1,3,3,16,10,14,0,0,2,0,6,6,999999999999,2003,99997,99997,127,98,998,93,0,18,18,0,777777777777,777777777777,777777777777,77,77,77,99999999999,99,999999999,99,99,1,0,0,0,0,0,0,0,8,6,7,5,12,0,98998,9,9,9,9,9,9,9,9,9,9,9,9,0
6,60205,2,1,3,14,21,22,14,0,1,2,0,6,6,VNKKTUD39FA0,2015,448,2464,5,49,51,5,0,11,11,0,777777777777,777777777777,777777777777,77,77,77,00000000000,0,000000000,0,0,1,0,0,0,0,0,0,0,0,12,7,6,12,0,49051,V,N,K,K,T,U,D,3,9,F,A,0,0
6,60211,2,1,4,5,13,4,14,0,1,2,0,49,6,VS96AD220H10,2017,10370,27392,16,98,982,51,0,18,18,0,777777777777,777777777777,777777777777,77,77,77,573103697,57,3103697,21,22,1,0,0,0,0,5,3,0,8,6,7,6,12,0,98982,V,S,9,6,A,D,2,2,0,H,1,0,0
6,60231,3,2,2,17,16,1,12,6,0,2,0,6,6,1GNFG15X3611,2006,467,1848,9,20,461,21,0,12,12,0,777777777777,777777777777,777777777777,77,77,77,00000000000,0,000000000,0,0,1,0,0,0,0,0,0,0,0,11,7,6,12,0,20461,1,G,N,F,G,1,5,X,3,6,1,1,0
6,60256,2,1,2,8,1,6,14,0,0,2,0,6,6,3C7WRMDL4FG5,2015,496,13625,74,7,881,61,11,15,15,0,777777777777,777777777777,777777777777,77,77,77,572666028,57,2666028,1,3,1,0,0,0,0,0,0,0,2,6,7,6,12,0,7881,3,C,7,W,R,M,D,L,4,F,G,5,0
6,60276,2,1,4,25,20,58,14,0,1,2,0,6,6,1XKAD49X6DJ3,2013,532,2716,66,85,881,66,0,18,18,1,888888888888,777777777777,777777777777,98,77,77,571099085,57,1099085,6,1,1,0,0,0,0,0,0,0,0,6,7,5,12,0,85881,1,X,K,A,D,4,9,X,6,D,J,3,0
6,60295,2,1,3,26,11,27,14,0,0,2,0,16,6,1XKDDP9X0EJ4,2014,532,2719,66,85,881,66,0,18,18,1,888888888888,777777777777,777777777777,98,77,77,571554753,57,1554753,6,2,1,0,0,0,0,0,0,0,8,14,7,6,12,0,85881,1,X,K,D,D,P,9,X,0,E,J,4,0
6,60326,2,1,3,8,9,40,33,0,0,2,0,6,6,5GZCZ53B33S8,2003,1056,4595,7,24,401,14,0,11,11,0,777777777777,777777777777,777777777777,77,77,77,00000000000,0,000000000,0,0,1,0,0,0,0,0,0,0,8,12,7,5,8,0,24401,5,G,Z,C,Z,5,3,B,3,3,S,8,0
6,60326,3,1,3,8,9,40,33,0,0,2,0,6,6,5TDZA23C45S2,2005,448,2468,2,49,442,20,0,11,11,0,777777777777,777777777777,777777777777,77,77,77,00000000000,0,000000000,0,0,1,0,0,0,0,0,0,0,8,12,7,5,12,0,49442,5,T,D,Z,A,2,3,C,4,5,S,2,0
6,60326,4,1,3,8,9,40,33,0,0,2,0,6,6,5TDZK23C87S0,2007,448,2468,2,49,442,20,0,11,11,0,777777777777,777777777777,777777777777,77,77,77,00000000000,0,000000000,0,0,1,0,0,0,0,0,0,0,8,12,7,5,12,0,49442,5,T,D,Z,K,2,3,C,8,7,S,0,0
6,60375,2,1,5,2,1,49,33,0,0,2,0,6,6,4T3ZA3BB6CU0,2012,448,3005,7,49,53,5,0,11,11,0,777777777777,777777777777,777777777777,77,77,77,00000000000,0,000000000,0,0,1,0,0,0,0,0,0,0,7,12,7,5,12,0,49053,4,T,3,Z,A,3,B,B,6,C,U,0,0
6,60383,2,1,3,5,0,36,18,0,0,2,0,6,6,YV4CZ9828814,2008,485,3132,7,51,401,14,0,11,11,0,777777777777,777777777777,777777777777,77,77,77,00000000000,0,000000000,0,0,1,0,0,0,0,0,0,0,0,6,7,6,12,0,51401,Y,V,4,C,Z,9,8,2,8,8,1,4,0
6,60429,2,1,2,13,23,5,8,0,0,2,0,6,6,1FDKE30G5KHC,1989,460,1818,62,12,850,65,108,13,13,0,777777777777,777777777777,777777777777,77,77,77,88888888888,88,888888888,19,97,1,0,0,0,0,0,0,0,7,6,7,5,12,0,12850,1,F,D,K,E,3,0,G,5,K,H,C,0
6,60471,2,1,3,22,2,25,33,0,0,2,0,6,6,5J6RE3H35BL0,2011,474,1865,7,37,402,14,0,11,11,0,777777777777,777777777777,777777777777,77,77,77,00000000000,0,000000000,0,0,1,0,0,0,0,0,0,0,0,7,7,5,12,0,37402,5,J,6,R,E,3,H,3,5,B,L,0,0
6,60471,3,1,3,22,2,25,33,0,0,2,0,6,6,1N4AL21E38N5,2008,478,1904,13,35,47,4,0,11,11,0,777777777777,777777777777,777777777777,77,77,77,00000000000,0,000000000,0,0,1,0,0,0,0,0,0,0,0,61,7,5,12,0,35047,1,N,4,A,L,2,1,E,3,8,N,5,0
6,60471,4,1,3,22,2,25,33,0,0,2,0,6,6,1D80L7Z42053,1977,467,14637,60,20,7,10,0,11,11,0,777777777777,777777777777,777777777777,77,77,77,00000000000,0,000000000,0,0,1,0,0,0,0,0,0,0,0,61,7,6,12,0,20007,1,D,8,0,L,7,Z,4,2,0,5,3,0
6,60478,3,2,3,8,1,38,12,6,0,2,0,6,6,5NPD84LF4LH5,2020,498,2735,13,55,35,4,0,11,11,0,777777777777,777777777777,777777777777,77,77,77,00000000000,0,000000000,0,0,1,0,0,0,0,0,0,0,0,61,7,5,12,0,55035,5,N,P,D,8,4,L,F,4,L,H,5,0
6,60478,4,2,3,8,1,38,12,6,0,2,0,6,6,2T1BU4EE7DC9,2013,448,2208,13,49,32,4,0,11,11,0,777777777777,777777777777,777777777777,77,77,77,00000000000,0,000000000,0,0,1,0,0,0,0,0,0,0,0,61,7,5,12,0,49032,2,T,1,B,U,4,E,E,7,D,C,9,0
6,60478,5,2,3,8,1,38,12,6,0,2,0,6,6,WDBRF61J61F0,2001,449,2085,13,42,42,4,0,11,11,0,777777777777,777777777777,777777777777,77,77,77,00000000000,0,000000000,0,0,1,0,0,0,0,0,0,0,0,12,7,5,12,0,42042,W,D,B,R,F,6,1,J,6,1,F,0,0
6,60478,6,2,3,8,1,38,12,6,0,2,0,6,6,KNMAT2MT8GP6,2016,478,1913,8,35,51,6,0,11,11,0,777777777777,777777777777,777777777777,77,77,77,00000000000,0,000000000,0,0,1,0,0,0,0,0,0,0,7,12,7,5,14,0,35051,K,N,M,A,T,2,M,T,8,G,P,6,0
6,60478,7,2,3,8,1,38,12,6,0,2,0,6,6,5TDKKRFH8FS0,2015,448,2213,7,49,403,14,0,11,11,0,777777777777,777777777777,777777777777,77,77,77,00000000000,0,000000000,0,0,1,0,0,0,0,0,0,0,7,12,7,5,14,0,49403,5,T,D,K,K,R,F,H,8,F,S,0,0
6,60486,3,2,4,11,16,55,12,6,0,2,0,6,6,5PVNJ8JV9J4S,2018,514,2168,63,98,806,62,11,16,16,0,777777777777,777777777777,777777777777,77,77,77,573626306,57,3626306,1,1,1,0,0,0,0,0,0,0,7,8,7,5,12,0,98806,5,P,V,N,J,8,J,V,9,J,4,S,0
6,60504,2,1,6,28,0,34,42,0,0,2,0,6,6,JTDKDTB35C10,2012,448,13823,5,49,46,5,0,11,11,0,777777777777,777777777777,777777777777,77,77,77,00000000000,0,000000000,0,0,1,0,0,0,0,0,0,0,1,13,7,5,12,0,49046,J,T,D,K,D,T,B,3,5,C,1,0,0
6,60504,3,1,6,28,0,34,42,0,0,2,0,6,6,JTDKBRFU7J35,2018,448,2209,5,49,46,5,0,11,11,0,777777777777,777777777777,777777777777,77,77,77,00000000000,0,000000000,0,0,1,0,0,0,0,0,0,0,0,98,7,5,12,0,49046,J,T,D,K,B,R,F,U,7,J,3,5,0
6,60504,4,1,6,28,0,34,42,0,0,2,0,6,6,4T4BF1FK4GR5,2016,448,2469,13,49,40,4,0,11,11,0,777777777777,777777777777,777777777777,77,77,77,00000000000,0,000000000,0,0,1,0,0,0,0,0,0,0,0,61,7,5,12,0,49040,4,T,4,B,F,1,F,K,4,G,R,5,0
6,60507,3,2,4,5,18,30,12,6,0,2,0,6,6,4S3GKAB68N36,2022,523,2235,13,48,38,4,0,11,11,0,777777777777,777777777777,777777777777,77,77,77,00000000000,0,000000000,0,0,1,0,0,0,0,0,0,0,7,6,7,5,12,0,48038,4,S,3,G,K,A,B,6,8,N,3,6,0
6,60510,3,2,2,28,19,15,12,6,0,2,0,6,6,3GNCA23B99S5,2009,467,4586,7,20,23,6,0,11,11,0,777777777777,777777777777,777777777777,77,77,77,00000000000,0,000000000,0,0,1,0,0,0,0,0,0,0,0,63,7,5,12,0,20023,3,G,N,C,A,2,3,B,9,9,S,5,0
6,60510,4,2,2,28,19,15,12,6,0,2,0,6,6,KNADC1251362,2003,499,2299,13,63,32,4,0,11,11,0,777777777777,777777777777,777777777777,77,77,77,00000000000,0,000000000,0,0,1,0,0,0,0,0,0,0,7,6,7,5,12,0,63032,K,N,A,D,C,1,2,5,1,3,6,2,0
6,60531,3,2,4,21,18,54,12,6,0,2,0,6,6,1N4BL4CV8RN3,2024,478,1904,13,35,47,4,0,11,11,0,777777777777,777777777777,777777777777,77,77,77,00000000000,0,000000000,0,0,1,0,0,0,0,0,0,0,0,12,7,5,12,0,35047,1,N,4,B,L,4,C,V,8,R,N,3,0
6,60531,4,2,4,21,18,54,12,6,0,2,0,6,6,5N1AA08A44N7,2004,478,1915,7,35,421,15,0,12,12,0,777777777777,777777777777,777777777777,77,77,77,00000000000,0,000000000,0,0,1,0,0,0,0,0,0,0,0,61,7,5,12,0,35421,5,N,1,A,A,0,8,A,4,4,N,7,0
6,60546,2,2,3,8,2,10,14,0,2,2,0,18,6,3AKJHHDR0MSM,2021,450,2501,66,82,881,66,0,18,18,1,888888888888,777777777777,777777777777,98,77,77,57054283,57,054283,6,1,1,0,0,0,0,0,0,0,0,6,7,5,12,0,82881,3,A,K,J,H,H,D,R,0,M,S,M,0
6,60552,3,2,5,8,22,7,12,1,0,2,0,6,6,5J6YH28388L0,2008,474,1868,7,37,403,14,0,11,11,0,777777777777,777777777777,777777777777,77,77,77,00000000000,0,000000000,0,0,1,0,0,0,0,0,0,0,7,62,7,5,12,0,37403,5,J,6,Y,H,2,8,3,8,8,L,0,0
6,60618,2,5,3,28,11,50,14,0,1,2,0,6,6,4UZAC3G78PCU,2023,450,2022,111,82,881,60,0,16,16,0,777777777777,777777777777,777777777777,77,77,77,5721800,57,21800,1,1,1,0,0,0,0,0,0,0,0,6,7,6,12,0,82881,4,U,Z,A,C,3,G,7,8,P,C,U,0
6,60619,3,2,3,30,10,27,7,0,0,2,0,6,6,JTDKARFU0G35,2016,448,2209,5,49,46,6,0,11,11,0,777777777777,777777777777,777777777777,77,77,77,00000000000,0,000000000,0,0,1,0,0,0,0,0,0,0,0,12,7,5,12,0,49046,J,T,D,K,A,R,F,U,0,G,3,5,0
6,60619,4,2,3,30,10,27,7,0,0,2,0,6,6,JF1SG65656H7,2006,523,2234,7,48,401,14,0,11,11,0,777777777777,777777777777,777777777777,77,77,77,00000000000,0,000000000,0,0,1,0,0,0,0,0,0,0,0,12,7,6,12,0,48401,J,F,1,S,G,6,5,6,5,6,H,7,0
6,60619,5,2,3,30,10,27,7,0,0,2,0,6,6,WA1C2AFPXGA0,2016,582,3862,7,32,402,14,0,11,11,0,777777777777,777777777777,777777777777,77,77,77,00000000000,0,000000000,0,0,1,0,0,0,0,0,0,0,0,62,7,5,12,0,32402,W,A,1,C,2,A,F,P,X,G,A,0,0
6,60640,2,1,2,18,18,15,1,0,0,2,0,9,6,WBA8B9G55HNU,2017,452,2777,13,34,34,4,0,11,11,0,777777777777,777777777777,777777777777,77,77,77,00000000000,0,000000000,0,0,1,0,0,0,0,0,0,0,7,6,7,5,12,0,34034,W,B,A,8,B,9,G,5,5,H,N,U,0
6,60655,3,2,4,11,23,25,12,6,0,2,0,6,6,1FTHX25G8TEA,1996,460,1805,60,12,481,34,0,12,12,0,777777777777,777777777777,777777777777,77,77,77,00000000000,0,000000000,0,0,1,0,0,0,0,0,0,0,0,98,7,6,12,0,12481,1,F,T,H,X,2,5,G,8,T,E,A,0
6,60655,4,2,4,11,23,25,12,6,0,2,0,6,6,JTDBE32K8200,2002,448,2469,13,49,40,4,0,11,11,0,777777777777,777777777777,777777777777,77,77,77,00000000000,0,000000000,0,0,1,0,0,0,0,0,0,0,7,8,7,5,12,0,49040,J,T,D,B,E,3,2,K,8,2,0,0,0
6,60673,2,1,4,29,4,8,33,0,0,3,0,6,6,WP1AA2A20CLA,2012,584,7895,7,45,421,15,0,12,12,0,777777777777,777777777777,777777777777,77,77,77,00000000000,0,000000000,0,0,1,0,0,0,0,0,0,0,7,98,7,5,12,0,45421,W,P,1,A,A,2,A,2,0,C,L,A,0
6,60673,3,1,4,29,4,8,33,0,0,3,0,6,6,JM3TCADY1L04,2020,473,2077,7,41,421,15,0,11,11,0,777777777777,777777777777,777777777777,77,77,77,00000000000,0,000000000,0,0,1,0,0,0,0,0,0,0,7,98,7,5,12,0,41421,J,M,3,T,C,A,D,Y,1,L,0,4,0
6,60695,2,1,4,29,5,20,14,0,1,2,0,6,6,1XKYD49X0EJ4,2014,532,2733,66,85,881,66,0,18,18,1,1W8A11E30LS0,777777777777,777777777777,16,77,77,573091644,57,3091644,6,97,1,0,0,0,0,0,0,0,8,6,7,6,12,0,85881,1,X,K,Y,D,4,9,X,0,E,J,4,0
6,60707,6,5,2,25,11,7,12,7,0,2,0,6,6,3N1AB7AP2EY2,2014,478,1907,13,35,43,4,0,11,11,0,777777777777,777777777777,777777777777,77,77,77,00000000000,0,000000000,0,0,1,0,0,0,0,0,0,0,0,6,7,5,12,0,35043,3,N,1,A,B,7,A,P,2,E,Y,2,0
6,60711,2,1,4,5,22,50,1,0,0,2,0,6,6,1N4CL21E18C1,2008,478,1904,13,35,47,4,0,11,11,0,777777777777,777777777777,777777777777,77,77,77,00000000000,0,000000000,0,0,1,0,0,0,0,0,0,0,8,12,7,5,12,0,35047,1,N,4,C,L,2,1,E,1,8,C,1,0
6,60711,3,1,4,5,22,50,1,0,0,2,0,6,6,JT3VN39W2S01,1995,448,2216,7,49,401,14,0,11,11,0,777777777777,777777777777,777777777777,77,77,77,00000000000,0,000000000,0,0,1,0,0,0,0,0,0,0,7,12,7,5,14,0,49401,J,T,3,V,N,3,9,W,2,S,0,1,0
6,60714,2,1,6,1,2,10,8,0,0,2,0,39,6,5N1BT3BB7PC7,2023,478,1913,7,35,404,14,0,11,11,0,777777777777,777777777777,777777777777,77,77,77,00000000000,0,000000000,0,0,1,0,0,0,0,0,0,0,8,6,9,5,12,0,35404,5,N,1,B,T,3,B,B,7,P,C,7,0
6,60732,2,1,4,27,18,14,8,0,0,3,0,6,6,W1N4M4HB7PW2,2023,449,26498,7,42,406,14,0,11,11,0,777777777777,777777777777,777777777777,77,77,77,00000000000,0,000000000,0,0,1,0,0,0,0,0,0,0,0,62,7,5,12,0,42406,W,1,N,4,M,4,H,B,7,P,W,2,0
6,60766,2,3,4,1,9,50,14,0,2,2,0,19,6,3HSDZAPR2PN2,2023,526,11467,66,84,881,66,0,18,18,1,1JJV532D3KL1,777777777777,777777777777,12,77,77,570134697,57,0134697,6,11,1,0,0,0,0,0,0,0,8,6,7,6,12,0,84881,3,H,S,D,Z,A,P,R,2,P,N,2,0
6,60772,4,3,1,7,0,40,12,2,0,2,0,6,6,JTDKAMFU9N31,2022,448,2209,5,49,46,5,0,11,11,0,777777777777,777777777777,777777777777,77,77,77,00000000000,0,000000000,0,0,1,0,0,0,0,0,0,0,7,6,7,5,12,0,49046,J,T,D,K,A,M,F,U,9,N,3,1,0
6,60823,2,1,2,5,5,53,14,0,1,2,0,6,6,1FD0X5GT7KED,2019,460,1808,63,12,881,61,11,15,15,0,777777777777,777777777777,777777777777,77,77,77,88888888888,88,888888888,1,96,1,0,0,0,0,0,0,0,8,6,7,5,12,0,12881,1,F,D,0,X,5,G,T,7,K,E,D,0
6,60848,3,2,1,6,21,22,12,6,0,2,0,6,6,1FTHX2511GKB,1986,460,1805,60,12,481,34,0,12,12,0,777777777777,777777777777,777777777777,77,77,77,00000000000,0,000000000,0,0,1,0,0,0,0,0,0,0,7,12,7,5,12,0,12481,1,F,T,H,X,2,5,1,1,G,K,B,0
6,60848,4,2,1,6,21,22,12,6,0,2,0,6,6,1GNKRGKD4GJ1,2016,467,1853,7,20,423,15,0,12,12,0,777777777777,777777777777,777777777777,77,77,77,00000000000,0,000000000,0,0,1,0,0,0,0,0,0,0,7,12,7,5,12,0,20423,1,G,N,K,R,G,K,D,4,G,J,1,0
6,60848,5,2,1,6,21,22,12,6,0,2,0,6,6,JN1BJ1CP9HW0,2017,478,17214,5,35,51,6,0,11,11,0,777777777777,777777777777,777777777777,77,77,77,00000000000,0,000000000,0,0,1,0,0,0,0,0,0,0,7,10,7,5,12,0,35051,J,N,1,B,J,1,C,P,9,H,W,0,0
6,60848,6,2,1,6,21,22,12,6,0,2,0,6,6,5N1DR2MN8JC6,2018,478,1911,8,35,401,14,0,11,11,0,777777777777,777777777777,777777777777,77,77,77,00000000000,0,000000000,0,0,1,0,0,0,0,0,0,0,7,6,7,5,12,0,35401,5,N,1,D,R,2,M,N,8,J,C,6,0
6,60849,2,1,1,22,17,37,18,0,0,2,0,6,6,5J6RE3H43BL0,2011,474,1865,7,37,402,14,0,11,11,0,777777777777,777777777777,777777777777,77,77,77,00000000000,0,000000000,0,0,1,0,0,0,0,0,0,0,8,98,7,5,12,0,37402,5,J,6,R,E,3,H,4,3,B,L,0,0
6,60850,3,2,1,6,12,45,12,6,0,2,0,6,6,2C3KA53G76H3,2006,477,1878,13,6,51,4,0,11,11,0,777777777777,777777777777,777777777777,77,77,77,00000000000,0,000000000,0,0,1,0,0,0,0,0,0,0,0,12,7,5,12,0,6051,2,C,3,K,A,5,3,G,7,6,H,3,0
6,60850,4,2,1,6,12,45,12,6,1,2,0,6,6,JHLRE4H36BC0,2011,474,1865,7,37,402,14,0,11,11,0,777777777777,777777777777,777777777777,77,77,77,00000000000,0,000000000,0,0,1,0,0,0,0,0,0,0,7,12,7,5,12,0,37402,J,H,L,R,E,4,H,3,6,B,C,0,0
6,60857,2,1,1,16,23,24,8,0,0,2,0,6,6,4T1BF32K35U0,2005,448,2469,13,49,40,4,0,11,11,0,777777777777,777777777777,777777777777,77,77,77,00000000000,0,000000000,0,0,1,0,0,0,0,0,0,0,7,9,7,5,12,0,49040,4,T,1,B,F,3,2,K,3,5,U,0,0
6,60894,3,2,4,23,22,35,12,7,0,2,0,6,6,3N1AB8DV7MY2,2021,478,1907,13,35,43,4,0,11,11,0,777777777777,777777777777,777777777777,77,77,77,00000000000,0,000000000,0,0,1,0,0,0,0,0,0,0,0,12,7,5,12,0,35043,3,N,1,A,B,8,D,V,7,M,Y,2,0
6,60894,4,2,4,23,22,35,12,7,0,2,0,6,6,JTDBR32E1320,2003,448,2208,13,49,32,4,0,11,11,0,777777777777,777777777777,777777777777,77,77,77,00000000000,0,000000000,0,0,1,0,0,0,0,0,0,0,0,12,7,5,12,0,49032,J,T,D,B,R,3,2,E,1,3,2,0,0
6,60894,5,2,4,23,22,35,12,7,0,2,0,6,6,3N1AB7AP2FY2,2015,478,1907,13,35,43,4,0,11,11,0,777777777777,777777777777,777777777777,77,77,77,00000000000,0,000000000,0,0,1,0,0,0,0,0,0,0,0,12,7,5,12,0,35043,3,N,1,A,B,7,A,P,2,F,Y,2,0
6,60908,2,1,1,6,17,56,14,0,0,2,0,6,6,1GNFK23029R2,2009,467,1852,7,20,421,15,0,12,12,0,777777777777,777777777777,777777777777,77,77,77,00000000000,0,000000000,0,0,1,0,0,0,0,0,0,0,7,6,7,6,12,0,20421,1,G,N,F,K,2,3,0,2,9,R,2,0
6,60935,2,1,2,25,1,18,33,0,0,2,0,93,6,1FUJGLDR0DLF,2013,450,2501,66,82,881,66,0,18,18,1,1JJV532WX7L0,777777777777,777777777777,13,77,77,573570369,57,3570369,6,1,1,0,0,0,0,0,0,0,2,6,7,5,12,0,82881,1,F,U,J,G,L,D,R,0,D,L,F,0
6,60942,2,1,4,21,5,40,8,0,0,2,0,6,6,1HGCP36878A0,2008,474,1861,13,37,32,4,0,11,11,0,777777777777,777777777777,777777777777,77,77,77,00000000000,0,000000000,0,0,1,0,0,0,0,0,0,0,0,6,7,5,12,0,37032,1,H,G,C,P,3,6,8,7,8,A,0,0
6,60943,3,2,4,27,2,50,12,7,0,2,0,6,6,1N4AL11D45N4,2005,478,1904,13,35,47,4,0,11,11,0,777777777777,777777777777,777777777777,77,77,77,00000000000,0,000000000,0,0,1,0,0,0,0,0,0,0,7,13,7,5,12,0,35047,1,N,4,A,L,1,1,D,4,5,N,4,0
6,60943,4,2,4,27,2,50,12,7,0,2,0,6,6,JN1DA31D12T4,2002,478,2302,13,35,39,4,0,11,11,0,777777777777,777777777777,777777777777,77,77,77,00000000000,0,000000000,0,0,1,0,0,0,0,0,0,0,0,62,7,5,12,0,35039,J,N,1,D,A,3,1,D,1,2,T,4,0
6,60943,5,2,4,27,2,50,12,7,0,2,0,6,6,1C4PJLCS1EW2,2014,483,1945,7,2,404,14,0,11,11,0,777777777777,777777777777,777777777777,77,77,77,00000000000,0,000000000,0,0,1,0,0,0,0,0,0,0,0,62,7,6,12,0,2404,1,C,4,P,J,L,C,S,1,E,W,2,0
6,60943,6,2,4,27,2,50,12,7,0,2,0,6,6,1D7HA16D74J2,2004,476,1938,60,7,482,34,0,12,12,0,777777777777,777777777777,777777777777,77,77,77,00000000000,0,000000000,0,0,1,0,0,0,0,0,0,0,0,62,7,5,12,0,7482,1,D,7,H,A,1,6,D,7,4,J,2,0
6,60943,7,2,4,27,2,50,12,7,0,2,0,6,6,1HGCV1F42MA0,2021,474,1861,13,37,32,4,0,11,11,0,777777777777,777777777777,777777777777,77,77,77,00000000000,0,000000000,0,0,1,0,0,0,0,0,0,0,0,62,7,5,12,0,37032,1,H,G,C,V,1,F,4,2,M,A,0,0
6,61072,2,1,1,5,22,33,14,0,0,2,0,6,6,4T1BG22K2XU5,1999,448,2469,13,49,40,4,0,11,11,0,777777777777,777777777777,777777777777,77,77,77,00000000000,0,000000000,0,0,1,0,0,0,0,0,0,0,7,83,7,6,12,0,49040,4,T,1,B,G,2,2,K,2,X,U,5,0
6,61083,2,1,6,30,1,18,33,0,0,3,0,6,6,4TANL42N0YZ6,2000,448,2223,60,49,472,34,0,11,11,0,777777777777,777777777777,777777777777,77,77,77,00000000000,0,000000000,0,0,1,0,0,0,0,0,0,0,7,6,8,8,33,0,49472,4,T,A,N,L,4,2,N,0,Y,Z,6,0
6,61089,2,1,1,1,2,41,8,0,0,2,0,6,6,SALZJ2FX7LH1,2020,444,2244,7,62,404,14,0,11,11,0,777777777777,777777777777,777777777777,77,77,77,00000000000,0,000000000,0,0,1,0,0,0,0,0,0,0,0,61,7,5,12,0,62404,S,A,L,Z,J,2,F,X,7,L,H,1,0
6,61089,3,1,1,1,2,41,8,0,0,2,0,6,6,5J6RE3H57BL0,2011,474,1865,7,37,402,14,0,11,11,0,777777777777,777777777777,777777777777,77,77,77,00000000000,0,000000000,0,0,1,0,0,0,0,0,0,0,7,98,7,5,12,0,37402,5,J,6,R,E,3,H,5,7,B,L,0,0
6,61099,2,1,1,20,14,47,14,0,0,2,0,6,6,JTHBK262X750,2007,515,2184,13,59,35,4,0,11,11,0,777777777777,777777777777,777777777777,77,77,77,00000000000,0,000000000,0,0,1,0,0,0,0,0,0,0,0,12,7,6,12,0,59035,J,T,H,B,K,2,6,2,X,7,5,0,0
6,61119,2,1,1,31,23,45,39,0,0,2,0,6,6,W1Y4NDHY8RT1,2024,449,1703,95,42,461,21,0,12,12,0,777777777777,777777777777,777777777777,77,77,77,00000000000,0,000000000,0,0,1,0,0,0,0,0,0,0,7,98,7,5,39,0,42461,W,1,Y,4,N,D,H,Y,8,R,T,1,0
6,61145,2,1,4,6,5,11,33,0,0,2,0,6,6,19XFB2F56EE2,2014,474,1863,13,37,31,4,0,11,11,0,777777777777,777777777777,777777777777,77,77,77,00000000000,0,000000000,0,0,1,0,0,0,0,0,0,0,7,10,7,5,12,0,37031,1,9,X,F,B,2,F,5,6,E,E,2,0
6,61145,3,1,4,6,5,11,33,0,0,2,0,6,6,2C3CDZAG6KH5,2019,476,1893,13,7,28,2,0,11,11,0,777777777777,777777777777,777777777777,77,77,77,00000000000,0,000000000,0,0,1,0,0,0,0,0,0,0,7,12,7,5,12,0,7028,2,C,3,C,D,Z,A,G,6,K,H,5,0
6,61145,4,1,4,6,5,11,33,0,0,2,0,6,6,4A4AP3AU9EE0,2014,481,13867,7,52,47,6,0,11,11,0,777777777777,777777777777,777777777777,77,77,77,00000000000,0,000000000,0,0,1,0,0,0,0,0,0,0,7,13,7,5,12,0,52047,4,A,4,A,P,3,A,U,9,E,E,0,0
6,61145,5,1,4,6,5,11,33,0,0,2,0,6,6,1G1RH6E43EU1,2014,467,1838,5,20,26,5,0,11,11,0,777777777777,777777777777,777777777777,77,77,77,00000000000,0,000000000,0,0,1,0,0,0,0,0,0,0,7,13,7,5,1,0,20026,1,G,1,R,H,6,E,4,3,E,U,1,0
6,61145,6,1,4,6,5,11,33,0,0,2,0,12,6,JTMRJREV7GD0,2016,448,2217,7,49,402,14,0,11,11,0,777777777777,777777777777,777777777777,77,77,77,00000000000,0,000000000,0,0,1,0,0,0,0,0,0,0,7,13,7,5,12,0,49402,J,T,M,R,J,R,E,V,7,G,D,0,0
6,61162,2,1,4,19,4,31,1,0,0,2,0,6,6,JTEGH20V4301,2003,448,2217,7,49,402,14,0,11,11,0,777777777777,777777777777,777777777777,77,77,77,00000000000,0,000000000,0,0,1,0,0,0,0,0,0,0,7,98,0,5,12,0,49402,J,T,E,G,H,2,0,V,4,3,0,1,0
6,61162,3,1,4,19,4,31,1,0,0,2,0,6,6,1HGCP2F39AA1,2010,474,1861,13,37,32,4,0,11,11,0,777777777777,777777777777,777777777777,77,77,77,00000000000,0,000000000,0,0,1,0,0,0,0,0,0,0,7,12,7,5,12,0,37032,1,H,G,C,P,2,F,3,9,A,A,1,0
6,61179,2,1,2,20,5,39,14,0,0,2,0,6,6,1FUJGEBG2CSB,2012,450,2501,66,82,881,66,0,18,18,0,777777777777,777777777777,777777777777,77,77,77,88888888888,88,888888888,5,96,1,0,0,0,0,0,0,0,8,12,7,5,12,0,82881,1,F,U,J,G,E,B,G,2,C,S,B,0
6,61193,1,1,6,13,22,10,14,0,1,2,0,6,6,1FMZU77E31UB,2001,460,1804,60,12,473,34,0,11,11,0,777777777777,777777777777,777777777777,77,77,77,00000000000,0,000000000,0,0,1,0,0,0,0,0,0,0,0,6,7,6,12,0,12473,1,F,M,Z,U,7,7,E,3,1,U,B,0
6,61205,2,1,4,11,20,40,9,0,0,2,0,6,6,1C3CDFBB7FD4,2015,476,2054,13,7,29,4,0,11,11,0,777777777777,777777777777,777777777777,77,77,77,00000000000,0,000000000,0,0,1,0,0,0,0,0,0,0,7,6,7,5,12,0,7029,1,C,3,C,D,F,B,B,7,F,D,4,0
6,61230,2,1,8,18,20,0,14,0,0,2,0,6,6,2FMTK3G80FBB,2015,460,1797,7,12,24,6,0,11,11,0,777777777777,777777777777,777777777777,77,77,77,00000000000,0,000000000,0,0,1,0,0,0,0,0,0,0,0,61,7,5,12,0,12024,2,F,M,T,K,3,G,8,0,F,B,B,0
6,61230,3,1,8,18,20,0,14,0,0,2,0,6,6,1GCUDEE86PZ2,2023,467,1850,60,20,481,34,0,12,12,0,777777777777,777777777777,777777777777,77,77,77,00000000000,0,000000000,0,0,1,0,0,0,0,0,0,0,0,62,7,5,12,0,20481,1,G,C,U,D,E,E,8,6,P,Z,2,0
6,61250,3,2,7,4,0,50,12,6,0,2,0,6,6,WBANU53519C1,2009,452,1715,13,34,35,4,0,11,11,0,777777777777,777777777777,777777777777,77,77,77,00000000000,0,000000000,0,0,1,0,0,0,0,0,0,0,0,61,7,5,12,0,34035,W,B,A,N,U,5,3,5,1,9,C,1,0
6,61250,4,2,7,4,0,50,12,6,0,2,0,6,6,1GCWGFCB7D19,2013,467,1848,95,20,461,21,0,12,12,0,777777777777,777777777777,777777777777,77,77,77,00000000000,0,000000000,0,0,1,0,0,0,0,0,0,0,0,98,7,5,12,0,20461,1,G,C,W,G,F,C,B,7,D,1,9,0
6,61250,5,2,7,4,0,50,12,6,0,2,0,6,6,1GCEC14W4WZ1,1998,467,10978,60,20,481,34,0,12,12,0,777777777777,777777777777,777777777777,77,77,77,00000000000,0,000000000,0,0,1,0,0,0,0,0,0,0,0,6,7,5,12,0,20481,1,G,C,E,C,1,4,W,4,W,Z,1,0
6,61287,3,2,4,3,4,12,12,6,1,2,0,6,6,JNRAR05Y7WW0,1998,480,8717,7,58,401,14,0,11,11,1,4YDTSGK22NG1,777777777777,777777777777,98,77,77,00000000000,0,000000000,0,0,1,0,0,0,0,0,0,0,0,98,7,5,12,0,58401,J,N,R,A,R,0,5,Y,7,W,W,0,0
6,61362,2,1,7,22,2,10,8,0,0,2,0,6,6,JN8AT2MT5JW4,2018,478,1913,8,35,51,6,0,11,11,0,777777777777,777777777777,777777777777,77,77,77,00000000000,0,000000000,0,0,1,0,0,0,0,0,0,0,7,5,8,5,8,0,35051,J,N,8,A,T,2,M,T,5,J,W,4,0
6,61373,2,1,3,7,18,43,9,0,0,2,0,6,6,4T1BE46K49U3,2009,448,2469,13,49,40,4,0,11,11,0,777777777777,777777777777,777777777777,77,77,77,00000000000,0,000000000,0,0,1,0,0,0,0,0,0,0,7,6,7,5,12,0,49040,4,T,1,B,E,4,6,K,4,9,U,3,0
6,61375,3,2,7,14,20,56,12,6,0,2,0,6,6,5TDZT34A03S1,2003,448,2827,7,49,422,15,0,12,12,0,777777777777,777777777777,777777777777,77,77,77,00000000000,0,000000000,0,0,1,0,0,0,0,0,0,0,7,6,7,5,12,0,49422,5,T,D,Z,T,3,4,A,0,3,S,1,0
6,61394,2,1,7,27,22,57,14,0,0,2,0,6,6,WBA5A5C55FD5,2015,452,1715,13,34,35,4,0,11,11,0,777777777777,777777777777,777777777777,77,77,77,00000000000,0,000000000,0,0,1,0,0,0,0,0,0,0,8,6,7,5,12,0,34035,W,B,A,5,A,5,C,5,5,F,D,5,0
6,61401,2,1,9,10,0,37,8,0,0,2,0,6,6,3VW447AU5JM2,2018,482,13670,5,30,42,5,0,11,11,0,777777777777,777777777777,777777777777,77,77,77,00000000000,0,000000000,0,0,1,0,0,0,0,0,0,0,0,61,7,6,12,0,30042,3,V,W,4,4,7,A,U,5,J,M,2,0
6,61401,3,1,9,10,0,37,8,0,0,2,0,6,6,JN8AT3AA4MW0,2021,478,1913,7,35,404,14,0,11,11,0,777777777777,777777777777,777777777777,77,77,77,00000000000,0,000000000,0,0,1,0,0,0,0,0,0,0,0,6,7,6,12,0,35404,J,N,8,A,T,3,A,A,4,M,W,0,0
6,61401,4,1,9,10,0,37,8,0,0,2,0,6,6,1N4BL21E38C2,2008,478,1904,13,35,47,4,0,11,11,0,777777777777,777777777777,777777777777,77,77,77,00000000000,0,000000000,0,0,1,0,0,0,0,0,0,0,7,6,7,6,14,0,35047,1,N,4,B,L,2,1,E,3,8,C,2,0
6,61437,2,1,6,6,19,13,14,0,0,2,0,6,6,1FCLE49L76HB,2006,460,1819,67,12,870,61,11,14,14,0,777777777777,777777777777,777777777777,77,77,77,5712615,57,12615,1,96,1,0,0,0,0,0,0,0,8,12,7,5,12,0,12870,1,F,C,L,E,4,9,L,7,6,H,B,0
6,61452,2,1,7,22,23,36,33,0,0,3,0,6,6,1HGCP2F47BA1,2011,474,1861,13,37,32,4,0,11,11,0,777777777777,777777777777,777777777777,77,77,77,00000000000,0,000000000,0,0,1,0,0,0,0,0,0,0,7,13,4,5,12,0,37032,1,H,G,C,P,2,F,4,7,B,A,1,0
6,61452,3,1,7,22,23,36,33,0,0,3,0,6,6,5TDHZRAH1LS5,2020,448,2213,7,49,403,14,0,11,11,0,777777777777,777777777777,777777777777,77,77,77,00000000000,0,000000000,0,0,1,0,0,0,0,0,0,0,7,6,7,5,12,0,49403,5,T,D,H,Z,R,A,H,1,L,S,5,0
6,61452,4,1,7,22,23,36,33,0,0,3,0,6,6,2FMDA5146TBC,1996,460,5264,2,12,442,20,0,11,11,0,777777777777,777777777777,777777777777,77,77,77,00000000000,0,000000000,0,0,1,0,0,0,0,0,0,0,7,9,2,5,12,0,12442,2,F,M,D,A,5,1,4,6,T,B,C,0
6,61461,3,2,4,8,21,8,12,6,0,3,0,6,6,1GKEC13T02R1,2002,472,1859,7,23,421,15,0,12,12,0,777777777777,777777777777,777777777777,77,77,77,00000000000,0,000000000,0,0,1,0,0,0,0,0,0,0,0,6,7,5,12,0,23421,1,G,K,E,C,1,3,T,0,2,R,1,0
6,61464,2,1,2,18,0,22,31,0,1,2,0,46,6,3FCNF53S0XJA,1999,460,2737,78,12,850,65,108,16,16,0,777777777777,777777777777,777777777777,77,77,77,88888888888,88,888888888,19,97,1,0,0,0,0,0,0,0,0,63,7,5,12,0,12850,3,F,C,N,F,5,3,S,0,X,J,A,0
6,61479,2,1,4,25,13,9,33,0,2,2,0,6,6,JHMGE8H62AC0,2010,474,2127,5,37,39,5,0,11,11,0,777777777777,777777777777,777777777777,77,77,77,00000000000,0,000000000,0,0,1,0,0,0,0,0,0,0,0,6,7,6,12,0,37039,J,H,M,G,E,8,H,6,2,A,C,0,1
6,61479,3,1,4,25,13,9,33,0,0,2,0,6,6,4T4BE46K98R0,2008,448,2469,13,49,40,4,0,11,11,0,777777777777,777777777777,777777777777,77,77,77,00000000000,0,000000000,0,0,1,0,0,0,0,0,0,0,7,6,7,6,12,0,49040,4,T,4,B,E,4,6,K,9,8,R,0,0
6,61479,4,1,4,25,13,9,33,0,0,2,0,6,6,3VWDX7AJ5BM3,2011,482,3137,13,30,40,4,0,11,11,0,777777777777,777777777777,777777777777,77,77,77,00000000000,0,000000000,0,0,1,0,0,0,0,0,0,0,7,6,7,6,12,0,30040,3,V,W,D,X,7,A,J,5,B,M,3,0
6,61500,2,1,8,15,13,12,14,0,0,2,0,6,6,JM1DE1KZ4E01,2014,473,2153,5,41,55,5,0,11,11,0,777777777777,777777777777,777777777777,77,77,77,00000000000,0,000000000,0,0,1,0,0,0,0,0,0,0,0,61,7,5,12,0,41055,J,M,1,D,E,1,K,Z,4,E,0,1,0
6,61500,3,1,8,15,13,12,14,0,0,2,0,6,6,1N4BL11D25C2,2005,478,1904,13,35,47,4,0,11,11,0,777777777777,777777777777,777777777777,77,77,77,00000000000,0,000000000,0,0,1,0,0,0,0,0,0,0,0,61,7,5,12,0,35047,1,N,4,B,L,1,1,D,2,5,C,2,0
6,61500,4,1,8,15,13,12,14,0,0,2,0,6,6,2HKRM3H78DH5,2013,474,1865,7,37,402,14,0,11,11,0,777777777777,777777777777,777777777777,77,77,77,00000000000,0,000000000,0,0,1,0,0,0,0,0,0,0,0,10,7,5,12,0,37402,2,H,K,R,M,3,H,7,8,D,H,5,0
6,61523,2,1,8,10,0,47,58,0,0,2,0,6,6,1GCGTCE37G11,2016,467,4086,60,20,473,34,0,11,11,0,777777777777,777777777777,777777777777,77,77,77,00000000000,0,000000000,0,0,1,0,0,0,0,0,0,0,7,61,7,5,12,0,20473,1,G,C,G,T,C,E,3,7,G,1,1,0
6,61523,3,1,8,10,0,47,58,0,0,2,0,6,6,5TDZA23C35S3,2005,448,2468,2,49,442,20,0,11,11,0,777777777777,777777777777,777777777777,77,77,77,00000000000,0,000000000,0,0,1,0,0,0,0,0,0,0,7,6,7,5,12,0,49442,5,T,D,Z,A,2,3,C,3,5,S,3,0
6,61695,2,1,9,24,0,57,58,0,0,2,0,6,6,3FA6P0HD5FR1,2015,460,1780,13,12,23,4,0,11,11,0,777777777777,777777777777,777777777777,77,77,77,00000000000,0,000000000,0,0,1,0,0,0,0,0,0,0,0,98,7,5,12,0,12023,3,F,A,6,P,0,H,D,5,F,R,1,0
6,61695,3,1,9,24,0,57,58,0,0,2,0,6,6,1FT7X2A60GED,2016,460,1805,60,12,481,34,0,12,12,0,777777777777,777777777777,777777777777,77,77,77,00000000000,0,000000000,0,0,1,0,0,0,0,0,0,0,0,98,7,6,12,0,12481,1,F,T,7,X,2,A,6,0,G,E,D,0
6,61695,4,1,9,24,0,57,58,0,0,2,0,6,6,3TMKU72N98M0,2008,448,2223,60,49,472,34,0,11,11,0,777777777777,777777777777,777777777777,77,77,77,00000000000,0,000000000,0,0,1,0,0,0,0,0,0,0,0,98,7,6,12,0,49472,3,T,M,K,U,7,2,N,9,8,M,0,0
6,61716,3,2,8,1,17,50,14,0,0,2,0,6,6,1FT8W3DT0HED,2017,460,1806,60,12,880,67,0,13,13,0,777777777777,777777777777,777777777777,77,77,77,88888888888,88,888888888,1,97,1,0,0,0,0,0,0,0,8,6,7,5,12,0,12880,1,F,T,8,W,3,D,T,0,H,E,D,0
6,61716,4,2,8,1,17,50,14,0,0,2,0,6,6,2FTHF25G2TCA,1996,460,1805,60,12,481,34,0,12,12,0,777777777777,777777777777,777777777777,77,77,77,00000000000,0,000000000,0,0,1,0,0,0,0,0,0,0,7,6,7,5,12,0,12481,2,F,T,H,F,2,5,G,2,T,C,A,0
6,61750,2,2,7,20,13,6,8,0,0,2,0,6,6,1GCGSBEN0L12,2020,467,4086,60,20,473,34,0,11,11,0,777777777777,777777777777,777777777777,77,77,77,00000000000,0,000000000,0,0,1,0,0,0,0,0,0,0,0,6,7,6,12,0,20473,1,G,C,G,S,B,E,N,0,L,1,2,0
6,61750,3,2,7,20,13,6,8,0,0,2,0,6,6,1N4AA6AV6KC3,2019,478,2302,13,35,39,4,0,11,11,0,777777777777,777777777777,777777777777,77,77,77,00000000000,0,000000000,0,0,1,0,0,0,0,0,0,0,7,6,7,6,12,0,35039,1,N,4,A,A,6,A,V,6,K,C,3,0
6,61778,2,1,7,29,0,7,14,0,2,2,0,6,6,1XKYDP9X2KJ2,2019,532,2733,66,85,881,66,0,18,18,1,888888888888,777777777777,777777777777,98,77,77,063772686,6,3772686,6,1,1,0,0,0,0,0,0,0,0,6,7,6,12,0,85881,1,X,K,Y,D,P,9,X,2,K,J,2,0
6,61803,2,1,6,24,1,3,8,0,0,2,0,91,6,888888888888,9998,99998,99998,998,97,997,98,0,98,98,0,777777777777,777777777777,777777777777,77,77,77,99999999999,99,999999999,99,99,1,0,0,0,0,0,12,0,7,13,8,8,12,0,97997,8,8,8,8,8,8,8,8,8,8,8,8,0
6,61810,2,1,8,1,13,29,33,0,0,2,0,6,6,WD4PF0CD2KP1,2019,449,1703,9,42,461,21,0,12,12,0,777777777777,777777777777,777777777777,77,77,77,00000000000,0,000000000,0,0,1,0,0,0,0,0,0,0,8,6,7,6,12,0,42461,W,D,4,P,F,0,C,D,2,K,P,1,0
6,61810,3,1,8,1,13,29,33,0,0,2,0,6,6,2HKYF18437H5,2007,474,1864,7,37,421,15,0,11,11,1,L7WC1H818JA1,777777777777,777777777777,11,77,77,00000000000,0,000000000,0,0,1,0,0,0,0,0,0,0,7,6,7,5,14,0,37421,2,H,K,Y,F,1,8,4,3,7,H,5,0
6,61827,3,2,9,26,23,55,12,7,0,2,0,6,6,WD4PF0CD7KT0,2019,449,1703,9,42,461,21,0,12,12,0,777777777777,777777777777,777777777777,77,77,77,00000000000,0,000000000,0,0,1,0,0,0,0,0,0,0,7,6,7,5,12,0,42461,W,D,4,P,F,0,C,D,7,K,T,0,0
6,61838,2,1,4,26,22,21,14,0,0,2,0,6,6,JTJGARBZXL50,2020,515,3653,7,59,405,14,0,11,11,0,777777777777,777777777777,777777777777,77,77,77,00000000000,0,000000000,0,0,1,0,0,0,0,0,0,0,7,12,7,5,12,0,59405,J,T,J,G,A,R,B,Z,X,L,5,0,0
6,61863,2,1,8,5,13,15,14,0,1,2,0,6,6,4V4NC9EH5GN9,2016,487,1967,66,51,881,66,0,18,18,1,3249C67,777777777777,777777777777,13,77,77,573265026,57,3265026,6,4,1,0,0,0,0,0,0,0,8,6,7,6,12,0,51881,4,V,4,N,C,9,E,H,5,G,N,9,0
6,61903,2,1,11,15,5,18,14,0,1,2,0,6,6,1GCZGUCGXC11,2012,467,1848,9,20,461,21,0,12,12,0,777777777777,777777777777,777777777777,77,77,77,00000000000,0,000000000,0,0,1,0,0,0,0,0,0,0,8,6,7,5,12,0,20461,1,G,C,Z,G,U,C,G,X,C,1,1,0
6,61936,2,1,11,1,0,1,14,0,1,2,0,6,6,5PVNJ8JNXL4S,2020,514,2168,11,98,806,62,0,16,16,0,777777777777,777777777777,777777777777,77,77,77,572682216,57,2682216,1,96,1,0,0,0,0,0,0,0,8,6,7,6,12,0,98806,5,P,V,N,J,8,J,N,X,L,4,S,0
6,61974,2,1,10,13,17,33,8,0,0,2,0,6,6,1FDKE30L1DHB,1983,460,1818,62,12,850,65,108,13,13,0,777777777777,777777777777,777777777777,77,77,77,88888888888,88,888888888,19,97,1,0,0,0,0,0,0,0,7,63,7,6,12,0,12850,1,F,D,K,E,3,0,L,1,D,H,B,0
6,61974,3,1,10,13,17,33,8,0,0,2,0,24,6,WDBJF70H8XA9,1999,449,2081,13,42,48,4,0,11,11,0,777777777777,777777777777,777777777777,77,77,77,00000000000,0,000000000,0,0,1,0,0,0,0,0,0,0,7,6,7,5,12,0,42048,W,D,B,J,F,7,0,H,8,X,A,9,0
6,61983,2,5,6,9,10,53,14,0,0,2,0,6,6,3KPF24ADXPE6,2023,499,2462,13,63,38,4,0,11,11,0,777777777777,777777777777,777777777777,77,77,77,00000000000,0,000000000,0,0,1,0,0,0,0,0,0,0,8,61,7,5,12,0,63038,3,K,P,F,2,4,A,D,X,P,E,6,0
6,61992,2,1,8,17,6,25,24,0,1,2,0,6,6,4V4NC9EH8GN9,2016,487,1967,66,51,881,66,0,18,18,1,888888888888,777777777777,777777777777,98,77,77,57319901,57,319901,6,96,1,0,0,0,0,0,0,0,0,6,7,6,12,0,51881,4,V,4,N,C,9,E,H,8,G,N,9,0
6,61998,2,1,7,13,9,45,33,0,0,2,0,6,6,5TFDY5F17KX8,2019,448,2467,60,49,482,34,0,12,12,0,777777777777,777777777777,777777777777,77,77,77,00000000000,0,000000000,0,0,1,0,0,0,0,0,0,0,7,61,7,5,12,0,49482,5,T,F,D,Y,5,F,1,7,K,X,8,0
6,62003,3,2,10,23,1,30,12,1,0,2,0,6,6,1FUJGLBG3CSB,2012,450,2501,66,82,881,66,0,18,18,1,1JJV482U5NL1,777777777777,777777777777,14,77,77,573232243,57,3232243,6,1,1,0,0,0,0,0,0,0,8,6,2,5,12,0,82881,1,F,U,J,G,L,B,G,3,C,S,B,0
6,62003,4,2,10,23,1,30,12,1,0,2,0,6,6,3AKJGLD56FSG,2015,450,2501,66,82,881,66,0,18,18,1,LJRC41264LT0,777777777777,777777777777,98,77,77,572901211,57,2901211,6,11,1,0,0,0,0,0,0,0,8,63,2,5,12,0,82881,3,A,K,J,G,L,D,5,6,F,S,G,0
6,62061,4,3,10,13,2,5,12,1,2,2,0,6,6,2C4RC3GG6NR1,2022,477,3628,2,6,443,20,0,12,12,0,777777777777,777777777777,777777777777,77,77,77,00000000000,0,000000000,0,0,1,0,0,0,0,0,0,0,0,6,7,5,12,0,6443,2,C,4,R,C,3,G,G,6,N,R,1,0
6,62074,2,1,1,10,22,0,15,0,0,2,0,6,6,5TDZA23C96S4,2006,448,2468,2,49,442,20,0,11,11,0,777777777777,777777777777,777777777777,77,77,77,00000000000,0,000000000,0,0,1,0,0,0,0,0,0,0,8,6,7,6,12,0,49442,5,T,D,Z,A,2,3,C,9,6,S,4,0
6,62075,3,2,12,1,2,4,12,6,0,2,0,6,6,5TBET34106S5,2006,448,2467,60,49,482,34,0,12,12,0,777777777777,777777777777,777777777777,77,77,77,00000000000,0,000000000,0,0,1,0,0,0,0,0,0,0,8,63,7,5,12,0,49482,5,T,B,E,T,3,4,1,0,6,S,5,0
6,62075,4,2,12,1,2,4,12,6,0,2,0,6,6,1HGCG16572A0,2002,474,1861,13,37,32,4,0,11,11,0,777777777777,777777777777,777777777777,77,77,77,00000000000,0,000000000,0,0,1,0,0,0,0,0,0,0,7,6,7,5,12,0,37032,1,H,G,C,G,1,6,5,7,2,A,0,0
6,62075,5,2,12,1,2,4,12,6,0,2,0,6,6,1HGCR2F71FA0,2015,474,1861,13,37,32,4,0,11,11,0,777777777777,777777777777,777777777777,77,77,77,00000000000,0,000000000,0,0,1,0,0,0,0,0,0,0,7,6,7,5,12,0,37032,1,H,G,C,R,2,F,7,1,F,A,0,0
6,62075,6,2,12,1,2,4,12,6,0,2,0,6,6,5TDFZRBH8NS2,2022,448,2213,7,49,403,14,0,11,11,0,777777777777,777777777777,777777777777,77,77,77,00000000000,0,000000000,0,0,1,0,0,0,0,0,0,0,8,61,7,5,12,0,49403,5,T,D,F,Z,R,B,H,8,N,S,2,0
6,62102,2,1,11,28,3,11,33,0,0,2,0,6,6,4JGFB4GB9RB1,2024,449,5886,7,42,423,15,0,12,12,0,777777777777,777777777777,777777777777,77,77,77,00000000000,0,000000000,0,0,1,0,0,0,0,0,0,0,8,82,7,5,12,0,42423,4,J,G,F,B,4,G,B,9,R,B,1,0
6,62138,2,1,3,10,8,25,8,0,0,2,0,6,6,JT5VN94T7M00,1991,448,14263,74,49,471,34,60,11,11,0,777777777777,777777777777,777777777777,77,77,77,00000000000,0,000000000,0,0,1,0,0,0,0,0,0,0,0,6,7,6,12,0,49471,J,T,5,V,N,9,4,T,7,M,0,0,0
6,62142,3,2,6,20,19,15,12,1,1,2,0,6,6,W1N0G8EB6MV3,2021,449,5885,7,42,405,14,0,11,11,0,777777777777,777777777777,777777777777,77,77,77,00000000000,0,000000000,0,0,1,0,0,0,0,0,0,0,0,6,7,5,12,0,42405,W,1,N,0,G,8,E,B,6,M,V,3,0
6,62149,2,1,10,26,15,13,14,0,1,2,0,18,6,2NKHHM7X7FM4,2015,532,2722,11,85,881,63,0,17,17,0,777777777777,777777777777,777777777777,77,77,77,57239039,57,239039,1,96,1,0,0,0,0,0,0,0,8,6,7,6,12,0,85881,2,N,K,H,H,M,7,X,7,F,M,4,0
6,62183,3,2,8,2,18,55,12,6,0,2,0,6,6,JH4KA7637NC0,1992,475,5339,13,54,32,4,0,11,11,0,777777777777,777777777777,777777777777,77,77,77,00000000000,0,000000000,0,0,1,0,0,0,0,0,0,0,0,61,7,5,12,0,54032,J,H,4,K,A,7,6,3,7,N,C,0,0
6,62183,4,2,8,2,18,55,12,6,0,2,0,6,6,5TDZK3DC5BS1,2011,448,2468,2,49,442,20,0,11,11,0,777777777777,777777777777,777777777777,77,77,77,00000000000,0,000000000,0,0,1,0,0,0,0,0,0,0,0,12,7,5,12,0,49442,5,T,D,Z,K,3,D,C,5,B,S,1,0
6,62206,2,1,4,7,5,10,14,0,1,2,0,18,6,3AKJHHDR4RSU,2024,450,2501,66,82,881,66,0,18,18,1,888888888888,777777777777,777777777777,98,77,77,573048083,57,3048083,6,1,1,0,0,0,0,0,0,0,8,7,7,5,12,0,82881,3,A,K,J,H,H,D,R,4,R,S,U,0
6,62244,2,1,10,5,23,49,1,0,0,2,0,6,6,1FTEW1EG5JKE,2018,460,1801,60,12,481,34,0,12,12,0,777777777777,777777777777,777777777777,77,77,77,00000000000,0,000000000,0,0,1,0,0,0,0,0,0,0,7,6,7,6,2,1,12481,1,F,T,E,W,1,E,G,5,J,K,E,0
6,62259,2,1,9,15,12,15,14,0,0,2,0,6,6,1N4AL21EX7N4,2007,478,1904,13,35,47,4,0,11,11,0,777777777777,777777777777,777777777777,77,77,77,00000000000,0,000000000,0,0,1,0,0,0,0,0,0,0,0,61,7,5,12,0,35047,1,N,4,A,L,2,1,E,X,7,N,4,0
6,62259,3,1,9,15,12,15,14,0,1,2,0,6,6,1HGCM66517A0,2007,474,1861,13,37,32,4,0,11,11,0,777777777777,777777777777,777777777777,77,77,77,00000000000,0,000000000,0,0,1,0,0,0,0,0,0,0,0,6,7,6,12,0,37032,1,H,G,C,M,6,6,5,1,7,A,0,1
6,62259,4,1,9,15,12,15,14,0,0,2,0,6,6,1HD1FDV343Y7,2003,3888,8508,81,72,706,80,0,11,11,0,777777777777,777777777777,777777777777,77,77,77,00000000000,0,000000000,0,0,1,0,0,0,0,0,0,0,7,11,7,5,12,0,72706,1,H,D,1,F,D,V,3,4,3,Y,7,0
6,62259,5,1,9,15,12,15,14,0,1,2,0,6,6,1GCVKSEC4GZ2,2016,467,1850,60,20,481,34,0,12,12,0,777777777777,777777777777,777777777777,77,77,77,00000000000,0,000000000,0,0,1,0,0,0,0,0,0,0,7,6,7,5,14,0,20481,1,G,C,V,K,S,E,C,4,G,Z,2,0
6,62298,2,1,12,22,18,37,8,0,0,2,0,6,6,5YJYGDEE1MF2,2021,441,27027,7,29,5,14,0,11,11,0,777777777777,777777777777,777777777777,77,77,77,00000000000,0,000000000,0,0,1,0,0,0,0,0,0,0,7,6,0,5,8,0,29005,5,Y,J,Y,G,D,E,E,1,M,F,2,0
6,62302,2,1,12,18,21,47,8,0,1,2,0,6,6,4T1C11AK8PU1,2023,448,2469,13,49,40,4,0,11,11,0,777777777777,777777777777,777777777777,77,77,77,00000000000,0,000000000,0,0,1,0,0,0,0,0,0,0,0,6,7,6,12,0,49040,4,T,1,C,1,1,A,K,8,P,U,1,0
6,62302,3,1,12,18,21,47,8,0,0,2,0,6,6,4T4BF1FK7CR2,2012,448,2469,13,49,40,4,0,11,11,0,777777777777,777777777777,777777777777,77,77,77,00000000000,0,000000000,0,0,1,0,0,0,0,0,0,0,0,6,7,6,12,0,49040,4,T,4,B,F,1,F,K,7,C,R,2,0
6,62307,2,1,10,7,0,48,14,0,1,2,0,6,6,1N4BL4BV8RN3,2024,478,1904,13,35,47,4,0,11,11,0,777777777777,777777777777,777777777777,77,77,77,00000000000,0,000000000,0,0,1,0,0,0,0,0,0,0,0,6,6,6,12,0,35047,1,N,4,B,L,4,B,V,8,R,N,3,1
6,62317,3,2,3,22,19,50,12,6,0,2,0,6,6,1FTMF1CB1JKF,2018,460,1801,60,12,481,34,0,12,12,0,777777777777,777777777777,777777777777,77,77,77,00000000000,0,000000000,0,0,1,0,0,0,0,0,0,0,0,7,7,5,12,0,12481,1,F,T,M,F,1,C,B,1,J,K,F,0
6,62372,2,1,11,2,2,25,14,0,0,2,0,6,6,3HSDHSNR9EN7,2014,526,2713,66,84,881,66,0,18,18,1,1UYVS2482FU1,777777777777,777777777777,15,77,77,060487805,6,0487805,6,1,1,0,0,0,0,0,0,0,8,6,7,5,12,0,84881,3,H,S,D,H,S,N,R,9,E,N,7,0
6,62424,2,1,10,19,20,44,33,0,0,2,0,6,6,3GCPWDED3LG2,2020,467,1850,60,20,481,34,0,12,12,0,777777777777,777777777777,777777777777,77,77,77,00000000000,0,000000000,0,0,1,0,0,0,0,0,0,0,0,6,7,8,12,0,20481,3,G,C,P,W,D,E,D,3,L,G,2,0
6,62431,2,1,6,14,1,15,14,0,0,2,0,6,6,2HKYF18165H5,2005,474,1864,7,37,421,15,0,11,11,0,777777777777,777777777777,777777777777,77,77,77,00000000000,0,000000000,0,0,1,0,0,0,0,0,0,0,2,6,7,6,12,1,37421,2,H,K,Y,F,1,8,1,6,5,H,5,0
6,62431,3,1,6,14,1,15,14,0,0,2,0,6,6,1GDJC34U97E1,2007,472,1857,63,23,881,61,11,13,13,0,777777777777,777777777777,777777777777,77,77,77,88888888888,88,888888888,1,96,1,0,0,0,0,0,12,0,0,6,7,6,12,0,23881,1,G,D,J,C,3,4,U,9,7,E,1,0
6,62445,2,1,7,19,15,30,14,0,0,2,0,6,6,WBAVB13576KX,2006,452,2764,13,34,34,4,0,11,11,0,777777777777,777777777777,777777777777,77,77,77,00000000000,0,000000000,0,0,1,0,0,0,0,0,0,0,0,61,7,6,12,0,34034,W,B,A,V,B,1,3,5,7,6,K,X,0
6,62445,3,1,7,19,15,30,14,0,0,2,0,6,6,JT5RN75TXG00,1986,448,14263,74,49,471,34,11,11,11,0,777777777777,777777777777,777777777777,77,77,77,00000000000,0,000000000,0,0,1,0,0,0,0,0,0,0,0,98,7,5,8,0,49471,J,T,5,R,N,7,5,T,X,G,0,0,0
6,62447,2,1,9,3,16,39,14,0,1,2,0,6,6,5YJYGDEE7LF0,2020,441,27027,7,29,5,14,0,11,11,0,777777777777,777777777777,777777777777,77,77,77,00000000000,0,000000000,0,0,1,0,0,0,0,0,0,0,8,6,7,6,12,1,29005,5,Y,J,Y,G,D,E,E,7,L,F,0,0
6,62490,2,1,10,4,21,0,8,0,0,2,0,6,6,JTMEB3FV6PD1,2023,448,28070,7,49,402,14,0,11,11,0,777777777777,777777777777,777777777777,77,77,77,00000000000,0,000000000,0,0,1,0,0,0,0,0,0,0,7,62,7,5,12,0,49402,J,T,M,E,B,3,F,V,6,P,D,1,0
6,62518,2,1,10,15,22,50,42,0,0,2,0,6,6,JNKAY21D8TM3,1996,480,5572,13,58,34,4,0,11,11,0,777777777777,777777777777,777777777777,77,77,77,00000000000,0,000000000,0,0,1,0,0,0,0,0,0,0,8,6,7,6,12,0,58034,J,N,K,A,Y,2,1,D,8,T,M,3,0
6,62518,3,1,10,15,22,50,42,0,0,2,0,6,6,1FDKE30G6LHA,1990,460,1818,62,12,850,65,108,13,13,0,777777777777,777777777777,777777777777,77,77,77,88888888888,88,888888888,19,97,1,0,0,0,0,0,0,0,8,12,7,5,12,0,12850,1,F,D,K,E,3,0,G,6,L,H,A,0
6,62518,4,1,10,15,22,50,42,0,0,2,0,6,6,1FMRU15W21LB,2001,460,1799,7,12,422,15,0,12,12,0,777777777777,777777777777,777777777777,77,77,77,00000000000,0,000000000,0,0,1,0,0,0,0,0,0,0,8,81,7,5,12,0,12422,1,F,M,R,U,1,5,W,2,1,L,B,0
6,62554,3,2,11,4,5,51,12,7,0,2,0,6,6,CSS332Z14785,1972,467,11489,60,20,481,39,0,11,11,0,777777777777,777777777777,777777777777,77,77,77,00000000000,0,000000000,0,0,1,0,0,0,0,0,0,0,0,13,7,5,12,0,20481,C,S,S,3,3,2,Z,1,4,7,8,5,0
6,62605,3,3,4,6,7,8,12,7,2,2,0,6,6,JTLZE4FE9EJ0,2014,448,2210,7,67,31,6,0,11,11,0,777777777777,777777777777,777777777777,77,77,77,00000000000,0,000000000,0,0,1,0,0,0,0,0,0,0,0,6,7,6,12,0,67031,J,T,L,Z,E,4,F,E,9,E,J,0,0
6,62606,2,1,4,6,7,2,14,0,0,2,0,6,6,JT8UZ30C1N00,1992,515,2183,3,59,33,2,0,11,11,0,777777777777,777777777777,777777777777,77,77,77,00000000000,0,000000000,0,0,1,0,0,0,0,0,0,0,0,63,7,6,12,0,59033,J,T,8,U,Z,3,0,C,1,N,0,0,0
6,62612,2,1,11,8,10,9,14,0,1,2,0,6,6,3C7WRMAL5FG7,2015,496,13625,74,7,881,61,11,15,15,0,777777777777,777777777777,777777777777,77,77,77,77777777777,77,777777777,88,98,1,0,0,0,0,0,0,0,0,6,4,5,12,0,7881,3,C,7,W,R,M,A,L,5,F,G,7,0
6,62653,2,1,2,2,20,9,8,0,0,2,0,6,6,JTDKB20U6776,2007,448,2209,5,49,46,5,0,11,11,0,777777777777,777777777777,777777777777,77,77,77,00000000000,0,000000000,0,0,1,0,0,0,0,0,0,0,0,9,7,5,12,0,49046,J,T,D,K,B,2,0,U,6,7,7,6,0
6,62655,2,1,3,7,6,18,9,0,0,2,0,6,6,JNKCV51E13M0,2003,480,2305,13,58,37,4,0,11,11,0,777777777777,777777777777,777777777777,77,77,77,00000000000,0,000000000,0,0,1,0,0,0,0,0,0,0,0,98,7,5,12,0,58037,J,N,K,C,V,5,1,E,1,3,M,0,0
6,62664,2,1,7,24,11,28,58,0,1,3,0,6,6,15GGB2719F11,2015,554,2867,16,92,988,52,0,17,18,0,777777777777,777777777777,777777777777,77,77,77,77777777777,77,777777777,21,22,1,0,0,0,0,6,3,0,8,12,7,5,12,0,92988,1,5,G,G,B,2,7,1,9,F,1,1,0
6,62725,4,3,10,10,16,37,12,6,0,2,0,6,6,WDDSJ4EB9KN7,2019,449,2083,3,42,54,4,0,11,11,0,777777777777,777777777777,777777777777,77,77,77,00000000000,0,000000000,0,0,1,0,0,0,0,0,0,0,7,6,7,5,19,0,42054,W,D,D,S,J,4,E,B,9,K,N,7,0
6,62755,2,1,6,18,23,55,44,0,0,3,0,6,6,1C6SRFLT3KN7,2019,496,13620,60,7,482,34,0,12,12,0,777777777777,777777777777,777777777777,77,77,77,00000000000,0,000000000,0,0,1,0,0,0,0,0,0,0,8,12,7,6,12,0,7482,1,C,6,S,R,F,L,T,3,K,N,7,0
6,62755,3,1,6,18,23,55,44,0,0,3,0,6,6,JTMEB3FV0RD1,2024,448,28070,7,49,402,14,0,11,11,0,777777777777,777777777777,777777777777,77,77,77,00000000000,0,000000000,0,0,1,0,0,0,0,0,0,0,8,98,7,6,12,0,49402,J,T,M,E,B,3,F,V,0,R,D,1,0
6,62768,3,2,10,5,20,45,12,1,0,2,0,6,6,4T1BF1FK4EU3,2014,448,2469,13,49,40,4,0,11,11,0,777777777777,777777777777,777777777777,77,77,77,00000000000,0,000000000,0,0,1,0,0,0,0,0,0,0,0,98,7,5,12,0,49040,4,T,1,B,F,1,F,K,4,E,U,3,0
6,62778,2,1,11,10,1,37,14,0,0,2,0,6,6,1FDWF36555EB,2005,460,1806,63,12,881,61,60,13,13,0,777777777777,777777777777,777777777777,77,77,77,06585949,6,585949,1,97,1,0,0,0,0,0,0,0,0,6,7,6,12,0,12881,1,F,D,W,F,3,6,5,5,5,E,B,0
6,62815,2,1,3,28,12,18,14,0,1,2,0,6,6,1FTSX20516EA,2006,460,1805,60,12,481,34,0,12,12,0,777777777777,777777777777,777777777777,77,77,77,00000000000,0,000000000,0,0,1,0,0,0,0,0,0,0,0,6,7,6,12,0,12481,1,F,T,S,X,2,0,5,1,6,E,A,0
6,62822,3,2,12,24,21,5,12,1,0,2,0,6,6,3VWD17AJ3GM3,2016,482,3137,13,30,40,4,0,11,11,0,777777777777,777777777777,777777777777,77,77,77,00000000000,0,000000000,0,0,1,0,0,0,0,0,0,0,0,98,7,5,12,0,30040,3,V,W,D,1,7,A,J,3,G,M,3,0
6,62822,4,2,12,24,21,5,12,1,0,2,0,6,6,3VWD17AJXGM3,2016,482,3137,13,30,40,4,0,11,11,0,777777777777,777777777777,777777777777,77,77,77,00000000000,0,000000000,0,0,1,0,0,0,0,0,0,0,7,98,7,5,12,0,30040,3,V,W,D,1,7,A,J,X,G,M,3,0
6,62861,2,1,10,25,21,43,33,0,0,2,0,6,6,4T1B11HK5KU1,2019,448,2469,13,49,40,4,0,11,11,0,777777777777,777777777777,777777777777,77,77,77,00000000000,0,000000000,0,0,1,0,0,0,0,0,0,0,8,82,7,5,12,0,49040,4,T,1,B,1,1,H,K,5,K,U,1,0
6,62861,3,1,10,25,21,43,33,0,0,2,0,6,6,5PVNV8JVXL5S,2020,514,2168,11,98,806,63,0,17,17,0,777777777777,777777777777,777777777777,77,77,77,88888888888,88,888888888,2,97,1,0,0,0,0,0,0,0,7,6,7,5,14,0,98806,5,P,V,N,V,8,J,V,X,L,5,S,0
6,62868,2,1,9,11,17,45,14,0,0,2,0,6,6,1GCWGAFPXN12,2022,467,1848,95,20,461,21,0,12,12,0,777777777777,777777777777,777777777777,77,77,77,00000000000,0,000000000,0,0,1,0,0,0,0,0,0,0,8,12,7,5,12,0,20461,1,G,C,W,G,A,F,P,X,N,1,2,0
6,62868,3,1,9,11,17,45,14,0,1,3,0,6,6,3TMAZ5CN6LM1,2020,448,2223,60,49,472,34,0,11,11,0,777777777777,777777777777,777777777777,77,77,77,00000000000,0,000000000,0,0,1,0,0,0,0,0,0,0,7,61,7,5,14,0,49472,3,T,M,A,Z,5,C,N,6,L,M,1,0
6,62908,2,1,5,11,2,35,33,0,0,2,0,6,6,1G1ZU64875F3,2005,467,1834,5,20,37,5,0,11,11,0,777777777777,777777777777,777777777777,77,77,77,00000000000,0,000000000,0,0,1,0,0,0,0,0,0,0,7,13,7,5,12,0,20037,1,G,1,Z,U,6,4,8,7,5,F,3,0
6,62909,3,2,7,24,22,38,12,6,0,2,0,6,6,1NXBU40E89Z0,2009,448,2208,13,49,32,4,0,11,11,0,777777777777,777777777777,777777777777,77,77,77,00000000000,0,000000000,0,0,1,0,0,0,0,0,0,0,0,98,2,5,14,0,49032,1,N,X,B,U,4,0,E,8,9,Z,0,0
6,62909,4,2,7,24,22,38,12,6,0,2,0,6,6,4T1BA32K35U5,2005,448,2469,13,49,40,4,0,11,11,0,777777777777,777777777777,777777777777,77,77,77,00000000000,0,000000000,0,0,1,0,0,0,0,0,0,0,0,98,7,5,14,0,49040,4,T,1,B,A,3,2,K,3,5,U,5,0
6,62909,5,2,7,24,22,38,12,6,0,2,0,6,6,1FTPW12577KC,2007,460,1801,60,12,481,34,0,12,12,0,777777777777,777777777777,777777777777,77,77,77,00000000000,0,000000000,0,0,1,0,0,0,0,0,0,0,0,98,7,5,14,0,12481,1,F,T,P,W,1,2,5,7,7,K,C,0
6,62909,6,2,7,24,22,38,12,6,0,2,0,6,6,5YFB4MDE4PP0,2023,448,2208,13,49,32,4,0,11,11,0,777777777777,777777777777,777777777777,77,77,77,00000000000,0,000000000,0,0,1,0,0,0,0,0,0,0,0,98,7,5,14,0,49032,5,Y,F,B,4,M,D,E,4,P,P,0,0
6,62909,7,2,7,24,22,38,12,6,0,2,0,6,6,WBAEV53472KM,2002,452,2777,13,34,34,4,0,11,11,0,777777777777,777777777777,777777777777,77,77,77,00000000000,0,000000000,0,0,1,0,0,0,0,0,0,0,0,12,7,5,14,0,34034,W,B,A,E,V,5,3,4,7,2,K,M,0
6,62909,8,2,7,24,22,38,12,6,0,2,0,6,6,5TFTX4CN3BX0,2011,448,2223,60,49,472,34,0,11,11,0,777777777777,777777777777,777777777777,77,77,77,00000000000,0,000000000,0,0,1,0,0,0,0,0,0,0,0,98,2,5,14,0,49472,5,T,F,T,X,4,C,N,3,B,X,0,0
6,62909,9,2,7,24,22,38,12,6,0,2,0,6,6,ZFB636VP7N6W,2022,496,2050,2,7,444,20,0,11,11,0,777777777777,777777777777,777777777777,77,77,77,00000000000,0,000000000,0,0,1,0,0,0,0,0,0,0,0,98,2,5,14,0,7444,Z,F,B,6,3,6,V,P,7,N,6,W,0
6,62909,10,2,7,24,22,38,12,6,0,2,0,6,6,4T1B11HK3JU5,2018,448,2469,13,49,40,4,0,11,11,0,777777777777,777777777777,777777777777,77,77,77,00000000000,0,000000000,0,0,1,0,0,0,0,0,0,0,0,12,2,5,12,0,49040,4,T,1,B,1,1,H,K,3,J,U,5,0
6,62925,2,1,8,15,12,32,14,0,0,2,0,41,6,1FT7W2B64LEC,2020,460,1805,60,12,481,34,0,12,12,0,777777777777,777777777777,777777777777,77,77,77,00000000000,0,000000000,0,0,1,0,0,0,0,0,0,0,0,61,7,6,12,0,12481,1,F,T,7,W,2,B,6,4,L,E,C,0
6,62928,2,1,8,7,0,47,14,0,2,2,0,6,6,4T1B11HK7JU6,2018,448,2469,13,49,40,4,0,11,11,0,777777777777,777777777777,777777777777,77,77,77,00000000000,0,000000000,0,0,1,0,0,0,0,0,0,0,0,6,7,6,12,0,49040,4,T,1,B,1,1,H,K,7,J,U,6,1
6,62933,2,1,11,20,23,16,33,0,1,2,0,6,6,3VW217AUXFM0,2015,482,3133,5,30,42,5,0,11,11,0,777777777777,777777777777,777777777777,77,77,77,00000000000,0,000000000,0,0,1,0,0,0,0,0,0,0,7,81,7,5,12,0,30042,3,V,W,2,1,7,A,U,X,F,M,0,0
6,62934,2,1,11,21,0,1,38,0,0,2,0,6,6,1NXBR12E5XZ2,1999,448,2208,13,49,32,4,0,11,11,0,777777777777,777777777777,777777777777,77,77,77,00000000000,0,000000000,0,0,1,0,0,0,0,0,0,0,8,63,7,5,12,0,49032,1,N,X,B,R,1,2,E,5,X,Z,2,0
6,62934,3,1,11,21,0,1,38,0,0,2,0,6,6,2GCEC19K5R12,1994,467,10978,60,20,481,34,0,12,12,0,777777777777,777777777777,777777777777,77,77,77,00000000000,0,000000000,0,0,1,0,0,0,0,0,0,0,8,12,7,5,12,0,20481,2,G,C,E,C,1,9,K,5,R,1,2,0
6,62946,2,1,7,7,19,35,9,0,0,2,0,6,6,3C6MRVJG9ME5,2021,496,13629,95,7,463,21,0,12,12,0,777777777777,777777777777,777777777777,77,77,77,00000000000,0,000000000,0,0,1,0,0,0,0,0,0,0,0,98,2,5,12,0,7463,3,C,6,M,R,V,J,G,9,M,E,5,0
6,62946,3,1,7,7,19,35,9,0,0,2,0,6,6,1FTPX14564NC,2004,460,1801,60,12,481,34,0,12,12,0,777777777777,777777777777,777777777777,77,77,77,00000000000,0,000000000,0,0,1,0,0,0,0,0,0,0,0,98,2,5,12,0,12481,1,F,T,P,X,1,4,5,6,4,N,C,0
6,62946,4,1,7,7,19,35,9,0,0,2,0,6,6,1FTPW125X5KC,2005,460,1801,60,12,481,34,0,12,12,0,777777777777,777777777777,777777777777,77,77,77,00000000000,0,000000000,0,0,1,0,0,0,0,0,0,0,0,98,2,5,12,0,12481,1,F,T,P,W,1,2,5,X,5,K,C,0
6,62946,5,1,7,7,19,35,9,0,0,2,0,6,6,1GTEC14M7WZ5,1998,472,1857,60,23,481,34,0,12,12,0,777777777777,777777777777,777777777777,77,77,77,00000000000,0,000000000,0,0,1,0,0,0,0,0,0,0,0,98,2,5,12,0,23481,1,G,T,E,C,1,4,M,7,W,Z,5,0
6,62948,3,2,2,9,21,34,12,1,0,3,0,6,6,5NPEB4AC5EH9,2014,498,2459,13,55,33,4,0,11,11,0,777777777777,777777777777,777777777777,77,77,77,00000000000,0,000000000,0,0,1,0,0,0,0,0,0,0,8,12,7,6,12,0,55033,5,N,P,E,B,4,A,C,5,E,H,9,0
6,62948,4,2,2,9,21,34,12,1,0,3,0,6,6,5YJ3E1EB6KF4,2019,441,17834,13,29,5,4,0,11,11,0,777777777777,777777777777,777777777777,77,77,77,00000000000,0,000000000,0,0,1,0,0,0,0,0,0,0,0,12,8,6,12,0,29005,5,Y,J,3,E,1,E,B,6,K,F,4,0
6,62951,3,3,5,14,22,5,12,1,1,2,0,6,6,2GTEC19T1X15,1999,472,1857,60,23,481,34,0,12,12,0,777777777777,777777777777,777777777777,77,77,77,00000000000,0,000000000,0,0,1,0,0,0,0,0,0,0,8,11,7,5,12,0,23481,2,G,T,E,C,1,9,T,1,X,1,5,0
6,62953,2,1,8,19,22,25,45,0,2,4,0,6,3,3C7WRMFL4NG1,2022,496,13625,63,7,881,61,11,15,15,0,777777777777,777777777777,777777777777,77,77,77,06458613,6,458613,1,97,1,0,0,0,0,0,0,0,2,6,7,6,12,0,7881,3,C,7,W,R,M,F,L,4,N,G,1,0
6,62997,3,2,9,26,23,15,15,0,0,2,0,6,6,KL1TD66618B0,2008,467,1828,5,20,39,5,0,11,11,0,777777777777,777777777777,777777777777,77,77,77,00000000000,0,000000000,0,0,1,0,0,0,0,0,0,0,0,61,7,6,12,0,20039,K,L,1,T,D,6,6,6,1,8,B,0,0
6,63008,3,2,2,3,22,44,12,6,0,2,0,6,6,5YFBURHE5JP7,2018,448,2208,13,49,32,4,0,11,11,0,777777777777,777777777777,777777777777,77,77,77,00000000000,0,000000000,0,0,1,0,0,0,0,0,0,0,0,61,6,5,12,0,49032,5,Y,F,B,U,R,H,E,5,J,P,7,0
6,63008,4,2,2,3,22,44,12,6,0,2,0,6,6,1GCUYEEL0NZ2,2022,467,29076,60,20,481,34,0,12,12,0,777777777777,777777777777,777777777777,77,77,77,00000000000,0,000000000,0,0,1,0,0,0,0,0,0,0,0,12,2,5,14,0,20481,1,G,C,U,Y,E,E,L,0,N,Z,2,0
6,63067,2,1,3,5,3,7,14,0,0,2,0,6,6,1XKAD49X2CJ3,2012,532,2716,66,85,881,66,0,18,18,1,1UYVS2538DU6,777777777777,777777777777,98,77,77,571968016,57,1968016,6,96,1,0,0,0,0,0,0,0,0,98,6,6,12,0,85881,1,X,K,A,D,4,9,X,2,C,J,3,0
6,63106,2,1,6,22,0,22,14,0,0,2,0,6,6,1GNEC13V82R3,2002,467,1852,7,20,421,15,0,12,12,0,777777777777,777777777777,777777777777,77,77,77,00000000000,0,000000000,0,0,1,0,0,0,0,0,0,0,2,6,6,6,12,0,20421,1,G,N,E,C,1,3,V,8,2,R,3,0
6,63106,3,1,6,22,0,22,14,0,0,2,0,6,6,4T1BF28B62U2,2002,448,2465,13,49,43,4,0,11,11,0,777777777777,777777777777,777777777777,77,77,77,00000000000,0,000000000,0,0,1,0,0,0,0,0,0,0,7,6,6,6,14,0,49043,4,T,1,B,F,2,8,B,6,2,U,2,0
6,63106,4,1,6,22,0,22,14,0,0,2,0,6,6,4T1K61AK2PU8,2023,448,2469,13,49,40,4,0,11,11,0,777777777777,777777777777,777777777777,77,77,77,00000000000,0,000000000,0,0,1,0,0,0,0,0,0,0,7,6,6,6,14,0,49040,4,T,1,K,6,1,A,K,2,P,U,8,0
6,63106,5,1,6,22,0,22,14,0,0,2,0,6,6,1FTRF12296KB,2006,460,1801,60,12,481,34,0,12,12,0,777777777777,777777777777,777777777777,77,77,77,00000000000,0,000000000,0,0,1,0,0,0,0,0,0,0,7,6,6,6,14,0,12481,1,F,T,R,F,1,2,2,9,6,K,B,0
6,63106,6,1,6,22,0,22,14,0,0,2,0,6,6,JACDH58V9N79,1992,542,2817,7,38,401,14,0,11,11,0,777777777777,777777777777,777777777777,77,77,77,00000000000,0,000000000,0,0,1,0,0,0,0,0,0,0,7,6,4,5,14,0,38401,J,A,C,D,H,5,8,V,9,N,7,9,0
6,63106,7,1,6,22,0,22,14,0,0,2,0,6,6,JTDKB20U3732,2007,448,2209,5,49,46,5,0,11,11,0,777777777777,777777777777,777777777777,77,77,77,00000000000,0,000000000,0,0,1,0,0,0,0,0,0,0,7,6,4,5,14,0,49046,J,T,D,K,B,2,0,U,3,7,3,2,0
6,63106,8,1,6,22,0,22,14,0,0,2,0,6,6,4T1BE32K12U5,2002,448,2469,13,49,40,4,0,11,11,0,777777777777,777777777777,777777777777,77,77,77,00000000000,0,000000000,0,0,1,0,0,0,0,0,0,0,7,6,4,5,14,0,49040,4,T,1,B,E,3,2,K,1,2,U,5,0
6,63109,3,4,5,22,13,43,8,0,0,2,0,6,6,JF2SJATC3HH5,2017,523,2234,7,48,401,14,0,11,11,0,777777777777,777777777777,777777777777,77,77,77,00000000000,0,000000000,0,0,1,0,0,0,0,0,0,0,9,98,8,5,98,0,48401,J,F,2,S,J,A,T,C,3,H,H,5,0
6,63110,3,2,7,15,0,1,12,6,0,2,0,6,6,5TDKK3DC7BS1,2011,448,2468,2,49,442,20,0,11,11,0,777777777777,777777777777,777777777777,77,77,77,00000000000,0,000000000,0,0,1,0,0,0,0,0,0,0,0,63,7,5,12,0,49442,5,T,D,K,K,3,D,C,7,B,S,1,0
6,63110,4,2,7,15,0,1,12,6,0,2,0,6,6,1FTNE14W78DA,2008,460,1796,95,12,461,21,0,12,12,0,777777777777,777777777777,777777777777,77,77,77,00000000000,0,000000000,0,0,1,0,0,0,0,0,0,0,0,12,7,5,14,0,12461,1,F,T,N,E,1,4,W,7,8,D,A,0
6,63110,5,2,7,15,0,1,12,6,0,2,0,6,6,3C4PDCAB8HT5,2017,476,1939,7,7,27,6,0,11,11,0,777777777777,777777777777,777777777777,77,77,77,00000000000,0,000000000,0,0,1,0,0,0,0,0,0,0,0,61,7,5,14,0,7027,3,C,4,P,D,C,A,B,8,H,T,5,0
6,63110,6,2,7,15,0,1,12,6,0,2,0,6,6,1GCEC19V5YZ3,2000,467,1850,60,20,481,34,0,12,12,0,777777777777,777777777777,777777777777,77,77,77,00000000000,0,000000000,0,0,1,0,0,0,0,0,0,0,0,12,7,5,14,0,20481,1,G,C,E,C,1,9,V,5,Y,Z,3,0
6,63155,2,1,12,18,11,0,14,0,2,2,0,55,6,1FUJGLDR4DSB,2013,450,2501,66,82,881,66,0,18,18,1,888888888888,777777777777,777777777777,98,77,77,573182740,57,3182740,6,1,1,0,0,0,0,0,0,0,0,6,7,6,12,0,82881,1,F,U,J,G,L,D,R,4,D,S,B,0
6,63160,2,1,7,25,12,13,14,0,0,2,0,6,6,5KKHAEBG4DPF,2013,4512,9571,11,98,804,63,66,18,18,1,1UYVS2532J22,777777777777,777777777777,12,77,77,063074991,6,3074991,6,96,1,0,0,0,0,0,0,0,0,6,7,6,12,0,98804,5,K,K,H,A,E,B,G,4,D,P,F,0
6,63164,2,1,7,31,22,43,14,0,0,2,0,6,6,JTHBF30G0250,2002,515,2475,13,59,31,4,0,11,11,0,777777777777,777777777777,777777777777,77,77,77,00000000000,0,000000000,0,0,1,0,0,0,0,0,0,0,0,12,2,5,12,0,59031,J,T,H,B,F,3,0,G,0,2,5,0,0
6,63164,3,1,7,31,22,43,14,0,0,2,0,6,6,4JGBF71E78A3,2008,449,2130,7,42,421,15,0,12,12,0,777777777777,777777777777,777777777777,77,77,77,00000000000,0,000000000,0,0,1,0,0,0,0,0,0,0,0,12,2,5,12,0,42421,4,J,G,B,F,7,1,E,7,8,A,3,0
6,63167,3,2,11,4,14,5,12,7,0,2,0,6,6,1GBEG25KXRF1,1994,467,14462,95,20,461,21,0,12,12,0,777777777777,777777777777,777777777777,77,77,77,00000000000,0,000000000,0,0,1,0,0,0,0,0,0,0,7,10,7,5,12,0,20461,1,G,B,E,G,2,5,K,X,R,F,1,0
6,63180,2,1,7,26,22,1,14,0,0,2,0,6,6,JF2SJABC5JH5,2018,523,2234,7,48,401,14,0,11,11,0,777777777777,777777777777,777777777777,77,77,77,00000000000,0,000000000,0,0,1,0,0,0,0,0,0,0,7,12,7,5,12,0,48401,J,F,2,S,J,A,B,C,5,J,H,5,0
6,63232,2,1,10,27,6,45,14,0,1,2,0,6,6,5XXGN4A78EG3,2014,499,2739,13,63,34,4,0,11,11,0,777777777777,777777777777,777777777777,77,77,77,00000000000,0,000000000,0,0,1,0,0,0,0,0,0,0,0,6,6,6,12,0,63034,5,X,X,G,N,4,A,7,8,E,G,3,1
6,63233,2,1,10,4,10,27,8,0,0,2,0,6,6,SALFT24N48H0,2008,444,2243,7,62,424,15,0,11,11,0,777777777777,777777777777,777777777777,77,77,77,00000000000,0,000000000,0,0,1,0,0,0,0,0,0,0,0,6,7,6,14,0,62424,S,A,L,F,T,2,4,N,4,8,H,0,0
6,63233,3,1,10,4,10,27,8,0,0,2,0,6,6,1N4AL2AP4BN4,2011,478,1904,13,35,47,4,0,11,11,0,777777777777,777777777777,777777777777,77,77,77,00000000000,0,000000000,0,0,1,0,0,0,0,0,0,0,0,6,7,8,12,0,35047,1,N,4,A,L,2,A,P,4,B,N,4,0
6,63253,2,2,9,14,23,20,14,0,0,2,0,6,6,3AKJHHDR8LSL,2020,450,2501,66,82,881,66,0,18,18,1,1UYVS25343G9,777777777777,777777777777,13,77,77,062346100,6,2346100,6,97,1,0,0,0,0,0,0,0,0,6,4,5,12,0,82881,3,A,K,J,H,H,D,R,8,L,S,L,0
6,63287,3,2,9,6,13,49,12,6,0,3,0,6,6,3GNAXHEV9NS2,2022,467,1847,7,20,404,14,0,11,11,0,777777777777,777777777777,777777777777,77,77,77,00000000000,0,000000000,0,0,1,0,0,0,0,0,0,0,7,61,7,6,12,0,20404,3,G,N,A,X,H,E,V,9,N,S,2,0
6,63310,2,1,11,18,14,23,14,0,0,2,0,6,6,3FTNX20F61MA,2001,460,1805,60,12,481,34,0,12,12,0,777777777777,777777777777,777777777777,77,77,77,00000000000,0,000000000,0,0,1,0,0,0,0,0,0,0,8,61,7,6,12,0,12481,3,F,T,N,X,2,0,F,6,1,M,A,0
6,63322,2,2,12,6,22,30,14,0,1,2,0,6,6,3AKJHHDR7LSL,2020,450,2501,66,82,881,66,0,18,18,1,1UYVS2533J32,777777777777,777777777777,13,77,77,573038179,57,3038179,6,1,1,0,0,0,0,0,0,0,0,6,7,5,12,0,82881,3,A,K,J,H,H,D,R,7,L,S,L,0
6,63376,2,1,9,5,19,36,8,0,0,2,0,6,6,1HD1YYK27NB0,2022,3888,29172,94,72,706,80,0,11,11,0,777777777777,777777777777,777777777777,77,77,77,00000000000,0,000000000,0,0,1,0,0,0,0,0,0,0,7,98,7,6,18,0,72706,1,H,D,1,Y,Y,K,2,7,N,B,0,0
6,63385,2,1,10,8,0,56,14,0,0,2,0,6,6,2HNYD18835H5,2005,475,2147,7,54,421,15,0,11,11,0,777777777777,777777777777,777777777777,77,77,77,00000000000,0,000000000,0,0,1,0,0,0,0,0,0,0,8,6,2,5,12,0,54421,2,H,N,Y,D,1,8,8,3,5,H,5,0
6,63411,2,1,9,19,23,51,8,0,0,3,0,99,6,999999999999,9999,448,2208,13,49,32,8,0,11,11,0,777777777777,777777777777,777777777777,77,77,77,00000000000,0,000000000,0,0,1,0,0,0,0,0,0,0,8,61,7,5,12,0,49032,9,9,9,9,9,9,9,9,9,9,9,9,0
6,63419,2,1,9,28,23,14,14,0,2,2,0,6,6,5YFBURHE6GP5,2016,448,2208,13,49,32,4,0,11,11,0,777777777777,777777777777,777777777777,77,77,77,00000000000,0,000000000,0,0,1,0,0,0,0,0,0,0,8,6,7,6,12,0,49032,5,Y,F,B,U,R,H,E,6,G,P,5,2
6,63419,3,1,9,28,23,14,14,0,0,2,0,6,6,1G4PR5SK3C41,2012,468,1823,13,18,25,4,0,11,11,0,777777777777,777777777777,777777777777,77,77,77,00000000000,0,000000000,0,0,1,0,0,0,0,0,0,0,7,6,7,6,14,0,18025,1,G,4,P,R,5,S,K,3,C,4,1,0
6,63419,4,1,9,28,23,14,14,0,0,2,0,6,6,WDDGF4HB6CR2,2012,449,2085,13,42,42,4,0,11,11,0,777777777777,777777777777,777777777777,77,77,77,00000000000,0,000000000,0,0,1,0,0,0,0,0,0,0,7,6,7,6,14,0,42042,W,D,D,G,F,4,H,B,6,C,R,2,0
6,63419,5,1,9,28,23,14,14,0,0,2,0,6,6,5FNYF5H31JB0,2018,474,1864,7,37,421,15,0,11,11,0,777777777777,777777777777,777777777777,77,77,77,00000000000,0,000000000,0,0,1,0,0,0,0,0,0,0,7,6,7,6,14,0,37421,5,F,N,Y,F,5,H,3,1,J,B,0,0
6,63419,6,1,9,28,23,14,14,0,0,2,0,6,6,JTDBT9230711,2007,448,2464,13,49,51,4,0,11,11,0,777777777777,777777777777,777777777777,77,77,77,00000000000,0,000000000,0,0,1,0,0,0,0,0,0,0,7,6,7,6,14,0,49051,J,T,D,B,T,9,2,3,0,7,1,1,0
6,63459,2,1,12,10,6,21,14,0,0,2,0,6,6,1HGCR2F54HA2,2017,474,1861,13,37,32,4,0,11,11,0,777777777777,777777777777,777777777777,77,77,77,00000000000,0,000000000,0,0,1,0,0,0,0,0,0,0,0,6,7,8,12,0,37032,1,H,G,C,R,2,F,5,4,H,A,2,0
6,63459,3,1,12,10,6,21,14,0,0,2,0,6,6,5NPD74LF7HH1,2017,498,2735,13,55,35,4,0,11,11,0,777777777777,777777777777,777777777777,77,77,77,00000000000,0,000000000,0,0,1,0,0,0,0,0,0,0,0,6,7,8,12,0,55035,5,N,P,D,7,4,L,F,7,H,H,1,0
6,63488,2,1,7,15,1,56,14,0,0,2,0,99,6,999999999999,9999,99999,99999,999,99,999,99,0,98,98,0,777777777777,777777777777,777777777777,77,77,77,99999999999,99,999999999,99,99,1,0,0,0,0,99,99,0,7,6,8,5,12,0,99999,9,9,9,9,9,9,9,9,9,9,9,9,0
6,63492,3,2,11,25,1,21,12,6,0,2,0,6,6,5FNRL18944B0,2004,474,1869,2,37,441,20,0,11,11,0,777777777777,777777777777,777777777777,77,77,77,00000000000,0,000000000,0,0,1,0,0,0,0,0,0,0,0,98,2,5,12,0,37441,5,F,N,R,L,1,8,9,4,4,B,0,0
6,63492,4,2,11,25,1,21,12,6,0,2,0,6,6,4T1BE30K45U5,2005,448,2469,13,49,40,4,0,11,11,0,777777777777,777777777777,777777777777,77,77,77,00000000000,0,000000000,0,0,1,0,0,0,0,0,0,0,0,98,4,5,12,0,49040,4,T,1,B,E,3,0,K,4,5,U,5,0
6,63492,5,2,11,25,1,21,12,6,0,2,0,6,6,JTJADCAZ1R50,2024,515,3653,7,59,405,14,0,11,11,0,777777777777,777777777777,777777777777,77,77,77,00000000000,0,000000000,0,0,1,0,0,0,0,0,0,0,0,98,2,5,12,0,59405,J,T,J,A,D,C,A,Z,1,R,5,0,0
6,63513,2,1,12,26,22,30,33,0,0,3,0,6,6,000000000000,2020,5431,14247,126,98,998,92,0,98,98,0,777777777777,777777777777,777777777777,77,77,77,00000000000,0,000000000,0,0,1,0,0,0,0,0,0,0,8,6,7,5,12,0,98998,0,0,0,0,0,0,0,0,0,0,0,0,0
6,63520,3,2,7,6,0,55,12,6,0,3,0,6,6,JHLRE38397C0,2007,474,1865,7,37,402,14,0,11,11,0,777777777777,777777777777,777777777777,77,77,77,00000000000,0,000000000,0,0,1,0,0,0,0,0,0,0,7,12,2,5,12,0,37402,J,H,L,R,E,3,8,3,9,7,C,0,0
6,63527,2,1,12,25,5,5,24,0,2,3,0,6,6,WP1AD2A26GLA,2016,584,7895,7,45,421,15,0,12,12,0,777777777777,777777777777,777777777777,77,77,77,00000000000,0,000000000,0,0,1,0,0,0,0,0,0,0,8,7,6,6,12,0,45421,W,P,1,A,D,2,A,2,6,G,L,A,1
6,63527,3,1,12,25,5,5,24,0,0,3,0,6,6,2C3CDXCT4HH5,2017,476,1895,13,7,24,4,0,11,11,0,777777777777,777777777777,777777777777,77,77,77,00000000000,0,000000000,0,0,1,0,0,0,0,0,0,0,7,81,6,6,12,0,7024,2,C,3,C,D,X,C,T,4,H,H,5,0
6,63527,4,1,12,25,5,5,24,0,0,3,0,48,6,1GCPDAEK8RZ2,2024,467,1850,60,20,481,34,0,12,12,0,777777777777,777777777777,777777777777,77,77,77,00000000000,0,000000000,0,0,1,0,0,0,0,0,0,0,7,13,4,5,12,0,20481,1,G,C,P,D,A,E,K,8,R,Z,2,0
6,63531,4,3,12,29,9,45,12,6,0,2,0,6,6,4T1BG22K11U7,2001,448,2469,13,49,40,4,0,11,11,0,777777777777,777777777777,777777777777,77,77,77,00000000000,0,000000000,0,0,1,0,0,0,0,0,0,0,0,61,2,5,12,0,49040,4,T,1,B,G,2,2,K,1,1,U,7,0
6,63536,3,2,12,30,15,50,12,2,0,3,0,6,6,3KPF24AD8NE4,2022,499,2462,13,63,38,4,0,11,11,0,777777777777,777777777777,777777777777,77,77,77,00000000000,0,000000000,0,0,1,0,0,0,0,0,0,0,0,98,7,5,12,0,63038,3,K,P,F,2,4,A,D,8,N,E,4,0
6,63536,4,2,12,30,15,50,12,2,0,3,0,6,6,3C6UR5FL9HG6,2017,496,13621,60,7,482,34,0,12,12,0,777777777777,777777777777,777777777777,77,77,77,00000000000,0,000000000,0,0,1,0,0,0,0,0,0,0,8,98,7,5,12,0,7482,3,C,6,U,R,5,F,L,9,H,G,6,0
6,63543,3,2,10,13,5,40,12,6,0,2,0,6,6,3GNEK18R6TG1,1996,467,1852,7,20,421,15,0,12,12,0,777777777777,777777777777,777777777777,77,77,77,00000000000,0,000000000,0,0,1,0,0,0,0,0,0,0,8,12,7,6,98,0,20421,3,G,N,E,K,1,8,R,6,T,G,1,0
6,63561,2,1,12,5,7,55,18,0,0,3,0,92,6,1FTSX20505EB,2005,460,1805,60,12,481,34,0,12,12,0,777777777777,777777777777,777777777777,77,77,77,00000000000,0,000000000,0,0,1,0,0,0,0,0,0,0,8,6,4,6,12,0,12481,1,F,T,S,X,2,0,5,0,5,E,B,0
6,63565,2,1,3,28,1,7,44,0,0,2,0,6,6,1FTEF1768VNA,1997,460,1801,60,12,481,34,0,12,12,0,777777777777,777777777777,777777777777,77,77,77,00000000000,0,000000000,0,0,1,0,0,0,0,0,0,0,8,6,6,6,12,0,12481,1,F,T,E,F,1,7,6,8,V,N,A,0
6,63565,3,1,3,28,1,7,44,0,0,2,0,6,6,1B4HS28Z3YF1,2000,476,3508,7,7,402,14,0,12,12,0,777777777777,777777777777,777777777777,77,77,77,00000000000,0,000000000,0,0,1,0,0,0,0,0,0,0,8,6,6,6,14,0,7402,1,B,4,H,S,2,8,Z,3,Y,F,1,0
6,63565,4,1,3,28,1,7,44,0,0,2,0,6,6,3HGGK5H87KM7,2019,474,2127,5,37,39,5,0,11,11,0,777777777777,777777777777,777777777777,77,77,77,00000000000,0,000000000,0,0,1,0,0,0,0,0,0,0,7,1,2,5,14,0,37039,3,H,G,G,K,5,H,8,7,K,M,7,0
6,63618,2,1,10,17,1,5,33,0,0,2,0,47,6,3GTU2WEC7FG2,2015,472,1857,60,23,481,34,0,12,12,0,777777777777,777777777777,777777777777,77,77,77,00000000000,0,000000000,0,0,1,0,0,0,0,0,0,0,7,61,7,5,14,0,23481,3,G,T,U,2,W,E,C,7,F,G,2,0
6,63618,3,1,10,17,1,5,33,0,0,2,0,6,6,5YFS4RCE8LP0,2020,448,2208,13,49,32,4,0,11,11,0,777777777777,777777777777,777777777777,77,77,77,00000000000,0,000000000,0,0,1,0,0,0,0,0,0,0,7,3,7,5,14,0,49032,5,Y,F,S,4,R,C,E,8,L,P,0,0
6,63638,2,1,10,30,7,20,33,0,0,3,0,6,6,19XFB2F96FE2,2015,474,1863,13,37,31,4,0,11,11,0,777777777777,777777777777,777777777777,77,77,77,00000000000,0,000000000,0,0,1,0,0,0,0,0,0,0,8,63,7,5,12,0,37031,1,9,X,F,B,2,F,9,6,F,E,2,0
8,80022,4,3,1,10,8,6,12,6,0,2,0,8,6,KMHDU46D19U6,2009,498,2735,13,55,35,4,0,11,11,0,777777777777,777777777777,777777777777,77,77,77,00000000000,0,000000000,0,0,1,0,0,0,0,0,0,0,0,6,6,6,12,0,55035,K,M,H,D,U,4,6,D,1,9,U,6,0
8,80022,5,3,1,10,8,6,12,6,0,2,0,8,6,5GAKRDEDXCJ4,2012,468,1841,7,18,24,6,0,12,12,0,777777777777,777777777777,777777777777,77,77,77,00000000000,0,000000000,0,0,1,0,0,0,0,0,0,0,7,6,2,5,12,0,18024,5,G,A,K,R,D,E,D,X,C,J,4,0
8,80026,2,1,1,28,10,41,33,0,0,3,0,8,6,1FMEU7EE7AUA,2010,460,1800,7,12,401,14,0,12,12,0,777777777777,777777777777,777777777777,77,77,77,00000000000,0,000000000,0,0,1,0,0,0,0,0,0,0,7,13,2,5,18,0,12401,1,F,M,E,U,7,E,E,7,A,U,A,0
8,80026,3,1,1,28,10,41,33,0,0,3,0,8,6,1FTEW1EG4GKF,2016,460,1801,60,12,481,34,0,12,12,0,777777777777,777777777777,777777777777,77,77,77,00000000000,0,000000000,0,0,1,0,0,0,0,0,0,0,7,5,2,5,18,0,12481,1,F,T,E,W,1,E,G,4,G,K,F,0
8,80043,2,1,2,15,2,24,14,0,0,2,0,8,6,1GBJK79619E1,2009,467,1850,70,20,881,61,60,13,13,0,777777777777,777777777777,777777777777,77,77,77,88888888888,88,888888888,1,97,1,0,0,0,0,0,0,0,8,6,6,6,12,0,20881,1,G,B,J,K,7,9,6,1,9,E,1,0
8,80044,3,2,2,2,23,3,12,6,0,3,0,8,6,WAUD8AF2XKN1,2019,582,3148,13,32,42,4,0,11,11,0,777777777777,777777777777,777777777777,77,77,77,00000000000,0,000000000,0,0,1,0,0,0,0,0,0,0,7,10,2,5,18,0,32042,W,A,U,D,8,A,F,2,X,K,N,1,0
8,80105,3,4,3,16,18,55,12,8,0,2,0,8,6,1FM5K8AR5EGA,2014,460,1800,7,12,401,14,0,12,12,0,777777777777,777777777777,777777777777,77,77,77,00000000000,0,000000000,0,0,1,0,0,0,0,0,0,0,0,61,4,5,12,0,12401,1,F,M,5,K,8,A,R,5,E,G,A,0
8,80117,2,2,3,17,19,15,14,0,0,2,0,8,6,1GNEVKKW2LJ2,2020,467,1853,7,20,423,15,0,12,12,0,777777777777,777777777777,777777777777,77,77,77,00000000000,0,000000000,0,0,1,0,0,0,0,0,0,0,0,62,6,5,12,0,20423,1,G,N,E,V,K,K,W,2,L,J,2,0
8,80117,3,2,3,17,19,15,14,0,0,2,0,8,6,JT2BG28K9X03,1999,448,2469,13,49,40,4,0,11,11,0,777777777777,777777777777,777777777777,77,77,77,00000000000,0,000000000,0,0,1,0,0,0,0,0,0,0,0,61,7,5,12,0,49040,J,T,2,B,G,2,8,K,9,X,0,3,0
8,80117,4,2,3,17,19,15,14,0,0,2,0,8,6,4S4BP61C3773,2007,523,2233,7,48,45,6,0,11,11,0,777777777777,777777777777,777777777777,77,77,77,00000000000,0,000000000,0,0,1,0,0,0,0,0,0,0,0,63,7,5,12,0,48045,4,S,4,B,P,6,1,C,3,7,7,3,0
8,80117,6,2,3,17,19,15,14,0,0,2,0,92,6,WMWXS5C54FT8,2015,456,1862,5,69,54,6,0,11,11,0,777777777777,777777777777,777777777777,77,77,77,00000000000,0,000000000,0,0,1,0,0,0,0,0,0,0,0,6,4,5,12,0,69054,W,M,W,X,S,5,C,5,4,F,T,8,0
8,80155,2,1,4,15,15,6,14,0,0,2,0,8,6,1J8FF57W57D5,2007,483,1946,7,2,1,6,0,11,11,0,777777777777,777777777777,777777777777,77,77,77,00000000000,0,000000000,0,0,1,0,0,0,0,0,0,0,0,12,2,6,12,0,2001,1,J,8,F,F,5,7,W,5,7,D,5,0
8,80180,2,1,5,4,2,13,1,0,2,3,0,16,6,1G1JC5241272,2002,467,8834,13,20,16,4,0,11,11,0,777777777777,777777777777,777777777777,77,77,77,00000000000,0,000000000,0,0,1,0,0,0,0,0,0,0,7,62,4,5,12,0,20016,1,G,1,J,C,5,2,4,1,2,7,2,0
8,80181,2,1,5,16,9,23,14,0,0,2,0,8,6,1XP5DB9XX7N6,2007,495,2046,66,87,881,66,0,18,18,1,1Z9SA42203D0,777777777777,777777777777,18,77,77,573794137,57,3794137,6,2,2,2,1203,3,2,0,0,0,2,6,6,6,12,1,87881,1,X,P,5,D,B,9,X,X,7,N,6,0
8,80188,2,1,5,20,5,25,14,0,0,3,0,8,6,4V4WC9EH1LN2,2020,487,15808,66,51,881,66,0,18,18,1,1PMA34420810,777777777777,777777777777,18,77,77,57171271,57,171271,6,2,1,0,0,0,0,0,0,0,2,4,7,5,12,0,51881,4,V,4,W,C,9,E,H,1,L,N,2,0
8,80197,2,1,5,20,15,55,33,0,0,3,0,8,6,1FD0X5HT3HEE,2017,460,1808,63,12,880,67,60,15,15,0,777777777777,777777777777,777777777777,77,77,77,88888888888,88,888888888,1,97,1,0,0,0,0,0,0,0,7,13,2,5,18,0,12880,1,F,D,0,X,5,H,T,3,H,E,E,0
8,80225,2,1,6,1,2,13,14,0,0,2,0,8,6,2HGFG12689H5,2009,474,1863,3,37,31,2,0,11,11,0,777777777777,777777777777,777777777777,77,77,77,00000000000,0,000000000,0,0,1,0,0,0,0,0,0,0,7,12,4,6,12,0,37031,2,H,G,F,G,1,2,6,8,9,H,5,0
8,80358,2,1,8,4,14,22,14,0,4,3,0,8,6,5TDJW5G17HS1,2017,448,2827,7,49,422,15,0,12,12,0,777777777777,777777777777,777777777777,77,77,77,00000000000,0,000000000,0,0,1,0,0,0,0,0,0,0,0,82,6,6,12,0,49422,5,T,D,J,W,5,G,1,7,H,S,1,0
8,80378,2,1,8,1,10,53,8,0,0,2,0,8,6,JF2SKAMC0NH4,2022,523,2234,7,48,401,14,0,11,11,0,777777777777,777777777777,777777777777,77,77,77,00000000000,0,000000000,0,0,1,0,0,0,0,0,0,0,7,11,2,5,18,0,48401,J,F,2,S,K,A,M,C,0,N,H,4,0
8,80388,2,1,8,23,23,16,59,0,0,3,0,6,6,2C4RC1BG0PR5,2023,477,3628,2,6,443,20,0,12,12,0,777777777777,777777777777,777777777777,77,77,77,00000000000,0,000000000,0,0,1,0,0,0,0,0,0,0,7,63,2,5,18,0,6443,2,C,4,R,C,1,B,G,0,P,R,5,0
8,80388,3,1,8,23,23,16,59,0,0,3,0,8,6,1C4RJYB62RC1,2024,483,1949,7,2,422,15,0,12,12,0,777777777777,777777777777,777777777777,77,77,77,00000000000,0,000000000,0,0,1,0,0,0,0,0,0,0,8,12,6,5,12,0,2422,1,C,4,R,J,Y,B,6,2,R,C,1,0
8,80388,4,1,8,23,23,16,59,0,0,3,0,6,6,2C4RC1L76MR5,2021,477,3628,2,6,443,20,0,12,12,0,777777777777,777777777777,777777777777,77,77,77,00000000000,0,000000000,0,0,1,0,0,0,0,0,0,0,8,12,4,5,12,0,6443,2,C,4,R,C,1,L,7,6,M,R,5,0
8,80392,2,2,8,19,12,52,45,0,1,4,0,8,3,1L06120RCLK9,2020,5431,14247,65,98,998,97,997,13,13,0,777777777777,777777777777,777777777777,77,77,77,88888888888,88,888888888,19,97,1,0,0,0,0,0,0,0,0,6,4,5,12,0,98998,1,L,0,6,1,2,0,R,C,L,K,9,0
8,80424,2,1,9,4,10,38,8,0,0,2,0,8,6,1FD0W4GT6BEC,2011,460,1807,63,12,881,61,11,15,15,0,777777777777,777777777777,777777777777,77,77,77,5792755,57,92755,1,3,1,0,0,0,0,0,0,0,8,6,7,6,12,0,12881,1,F,D,0,W,4,G,T,6,B,E,C,0
8,80457,2,1,9,11,6,30,14,0,0,2,0,8,6,1GNDT13S3225,2002,467,4548,7,20,401,14,0,11,11,0,777777777777,777777777777,777777777777,77,77,77,00000000000,0,000000000,0,0,1,0,0,0,0,0,0,0,7,6,6,6,12,0,20401,1,G,N,D,T,1,3,S,3,2,2,5,0
8,80467,2,1,9,21,21,58,8,0,0,3,0,56,6,5XYKUDA26DG3,2013,499,2769,7,63,402,14,0,11,11,0,777777777777,777777777777,777777777777,77,77,77,00000000000,0,000000000,0,0,1,0,0,0,0,0,0,0,0,81,6,6,12,0,63402,5,X,Y,K,U,D,A,2,6,D,G,3,0
8,80529,2,1,10,18,1,10,14,0,0,2,0,8,6,1GCGG25U3411,2004,467,1848,95,20,461,21,0,12,12,0,777777777777,777777777777,777777777777,77,77,77,00000000000,0,000000000,0,0,1,0,0,0,0,0,0,0,0,61,6,6,12,0,20461,1,G,C,G,G,2,5,U,3,4,1,1,0
8,80529,3,1,10,18,1,10,14,0,2,2,0,8,6,WBA3B9C56DF5,2013,452,1711,13,34,34,4,0,11,11,0,777777777777,777777777777,777777777777,77,77,77,00000000000,0,000000000,0,0,1,0,0,0,0,0,0,0,0,10,4,6,12,0,34034,W,B,A,3,B,9,C,5,6,D,F,5,0
8,80589,2,2,11,27,10,32,14,0,1,2,0,8,6,1C4JJXR62PW7,2023,483,1943,7,2,403,14,0,12,12,0,777777777777,777777777777,777777777777,77,77,77,00000000000,0,000000000,0,0,1,0,0,0,0,0,0,0,0,6,6,6,12,0,2403,1,C,4,J,J,X,R,6,2,P,W,7,0
8,80589,3,2,11,27,10,32,14,0,0,2,0,8,6,4S4BSANC5K32,2019,523,2233,7,48,45,6,0,11,11,0,777777777777,777777777777,777777777777,77,77,77,00000000000,0,000000000,0,0,1,0,0,0,0,0,0,0,7,6,7,6,12,0,48045,4,S,4,B,S,A,N,C,5,K,3,2,0
8,80590,2,1,11,27,10,35,14,0,0,2,0,20,6,1XKYDP9X1NJ4,2022,532,2733,66,85,881,66,0,18,18,0,777777777777,777777777777,777777777777,77,77,77,57315503,57,315503,5,96,1,0,0,0,0,0,0,0,0,6,2,5,12,0,85881,1,X,K,Y,D,P,9,X,1,N,J,4,0
9,90005,2,1,1,6,0,13,8,0,0,2,0,9,6,4JGDA5HB6EA3,2014,449,13819,7,42,401,14,0,12,12,0,777777777777,777777777777,777777777777,77,77,77,00000000000,0,000000000,0,0,1,0,0,0,0,0,0,0,7,8,2,5,8,0,42401,4,J,G,D,A,5,H,B,6,E,A,3,0
9,90005,3,1,1,6,0,13,8,0,0,2,0,9,6,1FT8X3BT9CEB,2012,460,1806,60,12,880,67,0,13,13,0,777777777777,777777777777,777777777777,77,77,77,571659562,57,1659562,1,97,1,0,0,0,0,0,0,0,7,7,2,5,8,0,12880,1,F,T,8,X,3,B,T,9,C,E,B,0
9,90019,1,1,1,15,3,5,24,0,2,2,0,36,6,1NKDL49X8AJ2,2010,532,2719,11,85,881,63,0,18,18,0,777777777777,777777777777,777777777777,77,77,77,572064723,57,2064723,2,3,1,0,0,0,0,0,0,0,8,6,4,6,12,0,85881,1,N,K,D,L,4,9,X,8,A,J,2,0
9,90033,3,2,2,27,14,48,12,1,2,2,0,9,6,KNAGM4A73F55,2015,499,2739,13,63,34,4,0,11,11,0,777777777777,777777777777,777777777777,77,77,77,00000000000,0,000000000,0,0,1,0,0,0,0,0,0,0,8,6,6,6,12,0,63034,K,N,A,G,M,4,A,7,3,F,5,5,0
9,90033,4,2,2,27,14,48,12,1,2,2,0,9,6,4S3BL6160572,2005,523,2232,13,48,34,4,0,11,11,0,777777777777,777777777777,777777777777,77,77,77,00000000000,0,000000000,0,0,1,0,0,0,0,0,0,0,8,6,4,6,12,0,48034,4,S,3,B,L,6,1,6,0,5,7,2,0
9,90063,2,1,4,7,15,50,53,0,0,2,0,9,6,3C3AY75SX5T3,2005,477,3595,1,6,52,1,0,11,11,0,777777777777,777777777777,777777777777,77,77,77,00000000000,0,000000000,0,0,1,0,0,0,0,0,0,0,7,6,2,5,18,0,6052,3,C,3,A,Y,7,5,S,X,5,T,3,0
9,90063,3,1,4,7,15,50,53,0,0,2,0,9,6,1GTH6BEN5J11,2018,472,4093,60,23,472,34,0,11,11,0,777777777777,777777777777,777777777777,77,77,77,00000000000,0,000000000,0,0,1,0,0,0,0,0,0,0,7,6,2,5,18,0,23472,1,G,T,H,6,B,E,N,5,J,1,1,0
9,90079,2,1,5,30,14,37,14,0,0,2,0,9,6,1FM5K8AW3PNA,2023,460,1800,7,12,425,15,0,12,12,0,777777777777,777777777777,777777777777,77,77,77,00000000000,0,000000000,0,0,1,0,0,0,0,0,5,5,0,8,4,6,12,0,12425,1,F,M,5,K,8,A,W,3,P,N,A,0
9,90079,3,1,5,30,14,37,14,0,1,2,0,9,6,3N1CN7AP5FL8,2015,478,1894,13,35,50,4,0,11,11,0,777777777777,777777777777,777777777777,77,77,77,00000000000,0,000000000,0,0,1,0,0,0,0,0,0,0,0,7,4,6,8,0,35050,3,N,1,C,N,7,A,P,5,F,L,8,0
9,90103,2,1,6,29,1,41,33,0,0,3,0,9,6,1FDWF37FX1EC,2001,460,1806,74,12,881,61,11,13,13,0,777777777777,777777777777,777777777777,77,77,77,77777777777,77,777777777,1,97,1,0,0,0,0,0,0,0,8,6,6,5,12,0,12881,1,F,D,W,F,3,7,F,X,1,E,C,0
9,90158,2,1,1,21,20,28,33,0,0,3,0,9,6,1N4AL2AP6CC1,2012,478,1904,13,35,47,4,0,11,11,0,777777777777,777777777777,777777777777,77,77,77,00000000000,0,000000000,0,0,1,0,0,0,0,0,0,0,7,5,4,5,12,0,35047,1,N,4,A,L,2,A,P,6,C,C,1,0
9,90176,2,1,5,19,15,11,14,0,0,2,0,9,6,1GCDL19X22B1,2002,467,8882,95,20,441,20,0,11,11,0,777777777777,777777777777,777777777777,77,77,77,00000000000,0,000000000,0,0,1,0,0,0,0,0,0,0,7,6,2,6,12,0,20441,1,G,C,D,L,1,9,X,2,2,B,1,0
9,90206,1,1,8,29,15,44,59,0,1,2,0,9,6,KL4CJESB9KB8,2019,468,1842,7,18,404,14,0,11,11,0,777777777777,777777777777,777777777777,77,77,77,00000000000,0,000000000,0,0,1,0,0,0,0,0,0,0,8,1,6,6,12,0,18404,K,L,4,C,J,E,S,B,9,K,B,8,0
9,90206,2,1,8,29,15,44,59,0,0,2,0,9,6,1C4HJXDG3MW6,2021,483,1943,7,2,403,14,0,11,11,0,777777777777,777777777777,777777777777,77,77,77,00000000000,0,000000000,0,0,1,0,0,0,0,0,0,0,8,2,2,5,12,0,2403,1,C,4,H,J,X,D,G,3,M,W,6,0
9,90220,2,1,11,8,0,45,14,0,0,2,0,9,6,1C4RJFJG9FC6,2015,483,1949,7,2,422,15,0,12,12,0,777777777777,777777777777,777777777777,77,77,77,00000000000,0,000000000,0,0,1,0,0,0,0,0,0,0,7,8,6,6,12,0,2422,1,C,4,R,J,F,J,G,9,F,C,6,0
9,90223,2,1,12,16,2,23,33,0,1,3,0,9,6,1FM5K8AB2PGB,2023,460,1800,7,12,425,15,0,12,12,0,777777777777,777777777777,777777777777,77,77,77,00000000000,0,000000000,0,0,1,0,0,0,0,0,5,2,8,82,6,6,12,0,12425,1,F,M,5,K,8,A,B,2,P,G,B,0
9,90235,1,1,6,18,3,14,14,0,1,2,0,17,6,1XKYD49X0PJ2,2023,532,2733,66,85,881,66,0,18,18,1,3H3F482K2PJ4,777777777777,777777777777,98,77,77,57003438047,57,003438047,6,3,1,0,0,0,0,0,0,0,2,6,4,6,12,0,85881,1,X,K,Y,D,4,9,X,0,P,J,2,0
9,90238,3,2,7,29,10,12,12,6,0,2,0,9,6,1FMSK8DHXPGA,2023,460,1800,7,12,425,15,0,11,11,0,777777777777,777777777777,777777777777,77,77,77,00000000000,0,000000000,0,0,1,0,0,0,0,0,0,0,8,6,4,5,12,0,12425,1,F,M,S,K,8,D,H,X,P,G,A,0
9,90241,3,2,11,10,2,14,12,6,0,2,0,9,6,4M2DU86E92ZJ,2002,465,1816,7,14,401,14,0,11,11,0,777777777777,777777777777,777777777777,77,77,77,00000000000,0,000000000,0,0,1,0,0,0,0,0,0,0,8,9,6,6,12,0,14401,4,M,2,D,U,8,6,E,9,2,Z,J,0
9,90241,4,2,11,10,2,14,12,6,0,2,0,9,6,2HGFC1F34HH6,2017,474,1863,13,37,31,4,0,11,11,0,777777777777,777777777777,777777777777,77,77,77,00000000000,0,000000000,0,0,1,0,0,0,0,0,0,0,8,10,6,6,12,0,37031,2,H,G,F,C,1,F,3,4,H,H,6,0
9,90244,1,1,6,6,1,17,8,0,0,2,0,9,6,1HGCM66564A0,2004,474,1861,13,37,32,4,0,11,11,0,777777777777,777777777777,777777777777,77,77,77,00000000000,0,000000000,0,0,1,0,0,0,0,0,0,0,8,3,6,6,12,0,37032,1,H,G,C,M,6,6,5,6,4,A,0,0
9,90245,2,1,8,25,19,18,1,0,0,2,0,9,6,1FAHP3FN8AW2,2010,460,1779,13,12,37,4,0,11,11,0,777777777777,777777777777,777777777777,77,77,77,00000000000,0,000000000,0,0,1,0,0,0,0,0,0,0,7,7,2,5,12,0,12037,1,F,A,H,P,3,F,N,8,A,W,2,0
9,90278,2,1,6,12,12,12,8,0,0,4,0,9,4,1M2P267CX1M0,2001,490,9449,11,86,881,63,0,18,18,0,777777777777,777777777777,777777777777,77,77,77,571522802,57,1522802,2,4,1,0,0,0,0,0,0,0,8,61,4,5,12,0,86881,1,M,2,P,2,6,7,C,X,1,M,0,0
9,90278,3,1,6,12,12,12,8,0,0,4,0,9,3,1M2AG11C26M0,2006,490,9455,11,86,881,63,0,18,18,0,777777777777,777777777777,777777777777,77,77,77,571522802,57,1522802,2,4,1,0,0,0,0,0,0,0,0,61,4,5,12,0,86881,1,M,2,A,G,1,1,C,2,6,M,0,0
9,90284,3,2,6,2,18,18,12,6,0,2,0,91,6,888888888888,2014,476,1938,60,7,482,34,0,11,11,0,777777777777,777777777777,777777777777,77,77,77,00000000000,0,000000000,0,0,1,0,0,0,0,0,0,0,7,98,9,9,12,0,7482,8,8,8,8,8,8,8,8,8,8,8,8,0
10,100009,2,1,2,10,22,38,14,0,0,2,0,10,6,3FRNF65C49V1,2009,460,1809,11,12,881,62,997,16,16,0,777777777777,777777777777,777777777777,77,77,77,77777777777,77,777777777,2,3,1,0,0,0,0,0,0,0,2,6,6,6,12,0,12881,3,F,R,N,F,6,5,C,4,9,V,1,0
10,100020,2,1,3,16,2,34,14,0,0,2,0,10,6,1HGCG6675WA0,1998,474,1861,13,37,32,4,0,11,11,0,777777777777,777777777777,777777777777,77,77,77,00000000000,0,000000000,0,0,1,0,0,0,0,0,0,0,8,20,6,6,98,0,37032,1,H,G,C,G,6,6,7,5,W,A,0,0
10,100062,3,2,7,1,15,50,33,0,1,2,0,10,6,1G4HP54K4241,2002,468,8842,13,18,2,4,0,11,11,0,777777777777,777777777777,777777777777,77,77,77,00000000000,0,000000000,0,0,1,0,0,0,0,0,0,0,0,81,6,6,12,0,18002,1,G,4,H,P,5,4,K,4,2,4,1,0
10,100093,2,1,9,27,0,5,53,0,0,3,0,10,6,888888888888,2022,472,1857,60,23,481,34,0,12,12,0,777777777777,777777777777,777777777777,77,77,77,00000000000,0,000000000,0,0,1,0,0,0,0,0,0,0,0,98,7,8,12,0,23481,8,8,8,8,8,8,8,8,8,8,8,8,0
10,100100,2,2,10,12,4,18,14,0,1,2,0,29,6,1FVDCXFE2PHN,2023,450,2499,11,82,898,63,0,17,17,0,777777777777,777777777777,777777777777,77,77,77,572470321,57,2470321,1,1,1,0,0,0,0,0,0,0,2,6,6,6,12,0,82898,1,F,V,D,C,X,F,E,2,P,H,N,0
11,110007,2,1,2,12,1,24,14,0,0,2,0,11,6,3GCNYAEK1NG1,2022,467,29076,60,20,481,34,0,12,12,0,777777777777,777777777777,777777777777,77,77,77,00000000000,0,000000000,0,0,1,0,0,0,0,0,0,0,0,12,6,6,14,0,20481,3,G,C,N,Y,A,E,K,1,N,G,1,0
11,110007,3,1,2,12,1,24,14,0,0,2,0,24,6,JH4KB26649C0,2009,475,1872,13,54,36,4,0,11,11,0,777777777777,777777777777,777777777777,77,77,77,00000000000,0,000000000,0,0,1,0,0,0,0,0,0,0,0,12,6,5,14,0,54036,J,H,4,K,B,2,6,6,4,9,C,0,0
11,110028,2,2,7,28,3,30,14,0,0,2,0,11,6,2G4WD5625513,2005,468,1821,13,18,22,4,0,11,11,0,777777777777,777777777777,777777777777,77,77,77,00000000000,0,000000000,0,0,1,0,0,0,0,0,0,0,0,6,2,5,12,0,18022,2,G,4,W,D,5,6,2,5,5,1,3,0
11,110038,3,2,9,29,3,1,12,6,0,2,0,11,6,3VV2B7AX4JM0,2018,482,8151,7,30,402,14,0,11,11,0,777777777777,777777777777,777777777777,77,77,77,00000000000,0,000000000,0,0,1,0,0,0,0,0,0,0,0,7,4,5,12,0,30402,3,V,V,2,B,7,A,X,4,J,M,0,0
12,120147,2,1,1,12,10,31,14,0,0,2,0,12,6,1C4PJMAK4CW2,2012,483,1944,7,2,405,14,0,11,11,0,777777777777,777777777777,777777777777,77,77,77,00000000000,0,000000000,0,0,1,0,0,0,0,0,0,0,0,6,4,6,12,0,2405,1,C,4,P,J,M,A,K,4,C,W,2,0
12,120148,2,1,1,16,0,2,33,0,0,2,0,12,6,1GCPACED0PZ1,2023,467,1850,60,20,481,34,0,12,12,0,777777777777,777777777777,777777777777,77,77,77,00000000000,0,000000000,0,0,1,0,0,0,0,0,0,0,0,1,6,6,12,0,20481,1,G,C,P,A,C,E,D,0,P,Z,1,0
12,120207,2,1,1,31,9,40,14,0,1,2,0,17,6,4V4NC9EH2RN6,2024,487,1967,66,51,881,66,0,18,18,1,3H3V532C3JR4,777777777777,777777777777,98,77,77,173153249,17,3153249,6,1,1,0,0,0,0,0,0,0,0,6,6,6,12,0,51881,4,V,4,N,C,9,E,H,2,R,N,6,0
12,120224,3,2,1,28,17,46,12,6,0,2,0,12,6,3FADP4EJXJM1,2018,460,3267,5,12,32,5,0,11,11,0,777777777777,777777777777,777777777777,77,77,77,00000000000,0,000000000,0,0,1,0,0,0,0,0,0,0,0,1,2,5,12,0,12032,3,F,A,D,P,4,E,J,X,J,M,1,0
12,120228,3,2,2,2,18,27,12,6,0,2,0,17,6,3GNAXUEG6PS1,2023,467,1847,7,20,404,14,0,11,11,0,777777777777,777777777777,777777777777,77,77,77,00000000000,0,000000000,0,0,1,0,0,0,0,0,0,0,0,6,4,6,12,0,20404,3,G,N,A,X,U,E,G,6,P,S,1,0
12,120276,1,3,2,3,21,4,14,0,0,2,0,12,6,KNAFU6A28C56,2012,499,2462,3,63,38,2,0,11,11,0,777777777777,777777777777,777777777777,77,77,77,00000000000,0,000000000,0,0,1,0,0,0,0,0,0,0,0,5,6,6,12,0,63038,K,N,A,F,U,6,A,2,8,C,5,6,0
12,120276,5,3,2,3,21,4,14,0,0,2,0,12,6,1HD1YWZ1XNB0,2022,3888,27262,94,72,706,80,0,11,11,0,777777777777,777777777777,777777777777,77,77,77,00000000000,0,000000000,0,0,1,0,0,0,0,0,0,0,7,12,4,6,12,0,72706,1,H,D,1,Y,W,Z,1,X,N,B,0,0
12,120301,2,1,2,14,2,37,14,0,0,2,0,12,6,1FTPX14556FA,2006,460,1801,60,12,481,34,0,12,12,0,777777777777,777777777777,777777777777,77,77,77,00000000000,0,000000000,0,0,1,0,0,0,0,0,0,0,0,10,4,5,12,0,12481,1,F,T,P,X,1,4,5,5,6,F,A,0
12,120301,3,1,2,14,2,37,14,0,0,2,0,12,6,5N1AN08W47C5,2007,478,1916,7,35,402,14,0,11,11,0,777777777777,777777777777,777777777777,77,77,77,00000000000,0,000000000,0,0,1,0,0,0,0,0,0,0,7,1,4,5,14,0,35402,5,N,1,A,N,0,8,W,4,7,C,5,0
12,120301,4,1,2,14,2,37,14,0,0,2,0,12,6,1FTPW14594KD,2004,460,1801,60,12,481,34,0,12,12,0,777777777777,777777777777,777777777777,77,77,77,00000000000,0,000000000,0,0,1,0,0,0,0,0,0,0,7,4,4,5,14,0,12481,1,F,T,P,W,1,4,5,9,4,K,D,0
12,120405,2,1,1,14,3,40,14,0,0,2,0,12,6,JKAZX4R13CA0,2012,510,3173,80,73,705,80,0,11,11,0,777777777777,777777777777,777777777777,77,77,77,00000000000,0,000000000,0,0,1,0,0,0,0,0,0,0,7,11,6,6,12,0,73705,J,K,A,Z,X,4,R,1,3,C,A,0,0
12,120484,2,1,3,5,17,28,30,0,0,3,0,12,6,5TFEY5F18EX1,2014,448,2467,60,49,482,34,0,12,12,0,777777777777,777777777777,777777777777,77,77,77,00000000000,0,000000000,0,0,1,0,0,0,0,0,0,0,7,63,2,5,12,0,49482,5,T,F,E,Y,5,F,1,8,E,X,1,0
12,120484,3,1,3,5,17,28,30,0,0,3,0,12,6,JN8AZ2AD4M98,2021,480,1909,7,58,422,15,0,12,12,0,777777777777,777777777777,777777777777,77,77,77,00000000000,0,000000000,0,0,1,0,0,0,0,0,0,0,7,62,2,5,12,0,58422,J,N,8,A,Z,2,A,D,4,M,9,8,0
12,120484,4,1,3,5,17,28,30,0,0,3,0,12,6,5N1DL0MM5HC5,2017,480,1910,8,58,403,14,0,11,11,0,777777777777,777777777777,777777777777,77,77,77,00000000000,0,000000000,0,0,1,0,0,0,0,0,0,0,7,13,2,5,12,0,58403,5,N,1,D,L,0,M,M,5,H,C,5,0
12,120495,2,1,2,26,11,46,14,0,0,2,0,12,6,1GC1CREG1KF2,2019,467,24906,60,20,481,34,0,12,12,0,777777777777,777777777777,777777777777,77,77,77,00000000000,0,000000000,0,0,1,0,0,0,0,0,0,0,0,6,6,6,12,0,20481,1,G,C,1,C,R,E,G,1,K,F,2,0
12,120495,3,1,2,26,11,46,14,0,0,2,0,12,6,1XPCD40X8RD6,2024,495,2788,66,87,881,66,0,18,18,1,1JJF482F91S7,777777777777,777777777777,18,77,77,12165438,12,165438,6,3,1,0,0,0,0,0,0,0,0,6,2,6,12,0,87881,1,X,P,C,D,4,0,X,8,R,D,6,0
12,120522,3,2,2,15,0,41,12,1,0,3,0,12,6,2C3CDZAG1NH2,2022,476,1893,13,7,28,2,0,11,11,0,777777777777,777777777777,777777777777,77,77,77,00000000000,0,000000000,0,0,1,0,0,0,0,0,0,0,7,5,4,5,18,0,7028,2,C,3,C,D,Z,A,G,1,N,H,2,0
12,120522,4,2,2,15,0,41,12,1,0,3,0,12,6,1C4RDJAG5NC2,2022,476,3508,7,7,422,15,0,12,12,0,777777777777,777777777777,777777777777,77,77,77,00000000000,0,000000000,0,0,1,0,0,0,0,0,0,0,7,7,4,5,18,0,7422,1,C,4,R,D,J,A,G,5,N,C,2,0
12,120571,2,1,3,10,5,10,14,0,0,2,0,12,6,KNMAT2MT5KP5,2019,478,1913,7,35,404,14,0,11,11,0,777777777777,777777777777,777777777777,77,77,77,00000000000,0,000000000,0,0,1,0,0,0,0,0,0,0,0,14,6,6,12,0,35404,K,N,M,A,T,2,M,T,5,K,P,5,0
12,120615,2,1,3,16,11,52,14,0,0,2,0,12,6,JTMZK31VX760,2007,448,2217,7,49,402,14,0,11,11,0,777777777777,777777777777,777777777777,77,77,77,00000000000,0,000000000,0,0,1,0,0,0,0,0,0,0,7,9,6,5,12,0,49402,J,T,M,Z,K,3,1,V,X,7,6,0,0
12,120666,3,2,3,15,23,10,12,6,0,2,0,12,6,97HT203239,1950,460,15280,60,12,481,34,0,11,11,0,777777777777,777777777777,777777777777,77,77,77,00000000000,0,000000000,0,0,1,0,0,0,0,0,0,0,7,11,2,5,43,0,12481,9,7,H,T,2,0,3,2,3,9,,,0
12,120677,2,1,3,30,0,52,33,0,0,2,0,12,6,1HGCY2F57PA0,2023,474,1861,13,37,32,4,0,11,11,0,777777777777,777777777777,777777777777,77,77,77,00000000000,0,000000000,0,0,1,0,0,0,0,0,0,0,7,9,2,5,43,0,37032,1,H,G,C,Y,2,F,5,7,P,A,0,0
12,120710,2,1,3,29,2,18,14,0,1,2,0,95,6,3AKJHHDR5RSU,2024,450,2501,66,82,881,66,0,18,18,1,1UYVS2534M62,777777777777,777777777777,11,77,77,13497638,13,497638,6,1,1,0,0,0,0,0,0,0,0,6,4,6,12,0,82881,3,A,K,J,H,H,D,R,5,R,S,U,0
12,120751,2,1,3,12,5,22,14,0,0,2,0,12,6,KMHDN56D76U1,2006,498,2735,5,55,35,5,0,11,11,0,777777777777,777777777777,777777777777,77,77,77,00000000000,0,000000000,0,0,1,0,0,0,0,0,0,0,0,6,6,6,12,0,55035,K,M,H,D,N,5,6,D,7,6,U,1,0
12,120756,2,1,4,2,15,46,14,0,1,3,0,18,6,3HSDZAPR5LN8,2020,526,20852,66,84,881,66,0,18,18,1,1E1H5Y289JR0,777777777777,777777777777,18,77,77,18247350,18,247350,6,3,1,0,0,0,0,0,0,0,0,6,6,6,12,0,84881,3,H,S,D,Z,A,P,R,5,L,N,8,0
12,120763,2,1,3,28,2,55,14,0,1,2,0,51,6,JH4CU26649C0,2009,475,1874,13,54,39,4,0,11,11,0,777777777777,777777777777,777777777777,77,77,77,00000000000,0,000000000,0,0,1,0,0,0,0,0,0,0,0,6,6,6,12,0,54039,J,H,4,C,U,2,6,6,4,9,C,0,1
12,120872,2,2,4,13,17,48,59,0,0,2,0,12,6,1HD4LE217NB4,2022,3888,12593,94,72,706,80,0,11,11,0,777777777777,777777777777,777777777777,77,77,77,00000000000,0,000000000,0,0,1,0,0,0,0,0,0,0,7,12,6,6,12,0,72706,1,H,D,4,L,E,2,1,7,N,B,4,0
12,120906,2,1,4,21,15,7,33,0,0,3,0,12,6,3KPF24AD6LE2,2020,499,2462,13,63,38,4,0,11,11,0,777777777777,777777777777,777777777777,77,77,77,00000000000,0,000000000,0,0,1,0,0,0,0,0,0,0,7,6,4,5,12,0,63038,3,K,P,F,2,4,A,D,6,L,E,2,0
12,120923,2,1,4,20,18,3,14,0,2,3,0,12,6,1C6RR6GT6GS2,2016,496,13620,60,7,482,34,0,12,12,0,777777777777,777777777777,777777777777,77,77,77,00000000000,0,000000000,0,0,1,0,0,0,0,0,0,0,7,6,4,6,12,0,7482,1,C,6,R,R,6,G,T,6,G,S,2,0
12,120962,3,2,4,23,19,54,12,6,0,2,0,12,6,2CNDL63F3761,2007,467,1847,7,20,404,14,0,11,11,0,777777777777,777777777777,777777777777,77,77,77,00000000000,0,000000000,0,0,1,0,0,0,0,0,0,0,0,12,4,5,12,0,20404,2,C,N,D,L,6,3,F,3,7,6,1,0
12,120962,4,2,4,23,19,54,12,6,0,2,0,12,6,2FMPK3J91HBC,2017,460,1797,7,12,24,6,0,11,11,0,777777777777,777777777777,777777777777,77,77,77,00000000000,0,000000000,0,0,1,0,0,0,0,0,0,0,0,12,2,5,12,0,12024,2,F,M,P,K,3,J,9,1,H,B,C,0
12,121038,3,2,5,5,17,5,12,6,0,2,0,12,6,4JGBF7BE8BA7,2011,449,2130,7,42,421,15,0,12,12,0,777777777777,777777777777,777777777777,77,77,77,00000000000,0,000000000,0,0,1,0,0,0,0,0,0,0,0,5,6,5,12,0,42421,4,J,G,B,F,7,B,E,8,B,A,7,0
12,121038,4,2,5,5,17,5,12,6,0,2,0,12,6,1GCEC19T81Z1,2001,467,1850,60,20,481,34,0,12,12,0,777777777777,777777777777,777777777777,77,77,77,00000000000,0,000000000,0,0,1,0,0,0,0,0,0,0,0,5,4,5,12,0,20481,1,G,C,E,C,1,9,T,8,1,Z,1,0
12,121124,2,1,5,23,15,33,8,0,0,2,0,12,6,JTLKE50E2810,2008,448,2210,7,49,49,6,0,11,11,0,777777777777,777777777777,777777777777,77,77,77,00000000000,0,000000000,0,0,1,0,0,0,0,0,0,0,0,9,6,6,12,0,49049,J,T,L,K,E,5,0,E,2,8,1,0,0
12,121242,2,1,5,26,17,48,33,0,0,2,0,12,6,4S4BRCNC7E33,2014,523,2233,7,48,45,6,0,11,11,0,777777777777,777777777777,777777777777,77,77,77,00000000000,0,000000000,0,0,1,0,0,0,0,0,0,0,0,2,6,6,12,0,48045,4,S,4,B,R,C,N,C,7,E,3,3,0
12,121287,3,2,5,23,4,24,12,6,0,3,0,12,6,2B7HB11X9VK5,1997,476,10962,95,7,461,21,0,12,12,0,777777777777,777777777777,777777777777,77,77,77,00000000000,0,000000000,0,0,1,0,0,0,0,0,0,0,0,9,2,5,12,0,7461,2,B,7,H,B,1,1,X,9,V,K,5,0
12,121307,2,1,6,5,17,14,14,0,0,2,0,12,6,1HD1YJJ21KB0,2019,3888,20344,94,72,706,80,0,11,11,0,777777777777,777777777777,777777777777,77,77,77,00000000000,0,000000000,0,0,1,0,0,0,0,0,0,0,7,6,6,6,12,0,72706,1,H,D,1,Y,J,J,2,1,K,B,0,0
12,121340,2,1,6,10,19,52,30,0,0,3,0,12,6,1D7RB1GT3BS6,2011,476,1938,60,7,482,34,0,12,12,0,777777777777,777777777777,777777777777,77,77,77,00000000000,0,000000000,0,0,1,0,0,0,0,0,0,0,0,6,4,6,12,0,7482,1,D,7,R,B,1,G,T,3,B,S,6,0
12,121340,3,1,6,10,19,52,30,0,0,3,0,12,6,1N6AD0ER7BC4,2011,478,1919,60,35,472,34,0,11,11,0,777777777777,777777777777,777777777777,77,77,77,00000000000,0,000000000,0,0,1,0,0,0,0,0,0,0,0,6,6,6,12,0,35472,1,N,6,A,D,0,E,R,7,B,C,4,0
12,121340,4,1,6,10,19,52,30,0,0,3,0,12,6,KNDJX3AA0J75,2018,499,2460,7,63,37,6,0,11,11,0,777777777777,777777777777,777777777777,77,77,77,00000000000,0,000000000,0,0,1,0,0,0,0,0,0,0,7,6,4,6,12,0,63037,K,N,D,J,X,3,A,A,0,J,7,5,0
12,121353,2,1,6,7,3,48,14,0,1,2,0,53,6,1NPXL49X5RD6,2024,495,2794,11,87,881,63,0,18,18,1,1L9L6CV27RL5,777777777777,777777777777,17,77,77,573004942,57,3004942,4,1,1,0,0,0,0,0,0,0,0,6,2,5,12,0,87881,1,N,P,X,L,4,9,X,5,R,D,6,0
12,121363,2,1,6,12,21,8,43,0,0,3,0,12,6,2HGFG4A52FH7,2015,474,1863,3,37,31,2,0,11,11,0,777777777777,777777777777,777777777777,77,77,77,00000000000,0,000000000,0,0,1,0,0,0,0,0,0,0,0,6,6,5,12,0,37031,2,H,G,F,G,4,A,5,2,F,H,7,0
12,121414,2,1,6,18,22,34,45,0,2,4,0,51,3,3BPZXJEX0GF1,2016,495,2045,11,87,882,63,0,18,18,0,777777777777,777777777777,777777777777,77,77,77,57815307,57,815307,1,1,1,0,0,0,0,0,22,0,0,12,4,6,12,0,87882,3,B,P,Z,X,J,E,X,0,G,F,1,0
12,121476,4,3,6,12,19,42,12,6,0,3,0,92,6,1G1AL55F7772,2007,467,4234,13,20,22,4,0,11,11,0,777777777777,777777777777,777777777777,77,77,77,00000000000,0,000000000,0,0,1,0,0,0,0,0,0,0,0,13,6,6,12,0,20022,1,G,1,A,L,5,5,F,7,7,7,2,0
12,121476,5,3,6,12,19,42,12,6,0,3,0,92,6,2C1WU58R9792,2007,467,1833,13,20,2,4,0,11,11,0,777777777777,777777777777,777777777777,77,77,77,00000000000,0,000000000,0,0,1,0,0,0,0,0,0,0,0,13,6,6,12,0,20002,2,C,1,W,U,5,8,R,9,7,9,2,0
12,121476,6,3,6,12,19,42,12,6,0,3,0,92,6,1N4AL21E79N5,2009,478,1904,13,35,47,4,0,11,11,0,777777777777,777777777777,777777777777,77,77,77,00000000000,0,000000000,0,0,1,0,0,0,0,0,0,0,0,5,6,6,12,0,35047,1,N,4,A,L,2,1,E,7,9,N,5,0
12,121501,2,1,6,4,17,45,18,0,0,3,0,12,6,JTJYARBZ0K21,2019,515,3653,7,59,405,14,0,11,11,0,777777777777,777777777777,777777777777,77,77,77,00000000000,0,000000000,0,0,1,0,0,0,0,0,0,0,0,7,2,5,12,0,59405,J,T,J,Y,A,R,B,Z,0,K,2,1,0
12,121503,1,2,7,1,2,13,14,0,0,2,0,12,6,4T1BE46K09U3,2009,448,2469,13,49,40,4,0,11,11,0,777777777777,777777777777,777777777777,77,77,77,00000000000,0,000000000,0,0,1,0,0,0,0,0,0,0,0,11,6,6,12,0,49040,4,T,1,B,E,4,6,K,0,9,U,3,0
12,121503,2,2,7,1,2,13,14,0,0,2,0,12,6,2S3TC52C4161,2001,509,8568,7,53,402,14,0,11,11,0,777777777777,777777777777,777777777777,77,77,77,00000000000,0,000000000,0,0,1,0,0,0,0,0,0,0,0,6,6,6,12,0,53402,2,S,3,T,C,5,2,C,4,1,6,1,0
12,121503,3,2,7,1,2,13,14,0,2,2,0,12,6,3C4PDCAB0CT2,2012,476,1939,7,7,27,6,0,11,11,0,777777777777,777777777777,777777777777,77,77,77,00000000000,0,000000000,0,0,1,0,0,0,0,0,0,0,0,11,6,6,12,0,7027,3,C,4,P,D,C,A,B,0,C,T,2,1
12,121527,2,1,6,30,16,7,14,0,1,2,0,12,6,3AKJGLD58GSG,2016,450,2501,66,82,881,66,0,18,18,1,1RNF53A2XPR0,777777777777,777777777777,18,77,77,572542243,57,2542243,6,3,1,0,0,0,0,0,0,0,0,6,6,5,12,0,82881,3,A,K,J,G,L,D,5,8,G,S,G,0
12,121547,3,2,7,26,18,41,12,6,0,2,0,12,6,JF2GTHSC6PH2,2023,523,13580,7,48,403,14,0,11,11,0,777777777777,777777777777,777777777777,77,77,77,00000000000,0,000000000,0,0,1,0,0,0,0,0,0,0,0,7,2,6,12,0,48403,J,F,2,G,T,H,S,C,6,P,H,2,0
12,121547,4,2,7,26,18,41,12,6,0,2,0,12,6,KMHLN4AJXPU0,2023,498,2735,13,55,35,4,0,11,11,0,777777777777,777777777777,777777777777,77,77,77,00000000000,0,000000000,0,0,1,0,0,0,0,0,0,0,0,6,2,6,12,0,55035,K,M,H,L,N,4,A,J,X,P,U,0,0
12,121550,2,1,7,27,15,56,33,0,0,3,0,12,6,5TBRT34152S2,2002,448,2467,60,49,482,34,0,12,12,0,777777777777,777777777777,777777777777,77,77,77,00000000000,0,000000000,0,0,1,0,0,0,0,0,0,0,0,6,2,6,12,0,49482,5,T,B,R,T,3,4,1,5,2,S,2,0
12,121551,1,1,7,27,0,8,8,0,1,2,0,12,6,19XFC1F92KE0,2019,474,1863,13,37,31,4,0,11,11,0,777777777777,777777777777,777777777777,77,77,77,00000000000,0,000000000,0,0,1,0,0,0,0,0,0,0,0,11,6,6,12,0,37031,1,9,X,F,C,1,F,9,2,K,E,0,0
12,121554,2,1,6,27,13,13,14,0,1,2,0,12,6,1FM5K8AC6MNA,2021,460,1800,7,12,425,15,0,12,12,0,777777777777,777777777777,777777777777,77,77,77,00000000000,0,000000000,0,0,1,0,0,0,0,0,0,0,0,12,6,6,12,0,12425,1,F,M,5,K,8,A,C,6,M,N,A,0
12,121627,2,1,8,6,13,1,8,0,0,3,0,12,6,4T1C11AK0MU5,2021,448,2469,13,49,40,4,0,11,11,0,777777777777,777777777777,777777777777,77,77,77,00000000000,0,000000000,0,0,1,0,0,0,0,0,0,0,0,12,2,5,12,0,49040,4,T,1,C,1,1,A,K,0,M,U,5,0
12,121643,3,2,6,4,21,0,12,6,0,3,0,12,6,5NPD84LF0JH3,2018,498,2735,13,55,35,4,0,11,11,0,777777777777,777777777777,777777777777,77,77,77,00000000000,0,000000000,0,0,1,0,0,0,0,0,0,0,7,6,6,6,12,0,55035,5,N,P,D,8,4,L,F,0,J,H,3,0
12,121723,2,1,5,22,21,34,14,0,1,2,0,12,6,2WKEDDJJ2VK9,1997,4512,11152,66,98,881,66,0,18,18,1,1UYFS2480XA7,777777777777,777777777777,17,77,77,572493724,57,2493724,6,3,1,0,0,0,0,0,0,0,0,6,4,5,12,0,98881,2,W,K,E,D,D,J,J,2,V,K,9,0
12,121776,2,1,8,25,8,9,30,0,0,3,0,12,6,4T1G11AK8MU5,2021,448,2469,13,49,40,4,0,11,11,0,777777777777,777777777777,777777777777,77,77,77,00000000000,0,000000000,0,0,1,0,0,0,0,0,0,0,7,9,2,6,12,0,49040,4,T,1,G,1,1,A,K,8,M,U,5,0
12,121790,2,1,5,6,16,37,8,0,0,3,0,12,6,4T3BA3BB5CU0,2012,448,3005,7,49,53,5,0,11,11,0,777777777777,777777777777,777777777777,77,77,77,00000000000,0,000000000,0,0,1,0,0,0,0,0,0,0,0,11,4,5,12,0,49053,4,T,3,B,A,3,B,B,5,C,U,0,0
12,121809,2,1,9,1,3,3,14,0,0,3,0,12,6,3VWCB7BU4LM0,2020,482,3137,13,30,40,4,0,11,11,0,777777777777,777777777777,777777777777,77,77,77,00000000000,0,000000000,0,0,1,0,0,0,0,0,0,0,0,12,4,5,12,0,30040,3,V,W,C,B,7,B,U,4,L,M,0,0
12,121809,3,1,9,1,3,3,14,0,0,3,0,12,6,5TDZARFHXKS0,2019,448,2213,7,49,403,14,0,11,11,0,777777777777,777777777777,777777777777,77,77,77,00000000000,0,000000000,0,0,1,0,0,0,0,0,0,0,0,11,6,5,12,0,49403,5,T,D,Z,A,R,F,H,X,K,S,0,0
12,121809,4,1,9,1,3,3,14,0,0,3,0,12,6,2T1BR32E63C1,2003,448,2208,13,49,32,4,0,11,11,0,777777777777,777777777777,777777777777,77,77,77,00000000000,0,000000000,0,0,1,0,0,0,0,0,0,0,0,9,4,5,12,0,49032,2,T,1,B,R,3,2,E,6,3,C,1,0
12,121809,5,1,9,1,3,3,14,0,0,3,0,12,6,55SWF4JB0GU1,2016,449,2085,13,42,42,4,0,11,11,0,777777777777,777777777777,777777777777,77,77,77,00000000000,0,000000000,0,0,1,0,0,0,0,0,0,0,7,9,4,5,12,0,42042,5,5,S,W,F,4,J,B,0,G,U,1,0
12,121839,3,2,7,29,3,11,12,1,0,3,0,99,6,2T1BURHE9GC7,2016,448,2208,13,49,32,4,0,11,11,0,777777777777,777777777777,777777777777,77,77,77,00000000000,0,000000000,0,0,1,0,0,0,0,0,0,0,0,6,6,6,12,0,49032,2,T,1,B,U,R,H,E,9,G,C,7,0
12,121850,2,1,9,1,2,36,53,0,0,3,0,12,6,JS3TD03VXR41,1994,509,8572,7,53,402,14,0,11,11,0,777777777777,777777777777,777777777777,77,77,77,00000000000,0,000000000,0,0,1,0,0,0,0,0,0,0,7,9,6,5,12,0,53402,J,S,3,T,D,0,3,V,X,R,4,1,0
12,121850,3,1,9,1,2,36,53,0,0,3,0,12,6,1GCCS19X7W81,1998,467,11483,60,20,471,34,0,11,11,0,777777777777,777777777777,777777777777,77,77,77,00000000000,0,000000000,0,0,1,0,0,0,0,0,0,0,7,12,4,5,12,0,20471,1,G,C,C,S,1,9,X,7,W,8,1,0
12,121863,2,2,8,18,22,11,14,0,0,2,0,36,6,1HGCV1F3XLA1,2020,474,1861,13,37,32,4,0,11,11,0,777777777777,777777777777,777777777777,77,77,77,00000000000,0,000000000,0,0,1,0,0,0,0,0,0,0,0,10,6,6,12,0,37032,1,H,G,C,V,1,F,3,X,L,A,1,0
12,121876,2,1,8,23,9,0,30,0,1,2,0,12,6,1N6ED1EJ6RN6,2024,478,1919,60,35,472,34,0,12,12,0,777777777777,777777777777,777777777777,77,77,77,00000000000,0,000000000,0,0,1,0,0,0,0,0,0,0,0,6,6,6,12,0,35472,1,N,6,E,D,1,E,J,6,R,N,6,0
12,121876,3,1,8,23,9,0,30,0,0,2,0,12,6,KNMAT2MT4FP5,2015,478,1913,8,35,51,6,0,11,11,0,777777777777,777777777777,777777777777,77,77,77,00000000000,0,000000000,0,0,1,0,0,0,0,0,0,0,0,12,6,6,12,0,35051,K,N,M,A,T,2,M,T,4,F,P,5,0
12,121876,4,1,8,23,9,0,30,0,0,2,0,18,6,1GTW7AFG1L17,2020,472,1856,95,23,461,21,0,12,12,0,777777777777,777777777777,777777777777,77,77,77,00000000000,0,000000000,0,0,1,0,0,0,0,0,0,0,0,6,6,6,12,0,23461,1,G,T,W,7,A,F,G,1,L,1,7,0
12,121956,1,1,8,30,3,25,14,0,0,2,0,12,6,2HGFA1F6XAH5,2010,474,1863,13,37,31,4,0,11,11,0,777777777777,777777777777,777777777777,77,77,77,00000000000,0,000000000,0,0,1,0,0,0,0,0,0,0,0,12,6,6,12,0,37031,2,H,G,F,A,1,F,6,X,A,H,5,0
12,121966,2,1,9,15,0,52,14,0,0,3,0,12,6,1FDXE40SXXHA,1999,460,1819,62,12,870,61,9,14,14,0,777777777777,777777777777,777777777777,77,77,77,88888888888,88,888888888,20,22,1,0,0,0,0,0,0,0,0,1,6,6,14,0,12870,1,F,D,X,E,4,0,S,X,X,H,A,0
12,121966,3,1,9,15,0,52,14,0,0,3,0,12,6,2B7LB31Z72K1,2002,476,10962,95,7,461,21,0,12,12,0,777777777777,777777777777,777777777777,77,77,77,00000000000,0,000000000,0,0,1,0,0,0,0,0,0,0,0,1,2,5,12,0,7461,2,B,7,L,B,3,1,Z,7,2,K,1,0
12,121977,2,1,9,13,10,9,38,0,0,3,0,12,6,3FA6P0HD8JR2,2018,460,1780,13,12,23,4,0,11,11,0,777777777777,777777777777,777777777777,77,77,77,00000000000,0,000000000,0,0,1,0,0,0,0,0,0,0,0,5,6,6,12,0,12023,3,F,A,6,P,0,H,D,8,J,R,2,0
12,121977,3,1,9,13,10,9,38,0,0,3,0,12,6,JM3KFBCM7R03,2024,473,2369,7,41,403,14,0,11,11,0,777777777777,777777777777,777777777777,77,77,77,00000000000,0,000000000,0,0,1,0,0,0,0,0,0,0,7,12,4,5,12,0,41403,J,M,3,K,F,B,C,M,7,R,0,3,0
12,122005,2,1,9,12,18,29,14,0,0,2,0,12,6,2GB2CREG5K11,2019,467,24906,70,20,481,34,60,12,12,0,777777777777,777777777777,777777777777,77,77,77,00000000000,0,000000000,0,0,1,0,0,0,0,0,0,0,0,6,6,6,12,0,20481,2,G,B,2,C,R,E,G,5,K,1,1,0
12,122005,3,1,9,12,18,29,14,0,1,2,0,12,6,2C3CDXAT0KH7,2019,476,1895,13,7,24,4,0,11,11,0,777777777777,777777777777,777777777777,77,77,77,00000000000,0,000000000,0,0,1,0,0,0,0,0,5,0,0,6,6,6,12,0,7024,2,C,3,C,D,X,A,T,0,K,H,7,0
12,122071,2,1,9,25,23,29,33,0,0,2,0,39,6,5XXG64J2XNG1,2022,499,27527,13,63,398,4,0,11,11,0,777777777777,777777777777,777777777777,77,77,77,00000000000,0,000000000,0,0,1,0,0,0,0,0,0,0,7,12,2,5,12,0,63398,5,X,X,G,6,4,J,2,X,N,G,1,0
12,122071,3,1,9,25,23,29,33,0,0,2,0,13,6,2G1WA5E37C11,2012,467,1833,13,20,2,4,0,11,11,0,777777777777,777777777777,777777777777,77,77,77,00000000000,0,000000000,0,0,1,0,0,0,0,0,0,0,7,12,2,5,12,0,20002,2,G,1,W,A,5,E,3,7,C,1,1,0
12,122071,4,1,9,25,23,29,33,0,0,2,0,8,6,1C6RR7NT1DS6,2013,496,13620,60,7,482,34,0,12,12,0,777777777777,777777777777,777777777777,77,77,77,00000000000,0,000000000,0,0,1,0,0,0,0,0,0,0,7,12,2,5,12,0,7482,1,C,6,R,R,7,N,T,1,D,S,6,0
12,122071,5,1,9,25,23,29,33,0,0,2,0,37,6,5N1DR2MN4JC6,2018,478,1911,8,35,401,14,0,11,11,0,777777777777,777777777777,777777777777,77,77,77,00000000000,0,000000000,0,0,1,0,0,0,0,0,0,0,7,12,2,5,12,0,35401,5,N,1,D,R,2,M,N,4,J,C,6,0
12,122071,6,1,9,25,23,29,33,0,0,2,0,24,6,SALVP2BG4FH0,2015,444,2244,7,62,404,14,0,11,11,0,777777777777,777777777777,777777777777,77,77,77,00000000000,0,000000000,0,0,1,0,0,0,0,0,0,0,7,12,2,5,12,0,62404,S,A,L,V,P,2,B,G,4,F,H,0,0
12,122086,2,1,10,8,0,0,14,0,1,2,0,18,6,3AKJHHDR4NSN,2022,450,2501,66,82,881,66,0,18,18,1,IGR1A0620SW7,777777777777,777777777777,98,77,77,1854283,18,54283,6,1,1,0,0,0,0,0,0,0,2,6,0,5,12,0,82881,3,A,K,J,H,H,D,R,4,N,S,N,0
12,122089,2,1,10,10,5,51,8,0,0,2,0,12,6,1FT7X2B69JEC,2018,460,1805,60,12,481,34,0,12,12,0,777777777777,777777777777,777777777777,77,77,77,00000000000,0,000000000,0,0,1,0,0,0,0,0,0,0,0,7,2,6,12,0,12481,1,F,T,7,X,2,B,6,9,J,E,C,0
12,122202,2,1,10,23,8,18,14,0,0,3,0,12,6,1C6RD6LT1CS1,2012,476,1938,60,7,482,34,0,12,12,0,777777777777,777777777777,777777777777,77,77,77,00000000000,0,000000000,0,0,1,0,0,0,0,0,0,0,0,6,4,5,12,0,7482,1,C,6,R,D,6,L,T,1,C,S,1,0
12,122202,3,1,10,23,8,18,14,0,0,3,0,12,6,1G4HD57247U1,2007,468,4267,13,18,23,4,0,11,11,0,777777777777,777777777777,777777777777,77,77,77,00000000000,0,000000000,0,0,1,0,0,0,0,0,0,0,0,6,2,5,12,0,18023,1,G,4,H,D,5,7,2,4,7,U,1,0
12,122202,4,1,10,23,8,18,14,0,0,3,0,12,6,1GCNKPEX8BZ2,2011,467,1850,60,20,481,34,0,12,12,0,777777777777,777777777777,777777777777,77,77,77,00000000000,0,000000000,0,0,1,0,0,0,0,0,0,0,0,6,6,6,12,0,20481,1,G,C,N,K,P,E,X,8,B,Z,2,0
12,122202,5,1,10,23,8,18,14,0,1,3,0,12,6,5TFLA5AB6RX0,2024,448,2467,60,49,482,34,0,12,12,0,777777777777,777777777777,777777777777,77,77,77,00000000000,0,000000000,0,0,1,0,0,0,0,0,0,0,0,6,4,6,12,0,49482,5,T,F,L,A,5,A,B,6,R,X,0,1
12,122225,1,1,10,18,0,55,14,0,0,2,0,12,6,3GNAL3E53CS6,2012,467,1846,7,20,405,14,0,11,11,0,777777777777,777777777777,777777777777,77,77,77,00000000000,0,000000000,0,0,1,0,0,0,0,0,0,0,0,6,6,6,12,0,20405,3,G,N,A,L,3,E,5,3,C,S,6,0
12,122241,2,1,10,28,15,5,33,0,0,3,0,12,6,KM8J33AL4LU1,2020,498,2058,7,55,402,14,0,11,11,0,777777777777,777777777777,777777777777,77,77,77,00000000000,0,000000000,0,0,1,0,0,0,0,0,0,0,0,3,2,6,14,0,55402,K,M,8,J,3,3,A,L,4,L,U,1,0
12,122241,3,1,10,28,15,5,33,0,2,3,0,12,6,JT3VN29V0S00,1995,448,2216,7,49,401,14,0,11,11,0,777777777777,777777777777,777777777777,77,77,77,00000000000,0,000000000,0,0,1,0,0,0,0,0,0,0,0,12,6,6,14,0,49401,J,T,3,V,N,2,9,V,0,S,0,0,0
12,122252,3,2,10,25,2,10,12,6,0,2,0,12,6,1HGCM56445A1,2005,474,1861,13,37,32,4,0,11,11,0,777777777777,777777777777,777777777777,77,77,77,00000000000,0,000000000,0,0,1,0,0,0,0,0,0,0,0,6,4,6,12,0,37032,1,H,G,C,M,5,6,4,4,5,A,1,0
12,122340,2,1,11,8,8,7,8,0,0,3,0,12,6,5LMJJ2LT3LEL,2020,464,1814,7,13,421,15,0,12,12,0,777777777777,777777777777,777777777777,77,77,77,00000000000,0,000000000,0,0,1,0,0,0,0,0,0,0,0,8,4,5,8,0,13421,5,L,M,J,J,2,L,T,3,L,E,L,0
12,122347,2,1,11,9,23,8,14,0,0,2,0,12,6,2T1BR32E44C2,2004,448,2208,13,49,32,4,0,11,11,0,777777777777,777777777777,777777777777,77,77,77,00000000000,0,000000000,0,0,1,0,0,0,0,0,0,0,0,6,6,6,12,0,49032,2,T,1,B,R,3,2,E,4,4,C,2,0
12,122411,4,3,9,30,13,0,12,1,0,3,0,5,6,1GDG6H1J9RJ5,1994,472,14021,74,23,881,62,11,16,16,1,999999999999,777777777777,777777777777,99,77,77,0582876,5,82876,4,97,1,0,0,0,0,0,0,0,0,12,6,6,12,0,23881,1,G,D,G,6,H,1,J,9,R,J,5,0
12,122512,3,2,11,26,3,28,24,0,0,3,0,12,6,2G1WW12E5Y93,2000,467,4773,3,20,36,2,0,11,11,0,777777777777,777777777777,777777777777,77,77,77,00000000000,0,000000000,0,0,1,0,0,0,0,0,0,0,7,7,2,5,12,0,20036,2,G,1,W,W,1,2,E,5,Y,9,3,0
12,122573,1,1,12,2,18,7,8,0,0,2,0,12,6,WBAEU33494PR,2004,452,2765,13,34,34,4,0,11,11,0,777777777777,777777777777,777777777777,77,77,77,00000000000,0,000000000,0,0,1,0,0,0,0,0,0,0,0,9,2,6,12,0,34034,W,B,A,E,U,3,3,4,9,4,P,R,0
12,122646,4,3,11,8,5,27,8,0,0,2,0,12,6,1D7HA18D73S3,2003,476,1938,60,7,482,34,0,12,12,0,777777777777,777777777777,777777777777,77,77,77,00000000000,0,000000000,0,0,1,0,0,0,0,0,0,0,0,6,6,6,12,0,7482,1,D,7,H,A,1,8,D,7,3,S,3,0
12,122649,2,1,11,9,3,40,14,0,0,2,0,24,6,1FT7X2A66MED,2021,460,1805,60,12,481,34,0,12,12,0,777777777777,777777777777,777777777777,77,77,77,00000000000,0,000000000,0,0,1,0,0,0,0,0,0,0,0,5,6,6,12,0,12481,1,F,T,7,X,2,A,6,6,M,E,D,0
12,122649,3,1,11,9,3,40,14,0,0,2,0,40,6,2C3CDXHG1NH2,2022,476,1895,13,7,24,4,0,11,11,0,777777777777,777777777777,777777777777,77,77,77,00000000000,0,000000000,0,0,1,0,0,0,0,0,0,0,0,6,6,6,8,0,7024,2,C,3,C,D,X,H,G,1,N,H,2,0
12,122690,2,1,11,21,9,14,14,0,0,2,0,12,6,1HD1FMP12PB6,2023,3888,12627,125,72,706,80,0,11,11,0,777777777777,777777777777,777777777777,77,77,77,00000000000,0,000000000,0,0,1,0,0,0,0,0,5,0,7,6,6,6,12,0,72706,1,H,D,1,F,M,P,1,2,P,B,6,0
12,122690,3,1,11,21,9,14,14,0,0,2,0,12,6,1HD1FMP18LB6,2020,3888,12627,82,72,706,80,0,11,11,0,777777777777,777777777777,777777777777,77,77,77,00000000000,0,000000000,0,0,1,0,0,0,0,0,5,0,7,6,6,6,12,0,72706,1,H,D,1,F,M,P,1,8,L,B,6,0
12,122690,4,1,11,21,9,14,14,0,0,2,0,12,6,1HD1FMP10MB6,2021,3888,12627,82,72,706,80,0,11,11,0,777777777777,777777777777,777777777777,77,77,77,00000000000,0,000000000,0,0,1,0,0,0,0,0,5,0,7,6,6,6,12,0,72706,1,H,D,1,F,M,P,1,0,M,B,6,0
12,122708,2,2,12,8,22,30,30,0,0,3,0,12,6,KNMAT2MT1GP6,2016,478,1913,8,35,51,6,0,11,11,0,777777777777,777777777777,777777777777,77,77,77,00000000000,0,000000000,0,0,1,0,0,0,0,0,0,0,0,6,2,5,12,0,35051,K,N,M,A,T,2,M,T,1,G,P,6,0
12,122708,3,2,12,8,22,30,30,0,0,3,0,12,6,1HGCY2F72RA0,2024,474,1861,13,37,32,4,0,11,12,0,777777777777,777777777777,777777777777,77,77,77,00000000000,0,000000000,0,0,1,0,0,0,0,0,0,0,0,6,4,5,12,0,37032,1,H,G,C,Y,2,F,7,2,R,A,0,0
12,122775,2,1,12,21,3,30,14,0,0,2,0,12,6,1GC1CUEGXJF1,2018,467,1850,60,20,481,34,0,12,12,0,777777777777,777777777777,777777777777,77,77,77,00000000000,0,000000000,0,0,1,0,0,0,0,0,0,0,0,6,6,6,12,0,20481,1,G,C,1,C,U,E,G,X,J,F,1,0
12,122775,3,1,12,21,3,30,14,0,1,2,0,12,6,1FM5K8AW7MNA,2021,460,1800,7,12,425,15,0,12,12,0,777777777777,777777777777,777777777777,77,77,77,00000000000,0,000000000,0,0,1,0,0,0,0,0,5,5,0,6,6,6,12,0,12425,1,F,M,5,K,8,A,W,7,M,N,A,0
12,122775,4,1,12,21,3,30,14,0,0,2,0,12,6,5YFVPMAE5MP2,2021,448,2208,13,49,32,4,0,11,11,0,777777777777,777777777777,777777777777,77,77,77,00000000000,0,000000000,0,0,1,0,0,0,0,0,0,0,0,6,6,6,12,0,49032,5,Y,F,V,P,M,A,E,5,M,P,2,0
12,122788,2,1,12,19,21,22,14,0,0,3,0,12,6,4TARN93P1RZ1,1994,448,14263,60,49,471,34,0,11,11,0,777777777777,777777777777,777777777777,77,77,77,00000000000,0,000000000,0,0,1,0,0,0,0,0,0,0,0,6,6,6,12,0,49471,4,T,A,R,N,9,3,P,1,R,Z,1,0
12,122792,2,1,12,16,0,46,14,0,1,3,0,12,6,4F4DR17X6RTN,1994,473,2741,60,41,471,34,0,11,11,0,777777777777,777777777777,777777777777,77,77,77,00000000000,0,000000000,0,0,1,0,0,0,0,0,0,0,7,12,2,5,12,0,41471,4,F,4,D,R,1,7,X,6,R,T,N,0
12,122881,2,1,12,31,18,30,59,0,0,2,0,12,6,1FTRX12W15NA,2005,460,1801,60,12,481,34,0,12,12,0,777777777777,777777777777,777777777777,77,77,77,00000000000,0,000000000,0,0,1,0,0,0,0,0,0,0,7,6,2,5,12,0,12481,1,F,T,R,X,1,2,W,1,5,N,A,0
12,122898,2,1,11,19,0,55,38,0,0,3,0,12,6,JHMGD38637S0,2007,474,2127,5,37,39,5,0,11,11,0,777777777777,777777777777,777777777777,77,77,77,00000000000,0,000000000,0,0,1,0,0,0,0,0,0,0,0,6,6,6,12,0,37039,J,H,M,G,D,3,8,6,3,7,S,0,0
12,122936,1,1,12,12,1,54,14,0,2,2,0,40,6,1N4BL4DV9RN4,2024,478,1904,13,35,47,4,0,11,11,0,777777777777,777777777777,777777777777,77,77,77,00000000000,0,000000000,0,0,1,0,0,0,0,0,0,0,0,6,6,6,12,0,35047,1,N,4,B,L,4,D,V,9,R,N,4,2
12,122945,3,2,12,6,22,17,12,1,2,2,0,12,6,3GTPHCEK3NG5,2022,472,1857,60,23,481,34,0,12,12,0,777777777777,777777777777,777777777777,77,77,77,00000000000,0,000000000,0,0,1,0,0,0,0,0,0,0,7,6,4,6,12,0,23481,3,G,T,P,H,C,E,K,3,N,G,5,0
12,122954,3,2,11,18,20,26,12,1,2,2,0,12,6,1FMCU0F64NUA,2022,460,1798,7,12,402,14,0,11,11,0,777777777777,777777777777,777777777777,77,77,77,00000000000,0,000000000,0,0,1,0,0,0,0,0,0,0,0,6,6,6,12,0,12402,1,F,M,C,U,0,F,6,4,N,U,A,1
12,122954,4,2,11,18,20,26,12,1,0,2,0,12,6,3C6MR4AJ1NG2,2022,496,13621,60,7,482,34,0,12,12,0,777777777777,777777777777,777777777777,77,77,77,00000000000,0,000000000,0,0,1,0,0,0,0,0,0,0,0,6,2,5,12,0,7482,3,C,6,M,R,4,A,J,1,N,G,2,0
12,122966,2,1,5,17,9,10,14,0,0,2,0,12,6,3GTP1PEC0HG2,2017,472,1857,60,23,481,34,0,12,12,0,777777777777,777777777777,777777777777,77,77,77,00000000000,0,000000000,0,0,1,0,0,0,0,0,0,0,0,83,4,5,12,0,23481,3,G,T,P,1,P,E,C,0,H,G,2,0
12,122986,2,1,8,17,1,29,33,0,0,2,0,12,6,3N1CP5CVXRL4,2024,478,22791,5,35,56,5,0,11,11,0,777777777777,777777777777,777777777777,77,77,77,00000000000,0,000000000,0,0,1,0,0,0,0,0,0,0,0,12,4,5,12,0,35056,3,N,1,C,P,5,C,V,X,R,L,4,0
12,122998,2,1,10,14,14,10,14,0,0,2,0,12,6,1GCHC23U85F9,2005,467,1850,60,20,481,34,0,12,12,1,4T91U1820LE3,777777777777,777777777777,98,77,77,00000000000,0,000000000,0,0,1,0,0,0,0,0,0,0,0,6,0,5,12,0,20481,1,G,C,H,C,2,3,U,8,5,F,9,0
13,130002,2,1,1,2,2,50,14,0,1,2,0,6,6,4V4NC9EH4RN6,2024,487,1967,66,51,881,66,0,18,18,1,888888888888,777777777777,777777777777,98,77,77,573091160,57,3091160,6,1,1,0,0,0,0,0,0,0,2,6,4,6,12,0,51881,4,V,4,N,C,9,E,H,4,R,N,6,0
13,130021,2,2,1,8,19,48,45,0,1,4,0,13,3,1HSMMAAN33H5,2003,526,9529,66,84,881,66,0,17,17,0,777777777777,777777777777,777777777777,77,77,77,571122780,57,1122780,88,4,1,0,0,0,0,0,22,0,8,6,6,6,12,0,84881,1,H,S,M,M,A,A,N,3,3,H,5,0
13,130059,2,1,1,22,22,22,14,0,1,2,0,26,6,3C7WRNDL5NG1,2022,496,13625,63,7,881,61,60,15,15,1,888888888888,777777777777,777777777777,98,77,77,26000736977,26,000736977,4,3,1,0,0,0,0,0,0,0,2,6,6,6,12,0,7881,3,C,7,W,R,N,D,L,5,N,G,1,0
13,130127,2,1,2,12,11,55,14,0,0,2,0,18,6,1XKZD40X1HJ1,2017,532,2734,66,85,881,66,0,18,18,0,777777777777,777777777777,777777777777,77,77,77,57920564,57,920564,5,96,1,0,0,0,0,0,0,0,0,6,4,6,12,0,85881,1,X,K,Z,D,4,0,X,1,H,J,1,0
13,130131,2,1,2,12,23,52,32,0,0,3,0,13,6,5NPDH4AE3DH3,2013,498,2735,13,55,35,4,0,11,11,0,777777777777,777777777777,777777777777,77,77,77,00000000000,0,000000000,0,0,1,0,0,0,0,0,0,0,7,13,4,5,12,0,55035,5,N,P,D,H,4,A,E,3,D,H,3,0
13,130131,3,1,2,12,23,52,32,0,0,3,0,13,6,3FA6P0HD1HR3,2017,460,1780,13,12,23,4,0,11,11,0,777777777777,777777777777,777777777777,77,77,77,00000000000,0,000000000,0,0,1,0,0,0,0,0,0,0,7,63,4,5,12,0,12023,3,F,A,6,P,0,H,D,1,H,R,3,0
13,130160,2,1,2,21,19,18,14,0,1,3,0,31,6,3HSDZAPRXMN6,2021,526,20852,66,84,881,66,0,18,18,1,888888888888,777777777777,777777777777,98,77,77,31000053467,31,000053467,6,1,1,0,0,0,0,0,0,0,0,10,6,6,12,1,84881,3,H,S,D,Z,A,P,R,X,M,N,6,1
13,130160,3,1,2,21,19,18,14,0,1,3,0,51,6,3AKJHHDR3PSU,2023,450,2501,66,82,881,66,0,18,18,1,888888888888,777777777777,777777777777,98,77,77,05002987782,5,002987782,6,1,1,0,0,0,0,0,0,0,7,8,6,6,1,1,82881,3,A,K,J,H,H,D,R,3,P,S,U,0
13,130160,4,1,2,21,19,18,14,0,1,3,0,55,6,4V4NC9EH4MN2,2021,487,1967,66,51,881,66,0,18,18,1,888888888888,777777777777,777777777777,98,77,77,55000546240,55,000546240,6,1,1,0,0,0,0,0,0,0,0,7,6,6,14,1,51881,4,V,4,N,C,9,E,H,4,M,N,2,0
13,130160,5,1,2,21,19,18,14,0,1,3,0,5,6,3HSDZAPR2PN7,2023,526,11467,66,84,881,66,0,18,18,1,888888888888,777777777777,777777777777,98,77,77,12000080806,12,000080806,6,1,1,0,0,0,0,0,0,0,7,7,6,6,14,1,84881,3,H,S,D,Z,A,P,R,2,P,N,7,0
13,130160,6,1,2,21,19,18,14,0,0,3,0,13,6,1GTG5CEN8N11,2022,472,4093,60,23,472,34,0,11,11,1,888888888888,777777777777,777777777777,98,77,77,00000000000,0,000000000,0,0,1,0,0,0,0,0,0,0,7,7,2,5,14,0,23472,1,G,T,G,5,C,E,N,8,N,1,1,0
13,130229,2,1,3,10,20,48,14,0,2,2,0,13,6,1GNET13H7623,2006,467,4548,7,20,403,14,0,12,12,0,777777777777,777777777777,777777777777,77,77,77,00000000000,0,000000000,0,0,1,0,0,0,0,0,0,0,0,6,6,6,8,1,20403,1,G,N,E,T,1,3,H,7,6,2,3,0
13,130229,3,1,3,10,20,48,14,0,0,2,1,99,6,999999999999,9999,467,22511,60,20,481,39,0,11,12,0,777777777777,777777777777,777777777777,77,77,77,00000000000,0,000000000,0,0,1,0,0,0,0,0,0,0,8,6,9,5,12,0,20481,9,9,9,9,9,9,9,9,9,9,9,9,0
13,130313,2,1,4,10,20,25,30,0,0,3,0,13,6,3N1AB7AP9DL7,2013,478,1907,13,35,43,4,0,11,11,0,777777777777,777777777777,777777777777,77,77,77,00000000000,0,000000000,0,0,1,0,0,0,0,0,0,0,0,6,6,6,12,0,35043,3,N,1,A,B,7,A,P,9,D,L,7,0
13,130330,2,1,3,31,17,22,33,0,0,3,0,13,6,1FTCF15F5FKA,1985,460,1801,60,12,481,34,0,11,11,0,777777777777,777777777777,777777777777,77,77,77,00000000000,0,000000000,0,0,1,0,0,0,0,0,0,0,0,3,2,5,12,0,12481,1,F,T,C,F,1,5,F,5,F,K,A,0
13,130358,1,1,4,19,15,45,18,0,1,4,0,12,3,1FDUF5HT3NDA,2022,460,1808,63,12,881,61,60,15,15,0,777777777777,777777777777,777777777777,77,77,77,88888888888,88,888888888,1,97,1,0,0,0,0,0,0,0,7,98,0,5,12,0,12881,1,F,D,U,F,5,H,T,3,N,D,A,1
13,130375,2,1,4,28,2,34,14,0,0,3,0,1,6,1C6JJTBGXNL1,2022,483,25919,60,2,483,34,0,12,12,0,777777777777,777777777777,777777777777,77,77,77,00000000000,0,000000000,0,0,1,0,0,0,0,0,0,0,8,12,6,6,12,0,2483,1,C,6,J,J,T,B,G,X,N,L,1,0
13,130421,2,1,5,4,23,7,32,0,1,3,0,13,6,1FDXE4FS7HDC,2017,460,1819,62,12,870,61,108,14,14,0,777777777777,777777777777,777777777777,77,77,77,88888888888,88,888888888,19,97,1,0,0,0,0,0,0,0,8,2,6,6,12,0,12870,1,F,D,X,E,4,F,S,7,H,D,C,0
13,130440,2,1,5,11,21,54,18,0,1,2,0,13,6,3FA6P0HR0DR3,2013,460,1780,13,12,23,4,0,11,11,0,777777777777,777777777777,777777777777,77,77,77,00000000000,0,000000000,0,0,1,0,0,0,0,0,0,0,7,13,2,5,12,0,12023,3,F,A,6,P,0,H,R,0,D,R,3,0
13,130527,2,1,5,28,23,29,14,0,5,2,0,13,6,1FMFU17535LA,2005,460,1799,7,12,422,15,0,12,12,0,777777777777,777777777777,777777777777,77,77,77,00000000000,0,000000000,0,0,1,0,0,0,0,0,0,0,0,6,6,6,12,0,12422,1,F,M,F,U,1,7,5,3,5,L,A,0
13,130667,2,1,7,10,3,51,14,0,1,2,0,12,6,3AKJGLBG6DSF,2013,450,2501,66,82,881,66,0,18,18,1,888888888888,777777777777,777777777777,98,77,77,572955454,57,2955454,6,97,1,0,0,0,0,0,0,0,8,6,4,5,12,0,82881,3,A,K,J,G,L,B,G,6,D,S,F,0
13,130738,2,1,7,20,4,37,34,0,2,2,0,13,6,3FAHP0JG3BR1,2011,460,1780,13,12,23,4,0,11,11,0,777777777777,777777777777,777777777777,77,77,77,00000000000,0,000000000,0,0,1,0,0,0,0,0,0,0,0,98,6,6,12,0,12023,3,F,A,H,P,0,J,G,3,B,R,1,0
13,130790,3,2,8,10,6,1,12,6,0,3,0,13,6,3B7HC13Y9TM1,1996,476,1938,60,7,482,34,0,12,12,0,777777777777,777777777777,777777777777,77,77,77,00000000000,0,000000000,0,0,1,0,0,0,0,0,0,0,0,61,2,6,12,0,7482,3,B,7,H,C,1,3,Y,9,T,M,1,0
13,130872,2,1,9,8,18,52,38,0,0,3,0,13,6,5TFMA5DB8RX1,2024,448,2467,60,49,482,34,0,12,12,0,777777777777,777777777777,777777777777,77,77,77,00000000000,0,000000000,0,0,1,0,0,0,0,0,0,0,0,4,6,6,12,0,49482,5,T,F,M,A,5,D,B,8,R,X,1,0
13,130875,2,1,9,9,10,51,14,0,0,2,0,13,6,JTDKAMFU5N31,2022,448,2209,5,49,46,5,0,11,11,0,777777777777,777777777777,777777777777,77,77,77,00000000000,0,000000000,0,0,1,0,0,0,0,0,0,0,7,10,2,5,14,0,49046,J,T,D,K,A,M,F,U,5,N,3,1,0
13,130875,3,1,9,9,10,51,14,0,0,2,0,13,6,5NPEC4ACXBH0,2011,498,2459,13,55,33,4,0,11,11,0,777777777777,777777777777,777777777777,77,77,77,00000000000,0,000000000,0,0,1,0,0,0,0,0,0,0,0,6,2,5,14,0,55033,5,N,P,E,C,4,A,C,X,B,H,0,0
13,130924,2,1,7,10,7,0,14,0,0,2,0,13,6,1XKZDP9X0FJ4,2015,532,2734,66,85,881,66,0,18,18,1,888888888888,777777777777,777777777777,98,77,77,573028562,57,3028562,6,3,1,0,0,0,0,0,0,0,0,12,6,6,12,0,85881,1,X,K,Z,D,P,9,X,0,F,J,4,0
13,130978,2,2,9,28,0,31,14,0,0,2,0,45,6,2HSCNAMR4YC0,2000,526,9499,66,84,881,66,0,18,18,1,888888888888,777777777777,777777777777,98,77,77,571418096,57,1418096,6,1,1,0,0,0,0,0,0,0,8,6,6,6,12,0,84881,2,H,S,C,N,A,M,R,4,Y,C,0,0
13,131136,3,2,9,27,5,14,12,6,0,2,0,13,6,1N6DD26S5YC3,2000,478,1919,60,35,472,34,0,11,11,0,777777777777,777777777777,777777777777,77,77,77,00000000000,0,000000000,0,0,1,0,0,0,0,0,0,0,8,6,6,6,12,0,35472,1,N,6,D,D,2,6,S,5,Y,C,3,0
13,131164,2,1,11,15,21,59,33,0,0,3,0,13,6,3GNEC12027G3,2007,467,3876,119,20,482,34,0,12,12,0,777777777777,777777777777,777777777777,77,77,77,00000000000,0,000000000,0,0,1,0,0,0,0,0,0,0,8,83,4,5,12,0,20482,3,G,N,E,C,1,2,0,2,7,G,3,0
13,131164,3,1,11,15,21,59,33,0,0,3,0,13,6,SHHFK7H42MU2,2021,474,1863,5,37,31,5,0,11,11,0,777777777777,777777777777,777777777777,77,77,77,00000000000,0,000000000,0,0,1,0,0,0,0,0,0,0,8,6,2,5,12,0,37031,S,H,H,F,K,7,H,4,2,M,U,2,0
13,131198,2,1,11,23,20,5,30,0,0,3,0,13,6,1FTEW1EP7KFA,2019,460,1801,60,12,481,34,0,12,12,0,777777777777,777777777777,777777777777,77,77,77,00000000000,0,000000000,0,0,1,0,0,0,0,0,0,0,7,13,6,5,42,0,12481,1,F,T,E,W,1,E,P,7,K,F,A,0
13,131198,3,1,11,23,20,5,30,0,0,3,0,13,6,2T1BURHE8JC9,2018,448,2208,13,49,32,4,0,11,11,0,777777777777,777777777777,777777777777,77,77,77,00000000000,0,000000000,0,0,1,0,0,0,0,0,0,0,7,13,6,5,12,0,49032,2,T,1,B,U,R,H,E,8,J,C,9,0
13,131203,2,2,11,25,13,43,18,0,1,4,0,13,6,3C7WRNBL6PG5,2023,496,13625,63,7,881,61,997,15,15,0,777777777777,777777777777,777777777777,77,77,77,88888888888,88,888888888,1,97,1,0,0,0,0,0,0,0,7,0,0,5,7,0,7881,3,C,7,W,R,N,B,L,6,P,G,5,1
13,131312,2,1,12,21,1,40,14,0,1,2,0,13,6,1FTFW1ET3CFB,2012,460,1801,60,12,481,34,0,12,12,0,777777777777,777777777777,777777777777,77,77,77,00000000000,0,000000000,0,0,1,0,0,0,0,0,0,0,0,6,6,6,12,0,12481,1,F,T,F,W,1,E,T,3,C,F,B,1
13,131316,2,1,12,25,22,0,14,0,0,3,0,13,6,1HTMMAAL25H6,2005,526,9529,11,84,881,62,0,16,16,1,888888888888,777777777777,777777777777,98,77,77,5701420977,57,01420977,4,11,1,0,0,0,0,0,0,0,8,6,4,5,12,0,84881,1,H,T,M,M,A,A,L,2,5,H,6,0
13,131316,3,1,12,25,22,0,14,0,0,3,0,13,6,1HTMMAAM97H4,2007,526,2649,11,84,881,62,0,16,16,1,888888888888,777777777777,777777777777,98,77,77,5701051443,57,01051443,4,11,1,0,0,0,0,0,0,0,8,5,4,5,12,0,84881,1,H,T,M,M,A,A,M,9,7,H,4,0
15,150001,2,1,1,4,19,40,8,0,0,2,0,15,6,JHMGE8H50DC0,2013,474,2127,5,37,39,5,0,11,11,0,777777777777,777777777777,777777777777,77,77,77,00000000000,0,000000000,0,0,1,0,0,0,0,0,0,0,7,61,2,5,8,0,37039,J,H,M,G,E,8,H,5,0,D,C,0,0
15,150074,2,1,10,20,20,22,14,0,2,2,0,15,6,WA1LXAF78MD0,2021,582,3679,7,32,422,15,0,12,12,0,777777777777,777777777777,777777777777,77,77,77,00000000000,0,000000000,0,0,1,0,0,0,0,0,0,0,0,12,6,6,12,0,32422,W,A,1,L,X,A,F,7,8,M,D,0,0
15,150081,2,1,11,5,20,50,14,0,0,2,0,15,6,1FMZK1YM4HKA,2017,460,3608,9,12,462,21,0,12,12,0,777777777777,777777777777,777777777777,77,77,77,00000000000,0,000000000,0,0,1,0,0,0,0,0,0,0,0,62,2,5,14,0,12462,1,F,M,Z,K,1,Y,M,4,H,K,A,0
15,150081,3,1,11,5,20,50,14,0,0,2,0,15,6,JN1AZ36D66M4,2006,478,2303,1,35,48,1,0,11,11,0,777777777777,777777777777,777777777777,77,77,77,00000000000,0,000000000,0,0,1,0,0,0,0,0,0,0,0,6,2,5,12,0,35048,J,N,1,A,Z,3,6,D,6,6,M,4,0
15,150081,4,1,11,5,20,50,14,0,0,3,0,15,6,JN1AS44DXTW0,1996,478,5565,3,35,32,2,0,11,11,0,777777777777,777777777777,777777777777,77,77,77,00000000000,0,000000000,0,0,1,0,0,0,0,0,0,0,7,61,2,5,14,0,35032,J,N,1,A,S,4,4,D,X,T,W,0,0
15,150083,2,1,11,13,21,43,14,0,0,2,0,15,6,5FYD8YU19NF1,2022,508,2154,16,98,988,52,0,18,18,0,777777777777,777777777777,777777777777,77,77,77,152342,15,2342,21,22,1,0,0,0,0,4,3,0,7,6,2,5,12,0,98988,5,F,Y,D,8,Y,U,1,9,N,F,1,0
16,160058,3,2,4,22,14,46,12,2,0,3,0,4,6,1G2WR1212YF2,2000,536,4262,3,22,20,2,0,11,11,0,777777777777,777777777777,777777777777,77,77,77,00000000000,0,000000000,0,0,1,0,0,0,0,0,0,0,8,9,6,5,12,0,22020,1,G,2,W,R,1,2,1,2,Y,F,2,0
16,160058,4,2,4,22,14,46,12,2,0,3,0,16,6,1C6RR7FG5MS5,2021,496,13620,60,7,482,34,0,12,12,0,777777777777,777777777777,777777777777,77,77,77,00000000000,0,000000000,0,0,1,0,0,0,0,0,0,0,8,6,6,5,12,0,7482,1,C,6,R,R,7,F,G,5,M,S,5,0
16,160079,2,1,4,26,22,9,14,0,2,3,0,16,6,1GCHK29144E1,2004,467,1850,60,20,481,34,0,12,12,0,777777777777,777777777777,777777777777,77,77,77,00000000000,0,000000000,0,0,1,0,0,0,0,0,0,0,7,1,4,5,14,0,20481,1,G,C,H,K,2,9,1,4,4,E,1,0
16,160079,3,1,4,26,22,9,14,0,0,3,0,16,6,5TEWM72NX4Z4,2004,448,2223,60,49,472,34,0,11,11,0,777777777777,777777777777,777777777777,77,77,77,00000000000,0,000000000,0,0,1,0,0,0,0,0,0,0,7,3,4,5,14,0,49472,5,T,E,W,M,7,2,N,X,4,Z,4,0
16,160083,2,1,6,23,15,9,30,0,0,3,0,6,6,1N6AA07A56N5,2006,478,1920,60,35,473,34,0,12,12,0,777777777777,777777777777,777777777777,77,77,77,00000000000,0,000000000,0,0,1,0,0,0,0,0,0,0,8,9,6,5,12,0,35473,1,N,6,A,A,0,7,A,5,6,N,5,0
16,160116,2,1,7,21,2,29,1,0,0,3,0,99,6,999999999999,9999,99999,99999,999,99,999,99,0,99,99,0,777777777777,777777777777,777777777777,77,77,77,99999999999,99,999999999,99,99,1,0,0,0,0,99,0,0,7,98,7,9,12,0,99999,9,9,9,9,9,9,9,9,9,9,9,9,0
16,160120,3,2,8,18,17,37,12,6,0,3,0,16,6,1B3EL36X94N1,2004,476,5879,13,7,43,4,0,11,11,0,777777777777,777777777777,777777777777,77,77,77,00000000000,0,000000000,0,0,1,0,0,0,0,0,0,0,7,5,2,5,12,0,7043,1,B,3,E,L,3,6,X,9,4,N,1,0
16,160159,2,1,10,11,10,59,14,0,0,2,0,16,6,3AKBHKDV5PDU,2023,450,2501,66,82,881,66,0,17,17,1,888888888888,777777777777,777777777777,98,77,77,57887550,57,887550,6,1,1,0,0,0,0,0,0,0,8,6,2,5,12,0,82881,3,A,K,B,H,K,D,V,5,P,D,U,0
17,170039,2,1,1,4,11,48,14,0,1,2,0,29,6,5KJJBHDR6LLL,2020,4512,9576,66,98,804,66,0,18,18,1,1W1K54822N66,777777777777,777777777777,98,77,77,572586292,57,2586292,6,3,1,0,0,0,0,0,0,0,2,6,2,5,12,0,98804,5,K,J,J,B,H,D,R,6,L,L,L,0
17,170107,2,1,2,15,19,35,14,0,1,2,0,39,6,3AKJGLDV9JSJ,2018,450,2501,66,82,881,66,0,18,18,1,5V8VA5326HM7,777777777777,777777777777,17,77,77,17399851150,17,399851150,6,1,1,0,0,0,0,0,0,0,2,6,4,6,12,0,82881,3,A,K,J,G,L,D,V,9,J,S,J,0
17,170111,3,2,2,12,14,15,12,1,0,3,0,17,6,5NPE34AB6JH6,2018,498,2459,13,55,33,4,0,11,11,0,777777777777,777777777777,777777777777,77,77,77,00000000000,0,000000000,0,0,1,0,0,0,0,0,0,0,0,6,6,6,12,0,55033,5,N,P,E,3,4,A,B,6,J,H,6,0
17,170112,3,2,2,18,1,45,12,6,0,2,0,17,6,2HGFA1F54BH5,2011,474,1863,13,37,31,4,0,11,11,0,777777777777,777777777777,777777777777,77,77,77,00000000000,0,000000000,0,0,1,0,0,0,0,0,0,0,0,6,6,6,12,0,37031,2,H,G,F,A,1,F,5,4,B,H,5,0
17,170112,4,2,2,18,1,45,12,6,0,2,0,17,6,1C4HJXDN5KW5,2019,483,1943,7,2,403,14,0,11,11,0,777777777777,777777777777,777777777777,77,77,77,00000000000,0,000000000,0,0,1,0,0,0,0,0,0,0,0,6,8,5,14,0,2403,1,C,4,H,J,X,D,N,5,K,W,5,0
17,170112,5,2,2,18,1,45,12,6,0,2,0,17,6,1GTEK190X7E5,2007,472,1857,60,23,481,34,0,12,12,0,777777777777,777777777777,777777777777,77,77,77,00000000000,0,000000000,0,0,1,0,0,0,0,0,0,0,0,6,8,5,14,0,23481,1,G,T,E,K,1,9,0,X,7,E,5,0
17,170118,2,1,2,23,23,16,14,0,1,2,0,17,6,1M2AX34B9HM0,2017,490,2030,11,86,881,63,0,17,17,0,777777777777,777777777777,777777777777,77,77,77,77777777777,77,777777777,1,97,1,0,0,0,0,0,10,0,0,6,4,5,12,0,86881,1,M,2,A,X,3,4,B,9,H,M,0,0
17,170164,2,1,3,15,23,50,14,0,0,2,0,17,6,888888888888,9998,99998,99998,998,97,997,98,0,98,98,1,1GR1P0627NK4,777777777777,777777777777,98,77,77,99999999999,99,999999999,99,99,1,0,0,0,0,99,0,0,2,7,8,5,12,0,97997,8,8,8,8,8,8,8,8,8,8,8,8,0
17,170202,2,1,3,28,22,39,14,0,1,2,0,17,6,1FM5K8AR9KGB,2019,460,1800,7,12,425,15,0,12,12,0,777777777777,777777777777,777777777777,77,77,77,00000000000,0,000000000,0,0,1,0,0,0,0,0,5,0,0,6,6,6,12,0,12425,1,F,M,5,K,8,A,R,9,K,G,B,1
17,170234,2,1,3,31,20,55,14,0,0,2,0,17,6,KL4CJ1SB2HB2,2017,468,1842,7,18,404,14,0,11,11,0,777777777777,777777777777,777777777777,77,77,77,00000000000,0,000000000,0,0,1,0,0,0,0,0,0,0,0,10,8,5,12,0,18404,K,L,4,C,J,1,S,B,2,H,B,2,0
17,170239,3,2,4,5,21,7,12,6,0,2,0,17,6,4T1BK1EBXFU1,2015,448,2465,13,49,43,4,0,11,11,0,777777777777,777777777777,777777777777,77,77,77,00000000000,0,000000000,0,0,1,0,0,0,0,0,0,0,0,6,2,5,12,0,49043,4,T,1,B,K,1,E,B,X,F,U,1,0
17,170249,2,1,4,7,18,30,14,0,0,2,0,12,6,KMHL14JC5NA2,2022,498,2459,13,55,33,4,0,11,11,0,777777777777,777777777777,777777777777,77,77,77,00000000000,0,000000000,0,0,1,0,0,0,0,0,0,0,0,6,6,6,8,0,55033,K,M,H,L,1,4,J,C,5,N,A,2,0
17,170252,2,1,3,15,12,25,14,0,0,3,0,17,6,1GYKNDRSXKZ1,2019,469,11442,7,19,401,14,0,12,12,0,777777777777,777777777777,777777777777,77,77,77,00000000000,0,000000000,0,0,1,0,0,0,0,0,0,0,0,7,8,5,12,0,19401,1,G,Y,K,N,D,R,S,X,K,Z,1,0
17,170319,1,1,3,16,20,27,45,0,2,4,0,17,3,3FRPF7FC9FV6,2015,460,1810,11,12,881,63,0,17,17,0,777777777777,777777777777,777777777777,77,77,77,5701953940,57,01953940,2,97,1,0,0,0,0,0,0,0,0,98,2,6,12,0,12881,3,F,R,P,F,7,F,C,9,F,V,6,1
17,170321,2,1,4,27,21,40,18,0,0,2,0,17,6,1GNFK13067R2,2007,467,1852,7,20,421,15,0,12,12,0,777777777777,777777777777,777777777777,77,77,77,00000000000,0,000000000,0,0,1,0,0,0,0,0,0,0,0,2,6,6,12,0,20421,1,G,N,F,K,1,3,0,6,7,R,2,0
17,170321,3,1,4,27,21,40,18,0,0,2,0,17,6,2G1WL54T6P91,1993,467,9064,13,20,20,4,0,11,11,0,777777777777,777777777777,777777777777,77,77,77,00000000000,0,000000000,0,0,1,0,0,0,0,0,0,0,7,5,2,6,19,0,20020,2,G,1,W,L,5,4,T,6,P,9,1,0
17,170327,2,1,5,2,2,7,14,0,0,3,0,17,6,3D73Y4CL8AG1,2010,476,1938,60,7,880,67,0,13,13,0,777777777777,777777777777,777777777777,77,77,77,77777777777,77,777777777,1,97,1,0,0,0,0,0,0,0,0,1,4,5,12,0,7880,3,D,7,3,Y,4,C,L,8,A,G,1,0
17,170437,2,1,5,25,0,40,14,0,0,2,0,17,6,1FAHP3J23CL4,2012,460,1779,13,12,37,4,0,11,11,0,777777777777,777777777777,777777777777,77,77,77,00000000000,0,000000000,0,0,1,0,0,0,0,0,0,0,0,11,6,6,12,0,12037,1,F,A,H,P,3,J,2,3,C,L,4,0
17,170444,2,1,6,2,2,55,8,0,0,2,0,17,6,JZS151009754,1998,448,99999,997,49,399,9,0,11,11,0,777777777777,777777777777,777777777777,77,77,77,00000000000,0,000000000,0,0,1,0,0,0,0,0,0,0,0,8,6,6,12,0,49399,J,Z,S,1,5,1,0,0,9,7,5,4,0
17,170450,2,1,6,4,23,48,14,0,1,2,0,17,6,3AKJHHDR5PSN,2023,450,2501,66,82,881,66,0,18,18,1,5V8VC5323PT3,777777777777,777777777777,17,77,77,5730723,57,30723,6,1,1,0,0,0,0,0,0,0,8,6,4,5,12,0,82881,3,A,K,J,H,H,D,R,5,P,S,N,0
17,170479,3,2,6,12,12,24,12,6,0,3,0,17,6,1FM5K8D81JGC,2018,460,1800,7,12,401,14,0,12,12,0,777777777777,777777777777,777777777777,77,77,77,00000000000,0,000000000,0,0,1,0,0,0,0,0,0,0,0,7,7,5,12,0,12401,1,F,M,5,K,8,D,8,1,J,G,C,0
17,170479,4,2,6,12,12,24,12,6,0,3,0,17,6,1GCFH1542911,2009,467,1848,95,20,461,21,0,12,12,0,777777777777,777777777777,777777777777,77,77,77,00000000000,0,000000000,0,0,1,0,0,0,0,0,0,0,7,8,7,5,12,0,20461,1,G,C,F,H,1,5,4,2,9,1,1,0
17,170526,3,2,7,4,19,40,12,6,3,3,0,17,6,1C4RJFBGXFC2,2015,483,1949,7,2,422,15,0,12,12,0,777777777777,777777777777,777777777777,77,77,77,00000000000,0,000000000,0,0,1,0,0,0,0,0,0,0,8,11,2,5,12,0,2422,1,C,4,R,J,F,B,G,X,F,C,2,0
17,170644,2,1,8,6,13,59,14,0,1,2,0,28,6,1FDRF3F66NEC,2022,460,1806,63,12,881,61,11,13,13,0,777777777777,777777777777,777777777777,77,77,77,88888888888,88,888888888,1,98,1,0,0,0,0,0,11,0,8,6,6,6,2,1,12881,1,F,D,R,F,3,F,6,6,N,E,C,0
17,170670,2,1,7,5,23,37,33,0,0,3,0,17,6,1GNSKCKC6HR1,2017,467,1852,7,20,421,15,0,12,12,0,777777777777,777777777777,777777777777,77,77,77,00000000000,0,000000000,0,0,1,0,0,0,0,0,0,0,7,12,8,5,12,0,20421,1,G,N,S,K,C,K,C,6,H,R,1,0
17,170673,2,1,6,3,15,32,43,0,0,2,0,17,6,5N1AL0MM2FC5,2015,480,1910,8,58,403,14,0,11,11,0,777777777777,777777777777,777777777777,77,77,77,00000000000,0,000000000,0,0,1,0,0,0,0,0,0,0,0,12,8,5,12,0,58403,5,N,1,A,L,0,M,M,2,F,C,5,0
17,170690,2,1,8,21,2,0,14,0,0,2,0,17,6,1M2MDBAA6RS0,2024,490,27407,11,86,881,62,0,16,16,0,777777777777,777777777777,777777777777,77,77,77,57285333,57,285333,1,7,1,0,0,0,0,0,0,0,8,5,6,6,12,0,86881,1,M,2,M,D,B,A,A,6,R,S,0,0
17,170696,1,1,8,25,5,31,14,0,0,2,0,17,6,1C4NJRFB8HD1,2017,483,1947,7,2,407,14,0,11,11,0,777777777777,777777777777,777777777777,77,77,77,00000000000,0,000000000,0,0,1,0,0,0,0,0,0,0,8,98,6,6,12,0,2407,1,C,4,N,J,R,F,B,8,H,D,1,0
17,170753,2,1,8,27,14,36,45,0,1,4,0,17,3,1HTWHAARX7J4,2007,526,2687,11,84,881,63,0,18,18,1,888888888888,777777777777,777777777777,98,77,77,99999999999,99,999999999,99,99,1,0,0,0,0,0,0,0,1,6,6,6,12,0,84881,1,H,T,W,H,A,A,R,X,7,J,4,0
17,170761,2,1,9,18,23,11,14,0,0,2,0,17,6,1FTFW1CFXEFD,2014,460,1801,60,12,481,34,0,12,12,0,777777777777,777777777777,777777777777,77,77,77,00000000000,0,000000000,0,0,1,0,0,0,0,0,0,0,8,12,7,5,14,0,12481,1,F,T,F,W,1,C,F,X,E,F,D,0
17,170761,3,1,9,18,23,11,14,0,0,2,0,17,6,JHLRD78814C0,2004,474,1865,7,37,402,14,0,11,11,0,777777777777,777777777777,777777777777,77,77,77,00000000000,0,000000000,0,0,1,0,0,0,0,0,0,0,7,12,7,5,14,0,37402,J,H,L,R,D,7,8,8,1,4,C,0,0
17,170761,4,1,9,18,23,11,14,0,0,2,0,17,6,5FNYF18547B0,2007,474,1864,7,37,421,15,0,11,11,0,777777777777,777777777777,777777777777,77,77,77,00000000000,0,000000000,0,0,1,0,0,0,0,0,0,0,7,12,7,5,14,0,37421,5,F,N,Y,F,1,8,5,4,7,B,0,0
17,170826,3,2,10,14,1,0,12,6,0,2,0,17,6,1FTBW2CM7KKA,2019,460,3608,95,12,462,21,0,12,12,0,777777777777,777777777777,777777777777,77,77,77,00000000000,0,000000000,0,0,1,0,0,0,0,0,0,0,8,5,7,5,12,0,12462,1,F,T,B,W,2,C,M,7,K,K,A,0
17,170852,2,1,10,18,22,33,24,0,0,3,0,17,6,5N3AA08C16N8,2006,480,2326,7,58,421,15,0,12,12,0,777777777777,777777777777,777777777777,77,77,77,00000000000,0,000000000,0,0,1,0,0,0,0,0,0,0,8,1,2,6,14,0,58421,5,N,3,A,A,0,8,C,1,6,N,8,0
17,170852,3,1,10,18,22,33,24,0,0,3,0,17,6,19XZE4F10KE0,2019,474,1870,13,37,37,4,0,11,11,0,777777777777,777777777777,777777777777,77,77,77,00000000000,0,000000000,0,0,1,0,0,0,0,0,0,0,7,2,2,6,14,0,37037,1,9,X,Z,E,4,F,1,0,K,E,0,0
17,170896,2,1,10,27,4,4,9,0,0,3,0,17,6,WAULFAFR0CA0,2012,582,3787,3,32,49,2,0,11,11,0,777777777777,777777777777,777777777777,77,77,77,00000000000,0,000000000,0,0,1,0,0,0,0,0,0,0,8,6,7,5,12,0,32049,W,A,U,L,F,A,F,R,0,C,A,0,0
17,170932,3,2,7,13,15,30,12,7,0,2,0,17,6,2G2WP5521712,2007,536,4262,13,22,20,4,0,11,11,0,777777777777,777777777777,777777777777,77,77,77,00000000000,0,000000000,0,0,1,0,0,0,0,0,0,0,8,9,7,5,12,0,22020,2,G,2,W,P,5,5,2,1,7,1,2,0
17,170932,4,2,7,13,15,30,12,7,0,2,0,17,6,1G1JE5SH3C41,2012,467,1835,13,20,28,4,0,11,11,0,777777777777,777777777777,777777777777,77,77,77,00000000000,0,000000000,0,0,1,0,0,0,0,0,0,0,8,8,7,5,12,0,20028,1,G,1,J,E,5,S,H,3,C,4,1,0
17,170934,1,1,11,4,21,27,45,0,1,4,0,91,6,888888888888,9999,99997,99997,127,98,998,93,0,98,98,0,777777777777,777777777777,777777777777,77,77,77,00000000000,0,000000000,0,0,1,0,0,0,0,0,0,0,0,98,0,8,12,0,98998,8,8,8,8,8,8,8,8,8,8,8,8,1
17,170965,2,1,11,14,0,14,14,0,2,2,0,17,6,JA3AJ26E03U0,2003,481,2164,13,52,46,4,0,11,11,0,777777777777,777777777777,777777777777,77,77,77,00000000000,0,000000000,0,0,1,0,0,0,0,0,0,0,8,6,6,6,12,0,52046,J,A,3,A,J,2,6,E,0,3,U,0,1
17,171009,2,1,11,15,7,49,8,0,0,2,0,17,6,2GNFLFEKXH61,2017,467,1847,7,20,404,14,0,11,11,0,777777777777,777777777777,777777777777,77,77,77,00000000000,0,000000000,0,0,1,0,0,0,0,0,0,0,8,11,2,5,12,0,20404,2,G,N,F,L,F,E,K,X,H,6,1,0
17,171046,2,1,12,13,21,53,14,0,1,2,0,17,6,2C4RDGCGXHR6,2017,476,14832,2,7,442,20,0,12,12,0,777777777777,777777777777,777777777777,77,77,77,00000000000,0,000000000,0,0,1,0,0,0,0,0,0,0,8,6,6,6,14,0,7442,2,C,4,R,D,G,C,G,X,H,R,6,1
17,171046,3,1,12,13,21,53,14,0,2,2,0,17,6,19UUA8F56CA0,2012,475,1873,13,54,35,4,0,11,11,0,777777777777,777777777777,777777777777,77,77,77,00000000000,0,000000000,0,0,1,0,0,0,0,0,0,0,7,6,6,6,12,0,54035,1,9,U,U,A,8,F,5,6,C,A,0,0
17,171055,2,1,12,23,21,42,8,0,0,2,0,17,6,1FM5K8AC7PGB,2023,460,1800,7,12,425,15,0,12,12,0,777777777777,777777777777,777777777777,77,77,77,00000000000,0,000000000,0,0,1,0,0,0,0,0,0,0,7,9,2,6,18,0,12425,1,F,M,5,K,8,A,C,7,P,G,B,0
17,171076,2,1,12,8,13,9,14,0,0,2,0,39,6,3HSDZTZR8LN1,2020,526,20852,66,84,881,66,0,18,18,1,888888888888,777777777777,777777777777,98,77,77,57192897,57,192897,6,2,1,0,0,0,0,0,0,0,2,6,6,6,12,0,84881,3,H,S,D,Z,T,Z,R,8,L,N,1,0
17,171078,2,1,12,23,20,57,30,0,0,3,0,17,6,2G1WX12K2394,2003,467,4773,3,20,36,2,0,11,11,0,777777777777,777777777777,777777777777,77,77,77,00000000000,0,000000000,0,0,1,0,0,0,0,0,0,0,8,7,7,5,2,1,20036,2,G,1,W,X,1,2,K,2,3,9,4,0
17,171104,2,1,12,18,8,30,14,0,0,2,0,17,6,1FUJA6CV44LM,2004,450,2482,66,82,881,66,0,18,18,1,1DA72T9176C0,777777777777,777777777777,18,77,77,574150402,57,4150402,6,3,1,0,0,0,0,0,0,0,8,6,2,5,12,0,82881,1,F,U,J,A,6,C,V,4,4,L,M,0
17,171132,2,1,11,10,20,11,14,0,0,2,0,17,6,1GC1CVCG0DF1,2013,467,1850,60,20,481,34,0,12,12,0,777777777777,777777777777,777777777777,77,77,77,00000000000,0,000000000,0,0,1,0,0,0,0,0,0,0,8,6,7,5,12,0,20481,1,G,C,1,C,V,C,G,0,D,F,1,0
18,180016,2,1,1,18,9,40,14,0,0,2,0,18,6,162655S,1978,532,99997,63,85,898,71,11,13,18,0,777777777777,777777777777,777777777777,77,77,77,5702627065,57,02627065,1,96,1,0,0,0,0,0,0,0,0,9,7,5,12,0,85898,1,6,2,6,5,5,S,,,,,,0
18,180016,3,1,1,18,9,40,14,0,1,2,0,34,6,1XKYDP9X6EJ3,2014,532,2733,66,85,881,66,0,18,18,1,888888888888,777777777777,777777777777,98,77,77,57002627065,57,002627065,6,1,1,0,0,0,0,0,0,0,0,11,6,6,12,0,85881,1,X,K,Y,D,P,9,X,6,E,J,3,0
18,180022,1,2,1,14,0,53,12,1,1,2,0,18,6,1G8ZS57B49F1,2009,1056,4336,13,24,9,4,0,11,11,0,777777777777,777777777777,777777777777,77,77,77,00000000000,0,000000000,0,0,1,0,0,0,0,0,0,0,0,12,7,6,12,0,24009,1,G,8,Z,S,5,7,B,4,9,F,1,0
18,180025,3,2,1,23,12,17,12,6,0,3,0,18,6,1GCHG39R6W10,1998,467,1848,95,20,461,21,0,12,12,1,888888888888,777777777777,777777777777,98,77,77,00000000000,0,000000000,0,0,1,0,0,0,0,0,0,0,0,8,7,5,12,0,20461,1,G,C,H,G,3,9,R,6,W,1,0,0
18,180188,2,1,4,22,21,24,8,0,0,2,0,18,6,1HGCP26828A1,2008,474,1861,13,37,32,4,0,11,11,0,777777777777,777777777777,777777777777,77,77,77,00000000000,0,000000000,0,0,1,0,0,0,0,0,0,0,8,7,7,5,12,0,37032,1,H,G,C,P,2,6,8,2,8,A,1,0
18,180191,3,2,4,8,8,52,18,0,0,3,0,18,6,5FNYF4H53BB0,2011,474,1864,7,37,421,15,0,12,12,0,777777777777,777777777777,777777777777,77,77,77,00000000000,0,000000000,0,0,1,0,0,0,0,0,0,0,8,2,7,5,12,0,37421,5,F,N,Y,F,4,H,5,3,B,B,0,0
18,180236,2,1,5,14,16,50,1,0,1,3,0,18,6,1FMJU2A81PEA,2023,460,1799,7,12,422,15,0,12,12,0,777777777777,777777777777,777777777777,77,77,77,00000000000,0,000000000,0,0,1,0,0,0,0,0,0,0,8,3,7,5,12,0,12422,1,F,M,J,U,2,A,8,1,P,E,A,0
18,180318,3,2,6,13,17,55,12,6,0,3,0,18,6,1HTSDAAN5XH6,1999,526,9517,11,84,881,63,0,17,17,0,777777777777,777777777777,777777777777,77,77,77,5701143176,57,01143176,1,2,1,0,0,0,0,0,0,0,0,6,7,5,12,0,84881,1,H,T,S,D,A,A,N,5,X,H,6,0
18,180361,3,2,6,11,22,51,12,1,1,2,0,18,6,3AKJGLDR3JSH,2018,450,2501,66,82,881,66,0,18,18,1,3H3V532C0GT5,777777777777,777777777777,98,77,77,5700086876,57,00086876,6,1,1,0,0,0,0,0,0,0,7,6,7,5,12,0,82881,3,A,K,J,G,L,D,R,3,J,S,H,0
18,180369,2,1,6,29,1,30,14,0,0,2,0,18,6,5TDDK3EH4CS1,2012,448,2213,7,49,403,14,0,11,11,0,777777777777,777777777777,777777777777,77,77,77,00000000000,0,000000000,0,0,1,0,0,0,0,0,0,0,7,6,7,5,12,0,49403,5,T,D,D,K,3,E,H,4,C,S,1,0
18,180400,3,2,7,6,0,35,12,6,0,2,0,18,6,2GKALMEK5D61,2013,472,1858,7,23,402,14,0,11,11,0,777777777777,777777777777,777777777777,77,77,77,00000000000,0,000000000,0,0,1,0,0,0,0,0,0,0,0,6,6,6,12,0,23402,2,G,K,A,L,M,E,K,5,D,6,1,0
18,180400,4,2,7,6,0,35,12,6,0,2,0,18,6,1FBNE31L36DB,2006,460,1818,9,12,461,21,0,12,12,0,777777777777,777777777777,777777777777,77,77,77,00000000000,0,000000000,0,0,1,0,0,0,0,0,0,0,0,6,7,5,12,0,12461,1,F,B,N,E,3,1,L,3,6,D,B,0
18,180400,5,2,7,6,0,35,12,6,0,2,0,18,6,3FAHP07Z69R2,2009,460,1780,13,12,23,4,0,11,11,0,777777777777,777777777777,777777777777,77,77,77,00000000000,0,000000000,0,0,1,0,0,0,0,0,0,0,0,12,7,5,12,0,12023,3,F,A,H,P,0,7,Z,6,9,R,2,0
18,180400,6,2,7,6,0,35,12,6,0,2,0,18,6,1GKFK13018J1,2008,472,1859,7,23,421,15,0,12,12,0,777777777777,777777777777,777777777777,77,77,77,00000000000,0,000000000,0,0,1,0,0,0,0,0,0,0,0,12,7,5,12,0,23421,1,G,K,F,K,1,3,0,1,8,J,1,0
18,180400,7,2,7,6,0,35,12,6,0,2,0,18,6,2T1BURHE2GC6,2016,448,2208,13,49,32,4,0,11,11,0,777777777777,777777777777,777777777777,77,77,77,00000000000,0,000000000,0,0,1,0,0,0,0,0,0,0,0,12,7,5,12,0,49032,2,T,1,B,U,R,H,E,2,G,C,6,0
18,180401,2,1,7,7,0,52,24,0,0,3,0,18,6,1GDG7D1B2FV6,1985,472,14022,74,23,881,62,11,16,16,0,777777777777,777777777777,777777777777,77,77,77,77777777777,77,777777777,1,96,1,0,0,0,0,0,0,0,8,7,7,5,12,0,23881,1,G,D,G,7,D,1,B,2,F,V,6,0
18,180422,2,1,7,18,1,35,14,0,1,2,0,17,6,4V4NC9EHXRN6,2024,487,1967,66,51,881,66,0,18,18,1,888888888888,777777777777,777777777777,98,77,77,571341816,57,1341816,6,1,1,0,0,0,0,0,0,0,0,6,7,5,12,0,51881,4,V,4,N,C,9,E,H,X,R,N,6,0
18,180453,2,1,7,25,2,40,8,0,0,2,0,18,6,3HSDJAPR2HN5,2017,526,2564,66,84,881,66,0,18,18,1,888888888888,777777777777,777777777777,98,77,77,57000179097,57,000179097,6,1,1,0,0,0,0,0,0,0,0,10,7,6,12,0,84881,3,H,S,D,J,A,P,R,2,H,N,5,0
18,180460,2,1,7,27,2,21,14,0,1,2,0,17,6,1GDG5C1E95F9,2005,472,14019,74,23,881,62,11,16,16,0,777777777777,777777777777,777777777777,77,77,77,574201176,57,4201176,1,1,1,0,0,0,0,0,0,0,0,6,6,6,12,0,23881,1,G,D,G,5,C,1,E,9,5,F,9,0
18,180475,2,1,8,3,11,18,14,0,0,2,0,6,6,3AKJHPDV5LSL,2020,450,2501,66,82,881,66,0,18,18,1,888888888888,777777777777,777777777777,98,77,77,5703428860,57,03428860,6,1,1,0,0,0,0,0,0,0,8,12,6,6,12,0,82881,3,A,K,J,H,P,D,V,5,L,S,L,0
18,180491,3,2,8,12,13,49,12,6,0,3,0,18,6,2GNALBEK7C11,2012,467,1847,7,20,404,14,0,11,11,0,777777777777,777777777777,777777777777,77,77,77,00000000000,0,000000000,0,0,1,0,0,0,0,0,0,0,0,7,6,6,12,0,20404,2,G,N,A,L,B,E,K,7,C,1,1,0
18,180491,4,2,8,12,13,49,12,6,0,3,0,18,6,1G8AZ52F84Z1,2004,1056,4781,13,24,7,4,0,11,11,0,777777777777,777777777777,777777777777,77,77,77,00000000000,0,000000000,0,0,1,0,0,0,0,0,0,0,0,7,7,5,12,0,24007,1,G,8,A,Z,5,2,F,8,4,Z,1,0
18,180495,2,1,8,13,5,0,1,0,0,3,0,18,6,1FMZU73K44ZA,2004,460,1800,7,12,401,14,0,11,11,0,777777777777,777777777777,777777777777,77,77,77,00000000000,0,000000000,0,0,1,0,0,0,0,0,0,0,7,13,6,6,12,0,12401,1,F,M,Z,U,7,3,K,4,4,Z,A,0
18,180525,2,1,8,17,15,32,14,0,0,3,0,18,6,1FTFW1ET2DFD,2013,460,1801,60,12,481,34,0,12,12,0,777777777777,777777777777,777777777777,77,77,77,00000000000,0,000000000,0,0,1,0,0,0,0,0,0,0,7,11,7,5,12,0,12481,1,F,T,F,W,1,E,T,2,D,F,D,0
18,180531,2,1,8,18,20,15,14,0,1,2,0,18,6,1FMCU0GX6FUC,2015,460,1798,7,12,402,14,0,11,11,0,777777777777,777777777777,777777777777,77,77,77,00000000000,0,000000000,0,0,1,0,0,0,0,0,0,0,8,11,6,6,12,0,12402,1,F,M,C,U,0,G,X,6,F,U,C,0
18,180604,2,1,9,22,14,35,14,0,0,2,0,17,6,3HSDZAPRXLN8,2020,526,20852,66,84,881,66,0,18,18,1,888888888888,777777777777,777777777777,98,77,77,5701761138,57,01761138,6,1,1,0,0,0,0,0,0,0,0,61,7,5,12,0,84881,3,H,S,D,Z,A,P,R,X,L,N,8,0
18,180637,2,1,9,22,6,55,14,0,1,2,0,18,6,3HSDZAPR0MN3,2021,526,20852,66,84,881,66,0,18,18,1,1JJV532D4CL6,777777777777,777777777777,98,77,77,5700054283,57,00054283,6,1,1,0,0,0,0,0,0,0,2,6,6,6,12,1,84881,3,H,S,D,Z,A,P,R,0,M,N,3,0
18,180639,4,3,9,19,12,55,12,6,0,3,0,18,6,1HFSC2200XA1,1999,474,12658,81,37,706,80,0,11,11,0,777777777777,777777777777,777777777777,77,77,77,00000000000,0,000000000,0,0,1,0,0,0,0,0,0,0,7,9,7,5,12,0,37706,1,H,F,S,C,2,2,0,0,X,A,1,0
18,180651,3,2,10,18,19,30,12,6,0,3,0,18,6,WBANE73547CM,2007,452,2585,13,34,35,4,0,11,11,0,777777777777,777777777777,777777777777,77,77,77,00000000000,0,000000000,0,0,1,0,0,0,0,0,0,0,0,6,7,5,12,0,34035,W,B,A,N,E,7,3,5,4,7,C,M,0
18,180663,4,3,10,18,16,14,12,6,0,3,0,18,6,3FTTW8H98RRA,2024,460,28967,60,12,498,34,0,11,11,0,777777777777,777777777777,777777777777,77,77,77,00000000000,0,000000000,0,0,1,0,0,0,0,0,0,0,8,12,2,5,12,0,12498,3,F,T,T,W,8,H,9,8,R,R,A,0
18,180696,2,1,11,3,9,45,14,0,1,2,0,48,6,3HSDZAPR4LN8,2020,526,20852,66,84,881,66,0,18,18,1,888888888888,777777777777,777777777777,98,77,77,5701958628,57,01958628,6,1,1,0,0,0,0,0,0,0,0,11,6,6,12,0,84881,3,H,S,D,Z,A,P,R,4,L,N,8,0
18,180719,2,1,11,9,13,5,14,0,0,2,0,20,6,4V4WC9EH4MN6,2021,487,15808,66,51,881,66,0,18,18,2,3H3V281C8FT3,1KKVD281XFL2,777777777777,98,98,77,5702911327,57,02911327,7,1,1,0,0,0,0,0,0,0,0,5,7,6,12,0,51881,4,V,4,W,C,9,E,H,4,M,N,6,0
18,180727,2,1,11,11,8,30,53,0,0,3,0,18,6,1GC4YNE78NF1,2022,467,24906,60,20,880,67,0,13,13,0,777777777777,777777777777,777777777777,77,77,77,88888888888,88,888888888,1,97,1,0,0,0,0,0,0,0,0,11,6,6,12,0,20880,1,G,C,4,Y,N,E,7,8,N,F,1,0
18,180830,2,1,1,10,10,58,1,0,0,3,0,18,6,1GCGTDE3XG13,2016,467,4086,60,20,473,34,0,11,11,0,777777777777,777777777777,777777777777,77,77,77,00000000000,0,000000000,0,0,1,0,0,0,0,0,0,0,0,6,7,5,12,0,20473,1,G,C,G,T,D,E,3,X,G,1,3,0
19,190055,2,1,3,22,8,54,14,0,0,2,0,19,6,JH2SC57007M3,2007,474,11975,80,37,706,80,0,11,11,0,777777777777,777777777777,777777777777,77,77,77,00000000000,0,000000000,0,0,1,0,0,0,0,0,0,0,7,61,6,6,98,0,37706,J,H,2,S,C,5,7,0,0,7,M,3,0
19,190079,2,1,1,1,17,1,14,0,0,2,0,19,6,1FTFX1E89NFB,2022,460,1801,60,12,481,34,0,12,12,0,777777777777,777777777777,777777777777,77,77,77,00000000000,0,000000000,0,0,1,0,0,0,0,0,0,0,0,6,4,5,98,0,12481,1,F,T,F,X,1,E,8,9,N,F,B,0
19,190100,2,1,6,4,18,18,14,0,0,3,0,19,6,1NXBR32E03Z0,2003,448,2208,13,49,32,4,0,11,11,0,777777777777,777777777777,777777777777,77,77,77,00000000000,0,000000000,0,0,1,0,0,0,0,0,0,0,7,9,2,5,12,0,49032,1,N,X,B,R,3,2,E,0,3,Z,0,0
19,190142,3,2,7,21,21,13,12,6,0,2,0,19,6,1HGCM66557A0,2007,474,1861,13,37,32,4,0,11,11,0,777777777777,777777777777,777777777777,77,77,77,00000000000,0,000000000,0,0,1,0,0,0,0,0,0,0,0,11,4,5,98,0,37032,1,H,G,C,M,6,6,5,5,7,A,0,0
19,190157,3,2,8,7,21,40,12,6,0,3,0,17,6,1FADP3F25EL1,2014,460,1779,13,12,37,4,0,11,11,0,777777777777,777777777777,777777777777,77,77,77,00000000000,0,000000000,0,0,1,0,0,0,0,0,0,0,7,3,2,5,14,0,12037,1,F,A,D,P,3,F,2,5,E,L,1,0
19,190157,4,2,8,7,21,40,12,6,0,3,0,19,6,1N4BL4BV5LC2,2020,478,1904,13,35,47,4,0,11,11,0,777777777777,777777777777,777777777777,77,77,77,00000000000,0,000000000,0,0,1,0,0,0,0,0,0,0,7,6,2,5,14,0,35047,1,N,4,B,L,4,B,V,5,L,C,2,0
19,190171,2,1,8,16,3,14,14,0,0,2,0,19,6,1C4PJMCB1GW1,2016,483,1945,7,2,404,14,0,11,11,0,777777777777,777777777777,777777777777,77,77,77,00000000000,0,000000000,0,0,1,0,0,0,0,0,0,0,0,12,6,6,12,0,2404,1,C,4,P,J,M,C,B,1,G,W,1,0
19,190171,3,1,8,16,3,14,14,0,0,2,0,19,6,WP1AA2A27CLA,2012,584,7895,7,45,421,15,0,12,12,0,777777777777,777777777777,777777777777,77,77,77,00000000000,0,000000000,0,0,1,0,0,0,0,0,0,0,0,12,6,6,12,0,45421,W,P,1,A,A,2,A,2,7,C,L,A,0
19,190253,2,1,10,7,9,41,14,0,0,2,0,19,6,1FUJF0CV97LX,2007,450,2482,66,82,881,66,0,18,18,1,1R1F04522LE9,777777777777,777777777777,18,77,77,57536374,57,536374,6,3,1,0,0,0,0,0,0,0,0,12,6,6,45,0,82881,1,F,U,J,F,0,C,V,9,7,L,X,0
19,190274,2,1,11,12,12,18,14,0,0,2,0,5,6,4V4NC9EH9RN6,2024,487,1967,66,51,881,66,0,18,18,0,777777777777,777777777777,777777777777,77,77,77,570003327,57,0003327,5,96,1,0,0,0,0,0,0,0,0,12,6,5,12,0,51881,4,V,4,N,C,9,E,H,9,R,N,6,0
19,190331,2,1,12,12,13,42,14,0,0,2,0,19,6,1J4RG4GK7AC1,2010,483,1948,7,2,406,14,0,12,12,0,777777777777,777777777777,777777777777,77,77,77,00000000000,0,000000000,0,0,1,0,0,0,0,0,0,0,0,8,6,6,12,0,2406,1,J,4,R,G,4,G,K,7,A,C,1,0
20,200010,2,1,1,10,12,5,45,0,0,4,0,20,3,2NKHHM6X7KM3,2019,532,2722,11,85,881,62,0,16,16,0,777777777777,777777777777,777777777777,77,77,77,571902229,57,1902229,1,3,1,0,0,0,0,0,0,0,8,5,6,6,12,0,85881,2,N,K,H,H,M,6,X,7,K,M,3,0
20,200033,4,3,2,6,17,33,12,2,0,2,0,20,6,1C3CDFCB0ED7,2014,476,2054,13,7,29,4,0,11,11,0,777777777777,777777777777,777777777777,77,77,77,00000000000,0,000000000,0,0,1,0,0,0,0,0,0,0,8,11,6,5,12,0,7029,1,C,3,C,D,F,C,B,0,E,D,7,0
20,200033,5,3,2,6,17,33,12,2,0,2,0,29,6,1FAFP24176G1,2006,460,2347,13,12,21,4,0,11,11,0,777777777777,777777777777,777777777777,77,77,77,00000000000,0,000000000,0,0,1,0,0,0,0,0,0,0,8,12,6,5,12,0,12021,1,F,A,F,P,2,4,1,7,6,G,1,0
20,200229,3,2,9,22,14,10,12,6,0,3,0,53,6,1FAFP53U97A1,2007,460,1782,13,12,17,4,0,11,11,0,777777777777,777777777777,777777777777,77,77,77,00000000000,0,000000000,0,0,1,0,0,0,0,0,0,0,8,10,2,6,12,0,12017,1,F,A,F,P,5,3,U,9,7,A,1,0
21,210064,2,1,2,22,1,27,14,0,1,2,0,47,6,4V4NC9EG6RN6,2024,487,1967,66,51,881,66,0,18,18,1,888888888888,777777777777,777777777777,98,77,77,5700874051,57,00874051,6,1,1,0,0,0,0,0,0,0,2,6,6,6,12,0,51881,4,V,4,N,C,9,E,G,6,R,N,6,0
21,210088,2,1,3,6,2,11,33,0,0,3,0,21,6,JTHBL46F8750,2007,515,2182,13,59,32,4,0,11,11,0,777777777777,777777777777,777777777777,77,77,77,00000000000,0,000000000,0,0,1,0,0,0,0,0,0,0,0,10,6,5,12,0,59032,J,T,H,B,L,4,6,F,8,7,5,0,0
21,210088,3,1,3,6,2,11,33,0,0,3,0,21,6,JTMDF4DV1AD0,2010,448,2217,7,49,402,14,0,11,11,0,777777777777,777777777777,777777777777,77,77,77,00000000000,0,000000000,0,0,1,0,0,0,0,0,0,0,0,9,6,5,12,0,49402,J,T,M,D,F,4,D,V,1,A,D,0,0
21,210088,4,1,3,6,2,11,33,0,0,3,0,21,6,1J4RR4GG8BC5,2011,483,1949,7,2,404,14,0,12,12,0,777777777777,777777777777,777777777777,77,77,77,00000000000,0,000000000,0,0,1,0,0,0,0,0,0,0,0,9,6,5,12,0,2404,1,J,4,R,R,4,G,G,8,B,C,5,0
21,210088,5,1,3,6,2,11,33,0,0,3,0,21,6,1GNDT13S6822,2008,467,4548,7,20,403,14,0,11,11,0,777777777777,777777777777,777777777777,77,77,77,00000000000,0,000000000,0,0,1,0,0,0,0,0,0,0,0,9,6,5,12,0,20403,1,G,N,D,T,1,3,S,6,8,2,2,0
21,210088,6,1,3,6,2,11,33,0,0,3,0,21,6,JM3KE4CY2G07,2016,473,2369,7,41,403,14,0,11,11,0,777777777777,777777777777,777777777777,77,77,77,00000000000,0,000000000,0,0,1,0,0,0,0,0,0,0,0,5,4,5,12,0,41403,J,M,3,K,E,4,C,Y,2,G,0,7,0
21,210088,7,1,3,6,2,11,33,0,0,3,0,21,6,1GCEC14X14Z3,2004,467,1850,60,20,481,34,0,12,12,0,777777777777,777777777777,777777777777,77,77,77,00000000000,0,000000000,0,0,1,0,0,0,0,0,0,0,0,1,6,6,12,0,20481,1,G,C,E,C,1,4,X,1,4,Z,3,0
21,210123,2,1,3,30,23,33,8,0,0,3,0,21,6,3C6UR5CJ2PG5,2023,496,13621,60,7,482,34,0,12,12,0,777777777777,777777777777,777777777777,77,77,77,00000000000,0,000000000,0,0,1,0,0,0,0,0,0,0,0,8,2,5,12,0,7482,3,C,6,U,R,5,C,J,2,P,G,5,0
21,210175,2,1,4,29,22,14,14,0,1,2,0,17,6,3AKJHHDR8MSM,2021,450,2501,66,82,881,66,0,18,18,1,888888888888,777777777777,777777777777,98,77,77,5704035645,57,04035645,6,97,1,0,0,0,0,0,0,0,2,6,4,5,12,0,82881,3,A,K,J,H,H,D,R,8,M,S,M,0
21,210188,2,1,4,11,13,28,14,0,0,2,0,21,6,2CTALMECXB64,2011,472,1858,7,23,402,14,0,11,11,0,777777777777,777777777777,777777777777,77,77,77,00000000000,0,000000000,0,0,1,0,0,0,0,0,0,0,0,10,6,6,12,0,23402,2,C,T,A,L,M,E,C,X,B,6,4,0
21,210227,2,1,5,25,14,1,14,0,0,2,0,21,6,2G1WT58K2892,2008,467,1833,13,20,2,4,0,11,11,0,777777777777,777777777777,777777777777,77,77,77,00000000000,0,000000000,0,0,1,0,0,0,0,0,0,0,0,7,2,5,12,0,20002,2,G,1,W,T,5,8,K,2,8,9,2,0
21,210234,2,1,5,28,15,10,25,0,0,3,0,21,6,5XYKW4A29CG1,2012,499,2769,7,63,402,14,0,11,11,0,777777777777,777777777777,777777777777,77,77,77,00000000000,0,000000000,0,0,1,0,0,0,0,0,0,0,7,13,6,5,12,0,63402,5,X,Y,K,W,4,A,2,9,C,G,1,0
21,210234,3,1,5,28,15,10,25,0,0,3,0,37,6,1FTMF1CM5BKD,2011,460,1801,60,12,481,34,0,12,12,0,777777777777,777777777777,777777777777,77,77,77,00000000000,0,000000000,0,0,1,0,0,0,0,0,0,0,7,4,6,5,12,0,12481,1,F,T,M,F,1,C,M,5,B,K,D,0
21,210297,2,1,6,7,18,30,42,0,0,2,0,21,6,3TMLU4EN9EM1,2014,448,2223,60,49,472,34,0,11,11,0,777777777777,777777777777,777777777777,77,77,77,00000000000,0,000000000,0,0,1,0,0,0,0,0,0,0,7,12,6,5,12,0,49472,3,T,M,L,U,4,E,N,9,E,M,1,0
21,210297,3,1,6,7,18,30,42,0,0,2,0,21,6,JHMZF1D4XBS0,2011,474,2128,5,37,41,3,0,11,11,0,777777777777,777777777777,777777777777,77,77,77,00000000000,0,000000000,0,0,1,0,0,0,0,0,0,0,7,12,2,5,12,0,37041,J,H,M,Z,F,1,D,4,X,B,S,0,0
21,210313,2,1,6,14,1,30,14,0,1,2,0,18,6,1XPBDP9X2MD7,2021,495,2787,66,87,881,66,0,18,18,1,888888888888,777777777777,777777777777,98,77,77,5700179752,57,00179752,6,1,1,0,0,0,0,0,0,0,2,6,4,6,12,0,87881,1,X,P,B,D,P,9,X,2,M,D,7,0
21,210314,2,1,6,14,6,30,53,0,0,3,0,21,6,3FAHP0JA5CR3,2012,460,1780,13,12,23,4,0,11,11,0,777777777777,777777777777,777777777777,77,77,77,00000000000,0,000000000,0,0,1,0,0,0,0,0,0,0,7,98,8,8,12,0,12023,3,F,A,H,P,0,J,A,5,C,R,3,0
21,210392,2,1,7,20,17,10,1,0,2,2,0,30,6,1C6RR7LGXPS5,2023,496,13620,60,7,482,34,0,12,12,0,777777777777,777777777777,777777777777,77,77,77,00000000000,0,000000000,0,0,1,0,0,0,0,0,0,0,0,8,4,5,12,0,7482,1,C,6,R,R,7,L,G,X,P,S,5,0
21,210414,3,2,8,15,19,10,9,0,0,3,0,21,6,2FMTK3G94FBC,2015,460,1797,7,12,24,6,0,11,11,0,777777777777,777777777777,777777777777,77,77,77,00000000000,0,000000000,0,0,1,0,0,0,0,0,0,0,7,9,2,5,12,0,12024,2,F,M,T,K,3,G,9,4,F,B,C,0
21,210422,2,1,8,18,17,13,30,0,0,3,0,99,6,999999999999,9999,99999,99999,999,99,999,99,0,98,98,0,777777777777,777777777777,777777777777,77,77,77,99999999999,99,999999999,99,99,1,0,0,0,0,99,0,0,0,98,9,9,12,0,99999,9,9,9,9,9,9,9,9,9,9,9,9,0
21,210442,2,1,8,5,18,25,14,0,0,2,0,91,6,888888888888,9999,460,1805,60,12,481,34,0,11,12,1,888888888888,777777777777,777777777777,98,77,77,00000000000,0,000000000,0,0,1,0,0,0,0,0,0,0,0,7,8,8,12,0,12481,8,8,8,8,8,8,8,8,8,8,8,8,0
21,210446,4,3,8,22,16,22,12,6,0,3,0,0,6,000000000000,9999,99999,99999,126,99,998,92,0,98,98,0,777777777777,777777777777,777777777777,77,77,77,00000000000,0,000000000,0,0,1,0,0,0,0,0,0,0,0,98,8,8,12,0,99998,0,0,0,0,0,0,0,0,0,0,0,0,0
21,210449,2,1,8,16,19,12,33,0,0,3,0,21,6,1GCEK19V13E2,2003,467,1850,60,20,481,34,0,12,12,0,777777777777,777777777777,777777777777,77,77,77,00000000000,0,000000000,0,0,1,0,0,0,0,0,0,0,0,12,4,5,12,0,20481,1,G,C,E,K,1,9,V,1,3,E,2,0
21,210477,2,1,9,14,5,17,14,0,0,2,0,21,6,4V4NC9EH2FN9,2015,487,1967,66,51,881,66,0,18,18,1,888888888888,777777777777,777777777777,98,77,77,5704023797,57,04023797,6,97,1,0,0,0,0,0,0,0,0,6,6,6,12,0,51881,4,V,4,N,C,9,E,H,2,F,N,9,0
21,210484,2,1,9,25,17,16,8,0,0,2,0,98,6,888888888888,9999,460,1808,11,12,898,61,0,13,13,5,777777777777,777777777777,777777777777,77,77,77,77777777777,77,777777777,1,12,1,0,0,0,0,0,0,0,0,7,8,8,12,0,12898,8,8,8,8,8,8,8,8,8,8,8,8,0
21,210532,2,1,10,13,0,42,14,0,0,2,0,21,6,3C63R3AJ7PG5,2023,496,13622,60,7,880,67,0,13,13,0,777777777777,777777777777,777777777777,77,77,77,88888888888,88,888888888,1,97,1,0,0,0,0,0,0,0,0,6,6,6,12,0,7880,3,C,6,3,R,3,A,J,7,P,G,5,0
21,210532,3,1,10,13,0,42,14,0,1,2,0,26,6,3ALXFB008DDF,2013,450,2498,64,82,881,78,66,17,17,1,888888888888,777777777777,777777777777,98,77,77,5700215732,57,00215732,6,1,1,0,0,0,0,0,0,0,7,6,2,6,12,0,82881,3,A,L,X,F,B,0,0,8,D,D,F,0
21,210533,2,1,10,13,2,59,14,0,1,2,0,21,6,1FUJA6CV06LV,2006,450,2482,66,82,881,66,0,18,18,1,888888888888,777777777777,777777777777,98,77,77,5702392985,57,02392985,6,1,2,2,1789,8,1,0,0,0,2,6,6,6,12,0,82881,1,F,U,J,A,6,C,V,0,6,L,V,0
22,220035,2,1,2,13,15,35,14,0,0,2,0,22,6,5XYKT3A67CG1,2012,499,2769,7,63,402,14,0,11,11,0,777777777777,777777777777,777777777777,77,77,77,00000000000,0,000000000,0,0,1,0,0,0,0,0,0,0,0,12,6,6,14,0,63402,5,X,Y,K,T,3,A,6,7,C,G,1,0
22,220035,3,1,2,13,15,35,14,0,0,2,0,22,6,1N4AL3AP2EN2,2014,478,1904,13,35,47,4,0,11,11,0,777777777777,777777777777,777777777777,77,77,77,00000000000,0,000000000,0,0,1,0,0,0,0,0,0,0,7,12,2,5,18,0,35047,1,N,4,A,L,3,A,P,2,E,N,2,0
22,220035,4,1,2,13,15,35,14,0,0,2,0,22,6,3FA6P0K99DR2,2013,460,1780,13,12,23,4,0,11,11,0,777777777777,777777777777,777777777777,77,77,77,00000000000,0,000000000,0,0,1,0,0,0,0,0,0,0,7,12,2,5,18,0,12023,3,F,A,6,P,0,K,9,9,D,R,2,0
22,220072,4,3,2,23,13,56,12,6,0,3,0,91,6,888888888888,2007,472,1857,60,23,481,34,0,11,12,0,777777777777,777777777777,777777777777,77,77,77,00000000000,0,000000000,0,0,1,0,0,0,0,0,0,0,7,61,8,8,12,0,23481,8,8,8,8,8,8,8,8,8,8,8,8,0
22,220072,5,3,2,23,13,56,12,6,0,3,0,91,6,888888888888,2004,474,1861,13,37,32,8,0,11,12,0,777777777777,777777777777,777777777777,77,77,77,00000000000,0,000000000,0,0,1,0,0,0,0,0,0,0,7,12,8,8,12,0,37032,8,8,8,8,8,8,8,8,8,8,8,8,0
22,220133,2,1,4,3,1,56,8,0,2,2,0,48,6,1N6AA1EE5NN1,2022,478,1920,60,35,481,34,0,12,12,0,777777777777,777777777777,777777777777,77,77,77,00000000000,0,000000000,0,0,1,0,0,0,0,0,0,0,2,6,6,6,12,0,35481,1,N,6,A,A,1,E,E,5,N,N,1,1
22,220133,3,1,4,3,1,56,8,0,0,2,0,22,6,1HTEUMML9RS6,2024,526,20856,11,84,881,62,0,16,16,0,777777777777,777777777777,777777777777,77,77,77,572399243,57,2399243,1,3,1,0,0,0,0,0,0,0,7,6,2,5,14,0,84881,1,H,T,E,U,M,M,L,9,R,S,6,0
22,220140,2,1,3,28,9,10,14,0,1,2,0,48,6,4V4NC9EH3GN9,2016,487,1967,66,51,881,66,0,18,18,1,1L01A5323611,777777777777,777777777777,18,77,77,573835634,57,3835634,6,1,1,0,0,0,0,0,0,0,2,6,2,5,12,0,51881,4,V,4,N,C,9,E,H,3,G,N,9,0
22,220182,2,1,5,5,19,34,59,0,0,3,0,22,6,1C3CCCBBXFN6,2015,477,2053,13,6,18,4,0,11,11,0,777777777777,777777777777,777777777777,77,77,77,00000000000,0,000000000,0,0,1,0,0,0,0,0,0,0,7,6,2,5,91,0,6018,1,C,3,C,C,C,B,B,X,F,N,6,0
22,220182,3,1,5,5,19,34,59,0,0,3,0,22,6,1GCHK23608F1,2008,467,1850,60,20,481,34,0,12,12,0,777777777777,777777777777,777777777777,77,77,77,00000000000,0,000000000,0,0,1,0,0,0,0,0,0,0,7,5,2,5,12,0,20481,1,G,C,H,K,2,3,6,0,8,F,1,0
22,220182,4,1,5,5,19,34,59,0,0,3,0,22,6,JT2AT86F5M00,1991,448,3645,3,49,33,2,0,11,11,0,777777777777,777777777777,777777777777,77,77,77,00000000000,0,000000000,0,0,1,0,0,0,0,0,0,0,7,3,4,5,91,0,49033,J,T,2,A,T,8,6,F,5,M,0,0,0
22,220182,5,1,5,5,19,34,59,0,0,3,0,22,6,1GCHC24K97E5,2007,467,1850,60,20,481,34,0,12,12,0,777777777777,777777777777,777777777777,77,77,77,00000000000,0,000000000,0,0,1,0,0,0,0,0,0,0,7,2,2,5,91,0,20481,1,G,C,H,C,2,4,K,9,7,E,5,0
22,220204,4,3,6,7,5,30,12,6,0,3,0,22,6,1GCEC14W7VZ1,1997,467,10978,60,20,481,34,0,12,12,0,777777777777,777777777777,777777777777,77,77,77,00000000000,0,000000000,0,0,1,0,0,0,0,0,0,0,0,11,4,5,12,0,20481,1,G,C,E,C,1,4,W,7,V,Z,1,0
22,220204,5,3,6,7,5,30,12,6,0,3,0,22,6,1YVGF22C6X58,1999,473,5471,13,41,37,4,0,11,11,0,777777777777,777777777777,777777777777,77,77,77,00000000000,0,000000000,0,0,1,0,0,0,0,0,0,0,0,10,4,5,14,0,41037,1,Y,V,G,F,2,2,C,6,X,5,8,0
22,220204,6,3,6,7,5,30,12,6,0,3,0,22,6,3GNEC16R1XG2,1999,467,1851,7,20,431,16,0,12,12,0,777777777777,777777777777,777777777777,77,77,77,00000000000,0,000000000,0,0,1,0,0,0,0,0,0,0,0,11,2,5,14,0,20431,3,G,N,E,C,1,6,R,1,X,G,2,0
22,220204,7,3,6,7,5,30,12,6,0,3,0,22,6,3GNFK16Z95G1,2005,467,1851,7,20,422,15,0,12,12,0,777777777777,777777777777,777777777777,77,77,77,00000000000,0,000000000,0,0,1,0,0,0,0,0,0,0,0,2,2,5,14,0,20422,3,G,N,F,K,1,6,Z,9,5,G,1,0
22,220402,2,1,8,12,10,8,14,0,1,2,0,22,6,1FMYU03156KA,2006,460,1798,7,12,402,14,0,11,11,0,777777777777,777777777777,777777777777,77,77,77,00000000000,0,000000000,0,0,1,0,0,0,0,0,0,0,1,6,6,6,12,0,12402,1,F,M,Y,U,0,3,1,5,6,K,A,1
22,220503,2,1,9,26,18,28,14,0,0,2,0,22,6,2FMDK38C89BA,2009,460,1797,7,12,24,6,0,11,11,0,777777777777,777777777777,777777777777,77,77,77,00000000000,0,000000000,0,0,1,0,0,0,0,0,0,0,0,9,4,6,12,0,12024,2,F,M,D,K,3,8,C,8,9,B,A,0
22,220522,2,1,9,24,13,48,8,0,0,4,0,22,3,3C6UR4HJ7JG2,2018,496,13621,60,7,482,34,0,12,12,0,777777777777,777777777777,777777777777,77,77,77,00000000000,0,000000000,0,0,1,0,0,0,0,0,10,5,8,7,6,6,12,0,7482,3,C,6,U,R,4,H,J,7,J,G,2,0
22,220522,3,1,9,24,13,48,8,0,0,2,0,22,6,3GNEC12J97G1,2007,467,3876,119,20,482,34,0,12,12,0,777777777777,777777777777,777777777777,77,77,77,00000000000,0,000000000,0,0,1,0,0,0,0,0,0,0,0,7,4,6,12,0,20482,3,G,N,E,C,1,2,J,9,7,G,1,0
22,220534,2,1,11,9,20,18,5,0,0,3,0,22,6,5N1BT3BA1PC6,2023,478,1913,7,35,404,14,0,11,11,0,777777777777,777777777777,777777777777,77,77,77,00000000000,0,000000000,0,0,1,0,0,0,0,0,0,0,7,8,4,5,14,0,35404,5,N,1,B,T,3,B,A,1,P,C,6,0
22,220534,3,1,11,9,20,18,5,0,0,3,0,48,6,2HKRM3H70EH5,2014,474,1865,7,37,402,14,0,11,11,0,777777777777,777777777777,777777777777,77,77,77,00000000000,0,000000000,0,0,1,0,0,0,0,0,0,0,7,7,4,5,14,0,37402,2,H,K,R,M,3,H,7,0,E,H,5,0
22,220593,2,1,12,6,11,55,25,0,0,3,0,22,6,WAUHMAF4XLA0,2020,582,3146,13,32,43,4,0,11,11,0,777777777777,777777777777,777777777777,77,77,77,00000000000,0,000000000,0,0,1,0,0,0,0,0,0,0,0,6,6,6,14,0,32043,W,A,U,H,M,A,F,4,X,L,A,0,0
22,220593,3,1,12,6,11,55,25,0,0,3,0,48,6,3GTP8CED9LG1,2020,472,1857,60,23,481,34,0,12,12,0,777777777777,777777777777,777777777777,77,77,77,00000000000,0,000000000,0,0,1,0,0,0,0,0,0,0,0,6,2,5,14,0,23481,3,G,T,P,8,C,E,D,9,L,G,1,0
22,220643,2,1,12,9,0,36,8,0,0,3,0,22,6,WBALM5C53BE3,2011,452,1725,1,34,42,1,0,11,11,0,777777777777,777777777777,777777777777,77,77,77,00000000000,0,000000000,0,0,1,0,0,0,0,0,0,0,0,6,6,6,8,0,34042,W,B,A,L,M,5,C,5,3,B,E,3,0
22,220689,3,2,12,29,18,42,12,6,0,3,0,1,6,3AKJGLD50FSG,2015,450,2501,66,82,881,66,0,18,18,1,13N148305715,777777777777,777777777777,17,77,77,014291311,1,4291311,6,3,1,0,0,0,0,0,0,0,0,6,6,6,12,0,82881,3,A,K,J,G,L,D,5,0,F,S,G,0
23,230097,2,1,7,20,7,21,14,0,0,3,0,23,6,2NPLLZ9X26M6,2006,495,2042,11,87,881,63,0,18,18,0,777777777777,777777777777,777777777777,77,77,77,88888888888,88,888888888,2,98,1,0,0,0,0,0,0,0,8,2,2,5,12,0,87881,2,N,P,L,L,Z,9,X,2,6,M,6,0
23,230097,3,1,7,20,7,21,14,0,0,3,0,91,6,888888888888,9998,99998,99998,998,97,997,98,0,98,98,0,777777777777,777777777777,777777777777,77,77,77,99999999999,99,999999999,99,99,1,0,0,0,0,98,0,0,8,12,8,5,12,0,97997,8,8,8,8,8,8,8,8,8,8,8,8,0
23,230129,2,1,9,4,19,36,14,0,1,2,0,23,6,1FM5K8AW9MNA,2021,460,1800,7,12,425,15,0,12,12,0,777777777777,777777777777,777777777777,77,77,77,00000000000,0,000000000,0,0,1,0,0,0,0,0,5,0,8,3,6,6,12,0,12425,1,F,M,5,K,8,A,W,9,M,N,A,0
23,230173,3,2,12,18,12,10,43,0,0,3,0,23,6,JTENU5JRXP61,2023,448,2216,7,49,401,14,0,12,12,0,777777777777,777777777777,777777777777,77,77,77,00000000000,0,000000000,0,0,1,0,0,0,0,0,0,0,8,11,2,5,12,0,49401,J,T,E,N,U,5,J,R,X,P,6,1,0
23,230173,4,2,12,18,12,10,43,0,0,3,0,23,6,2C4RDGBG9ER2,2014,476,14832,2,7,442,20,0,12,12,0,777777777777,777777777777,777777777777,77,77,77,00000000000,0,000000000,0,0,1,0,0,0,0,0,0,0,7,12,2,5,72,0,7442,2,C,4,R,D,G,B,G,9,E,R,2,0
23,230173,5,2,12,18,12,10,43,0,0,3,0,23,6,1C6HJTAG5ML5,2021,483,25919,60,2,483,34,0,11,11,0,777777777777,777777777777,777777777777,77,77,77,00000000000,0,000000000,0,0,1,0,0,0,0,0,0,0,7,13,2,5,72,0,2483,1,C,6,H,J,T,A,G,5,M,L,5,0
23,230175,3,2,12,19,6,35,12,6,0,2,0,23,6,1GNSKBKC9HR3,2017,467,1852,7,20,421,15,0,12,12,0,777777777777,777777777777,777777777777,77,77,77,00000000000,0,000000000,0,0,1,0,0,0,0,0,0,0,8,7,4,5,12,0,20421,1,G,N,S,K,B,K,C,9,H,R,3,0
24,240001,2,1,1,1,4,49,14,0,1,2,0,51,6,2C3CCAET0GH1,2016,477,1878,13,6,51,4,0,11,11,0,777777777777,777777777777,777777777777,77,77,77,00000000000,0,000000000,0,0,1,0,0,0,0,0,0,0,0,6,6,6,12,0,6051,2,C,3,C,C,A,E,T,0,G,H,1,0
24,240076,3,2,7,3,13,42,12,99,0,2,0,24,6,KM8K62AA1KU2,2019,498,22249,7,55,404,14,0,11,11,0,777777777777,777777777777,777777777777,77,77,77,00000000000,0,000000000,0,0,1,0,0,0,0,0,0,0,8,11,4,5,14,0,55404,K,M,8,K,6,2,A,A,1,K,U,2,0
24,240076,4,2,7,3,13,42,12,99,0,2,0,24,6,3G5DB03E33S6,2003,468,4955,7,18,401,14,0,11,11,0,777777777777,777777777777,777777777777,77,77,77,00000000000,0,000000000,0,0,1,0,0,0,0,0,0,0,8,14,6,5,14,0,18401,3,G,5,D,B,0,3,E,3,3,S,6,0
24,240076,5,2,7,3,13,42,12,99,0,2,0,24,6,YV1902AH6B11,2011,485,1960,13,51,45,4,0,11,11,0,777777777777,777777777777,777777777777,77,77,77,00000000000,0,000000000,0,0,1,0,0,0,0,0,0,0,7,14,2,5,14,0,51045,Y,V,1,9,0,2,A,H,6,B,1,1,0
24,240119,2,1,3,23,8,32,14,0,0,2,0,24,6,3C7WRMDL0JG3,2018,496,13625,65,7,881,64,11,15,15,0,777777777777,777777777777,777777777777,77,77,77,573970342,57,3970342,1,97,1,0,0,0,0,0,0,0,0,6,4,5,12,0,7881,3,C,7,W,R,M,D,L,0,J,G,3,0
24,240215,2,1,5,31,22,53,14,0,0,3,0,24,6,1M2AT04C17M0,2007,490,10967,11,86,881,63,0,18,18,0,777777777777,777777777777,777777777777,77,77,77,57362184,57,362184,2,97,1,0,0,0,0,0,0,0,8,6,4,5,12,0,86881,1,M,2,A,T,0,4,C,1,7,M,0,0
24,240215,3,1,5,31,22,53,14,0,0,3,0,0,6,VCEC220DH002,9999,485,99997,127,51,998,93,0,98,98,0,777777777777,777777777777,777777777777,77,77,77,99999999999,99,999999999,99,99,1,0,0,0,0,0,0,0,8,6,2,5,12,0,51998,V,C,E,C,2,2,0,D,H,0,0,2,0
24,240253,3,4,2,21,7,29,12,8,1,2,0,24,6,YV4AC2HK5L22,2020,485,23714,7,51,403,14,0,11,11,0,777777777777,777777777777,777777777777,77,77,77,00000000000,0,000000000,0,0,1,0,0,0,0,0,0,0,0,7,6,5,12,0,51403,Y,V,4,A,C,2,H,K,5,L,2,2,0
24,240254,2,1,6,20,8,45,18,0,0,3,0,24,6,1FT7X2B60FEB,2015,460,1805,60,12,481,34,0,12,12,1,5MYUU162XHB0,777777777777,777777777777,98,77,77,88888888888,88,888888888,4,1,1,0,0,0,0,0,0,0,0,7,2,5,12,0,12481,1,F,T,7,X,2,B,6,0,F,E,B,0
24,240265,2,1,2,9,13,12,8,0,0,2,0,4,6,2T3P1RFV7KW0,2019,448,2217,7,49,402,14,0,11,11,0,777777777777,777777777777,777777777777,77,77,77,00000000000,0,000000000,0,0,1,0,0,0,0,0,0,0,7,9,2,5,8,0,49402,2,T,3,P,1,R,F,V,7,K,W,0,0
24,240345,2,1,9,15,20,53,14,0,3,2,0,51,6,55SWF4KB5JU2,2018,449,2085,13,42,42,4,0,11,11,0,777777777777,777777777777,777777777777,77,77,77,00000000000,0,000000000,0,0,1,0,0,0,0,0,0,0,8,6,6,6,12,0,42042,5,5,S,W,F,4,K,B,5,J,U,2,0
24,240375,3,2,9,17,11,1,12,6,0,3,0,4,6,1FDXE4FS3EDA,2014,460,1819,62,12,870,61,11,14,14,0,777777777777,777777777777,777777777777,77,77,77,57428517,57,428517,1,1,1,0,0,0,0,0,23,0,8,6,2,5,12,0,12870,1,F,D,X,E,4,F,S,3,E,D,A,0
24,240375,4,2,9,17,11,1,12,6,0,3,0,4,6,1FDXE4FS9JDC,2018,460,1819,62,12,870,61,11,14,14,0,777777777777,777777777777,777777777777,77,77,77,57428517,57,428517,1,1,1,0,0,0,0,0,23,0,8,6,2,5,12,0,12870,1,F,D,X,E,4,F,S,9,J,D,C,0
24,240375,5,2,9,17,11,1,12,6,0,3,0,4,6,1FDNF6CY4GDB,2016,460,1809,11,12,881,62,0,16,16,0,777777777777,777777777777,777777777777,77,77,77,57428517,57,428517,1,1,1,0,0,0,0,0,23,0,8,6,2,5,12,0,12881,1,F,D,N,F,6,C,Y,4,G,D,B,0
24,240390,2,1,10,14,10,54,1,0,0,3,0,24,6,1GCEK19Z57Z1,2007,467,1850,60,20,481,34,0,12,12,0,777777777777,777777777777,777777777777,77,77,77,00000000000,0,000000000,0,0,1,0,0,0,0,0,0,0,7,5,4,5,12,0,20481,1,G,C,E,K,1,9,Z,5,7,Z,1,0
24,240424,2,1,11,10,4,4,14,0,1,2,0,24,6,WBABB2305H88,1987,452,5190,1,34,34,1,0,11,11,0,777777777777,777777777777,777777777777,77,77,77,00000000000,0,000000000,0,0,1,0,0,0,0,0,0,0,0,6,6,6,12,0,34034,W,B,A,B,B,2,3,0,5,H,8,8,1
24,240424,3,1,11,10,4,4,14,0,0,3,0,24,6,1FAHP2MK7HG1,2017,460,1782,13,12,17,4,0,11,11,0,777777777777,777777777777,777777777777,77,77,77,00000000000,0,000000000,0,0,1,0,0,0,0,0,5,0,7,6,4,5,14,0,12017,1,F,A,H,P,2,M,K,7,H,G,1,0
24,240431,2,1,11,2,4,19,14,0,0,2,0,42,6,SADCJ2BV1HA8,2017,442,11441,7,39,401,14,0,11,11,0,777777777777,777777777777,777777777777,77,77,77,00000000000,0,000000000,0,0,1,0,0,0,0,0,0,0,0,1,6,6,12,0,39401,S,A,D,C,J,2,B,V,1,H,A,8,0
24,240443,2,1,11,16,8,43,14,0,1,2,0,24,6,WDBUF26J75A6,2005,449,2081,13,42,48,4,0,11,11,0,777777777777,777777777777,777777777777,77,77,77,00000000000,0,000000000,0,0,1,0,0,0,0,0,0,0,0,5,6,5,12,0,42048,W,D,B,U,F,2,6,J,7,5,A,6,0
24,240495,2,1,12,6,3,43,14,0,1,2,0,37,6,3ALXFB000LDL,2020,450,2498,64,82,881,78,66,18,18,1,1JJV532D4PL3,777777777777,777777777777,18,77,77,572328470,57,2328470,6,1,1,0,0,0,0,0,0,0,2,6,4,6,12,0,82881,3,A,L,X,F,B,0,0,0,L,D,L,0
24,240517,3,2,5,13,18,28,12,6,0,2,0,51,6,1HTMMAAM3CH5,2012,526,2649,11,84,881,62,0,16,16,0,777777777777,777777777777,777777777777,77,77,77,573979757,57,3979757,1,1,1,0,0,0,0,0,0,0,0,12,6,5,12,0,84881,1,H,T,M,M,A,A,M,3,C,H,5,0
24,240545,2,1,10,13,3,10,14,0,1,2,0,34,6,1M1AN4GY2LM0,2020,490,20842,66,86,881,66,0,18,18,1,1GR1A0623MB2,777777777777,777777777777,98,77,77,571975612,57,1975612,6,8,1,0,0,0,0,0,0,0,8,6,0,5,12,0,86881,1,M,1,A,N,4,G,Y,2,L,M,0,0
24,240563,2,1,11,11,18,6,8,0,0,2,0,24,6,3HAEUMMM3RL2,2024,526,20856,11,84,881,62,0,16,16,0,777777777777,777777777777,777777777777,77,77,77,57503994,57,503994,1,97,1,0,0,0,0,0,0,0,7,98,0,5,8,0,84881,3,H,A,E,U,M,M,M,3,R,L,2,0
25,250009,2,1,1,7,22,54,14,0,0,3,0,25,6,1FTEX1EP6HFC,2017,460,1801,60,12,481,34,0,12,12,0,777777777777,777777777777,777777777777,77,77,77,00000000000,0,000000000,0,0,1,0,0,0,0,0,0,0,0,63,7,5,12,0,12481,1,F,T,E,X,1,E,P,6,H,F,C,0
25,250027,2,1,2,4,2,53,19,0,0,3,0,25,6,1GTHK49K19E1,2009,472,1857,60,23,481,34,0,12,12,0,777777777777,777777777777,777777777777,77,77,77,00000000000,0,000000000,0,0,1,0,0,0,0,0,0,0,8,61,7,5,12,0,23481,1,G,T,H,K,4,9,K,1,9,E,1,0
25,250119,2,1,7,8,22,54,14,0,0,2,0,25,6,5TEGN92N24Z3,2004,448,2223,60,49,472,34,0,11,11,0,777777777777,777777777777,777777777777,77,77,77,00000000000,0,000000000,0,0,1,0,0,0,0,0,0,0,8,6,7,6,12,0,49472,5,T,E,G,N,9,2,N,2,4,Z,3,0
25,250158,2,1,8,30,13,10,14,0,0,2,0,25,6,1FTFW1ED4NFC,2022,460,1801,60,12,481,34,0,12,12,1,5KTBS262X9F5,777777777777,777777777777,98,77,77,00000000000,0,000000000,0,0,1,0,0,0,0,0,0,0,7,6,6,6,12,0,12481,1,F,T,F,W,1,E,D,4,N,F,C,0
25,250232,2,1,11,2,14,17,14,0,0,2,0,25,6,1M2P267C5YM0,2000,490,9449,11,86,881,63,0,18,18,1,888888888888,777777777777,777777777777,98,77,77,77777777777,77,777777777,4,98,1,0,0,0,0,0,0,0,8,82,7,5,12,0,86881,1,M,2,P,2,6,7,C,5,Y,M,0,0
25,250253,2,1,11,12,14,25,45,0,0,4,0,36,3,3FRNF7FC1FV7,2015,460,1810,11,12,881,62,0,16,16,1,4S8SZ1614KW0,777777777777,777777777777,98,77,77,57324411,57,324411,4,96,1,0,0,0,0,0,0,0,8,6,2,5,12,0,12881,3,F,R,N,F,7,F,C,1,F,V,7,0
25,250254,2,1,11,16,3,43,14,0,1,2,0,25,6,KL79MPSL2NB1,2022,467,4548,7,20,498,14,0,11,11,0,777777777777,777777777777,777777777777,77,77,77,00000000000,0,000000000,0,0,1,0,0,0,0,0,0,0,1,6,6,6,12,0,20498,K,L,7,9,M,P,S,L,2,N,B,1,1
25,250262,2,1,2,25,20,19,14,0,0,2,0,25,6,3MZBM1U70FM2,2015,473,2074,13,41,51,4,0,11,11,0,777777777777,777777777777,777777777777,77,77,77,00000000000,0,000000000,0,0,1,0,0,0,0,0,0,0,8,6,6,6,12,0,41051,3,M,Z,B,M,1,U,7,0,F,M,2,0
25,250262,3,1,2,25,20,19,14,0,0,2,0,25,6,19XFB2F78FE7,2015,474,1863,13,37,31,4,0,11,11,0,777777777777,777777777777,777777777777,77,77,77,00000000000,0,000000000,0,0,1,0,0,0,0,0,0,0,8,6,6,6,12,0,37031,1,9,X,F,B,2,F,7,8,F,E,7,0
25,250262,4,1,2,25,20,19,14,0,0,2,0,25,6,JM1GL1U53H11,2017,473,2078,13,41,50,4,0,11,11,0,777777777777,777777777777,777777777777,77,77,77,00000000000,0,000000000,0,0,1,0,0,0,0,0,0,0,8,6,7,5,14,0,41050,J,M,1,G,L,1,U,5,3,H,1,1,0
25,250265,3,2,4,19,18,53,12,2,0,2,0,25,6,4M2CN9H74AKJ,2010,465,1815,7,14,402,14,0,11,11,0,777777777777,777777777777,777777777777,77,77,77,00000000000,0,000000000,0,0,1,0,0,0,0,0,0,0,7,8,7,5,12,0,14402,4,M,2,C,N,9,H,7,4,A,K,J,0
25,250276,2,1,3,15,9,25,42,0,0,2,0,25,6,1GC2KUEGXHZ1,2017,467,1850,60,20,481,34,0,12,12,0,777777777777,777777777777,777777777777,77,77,77,00000000000,0,000000000,0,0,1,0,0,0,0,0,0,0,8,6,7,9,12,0,20481,1,G,C,2,K,U,E,G,X,H,Z,1,0
25,250276,3,1,3,15,9,25,42,0,0,3,0,25,6,1FDWF6DEXJDF,2018,460,1809,11,12,881,62,0,16,16,0,777777777777,777777777777,777777777777,77,77,77,77777777777,77,777777777,1,98,1,0,0,0,0,0,0,0,0,1,7,5,12,0,12881,1,F,D,W,F,6,D,E,X,J,D,F,0
25,250304,2,1,5,22,15,9,14,0,0,2,1,25,6,1FDUF5HT2JEB,2018,460,1808,63,12,881,61,11,15,15,1,888888888888,777777777777,777777777777,98,77,77,77777777777,77,777777777,4,98,1,0,0,0,0,0,0,0,7,63,0,5,12,0,12881,1,F,D,U,F,5,H,T,2,J,E,B,0
25,250308,2,1,9,28,7,12,1,0,0,3,0,25,6,1GYS4BEF3BR1,2011,469,1843,7,19,421,15,0,12,12,0,777777777777,777777777777,777777777777,77,77,77,00000000000,0,000000000,0,0,1,0,0,0,0,0,0,0,7,4,7,5,12,0,19421,1,G,Y,S,4,B,E,F,3,B,R,1,0
25,250308,3,1,9,28,7,12,1,0,0,3,0,25,6,3N1CB51A42L5,2002,478,1907,13,35,43,4,0,11,11,0,777777777777,777777777777,777777777777,77,77,77,00000000000,0,000000000,0,0,1,0,0,0,0,0,0,0,7,83,7,5,12,0,35043,3,N,1,C,B,5,1,A,4,2,L,5,0
25,250354,2,1,10,4,21,29,53,0,0,3,0,25,6,5FRYD4H49GB0,2016,475,2147,7,54,421,15,0,11,11,0,777777777777,777777777777,777777777777,77,77,77,00000000000,0,000000000,0,0,1,0,0,0,0,0,0,0,8,12,7,5,12,0,54421,5,F,R,Y,D,4,H,4,9,G,B,0,0
26,260031,2,1,1,24,1,20,14,0,1,2,0,26,6,KL4CJFSB3JB5,2018,468,1842,7,18,404,14,0,11,11,0,777777777777,777777777777,777777777777,77,77,77,00000000000,0,000000000,0,0,1,0,0,0,0,0,0,0,8,6,6,6,12,0,18404,K,L,4,C,J,F,S,B,3,J,B,5,0
26,260177,2,2,1,1,5,14,12,6,2,2,0,26,6,1C4PJLDB5GW3,2016,483,1945,7,2,404,14,0,11,11,0,777777777777,777777777777,777777777777,77,77,77,00000000000,0,000000000,0,0,1,0,0,0,0,0,0,0,0,6,6,6,12,0,2404,1,C,4,P,J,L,D,B,5,G,W,3,0
26,260183,2,1,4,3,14,55,14,0,0,3,0,26,6,1G6DP5779701,2007,469,1825,13,19,18,4,0,11,11,0,777777777777,777777777777,777777777777,77,77,77,00000000000,0,000000000,0,0,1,0,0,0,0,0,0,0,0,6,6,5,12,0,19018,1,G,6,D,P,5,7,7,9,7,0,1,0
26,260228,2,1,4,3,4,16,14,0,0,2,0,26,6,1FMFU18506LA,2006,460,1799,7,12,422,15,0,12,12,0,777777777777,777777777777,777777777777,77,77,77,00000000000,0,000000000,0,0,1,0,0,0,0,0,0,0,8,6,6,6,12,0,12422,1,F,M,F,U,1,8,5,0,6,L,A,0
26,260228,3,1,4,3,4,16,14,0,0,2,0,26,6,3FA6P0H75JR2,2018,460,1780,13,12,23,4,0,11,11,0,777777777777,777777777777,777777777777,77,77,77,00000000000,0,000000000,0,0,1,0,0,0,0,0,0,0,7,6,6,5,14,0,12023,3,F,A,6,P,0,H,7,5,J,R,2,0
26,260307,2,1,5,28,20,18,14,0,1,2,0,26,6,2GKFLWEK0F61,2015,472,1858,7,23,402,14,0,11,11,0,777777777777,777777777777,777777777777,77,77,77,00000000000,0,000000000,0,0,1,0,0,0,0,0,0,0,8,61,6,6,12,0,23402,2,G,K,F,L,W,E,K,0,F,6,1,0
26,260307,3,1,5,28,20,18,14,0,1,2,0,17,6,2A8HR54P78R6,2008,477,1936,2,6,441,20,0,12,12,0,777777777777,777777777777,777777777777,77,77,77,00000000000,0,000000000,0,0,1,0,0,0,0,0,0,0,8,61,6,6,12,0,6441,2,A,8,H,R,5,4,P,7,8,R,6,0
26,260346,3,2,5,31,18,45,12,6,0,3,0,26,6,KL77LJE23RC1,2024,467,10988,7,20,406,14,0,11,11,0,777777777777,777777777777,777777777777,77,77,77,00000000000,0,000000000,0,0,1,0,0,0,0,0,0,0,7,12,2,5,12,0,20406,K,L,7,7,L,J,E,2,3,R,C,1,0
26,260346,4,2,5,31,18,45,12,6,0,3,0,26,6,1C6SRFFT5NN3,2022,496,13620,60,7,482,34,0,12,12,0,777777777777,777777777777,777777777777,77,77,77,00000000000,0,000000000,0,0,1,0,0,0,0,0,0,0,7,13,2,5,12,0,7482,1,C,6,S,R,F,F,T,5,N,N,3,0
26,260386,2,1,6,12,15,5,1,0,0,2,0,26,6,1FTCR14U4SPA,1995,460,1803,60,12,471,34,0,11,11,0,777777777777,777777777777,777777777777,77,77,77,00000000000,0,000000000,0,0,1,0,0,0,0,0,0,0,8,7,6,5,12,0,12471,1,F,T,C,R,1,4,U,4,S,P,A,0
26,260499,3,2,8,7,15,31,12,6,0,2,0,26,6,1G1ZB5E00CF1,2012,467,1834,13,20,37,4,0,11,11,0,777777777777,777777777777,777777777777,77,77,77,00000000000,0,000000000,0,0,1,0,0,0,0,0,0,0,7,9,2,5,12,0,20037,1,G,1,Z,B,5,E,0,0,C,F,1,0
26,260514,2,1,8,14,6,11,14,0,0,2,0,26,6,3GNEK13T23G1,2003,467,3876,119,20,482,34,0,12,12,0,777777777777,777777777777,777777777777,77,77,77,00000000000,0,000000000,0,0,1,0,0,0,0,0,0,0,8,61,4,6,8,0,20482,3,G,N,E,K,1,3,T,2,3,G,1,0
26,260522,2,1,8,19,4,0,1,0,0,3,0,99,6,999999999999,9999,99999,99999,999,99,999,99,0,99,99,0,777777777777,777777777777,777777777777,77,77,77,99999999999,99,999999999,99,99,1,0,0,0,0,0,0,0,7,99,9,5,12,0,99999,9,9,9,9,9,9,9,9,9,9,9,9,0
26,260539,2,1,8,25,1,35,38,0,0,3,0,26,6,KNDJ23AU7N78,2022,499,2460,7,63,37,6,0,11,11,0,777777777777,777777777777,777777777777,77,77,77,00000000000,0,000000000,0,0,1,0,0,0,0,0,0,0,8,1,6,5,12,0,63037,K,N,D,J,2,3,A,U,7,N,7,8,0
26,260539,3,1,8,25,1,35,38,0,0,3,0,26,6,WBAFU7C58BDU,2011,452,1716,13,34,35,4,0,11,11,0,777777777777,777777777777,777777777777,77,77,77,00000000000,0,000000000,0,0,1,0,0,0,0,0,0,0,8,11,6,5,12,0,34035,W,B,A,F,U,7,C,5,8,B,D,U,0
26,260562,2,1,8,25,21,15,14,0,0,2,0,26,6,1GNER23DX9S1,2009,467,1853,7,20,24,6,0,12,12,0,777777777777,777777777777,777777777777,77,77,77,00000000000,0,000000000,0,0,1,0,0,0,0,0,0,0,7,6,4,6,12,0,20024,1,G,N,E,R,2,3,D,X,9,S,1,0
26,260609,2,1,8,11,13,12,14,0,0,2,0,26,6,1C4RJFCT4JC4,2018,483,1949,7,2,422,15,0,12,12,0,777777777777,777777777777,777777777777,77,77,77,00000000000,0,000000000,0,0,1,0,0,0,0,0,0,0,8,12,9,6,12,0,2422,1,C,4,R,J,F,C,T,4,J,C,4,0
26,260609,3,1,8,11,13,12,14,0,0,2,0,26,6,JTDKB20U6530,2005,448,2209,5,49,46,5,0,11,11,0,777777777777,777777777777,777777777777,77,77,77,00000000000,0,000000000,0,0,1,0,0,0,0,0,0,0,0,12,9,5,8,0,49046,J,T,D,K,B,2,0,U,6,5,3,0,0
26,260609,4,1,8,11,13,12,14,0,0,2,0,26,6,55SWF4JBXGU1,2016,449,2085,13,42,42,4,0,11,11,0,777777777777,777777777777,777777777777,77,77,77,00000000000,0,000000000,0,0,1,0,0,0,0,0,0,0,7,12,9,5,12,0,42042,5,5,S,W,F,4,J,B,X,G,U,1,0
26,260657,3,3,9,15,23,41,12,6,0,3,0,26,6,2A4RR5D19AR2,2010,477,1936,2,6,441,20,0,12,12,0,777777777777,777777777777,777777777777,77,77,77,00000000000,0,000000000,0,0,1,0,0,0,0,0,0,0,0,6,6,6,12,0,6441,2,A,4,R,R,5,D,1,9,A,R,2,0
26,260657,5,3,9,15,23,41,12,6,0,3,0,13,6,3N1CP5CV0PL5,2023,478,22791,5,35,56,5,0,11,11,0,777777777777,777777777777,777777777777,77,77,77,00000000000,0,000000000,0,0,1,0,0,0,0,0,0,0,0,6,2,5,12,0,35056,3,N,1,C,P,5,C,V,0,P,L,5,0
26,260657,6,3,9,15,23,41,12,6,1,3,0,26,6,1FAHP24167G1,2007,460,2347,13,12,21,4,0,11,11,0,777777777777,777777777777,777777777777,77,77,77,00000000000,0,000000000,0,0,1,0,0,0,0,0,0,0,0,6,2,5,12,0,12021,1,F,A,H,P,2,4,1,6,7,G,1,0
26,260727,2,1,6,5,5,55,14,0,0,2,0,26,6,1GNKRLKD3DJ1,2013,467,1853,7,20,423,15,0,12,12,0,777777777777,777777777777,777777777777,77,77,77,00000000000,0,000000000,0,0,1,0,0,0,0,0,0,0,0,62,6,6,14,0,20423,1,G,N,K,R,L,K,D,3,D,J,1,0
26,260727,3,1,6,5,5,55,14,0,0,2,0,26,6,1GNFK13047J3,2007,467,1852,7,20,421,15,0,12,12,0,777777777777,777777777777,777777777777,77,77,77,00000000000,0,000000000,0,0,1,0,0,0,0,0,0,0,7,12,6,6,98,0,20421,1,G,N,F,K,1,3,0,4,7,J,3,0
26,260730,2,1,11,12,19,9,14,0,0,2,0,26,6,5FNYF4H52CB0,2012,474,1864,7,37,421,15,0,12,12,0,777777777777,777777777777,777777777777,77,77,77,00000000000,0,000000000,0,0,1,0,0,0,0,0,0,0,8,6,6,6,8,0,37421,5,F,N,Y,F,4,H,5,2,C,B,0,0
26,260730,3,1,11,12,19,9,14,0,0,2,0,26,6,1GNKVGKD2HJ2,2017,467,1853,7,20,423,15,0,12,12,0,777777777777,777777777777,777777777777,77,77,77,00000000000,0,000000000,0,0,1,0,0,0,0,0,0,0,8,6,6,6,14,0,20423,1,G,N,K,V,G,K,D,2,H,J,2,0
26,260734,2,1,7,20,2,0,40,0,0,3,0,26,6,SHHFK7H94LU2,2020,474,1863,5,37,31,5,0,11,11,0,777777777777,777777777777,777777777777,77,77,77,00000000000,0,000000000,0,0,1,0,0,0,0,0,0,0,0,12,6,6,14,0,37031,S,H,H,F,K,7,H,9,4,L,U,2,0
26,260734,3,1,7,20,2,0,40,0,0,3,0,26,6,3KPC24A65LE1,2020,498,2773,13,55,36,4,0,11,11,0,777777777777,777777777777,777777777777,77,77,77,00000000000,0,000000000,0,0,1,0,0,0,0,0,0,0,0,12,9,5,14,0,55036,3,K,P,C,2,4,A,6,5,L,E,1,0
26,260734,4,1,7,20,2,0,40,0,0,3,0,26,6,5XXG14J23PG1,2023,499,27527,13,63,398,4,0,11,11,0,777777777777,777777777777,777777777777,77,77,77,00000000000,0,000000000,0,0,1,0,0,0,0,0,0,0,0,12,4,5,14,0,63398,5,X,X,G,1,4,J,2,3,P,G,1,0
26,260734,5,1,7,20,2,0,40,0,0,3,0,26,6,1HGCY1F37RA0,2024,474,1861,13,37,32,4,0,11,12,0,777777777777,777777777777,777777777777,77,77,77,00000000000,0,000000000,0,0,1,0,0,0,0,0,0,0,0,12,9,5,14,0,37032,1,H,G,C,Y,1,F,3,7,R,A,0,0
26,260734,6,1,7,20,2,0,40,0,0,3,0,26,6,19XFL1H71RE0,2024,474,1863,5,37,31,5,0,11,11,0,777777777777,777777777777,777777777777,77,77,77,00000000000,0,000000000,0,0,1,0,0,0,0,0,0,0,0,12,9,5,14,0,37031,1,9,X,F,L,1,H,7,1,R,E,0,0
26,260734,7,1,7,20,2,0,40,0,0,3,0,26,6,WAUAUDGY4PA0,2023,582,3676,13,32,48,4,0,11,11,0,777777777777,777777777777,777777777777,77,77,77,00000000000,0,000000000,0,0,1,0,0,0,0,0,0,0,0,12,9,5,14,0,32048,W,A,U,A,U,D,G,Y,4,P,A,0,0
26,260734,8,1,7,20,2,0,40,0,0,3,0,26,6,3TMCZ5AN7HM0,2017,448,2223,60,49,472,34,0,11,11,0,777777777777,777777777777,777777777777,77,77,77,00000000000,0,000000000,0,0,1,0,0,0,0,0,0,0,0,12,4,5,14,0,49472,3,T,M,C,Z,5,A,N,7,H,M,0,0
26,260734,9,1,7,20,2,0,40,0,0,3,0,26,6,5FPYK3F70NB0,2022,474,1866,60,37,471,34,0,12,12,0,777777777777,777777777777,777777777777,77,77,77,00000000000,0,000000000,0,0,1,0,0,0,0,0,0,0,0,12,4,5,14,0,37471,5,F,P,Y,K,3,F,7,0,N,B,0,0
26,260734,10,1,7,20,2,0,40,0,0,3,0,26,6,3CZRU6H13MM7,2021,474,9212,7,37,404,14,0,11,11,0,777777777777,777777777777,777777777777,77,77,77,00000000000,0,000000000,0,0,1,0,0,0,0,0,0,0,0,1,2,5,14,0,37404,3,C,Z,R,U,6,H,1,3,M,M,7,0
26,260813,2,1,9,13,9,38,25,0,0,4,0,92,0,888888888888,9998,99998,99998,998,97,997,98,0,98,98,0,777777777777,777777777777,777777777777,77,77,77,99999999999,99,999999999,99,99,1,0,0,0,0,0,0,0,0,81,8,5,12,0,97997,8,8,8,8,8,8,8,8,8,8,8,8,0
26,260936,2,1,11,24,4,8,14,0,0,2,0,26,6,5Y2SL64803Z4,2003,536,2807,5,22,32,6,0,11,11,0,777777777777,777777777777,777777777777,77,77,77,00000000000,0,000000000,0,0,1,0,0,0,0,0,0,0,8,11,6,6,12,0,22032,5,Y,2,S,L,6,4,8,0,3,Z,4,0
26,260940,2,1,9,19,18,8,42,0,0,2,0,26,6,2C3CCACG8CH2,2012,477,1878,13,6,51,4,0,11,11,0,777777777777,777777777777,777777777777,77,77,77,00000000000,0,000000000,0,0,1,0,0,0,0,0,0,0,8,1,4,5,12,0,6051,2,C,3,C,C,A,C,G,8,C,H,2,0
26,260968,2,1,3,15,6,0,14,0,0,2,0,26,6,3GNGK26F6TG1,1996,467,1851,7,20,431,16,0,12,12,0,777777777777,777777777777,777777777777,77,77,77,00000000000,0,000000000,0,0,1,0,0,0,0,0,0,0,8,12,6,6,12,0,20431,3,G,N,G,K,2,6,F,6,T,G,1,0
26,260979,2,1,6,12,18,0,14,0,0,2,0,26,6,1J4PN2GK4AW1,2010,483,1944,7,2,405,14,0,11,11,0,777777777777,777777777777,777777777777,77,77,77,00000000000,0,000000000,0,0,1,0,0,0,0,0,0,0,8,11,6,6,12,0,2405,1,J,4,P,N,2,G,K,4,A,W,1,0
26,260980,2,1,6,15,21,50,14,0,1,2,0,26,6,1C4BJWEG0HL5,2017,483,1943,7,2,403,14,0,11,11,0,777777777777,777777777777,777777777777,77,77,77,00000000000,0,000000000,0,0,1,0,0,0,0,0,0,0,8,6,4,5,12,0,2403,1,C,4,B,J,W,E,G,0,H,L,5,0
26,260981,3,2,3,17,10,10,12,7,0,3,0,26,6,3GTU2PEC7JG1,2018,472,1857,60,23,481,34,0,12,12,0,777777777777,777777777777,777777777777,77,77,77,00000000000,0,000000000,0,0,1,0,0,0,0,0,0,0,0,61,6,6,12,0,23481,3,G,T,U,2,P,E,C,7,J,G,1,0
26,260981,4,2,3,17,10,10,12,7,0,3,0,26,6,1MEHM42W48G6,2008,465,2365,13,14,17,4,0,11,11,0,777777777777,777777777777,777777777777,77,77,77,00000000000,0,000000000,0,0,1,0,0,0,0,0,0,0,0,61,6,6,12,0,14017,1,M,E,H,M,4,2,W,4,8,G,6,0
26,260988,3,4,5,10,5,45,12,1,0,2,0,26,6,1GNEK13Z54R3,2004,467,1852,7,20,421,15,0,12,12,0,777777777777,777777777777,777777777777,77,77,77,00000000000,0,000000000,0,0,1,0,0,0,0,0,0,0,0,61,6,6,12,0,20421,1,G,N,E,K,1,3,Z,5,4,R,3,0
27,270118,2,1,5,11,10,1,8,0,0,2,0,27,6,1FTEW1E41LFB,2020,460,1801,60,12,481,34,0,12,12,0,777777777777,777777777777,777777777777,77,77,77,00000000000,0,000000000,0,0,1,0,0,0,0,0,0,0,8,7,4,5,12,0,12481,1,F,T,E,W,1,E,4,1,L,F,B,0
27,270118,3,1,5,11,10,1,8,0,0,3,0,27,6,2CNDL63F7762,2007,467,1847,7,20,404,14,0,11,11,0,777777777777,777777777777,777777777777,77,77,77,00000000000,0,000000000,0,0,1,0,0,0,0,0,0,0,8,7,2,5,12,0,20404,2,C,N,D,L,6,3,F,7,7,6,2,0
27,270186,2,1,4,14,0,5,14,0,0,2,0,27,6,1C6SRFFT5KN7,2019,496,13620,60,7,482,34,0,12,12,0,777777777777,777777777777,777777777777,77,77,77,00000000000,0,000000000,0,0,1,0,0,0,0,0,0,0,8,6,4,5,12,0,7482,1,C,6,S,R,F,F,T,5,K,N,7,0
27,270188,2,1,6,25,16,42,45,0,1,4,0,55,3,1FVHCYCY6GHG,2016,450,2499,11,82,898,63,0,18,18,0,777777777777,777777777777,777777777777,77,77,77,571608048,57,1608048,1,3,1,0,0,0,0,0,0,0,8,6,2,5,12,0,82898,1,F,V,H,C,Y,C,Y,6,G,H,G,0
27,270191,4,3,7,6,15,20,12,6,0,3,0,19,6,4S4BTGPD1R31,2024,523,2233,7,48,498,14,0,11,11,0,777777777777,777777777777,777777777777,77,77,77,00000000000,0,000000000,0,0,1,0,0,0,0,0,0,0,0,6,4,5,12,0,48498,4,S,4,B,T,G,P,D,1,R,3,1,0
27,270208,2,1,7,28,1,54,34,0,0,3,0,27,6,5GZCZ63424S8,2004,1056,4595,7,24,401,14,0,11,11,0,777777777777,777777777777,777777777777,77,77,77,00000000000,0,000000000,0,0,1,0,0,0,0,0,0,0,7,98,4,5,73,0,24401,5,G,Z,C,Z,6,3,4,2,4,S,8,0
27,270262,2,1,9,8,1,48,33,0,0,3,0,19,6,3TMCZ5AN1NM4,2022,448,2223,60,49,472,34,0,11,11,0,777777777777,777777777777,777777777777,77,77,77,00000000000,0,000000000,0,0,1,0,0,0,0,0,0,0,8,83,6,6,14,0,49472,3,T,M,C,Z,5,A,N,1,N,M,4,0
27,270262,3,1,9,8,1,48,33,0,0,3,0,27,6,1GB0G2BGXD11,2013,467,1848,62,20,461,21,998,12,12,0,777777777777,777777777777,777777777777,77,77,77,00000000000,0,000000000,0,0,1,0,0,0,0,0,0,0,8,99,6,6,14,0,20461,1,G,B,0,G,2,B,G,X,D,1,1,0
27,270316,1,1,10,14,20,58,14,0,0,2,0,27,6,1C6SRFJT7NN2,2022,496,13620,60,7,482,34,0,12,12,0,777777777777,777777777777,777777777777,77,77,77,00000000000,0,000000000,0,0,1,0,0,0,0,0,0,0,8,5,4,5,12,0,7482,1,C,6,S,R,F,J,T,7,N,N,2,0
27,270320,2,1,10,18,3,51,30,0,0,2,0,27,6,4T3BE11A19U0,2009,448,3005,7,49,53,5,0,11,11,0,777777777777,777777777777,777777777777,77,77,77,00000000000,0,000000000,0,0,1,0,0,0,0,0,0,0,0,11,6,6,12,0,49053,4,T,3,B,E,1,1,A,1,9,U,0,0
27,270320,3,1,10,18,3,51,30,0,0,2,0,27,6,3C3EL55H4XT5,1999,477,1877,1,6,43,1,0,11,11,0,777777777777,777777777777,777777777777,77,77,77,00000000000,0,000000000,0,0,1,0,0,0,0,0,0,0,0,1,4,5,12,0,6043,3,C,3,E,L,5,5,H,4,X,T,5,0
27,270320,4,1,10,18,3,51,30,0,0,2,0,27,6,1FAFP55U03G1,2003,460,1782,13,12,17,4,0,11,11,0,777777777777,777777777777,777777777777,77,77,77,00000000000,0,000000000,0,0,1,0,0,0,0,0,0,0,7,83,4,5,18,0,12017,1,F,A,F,P,5,5,U,0,3,G,1,0
27,270320,5,1,10,18,3,51,30,0,0,2,0,27,6,1G3NL12F93C1,2003,4162,8955,3,21,21,2,0,11,11,0,777777777777,777777777777,777777777777,77,77,77,00000000000,0,000000000,0,0,1,0,0,0,0,0,0,0,7,61,4,5,18,0,21021,1,G,3,N,L,1,2,F,9,3,C,1,0
27,270392,2,1,12,8,23,23,42,0,1,3,0,27,6,JM1BL1V75C16,2012,473,2074,13,41,51,4,0,11,11,0,777777777777,777777777777,777777777777,77,77,77,00000000000,0,000000000,0,0,1,0,0,0,0,0,0,0,8,8,6,6,12,0,41051,J,M,1,B,L,1,V,7,5,C,1,6,1
28,280040,2,1,1,23,17,48,33,0,1,2,0,28,6,WDDZF6JBXKA5,2019,449,2081,13,42,48,4,0,11,11,0,777777777777,777777777777,777777777777,77,77,77,00000000000,0,000000000,0,0,1,0,0,0,0,0,0,0,0,12,6,6,12,0,42048,W,D,D,Z,F,6,J,B,X,K,A,5,0
28,280040,3,1,1,23,17,48,33,0,1,2,0,48,6,1N4BL4BV0PN3,2023,478,1904,13,35,47,4,0,11,11,0,777777777777,777777777777,777777777777,77,77,77,00000000000,0,000000000,0,0,1,0,0,0,0,0,0,0,0,12,2,5,12,0,35047,1,N,4,B,L,4,B,V,0,P,N,3,0
28,280063,1,1,2,4,5,14,14,0,0,3,0,28,6,3GCPKSE30BG1,2011,467,1850,60,20,481,34,0,12,12,0,777777777777,777777777777,777777777777,77,77,77,00000000000,0,000000000,0,0,1,0,0,0,0,0,0,0,0,6,4,5,12,0,20481,3,G,C,P,K,S,E,3,0,B,G,1,0
28,280155,2,1,4,5,15,21,38,0,0,3,0,28,6,3GCPCREC6GG3,2016,467,1850,60,20,481,34,0,12,12,0,777777777777,777777777777,777777777777,77,77,77,00000000000,0,000000000,0,0,1,0,0,0,0,0,0,0,0,6,6,6,12,0,20481,3,G,C,P,C,R,E,C,6,G,G,3,0
28,280217,2,1,5,8,20,3,25,0,1,3,0,28,6,1FTMF1CF7BKD,2011,460,1801,60,12,481,34,0,12,12,0,777777777777,777777777777,777777777777,77,77,77,00000000000,0,000000000,0,0,1,0,0,0,0,0,0,0,0,11,2,5,12,0,12481,1,F,T,M,F,1,C,F,7,B,K,D,0
28,280278,1,1,3,17,14,38,14,0,0,2,0,28,6,1GNEC13V54J3,2004,467,1852,7,20,421,15,0,12,12,0,777777777777,777777777777,777777777777,77,77,77,00000000000,0,000000000,0,0,1,0,0,0,0,0,0,0,0,6,6,6,12,0,20421,1,G,N,E,C,1,3,V,5,4,J,3,0
28,280550,2,1,11,9,21,33,32,0,0,3,0,28,6,2G4WS52J0312,2003,468,8843,13,18,7,4,0,11,11,0,777777777777,777777777777,777777777777,77,77,77,00000000000,0,000000000,0,0,1,0,0,0,0,0,0,0,0,6,2,5,14,0,18007,2,G,4,W,S,5,2,J,0,3,1,2,0
28,280550,3,1,11,9,21,33,32,0,0,3,0,28,6,1GKFK66U02J2,2002,472,4579,7,23,431,16,0,12,12,0,777777777777,777777777777,777777777777,77,77,77,00000000000,0,000000000,0,0,1,0,0,0,0,0,0,0,0,12,4,6,14,0,23431,1,G,K,F,K,6,6,U,0,2,J,2,0
28,280579,3,2,11,13,11,22,12,2,0,3,0,92,6,3TMCZ5AN1NM4,2022,448,2223,60,49,472,34,0,11,11,0,777777777777,777777777777,777777777777,77,77,77,00000000000,0,000000000,0,0,1,0,0,0,0,0,0,0,0,12,2,5,12,0,49472,3,T,M,C,Z,5,A,N,1,N,M,4,0
29,290082,2,2,1,22,3,17,12,1,0,2,0,18,6,3AKJHHDR6RSU,2024,450,2501,66,82,881,66,0,18,18,1,1GRAA062XKK1,777777777777,777777777777,98,77,77,571284430,57,1284430,6,1,1,0,0,0,0,0,0,0,8,98,6,6,12,0,82881,3,A,K,J,H,H,D,R,6,R,S,U,0
29,290152,1,1,3,24,1,18,14,0,1,2,0,13,6,1XKWD49X0LR2,2020,532,2732,66,85,881,66,0,18,18,1,1GRAP0620GT6,777777777777,777777777777,98,77,77,573859201,57,3859201,6,1,1,0,0,0,0,0,0,0,2,6,6,6,12,0,85881,1,X,K,W,D,4,9,X,0,L,R,2,0
29,290193,2,1,3,12,20,8,14,0,0,2,0,18,6,3HSDZTZR0RN2,2024,526,11467,66,84,881,66,0,18,18,1,1UYFS2480M52,777777777777,777777777777,98,77,77,571243338,57,1243338,6,3,1,0,0,0,0,0,0,0,2,6,6,6,12,0,84881,3,H,S,D,Z,T,Z,R,0,R,N,2,0
29,290197,2,1,4,6,10,30,8,0,0,2,0,29,6,2G4WD5320512,2005,468,1821,13,18,22,4,0,11,11,0,777777777777,777777777777,777777777777,77,77,77,00000000000,0,000000000,0,0,1,0,0,0,0,0,0,0,0,9,7,6,12,0,18022,2,G,4,W,D,5,3,2,0,5,1,2,0
29,290241,3,2,4,28,20,15,8,0,0,2,0,29,6,KMHDN56D05U1,2005,498,2735,13,55,35,5,0,11,11,0,777777777777,777777777777,777777777777,77,77,77,00000000000,0,000000000,0,0,1,0,0,0,0,0,0,0,8,61,6,6,12,0,55035,K,M,H,D,N,5,6,D,0,5,U,1,0
29,290245,2,1,4,5,10,30,59,0,0,3,0,29,6,1GTN1LEC8GZ9,2016,472,1857,60,23,481,34,0,12,12,0,777777777777,777777777777,777777777777,77,77,77,00000000000,0,000000000,0,0,1,0,0,0,0,0,0,0,8,9,6,6,12,0,23481,1,G,T,N,1,L,E,C,8,G,Z,9,0
29,290245,3,1,4,5,10,30,59,0,0,3,0,29,6,JS2RC61H4553,2005,509,3139,5,53,33,6,0,11,11,0,777777777777,777777777777,777777777777,77,77,77,00000000000,0,000000000,0,0,1,0,0,0,0,0,0,0,7,9,7,5,12,0,53033,J,S,2,R,C,6,1,H,4,5,5,3,0
29,290292,1,1,5,24,7,35,14,0,1,2,0,39,6,3ALHCYD28LDL,2020,450,2499,11,82,898,63,0,18,18,0,777777777777,777777777777,777777777777,77,77,77,571210896,57,1210896,2,3,1,0,0,0,0,0,0,0,1,6,6,6,12,1,82898,3,A,L,H,C,Y,D,2,8,L,D,L,0
29,290404,2,1,7,4,19,22,14,0,2,2,0,29,6,2G4WD5821611,2006,468,1821,13,18,22,4,0,11,11,0,777777777777,777777777777,777777777777,77,77,77,00000000000,0,000000000,0,0,1,0,0,0,0,0,0,0,7,7,7,5,14,0,18022,2,G,4,W,D,5,8,2,1,6,1,1,0
29,290404,3,1,7,4,19,22,14,0,0,2,0,29,6,2D8HN54P68R8,2008,476,1942,2,7,442,20,0,12,12,0,777777777777,777777777777,777777777777,77,77,77,00000000000,0,000000000,0,0,1,0,0,0,0,0,0,0,7,6,7,5,14,0,7442,2,D,8,H,N,5,4,P,6,8,R,8,0
29,290405,3,2,7,4,23,53,12,6,0,2,0,29,6,3FA6P0H78DR2,2013,460,1780,13,12,23,4,0,11,11,0,777777777777,777777777777,777777777777,77,77,77,00000000000,0,000000000,0,0,1,0,0,0,0,0,0,0,8,12,7,6,12,0,12023,3,F,A,6,P,0,H,7,8,D,R,2,0
29,290405,4,2,7,4,23,53,12,6,1,2,0,92,6,2GCEK13Z4711,2007,467,1850,60,20,481,34,0,12,12,0,777777777777,777777777777,777777777777,77,77,77,00000000000,0,000000000,0,0,1,0,0,0,0,0,0,0,8,12,7,5,12,0,20481,2,G,C,E,K,1,3,Z,4,7,1,1,0
29,290405,5,2,7,4,23,53,12,6,99,2,1,29,6,999999999999,9999,472,4507,999,23,999,99,0,11,12,0,777777777777,777777777777,777777777777,77,77,77,00000000000,0,000000000,0,0,1,0,0,0,0,0,0,0,7,12,7,5,12,0,23999,9,9,9,9,9,9,9,9,9,9,9,9,0
29,290441,2,1,7,15,5,52,57,0,0,3,0,18,6,3HSDZAPR5PN5,2023,526,11467,66,84,881,66,0,18,18,1,888888888888,777777777777,777777777777,98,77,77,57054283,57,054283,6,1,1,0,0,0,0,0,0,0,8,98,6,6,12,0,84881,3,H,S,D,Z,A,P,R,5,P,N,5,0
29,290445,2,2,7,17,10,41,18,0,1,2,0,29,6,3AKJHHDR1PSU,2023,450,2501,66,82,881,66,0,18,18,1,888888888888,777777777777,777777777777,98,77,77,57036684,57,036684,6,1,1,0,0,0,0,0,0,0,8,98,6,6,12,0,82881,3,A,K,J,H,H,D,R,1,P,S,U,0
29,290513,3,2,8,13,16,20,12,6,0,3,0,92,6,1GT59LE70NF2,2022,472,24909,60,23,880,67,0,13,13,0,777777777777,777777777777,777777777777,77,77,77,88888888888,88,888888888,1,97,1,0,0,0,0,0,0,0,8,4,7,5,12,0,23880,1,G,T,5,9,L,E,7,0,N,F,2,0
29,290518,2,1,8,14,19,4,8,0,0,2,0,29,6,2CTALSEC6B64,2011,472,1858,7,23,402,14,0,11,11,0,777777777777,777777777777,777777777777,77,77,77,00000000000,0,000000000,0,0,1,0,0,0,0,0,0,0,8,7,7,6,12,0,23402,2,C,T,A,L,S,E,C,6,B,6,4,0
29,290518,3,1,8,14,19,4,8,0,0,2,0,17,6,3GNDA33P37S5,2007,467,4586,7,20,23,6,0,11,11,0,777777777777,777777777777,777777777777,77,77,77,00000000000,0,000000000,0,0,1,0,0,0,0,0,0,0,7,7,6,6,14,0,20023,3,G,N,D,A,3,3,P,3,7,S,5,0
29,290577,2,1,9,1,1,39,33,0,0,3,0,29,6,1FMCU9EG1AKD,2010,460,1798,7,12,402,14,0,11,11,0,777777777777,777777777777,777777777777,77,77,77,00000000000,0,000000000,0,0,1,0,0,0,0,0,0,0,7,12,7,5,12,0,12402,1,F,M,C,U,9,E,G,1,A,K,D,0
29,290586,3,2,9,4,17,0,12,6,0,3,0,29,6,2G61M5S33K91,2019,469,1827,13,19,23,4,0,11,11,0,777777777777,777777777777,777777777777,77,77,77,00000000000,0,000000000,0,0,1,0,0,0,0,0,0,0,8,12,7,5,12,0,19023,2,G,6,1,M,5,S,3,3,K,9,1,0
29,290639,3,2,9,29,22,48,12,6,0,3,0,29,6,KL4CJHSB2DB0,2013,468,1842,7,18,404,14,0,11,11,0,777777777777,777777777777,777777777777,77,77,77,00000000000,0,000000000,0,0,1,0,0,0,0,0,0,0,8,6,7,5,12,0,18404,K,L,4,C,J,H,S,B,2,D,B,0,0
29,290736,2,1,11,2,2,41,1,0,0,3,0,91,6,0000S347038G,1987,532,99999,11,85,884,64,0,13,18,0,777777777777,777777777777,777777777777,77,77,77,77777777777,77,777777777,2,98,1,0,0,0,0,0,0,0,0,1,7,5,12,0,85884,0,0,0,0,S,3,4,7,0,3,8,G,0
29,290761,3,2,11,14,18,4,12,6,0,3,0,29,6,1FTEX1EP7JKC,2018,460,1801,60,12,481,34,0,12,12,0,777777777777,777777777777,777777777777,77,77,77,00000000000,0,000000000,0,0,1,0,0,0,0,0,0,0,0,11,7,5,12,0,12481,1,F,T,E,X,1,E,P,7,J,K,C,0
29,290784,2,1,11,23,13,27,1,0,0,3,0,29,6,1FTPX14575FP,2005,460,1801,60,12,481,34,0,12,12,0,777777777777,777777777777,777777777777,77,77,77,00000000000,0,000000000,0,0,1,0,0,0,0,0,0,0,8,11,7,5,12,0,12481,1,F,T,P,X,1,4,5,7,5,F,P,0
29,290791,1,1,11,25,13,32,8,0,1,2,0,29,6,1FTNX21F5XEA,1999,460,1805,60,12,481,34,0,12,12,0,777777777777,777777777777,777777777777,77,77,77,00000000000,0,000000000,0,0,1,0,0,0,0,0,0,0,0,5,6,6,12,0,12481,1,F,T,N,X,2,1,F,5,X,E,A,0
29,290791,2,1,11,25,13,32,8,0,0,2,0,0,6,3GNDA23P76S5,2006,467,4586,7,20,23,6,0,11,11,0,777777777777,777777777777,777777777777,77,77,77,00000000000,0,000000000,0,0,1,0,0,0,0,0,0,0,7,9,6,6,12,0,20023,3,G,N,D,A,2,3,P,7,6,S,5,0
29,290804,2,1,12,2,16,24,14,0,2,2,0,91,6,3GNEC13T83G3,2003,467,3876,119,20,482,34,0,12,12,0,777777777777,777777777777,777777777777,77,77,77,00000000000,0,000000000,0,0,1,0,0,0,0,0,0,0,8,6,6,6,12,0,20482,3,G,N,E,C,1,3,T,8,3,G,3,0
29,290889,4,3,12,29,15,56,12,7,1,3,0,29,6,KNDJN2A29G72,2016,499,2460,7,63,37,6,0,11,11,0,777777777777,777777777777,777777777777,77,77,77,00000000000,0,000000000,0,0,1,0,0,0,0,0,0,0,0,9,7,6,12,0,63037,K,N,D,J,N,2,A,2,9,G,7,2,1
31,310014,3,2,1,26,99,99,12,1,1,3,0,31,6,1FUJGLD51FLG,2015,450,2501,66,82,881,66,0,18,18,1,1UYVS2537N24,777777777777,777777777777,98,77,77,572873515,57,2873515,6,98,1,0,0,0,0,0,0,0,0,9,2,5,12,0,82881,1,F,U,J,G,L,D,5,1,F,L,G,0
31,310050,1,1,4,12,19,37,14,0,1,2,0,31,6,2C3CDXATXCH2,2012,476,1895,13,7,24,4,0,11,11,0,777777777777,777777777777,777777777777,77,77,77,00000000000,0,000000000,0,0,1,0,0,0,0,0,5,5,8,6,6,6,12,0,7024,2,C,3,C,D,X,A,T,X,C,H,2,1
31,310050,2,1,4,12,19,37,14,0,1,2,0,31,6,1N4AL3AP0FC1,2015,478,1904,13,35,47,4,0,11,11,0,777777777777,777777777777,777777777777,77,77,77,00000000000,0,000000000,0,0,1,0,0,0,0,0,0,0,8,6,6,6,14,0,35047,1,N,4,A,L,3,A,P,0,F,C,1,0
31,310055,2,2,4,21,12,28,14,0,1,2,0,31,6,5KJJBHDR5JLJ,2018,4512,9576,66,98,804,66,0,18,18,1,888888888888,777777777777,777777777777,98,77,77,5773670,57,73670,6,1,1,0,0,0,0,0,0,0,8,7,6,6,50,0,98804,5,K,J,J,B,H,D,R,5,J,L,J,0
31,310062,2,1,5,12,15,17,14,0,1,2,0,39,6,1FUJGLDV8FLG,2015,450,2501,66,82,881,66,0,18,18,1,1JJV532W48L1,777777777777,777777777777,98,77,77,572946377,57,2946377,6,1,1,0,0,0,0,0,0,0,8,6,4,5,12,0,82881,1,F,U,J,G,L,D,V,8,F,L,G,0
31,310085,2,2,6,7,7,23,1,0,0,2,0,31,6,1FMEU73E06UA,2006,460,1800,7,12,401,14,0,12,12,0,777777777777,777777777777,777777777777,77,77,77,00000000000,0,000000000,0,0,1,0,0,0,0,0,0,0,8,6,2,5,12,0,12401,1,F,M,E,U,7,3,E,0,6,U,A,0
31,310139,1,1,8,19,14,35,14,0,0,2,0,31,6,1FVABSBV71HJ,2001,450,2490,11,82,881,62,0,16,16,0,777777777777,777777777777,777777777777,77,77,77,311,31,1,1,3,1,0,0,0,0,0,0,0,8,5,6,6,12,0,82881,1,F,V,A,B,S,B,V,7,1,H,J,0
31,310157,2,1,9,23,3,12,14,0,0,2,0,31,6,KNMAT2MV8HP5,2017,478,1913,8,35,51,6,0,11,11,0,777777777777,777777777777,777777777777,77,77,77,00000000000,0,000000000,0,0,1,0,0,0,0,0,0,0,8,7,2,5,12,0,35051,K,N,M,A,T,2,M,V,8,H,P,5,0
31,310157,3,1,9,23,3,12,14,0,0,2,0,31,6,1GNERGKW6LJ1,2020,467,1853,7,20,423,15,0,12,12,0,777777777777,777777777777,777777777777,77,77,77,00000000000,0,000000000,0,0,1,0,0,0,0,0,0,0,8,12,6,6,12,0,20423,1,G,N,E,R,G,K,W,6,L,J,1,0
31,310222,2,1,4,5,14,22,14,0,1,2,0,19,6,1XKWD49X5NR4,2022,532,2732,66,85,881,66,0,18,18,1,888888888888,777777777777,777777777777,98,77,77,5701095286,57,01095286,6,1,1,0,0,0,0,0,0,0,8,6,2,6,12,0,85881,1,X,K,W,D,4,9,X,5,N,R,4,0
31,310229,3,2,10,12,14,30,12,8,0,3,0,31,6,1GBJG3165812,2008,467,1848,62,20,881,61,11,13,13,0,777777777777,777777777777,777777777777,77,77,77,77777777777,77,777777777,2,98,1,0,0,0,0,0,0,0,8,7,2,5,12,0,20881,1,G,B,J,G,3,1,6,5,8,1,2,0
32,320007,2,1,1,15,22,43,14,0,0,2,0,12,6,5XXGT4L34JG2,2018,499,2739,13,63,34,4,0,11,11,0,777777777777,777777777777,777777777777,77,77,77,00000000000,0,000000000,0,0,1,0,0,0,0,0,0,0,0,12,4,6,12,0,63034,5,X,X,G,T,4,L,3,4,J,G,2,0
32,320037,3,2,3,1,22,11,12,6,0,3,0,32,6,5NPD84LF2JH3,2018,498,2735,13,55,35,4,0,11,11,0,777777777777,777777777777,777777777777,77,77,77,00000000000,0,000000000,0,0,1,0,0,0,0,0,0,0,7,8,2,5,18,0,55035,5,N,P,D,8,4,L,F,2,J,H,3,0
32,320037,4,2,3,1,22,11,12,6,0,3,0,32,6,5TBRT34126S4,2006,448,2467,60,49,482,34,0,12,12,0,777777777777,777777777777,777777777777,77,77,77,00000000000,0,000000000,0,0,1,0,0,0,0,0,0,0,7,11,2,5,18,0,49482,5,T,B,R,T,3,4,1,2,6,S,4,0
32,320042,3,2,3,9,12,24,12,6,0,3,0,32,6,19XFC2F50HE0,2017,474,1863,13,37,31,4,0,11,11,0,777777777777,777777777777,777777777777,77,77,77,00000000000,0,000000000,0,0,1,0,0,0,0,0,0,0,7,12,4,5,91,0,37031,1,9,X,F,C,2,F,5,0,H,E,0,0
32,320042,4,2,3,9,12,24,12,6,0,3,0,32,6,JHMGE8H56DC0,2013,474,2127,5,37,39,5,0,11,11,0,777777777777,777777777777,777777777777,77,77,77,00000000000,0,000000000,0,0,1,0,0,0,0,0,0,0,7,6,0,5,91,0,37039,J,H,M,G,E,8,H,5,6,D,C,0,0
32,320042,5,2,3,9,12,24,12,6,0,3,0,32,6,2C3CCAEG3HH5,2017,477,1878,13,6,51,4,0,11,11,0,777777777777,777777777777,777777777777,77,77,77,00000000000,0,000000000,0,0,1,0,0,0,0,0,0,0,7,6,4,5,91,0,6051,2,C,3,C,C,A,E,G,3,H,H,5,0
32,320042,6,2,3,9,12,24,12,6,0,3,0,32,6,2C4RDGBG4GR3,2016,476,14832,2,7,442,20,0,12,12,0,777777777777,777777777777,777777777777,77,77,77,00000000000,0,000000000,0,0,1,0,0,0,0,0,0,0,7,12,4,5,91,0,7442,2,C,4,R,D,G,B,G,4,G,R,3,0
32,320042,7,2,3,9,12,24,12,6,0,3,0,32,6,3MZBPBDM2PM3,2023,473,2074,13,41,51,4,0,11,11,0,777777777777,777777777777,777777777777,77,77,77,00000000000,0,000000000,0,0,1,0,0,0,0,0,0,0,7,12,4,5,91,0,41051,3,M,Z,B,P,B,D,M,2,P,M,3,0
32,320124,2,1,5,18,13,20,14,0,1,2,0,95,6,1XPBDP9XXPD8,2023,495,2787,66,87,881,66,0,18,18,1,1GR1A0624MW2,777777777777,777777777777,98,77,77,95S0L2V0,95,S0L2V0,6,1,1,0,0,0,0,0,0,0,2,6,4,6,12,0,87881,1,X,P,B,D,P,9,X,X,P,D,8,0
32,320158,2,1,6,28,4,20,14,0,0,2,0,32,6,KL4AMDSL9RB1,2024,468,26604,7,18,404,14,0,11,11,0,777777777777,777777777777,777777777777,77,77,77,00000000000,0,000000000,0,0,1,0,0,0,0,0,0,0,0,6,2,6,12,0,18404,K,L,4,A,M,D,S,L,9,R,B,1,0
32,320192,2,1,8,18,2,24,14,0,0,2,0,32,6,1NPXL49XXMD7,2021,495,2794,11,87,881,63,66,18,18,2,1Z9W8LR23LY3,1WRFH3286VW9,777777777777,98,18,77,32705311,32,705311,7,4,1,0,0,0,0,0,0,0,0,12,2,5,12,0,87881,1,N,P,X,L,4,9,X,X,M,D,7,0
32,320231,3,2,9,8,4,1,33,0,0,3,0,32,6,1N4AL11D55N4,2005,478,1904,13,35,47,4,0,11,11,0,777777777777,777777777777,777777777777,77,77,77,00000000000,0,000000000,0,0,1,0,0,0,0,0,0,0,0,6,4,5,12,0,35047,1,N,4,A,L,1,1,D,5,5,N,4,0
32,320282,3,2,11,6,5,57,12,2,0,2,0,32,6,1FTFW1CF9CFA,2012,460,1801,60,12,481,34,0,12,12,0,777777777777,777777777777,777777777777,77,77,77,00000000000,0,000000000,0,0,1,0,0,0,0,0,0,0,7,8,2,5,12,0,12481,1,F,T,F,W,1,C,F,9,C,F,A,0
33,330016,2,2,3,18,8,9,14,0,1,2,0,33,6,1FAHP37N99W2,2009,460,1779,13,12,37,4,0,11,11,0,777777777777,777777777777,777777777777,77,77,77,00000000000,0,000000000,0,0,1,0,0,0,0,0,0,0,0,7,6,6,12,0,12037,1,F,A,H,P,3,7,N,9,9,W,2,1
33,330051,2,1,7,8,17,22,14,0,0,2,0,33,6,5TFUM5F16EX0,2014,448,2467,60,49,482,34,0,12,12,1,0002227,777777777777,777777777777,98,77,77,00000000000,0,000000000,0,0,1,0,0,0,0,0,0,0,0,7,6,6,12,0,49482,5,T,F,U,M,5,F,1,6,E,X,0,0
33,330115,4,3,11,22,17,10,12,6,0,3,0,33,6,JHMCG5558XC0,1999,474,1861,13,37,32,4,0,11,11,0,777777777777,777777777777,777777777777,77,77,77,00000000000,0,000000000,0,0,1,0,0,0,0,0,0,0,0,6,8,6,14,0,37032,J,H,M,C,G,5,5,5,8,X,C,0,0
33,330115,5,3,11,22,17,10,12,6,0,3,0,33,6,4JGBB8GB0AA5,2010,449,2129,7,42,401,14,0,12,12,0,777777777777,777777777777,777777777777,77,77,77,00000000000,0,000000000,0,0,1,0,0,0,0,0,0,0,7,6,8,6,14,0,42401,4,J,G,B,B,8,G,B,0,A,A,5,0
33,330116,1,2,6,15,19,8,12,1,1,3,0,33,6,5TFUY5F11AX1,2010,448,2467,60,49,482,34,0,12,12,0,777777777777,777777777777,777777777777,77,77,77,00000000000,0,000000000,0,0,1,0,0,0,0,0,0,0,0,12,6,6,12,0,49482,5,T,F,U,Y,5,F,1,1,A,X,1,0
34,340003,2,1,1,14,21,20,14,0,0,2,0,34,6,JTDBU4EE4BJ0,2011,448,2208,13,49,32,4,0,11,11,0,777777777777,777777777777,777777777777,77,77,77,00000000000,0,000000000,0,0,1,0,0,0,0,0,0,0,0,9,4,5,12,0,49032,J,T,D,B,U,4,E,E,4,B,J,0,0
34,340016,2,1,1,31,14,19,14,0,1,2,0,42,6,4V4NC9TJXCN5,2012,487,1967,66,51,881,66,0,18,18,1,3H3V532C7HT3,777777777777,777777777777,98,77,77,5703195710,57,03195710,6,1,1,0,0,0,0,0,0,0,2,6,2,5,12,0,51881,4,V,4,N,C,9,T,J,X,C,N,5,0
34,340044,3,2,2,25,21,41,12,6,0,2,0,34,6,3GCRKSEA9AG1,2010,467,1850,60,20,481,34,0,12,12,0,777777777777,777777777777,777777777777,77,77,77,00000000000,0,000000000,0,0,1,0,0,0,0,0,0,0,8,6,4,5,12,0,20481,3,G,C,R,K,S,E,A,9,A,G,1,0
34,340046,2,1,2,19,22,59,14,0,1,2,0,34,6,2HGFG3B53DH5,2013,474,1863,3,37,31,2,0,11,11,0,777777777777,777777777777,777777777777,77,77,77,00000000000,0,000000000,0,0,1,0,0,0,0,0,0,0,0,6,6,6,12,0,37031,2,H,G,F,G,3,B,5,3,D,H,5,1
34,340065,2,1,2,3,0,17,14,0,0,2,0,34,6,5E0AA1442CG3,2012,487,9360,66,51,884,66,0,13,18,1,5E0AA1442CG3,777777777777,777777777777,98,77,77,77777777777,77,777777777,6,6,1,0,0,0,0,0,0,0,8,7,2,5,12,0,51884,5,E,0,A,A,1,4,4,2,C,G,3,0
34,340078,2,1,4,4,23,37,8,0,1,2,0,34,6,5N1AT2MVXKC8,2019,478,1913,7,35,404,14,0,11,11,0,777777777777,777777777777,777777777777,77,77,77,00000000000,0,000000000,0,0,1,0,0,0,0,0,0,0,8,9,6,6,12,0,35404,5,N,1,A,T,2,M,V,X,K,C,8,0
34,340081,2,1,4,8,8,35,8,0,3,2,0,34,6,1HGCT1B87EA0,2014,474,1861,3,37,32,2,0,11,11,0,777777777777,777777777777,777777777777,77,77,77,00000000000,0,000000000,0,0,1,0,0,0,0,0,0,0,7,9,4,6,12,0,37032,1,H,G,C,T,1,B,8,7,E,A,0,0
34,340104,1,1,5,22,23,23,14,0,1,2,0,50,6,3HSDZAPR8RN6,2024,526,11467,66,84,881,66,0,18,18,1,888888888888,777777777777,777777777777,98,77,77,5786320,57,86320,6,1,1,0,0,0,0,0,0,0,2,6,6,6,12,0,84881,3,H,S,D,Z,A,P,R,8,R,N,6,0
34,340105,2,1,5,28,1,14,14,0,0,2,0,34,6,1FTWW30518EE,2008,460,1806,60,12,880,67,0,13,13,0,777777777777,777777777777,777777777777,77,77,77,77777777777,77,777777777,1,97,1,0,0,0,0,0,0,0,8,6,6,6,12,0,12880,1,F,T,W,W,3,0,5,1,8,E,E,0
34,340106,2,2,5,29,9,3,14,0,0,2,0,34,6,1XKZDP9X4LJ3,2020,532,2734,66,85,881,66,0,18,18,1,5EF2GC402HB7,777777777777,777777777777,98,77,77,572874656,57,2874656,6,1,1,0,0,0,0,0,0,0,8,6,6,6,12,0,85881,1,X,K,Z,D,P,9,X,4,L,J,3,0
34,340148,3,2,4,22,2,17,12,6,0,2,0,42,6,WBA8A3C39HK6,2017,452,2172,13,34,34,4,0,11,11,0,777777777777,777777777777,777777777777,77,77,77,00000000000,0,000000000,0,0,1,0,0,0,0,0,0,0,8,6,6,6,12,0,34034,W,B,A,8,A,3,C,3,9,H,K,6,0
34,340156,2,1,6,15,22,32,14,0,4,2,0,34,6,1HGCP36778A0,2008,474,1861,13,37,32,4,0,11,11,0,777777777777,777777777777,777777777777,77,77,77,00000000000,0,000000000,0,0,1,0,0,0,0,0,0,0,0,7,6,6,12,0,37032,1,H,G,C,P,3,6,7,7,8,A,0,0
34,340163,2,1,4,21,5,0,14,0,0,2,0,34,6,19XFL1H78NE0,2022,474,1863,5,37,31,5,0,11,11,0,777777777777,777777777777,777777777777,77,77,77,00000000000,0,000000000,0,0,1,0,0,0,0,0,0,0,7,7,6,6,12,0,37031,1,9,X,F,L,1,H,7,8,N,E,0,0
34,340163,3,1,4,21,5,0,14,0,0,2,0,34,6,1B7HC16XX1S6,2001,476,1938,60,7,482,34,0,12,12,0,777777777777,777777777777,777777777777,77,77,77,00000000000,0,000000000,0,0,1,0,0,0,0,0,0,0,7,6,2,5,12,0,7482,1,B,7,H,C,1,6,X,X,1,S,6,0
34,340164,2,1,2,11,18,9,8,0,0,2,0,34,6,1GKDS13SX822,2008,472,4507,7,23,401,14,0,11,11,0,777777777777,777777777777,777777777777,77,77,77,00000000000,0,000000000,0,0,1,0,0,0,0,0,0,0,8,7,2,5,12,0,23401,1,G,K,D,S,1,3,S,X,8,2,2,0
34,340164,3,1,2,11,18,9,8,0,0,2,0,10,6,WA1M2AFP1HA0,2017,582,3862,7,32,402,14,0,11,11,0,777777777777,777777777777,777777777777,77,77,77,00000000000,0,000000000,0,0,1,0,0,0,0,0,0,0,8,7,2,5,12,0,32402,W,A,1,M,2,A,F,P,1,H,A,0,0
34,340196,3,2,6,28,23,41,12,2,0,3,0,34,6,1N4AL2AP1AN5,2010,478,1904,13,35,47,4,0,11,11,0,777777777777,777777777777,777777777777,77,77,77,00000000000,0,000000000,0,0,1,0,0,0,0,0,0,0,7,3,2,5,12,0,35047,1,N,4,A,L,2,A,P,1,A,N,5,0
34,340196,4,2,6,28,23,41,12,2,0,3,0,34,6,YV4CZ9823713,2007,485,3132,7,51,401,14,0,11,11,0,777777777777,777777777777,777777777777,77,77,77,00000000000,0,000000000,0,0,1,0,0,0,0,0,0,0,7,8,2,5,12,0,51401,Y,V,4,C,Z,9,8,2,3,7,1,3,0
34,340202,4,3,7,23,13,8,12,6,1,2,0,34,6,1FDBW2XM9HKB,2017,460,3608,95,12,462,21,0,12,12,0,777777777777,777777777777,777777777777,77,77,77,00000000000,0,000000000,0,0,1,0,0,0,0,0,6,0,8,12,6,6,12,0,12462,1,F,D,B,W,2,X,M,9,H,K,B,0
34,340251,4,3,8,20,1,13,12,2,0,2,0,34,6,1YVHZ8CH2A5M,2010,473,2078,13,41,50,4,0,11,11,0,777777777777,777777777777,777777777777,77,77,77,00000000000,0,000000000,0,0,1,0,0,0,0,0,0,0,8,11,2,5,12,0,41050,1,Y,V,H,Z,8,C,H,2,A,5,M,0
34,340287,3,2,3,28,0,26,12,1,0,2,0,34,6,1C3CDZAB8CN1,2012,476,1892,13,7,26,4,0,11,11,0,777777777777,777777777777,777777777777,77,77,77,00000000000,0,000000000,0,0,1,0,0,0,0,0,0,0,8,12,4,5,12,0,7026,1,C,3,C,D,Z,A,B,8,C,N,1,0
34,340287,4,2,3,28,0,26,12,1,0,2,0,34,6,4JGDF7DE0EA3,2014,449,2130,7,42,421,15,0,12,12,0,777777777777,777777777777,777777777777,77,77,77,00000000000,0,000000000,0,0,1,0,0,0,0,0,0,0,8,12,6,5,12,0,42421,4,J,G,D,F,7,D,E,0,E,A,3,0
34,340287,5,2,3,28,0,26,12,1,0,3,0,34,6,1GTDT14E5781,2007,472,4093,60,23,472,34,0,11,11,0,777777777777,777777777777,777777777777,77,77,77,00000000000,0,000000000,0,0,1,0,0,0,0,0,0,0,7,11,4,5,12,0,23472,1,G,T,D,T,1,4,E,5,7,8,1,0
34,340378,3,2,9,16,0,6,12,6,0,2,0,34,6,1C3CDZAB0DN5,2013,476,1892,13,7,26,4,0,11,11,0,777777777777,777777777777,777777777777,77,77,77,00000000000,0,000000000,0,0,1,0,0,0,0,0,0,0,8,7,4,5,12,0,7026,1,C,3,C,D,Z,A,B,0,D,N,5,0
34,340445,2,1,3,6,0,54,14,0,0,2,0,34,6,5N1AT2MV1EC7,2014,478,1913,8,35,51,6,0,11,11,0,777777777777,777777777777,777777777777,77,77,77,00000000000,0,000000000,0,0,1,0,0,0,0,0,0,0,8,10,6,6,12,0,35051,5,N,1,A,T,2,M,V,1,E,C,7,0
34,340445,3,1,3,6,0,54,14,0,0,2,0,34,6,3GNEC12T64G1,2004,467,3876,119,20,482,34,0,12,12,0,777777777777,777777777777,777777777777,77,77,77,00000000000,0,000000000,0,0,1,0,0,0,0,0,0,0,8,12,6,6,12,0,20482,3,G,N,E,C,1,2,T,6,4,G,1,0
34,340445,4,1,3,6,0,54,14,0,0,2,0,34,6,1FBSS31L8XHB,1999,460,1818,9,12,461,21,0,12,12,0,777777777777,777777777777,777777777777,77,77,77,00000000000,0,000000000,0,0,1,0,0,0,0,0,0,0,7,12,4,5,12,0,12461,1,F,B,S,S,3,1,L,8,X,H,B,0
34,340445,5,1,3,6,0,54,14,0,0,2,0,34,6,4TAWN72N6WZ0,1998,448,2223,60,49,472,34,0,11,11,0,777777777777,777777777777,777777777777,77,77,77,00000000000,0,000000000,0,0,1,0,0,0,0,0,0,0,7,12,0,5,12,0,49472,4,T,A,W,N,7,2,N,6,W,Z,0,0
34,340469,2,1,11,25,23,7,14,0,0,2,0,17,6,1FUJHHDR8LLM,2020,450,2501,66,82,881,66,0,18,18,1,888888888888,777777777777,777777777777,98,77,77,57241196,57,241196,6,1,1,0,0,0,0,0,0,0,8,6,4,6,12,0,82881,1,F,U,J,H,H,D,R,8,L,L,M,0
34,340502,2,1,11,8,0,31,42,0,0,3,0,34,6,5XYPGDA35JG4,2018,499,2769,7,63,402,14,0,11,11,0,777777777777,777777777777,777777777777,77,77,77,00000000000,0,000000000,0,0,1,0,0,0,0,0,0,0,0,9,6,5,12,0,63402,5,X,Y,P,G,D,A,3,5,J,G,4,0
34,340502,3,1,11,8,0,31,42,0,0,3,0,34,6,1N4AL21E49N5,2009,478,1904,13,35,47,4,0,11,11,0,777777777777,777777777777,777777777777,77,77,77,00000000000,0,000000000,0,0,1,0,0,0,0,0,0,0,0,11,6,5,12,0,35047,1,N,4,A,L,2,1,E,4,9,N,5,0
34,340542,3,2,10,22,8,30,12,6,0,2,0,34,6,SHHFK7H67MU2,2021,474,1863,5,37,31,5,0,11,11,0,777777777777,777777777777,777777777777,77,77,77,00000000000,0,000000000,0,0,1,0,0,0,0,0,0,0,8,6,2,6,12,0,37031,S,H,H,F,K,7,H,6,7,M,U,2,0
34,340546,2,1,11,6,17,25,14,0,0,2,0,42,6,5TDZA22C56S5,2006,448,2468,2,49,442,20,0,11,11,0,777777777777,777777777777,777777777777,77,77,77,00000000000,0,000000000,0,0,1,0,0,0,0,0,0,0,0,5,6,6,12,0,49442,5,T,D,Z,A,2,2,C,5,6,S,5,0
34,340550,2,1,11,3,5,40,14,0,1,2,0,34,6,4KBC4B1U87J8,2007,467,4687,11,20,882,61,0,14,14,0,777777777777,777777777777,777777777777,77,77,77,77777777777,77,777777777,1,1,1,0,0,0,0,0,0,0,2,6,6,6,12,1,20882,4,K,B,C,4,B,1,U,8,7,J,8,0
34,340578,2,1,10,13,22,57,14,0,0,2,0,34,6,2FMHK6CC7CBD,2012,460,1802,7,12,25,6,0,12,12,0,777777777777,777777777777,777777777777,77,77,77,00000000000,0,000000000,0,0,1,0,0,0,0,0,0,0,7,6,4,5,12,0,12025,2,F,M,H,K,6,C,C,7,C,B,D,0
34,340584,2,1,11,8,10,47,14,0,0,2,0,34,6,3HAEDTARXRL0,2024,526,20853,11,84,881,63,0,18,18,1,888888888888,777777777777,777777777777,98,77,77,88888888888,88,888888888,4,4,1,0,0,0,0,0,0,0,8,12,6,6,12,0,84881,3,H,A,E,D,T,A,R,X,R,L,0,0
34,340592,2,1,12,7,20,53,33,0,0,3,0,36,6,5UXFG2C5XE0K,2014,452,1714,7,34,44,5,0,12,12,0,777777777777,777777777777,777777777777,77,77,77,00000000000,0,000000000,0,0,1,0,0,0,0,0,0,0,8,0,6,5,12,0,34044,5,U,X,F,G,2,C,5,X,E,0,K,0
34,340592,3,1,12,7,20,53,33,0,0,3,0,34,6,1FDWE35L64HA,2004,460,1818,62,12,870,61,11,13,13,0,777777777777,777777777777,777777777777,77,77,77,88888888888,88,888888888,88,98,1,0,0,0,0,0,0,0,8,10,4,5,12,0,12870,1,F,D,W,E,3,5,L,6,4,H,A,0
34,340592,4,1,12,7,20,53,33,0,0,3,0,34,6,5TBBV54137S4,2007,448,2467,60,49,482,34,0,12,12,0,777777777777,777777777777,777777777777,77,77,77,00000000000,0,000000000,0,0,1,0,0,0,0,0,0,0,8,1,4,5,12,0,49482,5,T,B,B,V,5,4,1,3,7,S,4,0
34,340608,2,3,1,1,1,56,30,0,0,2,0,34,6,3FADP0L31AR3,2010,460,1780,13,12,23,4,0,11,11,0,777777777777,777777777777,777777777777,77,77,77,00000000000,0,000000000,0,0,1,0,0,0,0,0,0,0,8,6,6,6,12,0,12023,3,F,A,D,P,0,L,3,1,A,R,3,0
34,340608,3,3,1,1,1,56,30,0,0,2,0,34,6,2T1BR38E04C2,2004,448,2208,13,49,32,4,0,11,11,0,777777777777,777777777777,777777777777,77,77,77,00000000000,0,000000000,0,0,1,0,0,0,0,0,0,0,8,98,6,6,12,0,49032,2,T,1,B,R,3,8,E,0,4,C,2,0
34,340646,2,1,10,31,20,51,14,0,0,2,0,34,6,1FAFP53U66A2,2006,460,1782,13,12,17,4,0,11,11,0,777777777777,777777777777,777777777777,77,77,77,00000000000,0,000000000,0,0,1,0,0,0,0,0,0,0,8,10,6,6,12,0,12017,1,F,A,F,P,5,3,U,6,6,A,2,0
34,340646,3,1,10,31,20,51,14,0,0,2,0,34,6,1C6RR7JT4DS5,2013,496,13620,60,7,482,34,0,12,12,0,777777777777,777777777777,777777777777,77,77,77,00000000000,0,000000000,0,0,1,0,0,0,0,0,0,0,8,6,7,5,12,0,7482,1,C,6,R,R,7,J,T,4,D,S,5,0
35,350195,3,2,7,17,16,30,12,6,0,3,0,35,6,1J4FT68S9VL5,1997,483,1945,7,2,404,14,0,11,11,0,777777777777,777777777777,777777777777,77,77,77,00000000000,0,000000000,0,0,1,0,0,0,0,0,0,0,8,63,4,5,12,0,2404,1,J,4,F,T,6,8,S,9,V,L,5,0
35,350367,2,1,11,24,23,30,33,0,0,3,0,35,6,3GCPCNEC0JG4,2018,467,1850,60,20,481,34,0,12,12,0,777777777777,777777777777,777777777777,77,77,77,00000000000,0,000000000,0,0,1,0,0,0,0,0,0,0,0,13,4,5,12,0,20481,3,G,C,P,C,N,E,C,0,J,G,4,0
35,350372,2,1,4,15,7,52,14,0,0,2,0,35,6,1FTWW31RX8EC,2008,460,1806,60,12,880,67,0,13,13,0,777777777777,777777777777,777777777777,77,77,77,88888888888,88,888888888,1,97,1,0,0,0,0,0,0,0,8,6,6,6,12,0,12880,1,F,T,W,W,3,1,R,X,8,E,C,0
36,360008,3,2,1,8,0,46,12,6,0,2,0,9,6,1GNSKKKC3FR1,2015,467,1851,7,20,422,15,0,12,12,0,777777777777,777777777777,777777777777,77,77,77,00000000000,0,000000000,0,0,1,0,0,0,0,0,0,0,0,6,7,5,14,0,20422,1,G,N,S,K,K,K,C,3,F,R,1,0
36,360008,4,2,1,8,0,46,12,6,0,2,0,19,6,WAURFAFR0DA0,2013,582,3787,3,32,49,2,0,11,11,0,777777777777,777777777777,777777777777,77,77,77,00000000000,0,000000000,0,0,1,0,0,0,0,0,0,0,0,6,7,5,14,0,32049,W,A,U,R,F,A,F,R,0,D,A,0,0
36,360008,5,2,1,8,0,46,12,6,0,2,0,36,6,YV1CM59H1410,2004,485,3132,7,51,401,14,0,12,12,0,777777777777,777777777777,777777777777,77,77,77,00000000000,0,000000000,0,0,1,0,0,0,0,0,0,0,0,6,7,5,14,0,51401,Y,V,1,C,M,5,9,H,1,4,1,0,0
36,360016,2,1,1,10,0,15,8,0,0,2,0,36,6,4V4NC9EJ3BN5,2011,487,1967,66,51,881,66,0,18,18,0,777777777777,777777777777,777777777777,77,77,77,77777777777,77,777777777,5,96,1,0,0,0,0,0,0,0,1,6,6,6,12,0,51881,4,V,4,N,C,9,E,J,3,B,N,5,0
36,360048,2,1,2,1,6,42,8,0,0,2,0,36,6,2A4RR5D13AR2,2010,477,1936,2,6,441,20,0,12,12,0,777777777777,777777777777,777777777777,77,77,77,00000000000,0,000000000,0,0,1,0,0,0,0,0,0,0,7,6,7,5,12,0,6441,2,A,4,R,R,5,D,1,3,A,R,2,0
36,360063,2,1,1,21,3,18,14,0,0,2,0,36,6,2NK4HJ7X1RM3,2024,532,30713,11,85,881,63,0,17,17,0,777777777777,777777777777,777777777777,77,77,77,571897852,57,1897852,1,2,1,0,0,0,0,0,0,0,8,12,7,5,12,0,85881,2,N,K,4,H,J,7,X,1,R,M,3,0
36,360063,3,1,1,21,3,18,14,0,0,2,0,36,6,1M2P264C7SM0,1995,490,9449,11,86,881,63,0,18,18,0,777777777777,777777777777,777777777777,77,77,77,571897852,57,1897852,2,3,1,0,0,0,0,0,0,0,8,12,7,5,12,0,86881,1,M,2,P,2,6,4,C,7,S,M,0,0
36,360064,3,2,1,27,18,15,12,6,0,2,0,36,6,5FNRL6H76LB0,2020,474,1869,2,37,441,20,0,12,12,0,777777777777,777777777777,777777777777,77,77,77,00000000000,0,000000000,0,0,1,0,0,0,0,0,0,0,8,12,7,5,12,0,37441,5,F,N,R,L,6,H,7,6,L,B,0,0
36,360064,4,2,1,27,18,15,12,6,0,2,0,36,6,3CZRU6H30NM7,2022,474,9212,7,37,404,14,0,11,11,0,777777777777,777777777777,777777777777,77,77,77,00000000000,0,000000000,0,0,1,0,0,0,0,0,0,0,8,12,7,5,12,0,37404,3,C,Z,R,U,6,H,3,0,N,M,7,0
36,360064,5,2,1,27,18,15,12,6,0,2,0,37,6,1N4BA41E34C8,2004,478,2302,13,35,39,4,0,11,11,0,777777777777,777777777777,777777777777,77,77,77,00000000000,0,000000000,0,0,1,0,0,0,0,0,0,0,8,12,7,5,12,0,35039,1,N,4,B,A,4,1,E,3,4,C,8,0
36,360074,2,1,2,18,0,6,30,0,0,2,0,36,6,1FTMF1CB1JKE,2018,460,1801,60,12,481,34,0,12,12,0,777777777777,777777777777,777777777777,77,77,77,00000000000,0,000000000,0,0,1,0,0,0,0,0,0,0,8,6,7,6,12,0,12481,1,F,T,M,F,1,C,B,1,J,K,E,0
36,360075,3,2,2,22,4,9,12,6,0,2,0,36,6,ZASPAKBN1P7D,2023,493,18005,7,31,422,15,0,11,11,0,777777777777,777777777777,777777777777,77,77,77,00000000000,0,000000000,0,0,1,0,0,0,0,0,0,0,8,6,7,6,12,0,31422,Z,A,S,P,A,K,B,N,1,P,7,D,0
36,360075,4,2,2,22,4,9,12,6,0,2,0,36,6,3N1AB6APXAL7,2010,478,1907,13,35,43,4,0,11,11,0,777777777777,777777777777,777777777777,77,77,77,00000000000,0,000000000,0,0,1,0,0,0,0,0,0,0,8,6,7,5,12,0,35043,3,N,1,A,B,6,A,P,X,A,L,7,0
36,360081,3,2,2,26,10,31,12,7,1,2,0,36,6,1C4PJMCS0FW7,2015,483,1945,7,2,404,14,0,11,11,0,777777777777,777777777777,777777777777,77,77,77,00000000000,0,000000000,0,0,1,0,0,0,0,0,0,0,8,6,6,6,12,0,2404,1,C,4,P,J,M,C,S,0,F,W,7,0
36,360096,2,1,2,22,20,8,9,0,0,2,0,36,6,1FMCU5K36CKB,2012,460,1798,7,12,402,14,0,11,11,0,777777777777,777777777777,777777777777,77,77,77,00000000000,0,000000000,0,0,1,0,0,0,0,0,0,0,8,62,7,5,12,0,12402,1,F,M,C,U,5,K,3,6,C,K,B,0
36,360105,2,1,3,6,2,0,14,0,0,2,0,36,6,1FVACWDT7HHH,2017,450,2499,11,82,898,62,0,16,16,0,777777777777,777777777777,777777777777,77,77,77,77777777777,77,777777777,1,1,1,0,0,0,0,0,0,0,8,61,7,5,12,0,82898,1,F,V,A,C,W,D,T,7,H,H,H,0
36,360124,2,1,3,2,14,59,14,0,1,2,0,12,6,3AKJHHDR1MSM,2021,450,2501,66,82,881,66,0,18,18,1,888888888888,777777777777,777777777777,98,77,77,57911618,57,911618,6,1,1,0,0,0,0,0,0,0,8,6,7,6,12,0,82881,3,A,K,J,H,H,D,R,1,M,S,M,0
36,360126,2,1,1,9,22,1,14,0,2,2,0,36,6,3ALXA7008JDJ,2018,450,2482,64,82,881,78,66,18,18,1,888888888888,777777777777,777777777777,98,77,77,57026449,57,026449,6,1,1,0,0,0,0,0,0,0,8,63,7,6,12,0,82881,3,A,L,X,A,7,0,0,8,J,D,J,0
36,360126,3,1,1,9,22,1,14,0,0,2,0,36,6,1GCGG25V9512,2005,467,1848,95,20,461,21,0,12,12,0,777777777777,777777777777,777777777777,77,77,77,00000000000,0,000000000,0,0,1,0,0,0,0,0,0,0,8,6,6,6,12,0,20461,1,G,C,G,G,2,5,V,9,5,1,2,0
36,360151,2,1,2,23,21,44,14,0,0,2,0,36,6,999999999999,2007,467,99999,9,20,499,29,0,11,11,0,777777777777,777777777777,777777777777,77,77,77,00000000000,0,000000000,0,0,1,0,0,0,0,0,0,0,8,6,7,5,12,0,20499,9,9,9,9,9,9,9,9,9,9,9,9,0
36,360153,2,1,3,18,6,3,9,0,0,2,0,36,6,1FM5K8F88HGD,2017,460,1800,7,12,401,14,0,12,12,0,777777777777,777777777777,777777777777,77,77,77,00000000000,0,000000000,0,0,1,0,0,0,0,0,0,0,8,6,7,5,12,0,12401,1,F,M,5,K,8,F,8,8,H,G,D,0
36,360155,2,1,3,8,21,1,14,0,0,2,0,36,6,1FMEU73E06UB,2006,460,1800,7,12,401,14,0,12,12,0,777777777777,777777777777,777777777777,77,77,77,00000000000,0,000000000,0,0,1,0,0,0,0,0,0,0,7,6,7,6,12,0,12401,1,F,M,E,U,7,3,E,0,6,U,B,0
36,360155,3,1,3,8,21,1,14,0,0,2,0,36,6,5TDAAAB53RS0,2024,448,32304,7,49,403,14,0,12,12,0,777777777777,777777777777,777777777777,77,77,77,00000000000,0,000000000,0,0,1,0,0,0,0,0,0,0,7,12,7,6,12,0,49403,5,T,D,A,A,A,B,5,3,R,S,0,0
36,360165,2,1,4,5,5,54,14,0,0,2,0,36,6,JNRAS08W47X2,2007,480,2324,7,58,39,6,0,11,11,0,777777777777,777777777777,777777777777,77,77,77,00000000000,0,000000000,0,0,1,0,0,0,0,0,0,0,8,61,7,6,12,0,58039,J,N,R,A,S,0,8,W,4,7,X,2,0
36,360193,3,2,4,2,21,28,8,0,0,2,0,36,6,1FM5K8GC9NGA,2022,460,1800,7,12,425,15,0,12,12,0,777777777777,777777777777,777777777777,77,77,77,00000000000,0,000000000,0,0,1,0,0,0,0,0,0,0,8,63,7,5,12,0,12425,1,F,M,5,K,8,G,C,9,N,G,A,0
36,360198,3,2,4,16,21,22,12,2,0,2,0,36,6,5FNYF6H29NB0,2022,474,1864,7,37,421,15,0,11,11,0,777777777777,777777777777,777777777777,77,77,77,00000000000,0,000000000,0,0,1,0,0,0,0,0,0,0,7,12,7,5,12,0,37421,5,F,N,Y,F,6,H,2,9,N,B,0,0
36,360207,2,1,3,1,21,23,8,0,0,2,0,36,6,5J6YH28594L0,2004,474,1868,7,37,403,14,0,11,11,0,777777777777,777777777777,777777777777,77,77,77,00000000000,0,000000000,0,0,1,0,0,0,0,0,0,0,7,6,7,6,15,0,37403,5,J,6,Y,H,2,8,5,9,4,L,0,0
36,360209,2,1,1,21,12,0,14,0,0,2,0,36,6,1C4PJMCB3HW5,2017,483,1945,7,2,404,14,0,11,11,0,777777777777,777777777777,777777777777,77,77,77,00000000000,0,000000000,0,0,1,0,0,0,0,0,0,0,8,62,7,6,12,0,2404,1,C,4,P,J,M,C,B,3,H,W,5,0
36,360209,3,1,1,21,12,0,14,0,0,2,0,36,6,1C6SRFFT9LN3,2020,496,13620,60,7,482,34,0,12,12,0,777777777777,777777777777,777777777777,77,77,77,00000000000,0,000000000,0,0,1,0,0,0,0,0,0,0,8,6,7,6,12,0,7482,1,C,6,S,R,F,F,T,9,L,N,3,0
36,360222,1,1,3,27,13,33,14,0,1,2,0,36,6,1M2GR2GC3PM0,2023,490,20843,11,86,881,63,0,18,18,0,777777777777,777777777777,777777777777,77,77,77,77777777777,77,777777777,1,4,1,0,0,0,0,0,0,0,8,12,7,5,12,0,86881,1,M,2,G,R,2,G,C,3,P,M,0,0
36,360223,1,1,3,31,5,39,14,0,1,2,0,36,6,5J6RE485X9L0,2009,474,1865,7,37,402,14,0,11,11,0,777777777777,777777777777,777777777777,77,77,77,00000000000,0,000000000,0,0,1,0,0,0,0,0,0,0,8,63,7,5,12,0,37402,5,J,6,R,E,4,8,5,X,9,L,0,1
36,360228,3,2,4,23,18,45,12,6,0,3,0,36,6,1FALP45T0SF2,1995,460,1781,1,12,3,1,0,11,11,0,777777777777,777777777777,777777777777,77,77,77,00000000000,0,000000000,0,0,1,0,0,0,0,0,0,0,8,12,7,5,12,0,12003,1,F,A,L,P,4,5,T,0,S,F,2,0
36,360229,3,2,4,25,16,24,12,7,0,2,0,36,6,5UX2V1C09LLZ,2020,452,5992,7,34,498,14,0,11,11,0,777777777777,777777777777,777777777777,77,77,77,00000000000,0,000000000,0,0,1,0,0,0,0,0,0,0,8,7,7,5,12,0,34498,5,U,X,2,V,1,C,0,9,L,L,Z,0
36,360243,3,2,5,19,8,20,12,2,0,2,0,36,6,4JGDA7FB4HA8,2017,449,5886,7,42,404,14,0,12,12,0,777777777777,777777777777,777777777777,77,77,77,00000000000,0,000000000,0,0,1,0,0,0,0,0,0,0,8,61,7,5,12,0,42404,4,J,G,D,A,7,F,B,4,H,A,8,0
36,360243,4,2,5,19,8,20,12,2,0,2,0,36,6,5TDZA23C66S4,2006,448,2468,2,49,442,20,0,11,11,0,777777777777,777777777777,777777777777,77,77,77,00000000000,0,000000000,0,0,1,0,0,0,0,0,0,0,8,61,7,6,12,0,49442,5,T,D,Z,A,2,3,C,6,6,S,4,0
36,360253,2,1,5,9,17,2,8,0,0,2,0,36,6,1GCWGFCA4B11,2011,467,1848,95,20,461,21,0,12,12,0,777777777777,777777777777,777777777777,77,77,77,00000000000,0,000000000,0,0,1,0,0,0,0,0,0,0,8,6,7,5,12,0,20461,1,G,C,W,G,F,C,A,4,B,1,1,0
36,360253,3,1,5,9,17,2,8,0,0,2,0,36,6,JHMGE8H50BC0,2011,474,2127,5,37,39,5,0,11,11,0,777777777777,777777777777,777777777777,77,77,77,00000000000,0,000000000,0,0,1,0,0,0,0,0,0,0,7,6,7,5,12,0,37039,J,H,M,G,E,8,H,5,0,B,C,0,0
36,360280,3,2,5,7,18,59,12,6,0,2,0,36,6,2T3DK4DV4CW0,2012,448,2217,7,49,402,14,0,11,11,0,777777777777,777777777777,777777777777,77,77,77,00000000000,0,000000000,0,0,1,0,0,0,0,0,0,0,8,6,7,5,12,0,49402,2,T,3,D,K,4,D,V,4,C,W,0,0
36,360280,4,2,5,7,18,59,12,6,0,2,0,36,6,1GAGG25V0712,2007,467,1848,9,20,461,21,0,12,12,0,777777777777,777777777777,777777777777,77,77,77,00000000000,0,000000000,0,0,1,0,0,0,0,0,0,0,8,12,7,5,12,0,20461,1,G,A,G,G,2,5,V,0,7,1,2,0
36,360292,2,1,4,7,21,34,14,0,0,2,0,36,6,2T3DFREV5EW1,2014,448,2217,7,49,402,14,0,11,11,0,777777777777,777777777777,777777777777,77,77,77,00000000000,0,000000000,0,0,1,0,0,0,0,0,0,0,8,6,6,6,12,0,49402,2,T,3,D,F,R,E,V,5,E,W,1,0
36,360308,2,1,5,9,12,26,8,0,3,2,0,36,6,1HTEDTAN0NH4,2022,526,20853,11,84,881,63,0,17,17,0,777777777777,777777777777,777777777777,77,77,77,77777777777,77,777777777,1,96,1,0,0,0,0,0,0,0,8,63,7,5,12,0,84881,1,H,T,E,D,T,A,N,0,N,H,4,0
36,360339,2,1,6,6,11,20,14,0,0,2,0,36,6,3C7WRNBL3JG3,2018,496,13625,65,7,881,64,60,15,15,0,777777777777,777777777777,777777777777,77,77,77,571756897,57,1756897,1,97,1,0,0,0,0,0,0,0,7,12,7,5,12,0,7881,3,C,7,W,R,N,B,L,3,J,G,3,0
36,360356,2,1,6,30,7,13,38,0,0,2,0,36,6,5FNRL38427B0,2007,474,1869,2,37,441,20,0,11,11,0,777777777777,777777777777,777777777777,77,77,77,00000000000,0,000000000,0,0,1,0,0,0,0,0,0,0,7,6,7,5,12,0,37441,5,F,N,R,L,3,8,4,2,7,B,0,0
36,360362,2,1,6,18,2,27,14,0,0,2,0,92,6,999999999999,2008,498,2058,7,55,402,14,0,11,12,0,777777777777,777777777777,777777777777,77,77,77,00000000000,0,000000000,0,0,1,0,0,0,0,0,0,0,8,12,7,6,12,0,55402,9,9,9,9,9,9,9,9,9,9,9,9,0
36,360362,3,1,6,18,2,27,14,0,0,2,0,92,6,999999999999,2002,482,3134,13,30,46,4,0,11,11,0,777777777777,777777777777,777777777777,77,77,77,00000000000,0,000000000,0,0,1,0,0,0,0,0,0,0,8,12,7,6,12,0,30046,9,9,9,9,9,9,9,9,9,9,9,9,0
36,360362,4,1,6,18,2,27,14,0,0,2,0,92,6,999999999999,2006,467,99999,7,20,499,15,0,11,12,0,777777777777,777777777777,777777777777,77,77,77,00000000000,0,000000000,0,0,1,0,0,0,0,0,0,0,8,12,7,6,12,0,20499,9,9,9,9,9,9,9,9,9,9,9,9,0
36,360362,5,1,6,18,2,27,14,0,0,2,0,92,6,999999999999,1997,467,99999,3,20,399,2,0,11,12,0,777777777777,777777777777,777777777777,77,77,77,00000000000,0,000000000,0,0,1,0,0,0,0,0,0,0,8,12,7,6,12,0,20399,9,9,9,9,9,9,9,9,9,9,9,9,0
36,360362,6,1,6,18,2,27,14,0,0,2,0,92,6,999999999999,2006,498,99999,13,55,399,4,0,11,12,0,777777777777,777777777777,777777777777,77,77,77,00000000000,0,000000000,0,0,1,0,0,0,0,0,0,0,8,12,7,6,12,0,55399,9,9,9,9,9,9,9,9,9,9,9,9,0
36,360362,7,1,6,18,2,27,14,0,0,2,0,92,6,999999999999,2005,474,99999,7,37,499,14,0,11,12,0,777777777777,777777777777,777777777777,77,77,77,00000000000,0,000000000,0,0,1,0,0,0,0,0,0,0,8,12,7,6,12,0,37499,9,9,9,9,9,9,9,9,9,9,9,9,0
36,360362,8,1,6,18,2,27,14,0,0,2,0,92,6,999999999999,2004,523,99999,999,48,999,49,0,11,11,0,777777777777,777777777777,777777777777,77,77,77,00000000000,0,000000000,0,0,1,0,0,0,0,0,0,0,8,12,7,6,12,0,48999,9,9,9,9,9,9,9,9,9,9,9,9,0
36,360362,9,1,6,18,2,27,14,0,0,2,0,92,6,999999999999,1986,467,99999,7,20,999,49,0,11,12,0,777777777777,777777777777,777777777777,77,77,77,00000000000,0,000000000,0,0,1,0,0,0,0,0,0,0,8,99,7,6,12,0,20999,9,9,9,9,9,9,9,9,9,9,9,9,0
36,360362,10,1,6,18,2,27,14,0,0,2,0,92,6,999999999999,2010,467,99999,7,20,999,49,0,11,12,0,777777777777,777777777777,777777777777,77,77,77,00000000000,0,000000000,0,0,1,0,0,0,0,0,0,0,8,98,7,5,12,0,20999,9,9,9,9,9,9,9,9,9,9,9,9,0
36,360409,2,1,7,2,18,51,53,0,0,2,0,36,6,4S3BH6353373,2003,523,2232,15,48,34,6,0,11,11,0,777777777777,777777777777,777777777777,77,77,77,00000000000,0,000000000,0,0,1,0,0,0,0,0,0,0,8,6,7,6,12,0,48034,4,S,3,B,H,6,3,5,3,3,7,3,0
36,360424,2,1,6,28,16,31,59,0,0,2,0,36,6,1FBZX2ZM1FKA,2015,460,3608,9,12,462,21,0,12,12,0,777777777777,777777777777,777777777777,77,77,77,00000000000,0,000000000,0,0,1,0,0,0,0,0,0,0,8,2,7,6,12,0,12462,1,F,B,Z,X,2,Z,M,1,F,K,A,0
36,360430,3,2,7,6,2,1,12,1,0,2,0,36,6,1HGCP2F43BA0,2011,474,1861,13,37,32,4,0,11,11,0,777777777777,777777777777,777777777777,77,77,77,00000000000,0,000000000,0,0,1,0,0,0,0,0,0,0,8,83,7,5,14,0,37032,1,H,G,C,P,2,F,4,3,B,A,0,0
36,360430,4,2,7,6,2,1,12,1,0,2,0,36,6,JTJAM7BX6P53,2023,515,2215,7,59,404,14,0,12,12,0,777777777777,777777777777,777777777777,77,77,77,00000000000,0,000000000,0,0,1,0,0,0,0,0,0,0,7,12,7,5,12,0,59404,J,T,J,A,M,7,B,X,6,P,5,3,0
36,360445,2,1,7,26,21,44,14,0,0,2,0,36,6,1FTSS34LX3HA,2003,460,1818,95,12,461,21,0,12,12,0,777777777777,777777777777,777777777777,77,77,77,00000000000,0,000000000,0,0,1,0,0,0,0,0,0,0,7,63,7,5,12,0,12461,1,F,T,S,S,3,4,L,X,3,H,A,0
36,360445,3,1,7,26,21,44,14,0,0,2,0,42,6,1FDXE4FS4BDA,2011,460,1819,62,12,870,61,95,14,14,0,777777777777,777777777777,777777777777,77,77,77,77777777777,77,777777777,1,1,1,0,0,0,0,0,0,0,7,6,7,5,12,0,12870,1,F,D,X,E,4,F,S,4,B,D,A,0
36,360448,2,1,7,29,15,42,14,0,0,2,0,36,6,JS1GT75A5321,2003,509,13236,80,53,706,80,0,11,11,0,777777777777,777777777777,777777777777,77,77,77,00000000000,0,000000000,0,0,1,0,0,0,0,0,0,0,7,6,7,5,12,0,53706,J,S,1,G,T,7,5,A,5,3,2,1,0
36,360448,3,1,7,29,15,42,14,0,0,2,0,36,6,1GNFC23089R2,2009,467,1852,7,20,421,15,0,12,12,0,777777777777,777777777777,777777777777,77,77,77,00000000000,0,000000000,0,0,1,0,0,0,0,0,0,0,8,6,7,6,12,0,20421,1,G,N,F,C,2,3,0,8,9,R,2,0
36,360448,4,1,7,29,15,42,14,0,0,2,0,94,6,1FC3E3KS7HDC,2017,460,1818,67,12,870,61,11,13,13,0,777777777777,777777777777,777777777777,77,77,77,77777777777,77,777777777,1,1,1,0,0,0,0,0,0,0,7,6,7,5,12,0,12870,1,F,C,3,E,3,K,S,7,H,D,C,0
36,360448,5,1,7,29,15,42,14,0,1,2,0,36,6,JNKCV54E04M8,2004,480,2305,3,58,37,2,0,11,11,0,777777777777,777777777777,777777777777,77,77,77,00000000000,0,000000000,0,0,1,0,0,0,0,0,0,0,7,6,7,5,12,0,58037,J,N,K,C,V,5,4,E,0,4,M,8,0
36,360450,3,2,7,20,2,40,12,6,0,2,0,36,6,5PVNJ8JV2D4S,2013,514,2168,65,98,806,62,11,16,16,0,777777777777,777777777777,777777777777,77,77,77,572491808,57,2491808,1,1,1,0,0,0,0,0,0,0,8,12,7,5,12,0,98806,5,P,V,N,J,8,J,V,2,D,4,S,0
36,360459,2,1,7,21,5,15,8,0,0,2,0,36,6,4T1KZ1AK0NU0,2022,448,2469,13,49,40,4,0,11,11,0,777777777777,777777777777,777777777777,77,77,77,00000000000,0,000000000,0,0,1,0,0,0,0,0,0,0,8,62,7,6,12,0,49040,4,T,1,K,Z,1,A,K,0,N,U,0,0
36,360592,2,1,9,1,11,26,14,0,0,2,0,42,6,5TDBK3EH2DS2,2013,448,2213,7,49,403,14,0,11,11,0,777777777777,777777777777,777777777777,77,77,77,00000000000,0,000000000,0,0,1,0,0,0,0,0,0,0,8,62,7,5,12,0,49403,5,T,D,B,K,3,E,H,2,D,S,2,0
36,360592,3,1,9,1,11,26,14,0,0,2,0,13,6,4T1BF1FK4CU5,2012,448,2469,13,49,40,4,0,11,11,0,777777777777,777777777777,777777777777,77,77,77,00000000000,0,000000000,0,0,1,0,0,0,0,0,0,0,8,7,7,5,12,0,49040,4,T,1,B,F,1,F,K,4,C,U,5,0
36,360592,4,1,9,1,11,26,14,0,0,2,0,36,6,5FNRL6H72NB0,2022,474,1869,2,37,441,20,0,12,12,0,777777777777,777777777777,777777777777,77,77,77,00000000000,0,000000000,0,0,1,0,0,0,0,0,0,0,8,6,4,5,12,0,37441,5,F,N,R,L,6,H,7,2,N,B,0,0
36,360592,5,1,9,1,11,26,14,0,0,2,0,36,6,4T1BK46K87U5,2007,448,2469,13,49,40,4,0,11,11,0,777777777777,777777777777,777777777777,77,77,77,00000000000,0,000000000,0,0,1,0,0,0,0,0,0,0,7,6,7,5,12,0,49040,4,T,1,B,K,4,6,K,8,7,U,5,0
36,360605,2,1,9,11,20,56,8,0,0,2,0,36,6,1C4RDJDG2LC1,2020,476,3508,7,7,422,15,0,12,12,0,777777777777,777777777777,777777777777,77,77,77,00000000000,0,000000000,0,0,1,0,0,0,0,0,0,0,7,6,7,5,12,0,7422,1,C,4,R,D,J,D,G,2,L,C,1,0
36,360650,2,1,7,7,13,44,14,0,5,2,0,36,6,1GKKNRL43PZ1,2023,472,1855,7,23,423,15,0,12,12,0,777777777777,777777777777,777777777777,77,77,77,00000000000,0,000000000,0,0,1,0,0,0,0,0,0,0,7,6,7,6,12,0,23423,1,G,K,K,N,R,L,4,3,P,Z,1,0
36,360653,2,1,9,21,17,43,5,0,0,2,0,36,6,1M2LR1GCXKM0,2019,490,2034,11,86,882,63,0,18,18,0,777777777777,777777777777,777777777777,77,77,77,77777777777,77,777777777,2,7,1,0,0,0,0,0,0,0,8,62,7,5,12,0,86882,1,M,2,L,R,1,G,C,X,K,M,0,0
36,360664,3,2,8,11,18,0,12,1,0,3,0,36,6,KNDJF7238875,2008,499,2770,7,63,401,14,0,11,11,0,777777777777,777777777777,777777777777,77,77,77,00000000000,0,000000000,0,0,1,0,0,0,0,0,0,0,8,12,7,5,14,0,63401,K,N,D,J,F,7,2,3,8,8,7,5,0
36,360664,4,2,8,11,18,0,12,1,0,3,0,36,6,JT3HT05JXW00,1998,448,2211,7,49,421,15,0,12,12,0,777777777777,777777777777,777777777777,77,77,77,00000000000,0,000000000,0,0,1,0,0,0,0,0,0,0,8,63,7,5,12,0,49421,J,T,3,H,T,0,5,J,X,W,0,0,0
36,360664,5,2,8,11,18,0,12,1,0,3,0,36,6,2C4RDGBG7CR3,2012,476,14832,2,7,442,20,0,12,12,0,777777777777,777777777777,777777777777,77,77,77,00000000000,0,000000000,0,0,1,0,0,0,0,0,0,0,8,6,7,5,12,0,7442,2,C,4,R,D,G,B,G,7,C,R,3,0
36,360688,2,1,5,8,0,40,8,0,0,2,0,36,6,3VW2B7AJ9HM2,2017,482,3137,13,30,40,4,0,11,11,0,777777777777,777777777777,777777777777,77,77,77,00000000000,0,000000000,0,0,1,0,0,0,0,0,0,0,8,12,7,5,12,0,30040,3,V,W,2,B,7,A,J,9,H,M,2,0
36,360703,2,1,9,21,2,48,9,0,0,2,0,36,6,JTHGZ1E24M50,2021,515,2184,13,59,35,4,0,11,11,0,777777777777,777777777777,777777777777,77,77,77,00000000000,0,000000000,0,0,1,0,0,0,0,0,0,0,7,63,7,6,12,0,59035,J,T,H,G,Z,1,E,2,4,M,5,0,0
36,360727,2,1,7,12,10,5,30,0,0,2,0,36,6,3FAHP08ZX9R1,2009,460,1780,13,12,23,4,0,11,11,0,777777777777,777777777777,777777777777,77,77,77,00000000000,0,000000000,0,0,1,0,0,0,0,0,0,0,8,6,7,5,12,0,12023,3,F,A,H,P,0,8,Z,X,9,R,1,0
36,360734,2,1,10,22,23,10,9,0,0,2,0,36,6,WBA3B5G58FNS,2015,452,1709,13,34,34,4,0,11,11,0,777777777777,777777777777,777777777777,77,77,77,00000000000,0,000000000,0,0,1,0,0,0,0,0,0,0,7,12,7,5,9,0,34034,W,B,A,3,B,5,G,5,8,F,N,S,0
36,360762,2,1,10,25,7,3,14,0,0,2,0,36,6,5TDKK3DC7BS0,2011,448,2468,2,49,442,20,0,11,11,0,777777777777,777777777777,777777777777,77,77,77,00000000000,0,000000000,0,0,1,0,0,0,0,0,0,0,8,6,7,5,12,0,49442,5,T,D,K,K,3,D,C,7,B,S,0,0
36,360792,2,1,10,22,1,15,14,0,1,2,0,42,6,1NPXGGGG3DD1,2013,495,2794,64,87,881,78,66,13,18,1,888888888888,777777777777,777777777777,98,77,77,5700214415,57,00214415,6,1,1,0,0,0,0,0,0,0,8,6,7,6,12,0,87881,1,N,P,X,G,G,G,G,3,D,D,1,0
36,360808,2,1,10,19,22,2,14,0,0,3,0,36,6,JF2SKAEC8KH4,2019,523,2234,7,48,401,14,0,11,11,0,777777777777,777777777777,777777777777,77,77,77,00000000000,0,000000000,0,0,1,0,0,0,0,0,0,0,8,82,7,5,12,0,48401,J,F,2,S,K,A,E,C,8,K,H,4,0
36,360818,2,1,10,30,20,11,9,0,0,2,0,36,6,1C4RJFAG6JC1,2018,483,1949,7,2,422,15,0,12,12,0,777777777777,777777777777,777777777777,77,77,77,00000000000,0,000000000,0,0,1,0,0,0,0,0,0,0,7,6,7,5,12,0,2422,1,C,4,R,J,F,A,G,6,J,C,1,0
36,360827,3,2,11,16,0,49,12,6,0,2,0,36,6,5FNYF6H59JB0,2018,474,1864,7,37,421,15,0,11,11,0,777777777777,777777777777,777777777777,77,77,77,00000000000,0,000000000,0,0,1,0,0,0,0,0,0,0,8,12,7,5,12,0,37421,5,F,N,Y,F,6,H,5,9,J,B,0,0
36,360827,4,2,11,16,0,49,12,6,0,2,0,34,6,5NPE34AB9FH0,2015,498,2459,13,55,33,4,0,11,11,0,777777777777,777777777777,777777777777,77,77,77,00000000000,0,000000000,0,0,1,0,0,0,0,0,0,0,8,6,7,5,12,0,55033,5,N,P,E,3,4,A,B,9,F,H,0,0
36,360827,5,2,11,16,0,49,12,6,0,2,0,36,6,19UUB1F68KA0,2019,475,5354,13,54,44,4,0,11,11,0,777777777777,777777777777,777777777777,77,77,77,00000000000,0,000000000,0,0,1,0,0,0,0,0,0,0,8,62,7,5,12,0,54044,1,9,U,U,B,1,F,6,8,K,A,0,0
36,360853,2,1,11,12,5,15,14,0,1,2,0,47,6,3HSDZAPR6PN5,2023,526,11467,66,84,881,66,0,18,18,1,888888888888,777777777777,777777777777,98,77,77,570511412,57,0511412,6,1,1,0,0,0,0,0,0,0,2,6,7,5,12,0,84881,3,H,S,D,Z,A,P,R,6,P,N,5,0
36,360883,3,2,11,30,0,7,12,6,0,2,0,36,6,5J8YD4H55LL0,2020,475,2147,7,54,421,15,0,11,11,0,777777777777,777777777777,777777777777,77,77,77,00000000000,0,000000000,0,0,1,0,0,0,0,0,0,0,8,6,7,5,12,0,54421,5,J,8,Y,D,4,H,5,5,L,L,0,0
36,360883,4,2,11,30,0,7,12,6,0,2,0,36,6,JN8AZ08W27W6,2007,478,1914,7,35,49,6,0,11,11,0,777777777777,777777777777,777777777777,77,77,77,00000000000,0,000000000,0,0,1,0,0,0,0,0,0,0,8,6,7,5,12,0,35049,J,N,8,A,Z,0,8,W,2,7,W,6,0
36,360883,5,2,11,30,0,7,12,6,0,2,0,36,6,1HGCR2F54EA1,2014,474,1861,13,37,32,4,0,11,11,0,777777777777,777777777777,777777777777,77,77,77,00000000000,0,000000000,0,0,1,0,0,0,0,0,0,0,8,63,7,5,12,0,37032,1,H,G,C,R,2,F,5,4,E,A,1,0
36,360883,6,2,11,30,0,7,12,6,0,2,0,36,6,4T1BB46K07U0,2007,448,2469,13,49,40,4,0,11,11,0,777777777777,777777777777,777777777777,77,77,77,00000000000,0,000000000,0,0,1,0,0,0,0,0,0,0,8,62,7,5,12,0,49040,4,T,1,B,B,4,6,K,0,7,U,0,0
36,360897,2,1,8,8,18,40,34,0,0,3,0,0,6,888888888888,2020,478,99999,13,35,399,4,0,11,11,0,777777777777,777777777777,777777777777,77,77,77,00000000000,0,000000000,0,0,1,0,0,0,0,0,0,0,8,12,7,5,12,0,35399,8,8,8,8,8,8,8,8,8,8,8,8,0
36,360942,2,2,12,5,3,0,1,0,1,2,0,39,6,3C7WRVLG1PE5,2023,496,13629,62,7,463,21,95,12,12,0,777777777777,777777777777,777777777777,77,77,77,00000000000,0,000000000,0,0,1,0,0,0,0,0,0,0,8,6,7,6,12,0,7463,3,C,7,W,R,V,L,G,1,P,E,5,0
36,360985,2,1,12,20,20,35,14,0,1,2,0,36,6,KNMAT2MV2JP5,2018,478,1913,8,35,51,6,0,11,11,0,777777777777,777777777777,777777777777,77,77,77,00000000000,0,000000000,0,0,1,0,0,0,0,0,0,0,8,6,7,5,12,0,35051,K,N,M,A,T,2,M,V,2,J,P,5,0
36,361044,2,1,9,12,18,31,14,0,0,3,0,36,6,JF2SKAJC5RH4,2024,523,2234,7,48,401,14,0,11,11,0,777777777777,777777777777,777777777777,77,77,77,00000000000,0,000000000,0,0,1,0,0,0,0,0,0,0,8,5,7,6,12,0,48401,J,F,2,S,K,A,J,C,5,R,H,4,0
36,361069,2,1,11,26,13,54,9,0,0,2,0,36,6,1N4AL3AP8DC1,2013,478,1904,13,35,47,4,0,11,11,0,777777777777,777777777777,777777777777,77,77,77,00000000000,0,000000000,0,0,1,0,0,0,0,0,0,0,8,12,7,5,12,0,35047,1,N,4,A,L,3,A,P,8,D,C,1,0
37,370020,2,1,1,29,9,51,8,0,0,4,0,24,3,1FTMF1CP1FKD,2015,460,1801,60,12,481,34,0,12,12,1,888888888888,777777777777,777777777777,98,77,77,00000000000,0,000000000,0,0,1,0,0,0,0,0,0,0,0,6,6,6,12,0,12481,1,F,T,M,F,1,C,P,1,F,K,D,0
37,370024,1,1,1,21,16,16,14,0,1,2,0,12,6,1FUJGLDR6ELF,2014,450,2501,66,82,881,66,0,18,18,1,888888888888,777777777777,777777777777,98,77,77,122958497,12,2958497,6,1,1,0,0,0,0,0,0,0,2,6,6,6,12,0,82881,1,F,U,J,G,L,D,R,6,E,L,F,0
37,370113,2,1,2,28,6,27,14,0,2,2,0,17,6,1FUJHHDR3NLN,2022,450,2501,66,82,881,66,0,18,18,1,888888888888,777777777777,777777777777,98,77,77,172843775,17,2843775,6,1,1,0,0,0,0,0,0,0,0,6,6,6,12,0,82881,1,F,U,J,H,H,D,R,3,N,L,N,0
37,370133,2,1,2,14,16,23,14,0,2,2,0,37,6,1C3LC46K78N1,2008,477,1877,13,6,43,4,0,11,11,0,777777777777,777777777777,777777777777,77,77,77,00000000000,0,000000000,0,0,1,0,0,0,0,0,0,0,0,11,6,6,12,0,6043,1,C,3,L,C,4,6,K,7,8,N,1,0
37,370133,3,1,2,14,16,23,14,0,0,2,0,37,6,1GKS2DKL4MR4,2021,472,1859,7,23,421,15,0,12,12,0,777777777777,777777777777,777777777777,77,77,77,00000000000,0,000000000,0,0,1,0,0,0,0,0,0,0,2,6,6,6,12,0,23421,1,G,K,S,2,D,K,L,4,M,R,4,0
37,370168,2,1,2,12,21,40,33,0,0,3,0,37,6,1FTWW31P15ED,2005,460,1806,60,12,880,67,0,13,13,0,777777777777,777777777777,777777777777,77,77,77,77777777777,77,777777777,1,97,1,0,0,0,0,0,0,0,0,61,7,5,12,0,12880,1,F,T,W,W,3,1,P,1,5,E,D,0
37,370168,3,1,2,12,21,40,33,0,0,3,0,37,6,1G1ZD5ST7JF1,2018,467,1834,13,20,37,4,0,11,11,0,777777777777,777777777777,777777777777,77,77,77,00000000000,0,000000000,0,0,1,0,0,0,0,0,0,0,7,63,7,5,14,0,20037,1,G,1,Z,D,5,S,T,7,J,F,1,0
37,370242,1,1,3,28,0,58,14,0,1,2,0,37,6,1FUJGLDR6BLA,2011,450,2501,66,82,881,66,0,18,18,1,888888888888,777777777777,777777777777,98,77,77,572262375,57,2262375,6,8,1,0,0,0,0,0,0,0,0,12,6,5,12,0,82881,1,F,U,J,G,L,D,R,6,B,L,A,0
37,370274,2,1,3,5,15,53,14,0,0,3,0,0,6,ZACCJBCTXGPD,2016,483,6160,7,2,408,14,0,11,11,0,777777777777,777777777777,777777777777,77,77,77,00000000000,0,000000000,0,0,1,0,0,0,0,0,0,0,7,11,2,5,12,0,2408,Z,A,C,C,J,B,C,T,X,G,P,D,0
37,370300,3,2,2,24,20,7,12,6,0,2,0,37,6,JNKCV51FX4M7,2004,480,2305,13,58,37,4,0,11,11,0,777777777777,777777777777,777777777777,77,77,77,00000000000,0,000000000,0,0,1,0,0,0,0,0,0,0,7,13,2,5,12,0,58037,J,N,K,C,V,5,1,F,X,4,M,7,0
37,370300,4,2,2,24,20,7,12,6,0,2,0,37,6,JTHBJ46G4721,2007,515,2475,13,59,31,4,0,11,11,0,777777777777,777777777777,777777777777,77,77,77,00000000000,0,000000000,0,0,1,0,0,0,0,0,0,0,7,13,2,5,12,0,59031,J,T,H,B,J,4,6,G,4,7,2,1,0
37,370392,2,1,4,2,2,1,14,0,1,2,0,37,6,3ALACXFE1JDJ,2018,450,2499,11,82,898,63,0,17,17,0,777777777777,777777777777,777777777777,77,77,77,77777777777,77,777777777,2,1,1,0,0,0,0,0,0,0,2,6,2,5,12,0,82898,3,A,L,A,C,X,F,E,1,J,D,J,0
37,370537,2,1,5,5,22,7,19,0,0,3,0,37,6,3GNCJKSBXKL1,2019,467,10988,7,20,406,14,0,11,11,0,777777777777,777777777777,777777777777,77,77,77,00000000000,0,000000000,0,0,1,0,0,0,0,0,0,0,0,61,7,5,12,0,20406,3,G,N,C,J,K,S,B,X,K,L,1,0
37,370601,2,1,5,7,17,19,14,0,0,2,0,37,6,2GCEK13M0715,2007,467,1850,60,20,481,34,0,12,12,0,777777777777,777777777777,777777777777,77,77,77,00000000000,0,000000000,0,0,1,0,0,0,0,0,0,0,0,11,2,5,12,0,20481,2,G,C,E,K,1,3,M,0,7,1,5,0
37,370677,2,1,6,7,14,7,43,0,1,2,0,37,6,1FTEF14N5RNB,1994,460,1801,60,12,481,34,0,12,12,0,777777777777,777777777777,777777777777,77,77,77,00000000000,0,000000000,0,0,1,0,0,0,0,0,0,0,7,11,6,6,12,0,12481,1,F,T,E,F,1,4,N,5,R,N,B,0
37,370677,3,1,6,7,14,7,43,0,1,2,0,37,6,1FTEW1EP2HFA,2017,460,1801,60,12,481,34,0,12,12,0,777777777777,777777777777,777777777777,77,77,77,00000000000,0,000000000,0,0,1,0,0,0,0,0,0,0,7,11,6,6,14,0,12481,1,F,T,E,W,1,E,P,2,H,F,A,0
37,370690,2,1,6,1,19,11,38,0,0,2,0,37,6,2FAHP71V28X1,2008,460,1778,13,12,16,4,0,11,11,0,777777777777,777777777777,777777777777,77,77,77,00000000000,0,000000000,0,0,1,0,0,0,0,0,0,0,7,11,2,5,12,0,12016,2,F,A,H,P,7,1,V,2,8,X,1,0
37,370692,2,1,6,30,1,35,38,0,0,3,0,37,6,WD3PE7CC6C56,2012,449,1703,95,42,461,21,0,12,12,0,777777777777,777777777777,777777777777,77,77,77,00000000000,0,000000000,0,0,1,0,0,0,0,0,0,0,0,12,7,5,12,1,42461,W,D,3,P,E,7,C,C,6,C,5,6,0
37,370705,1,1,6,30,3,31,14,0,1,2,0,37,6,JALE5W162P73,2023,542,14582,63,38,882,61,11,15,15,0,777777777777,777777777777,777777777777,77,77,77,77777777777,77,777777777,1,97,1,0,0,0,0,0,0,0,0,62,6,6,12,0,38882,J,A,L,E,5,W,1,6,2,P,7,3,0
37,370712,2,1,5,31,4,53,14,0,1,2,0,37,6,KNADC125X563,2005,499,2299,13,63,32,4,0,11,11,0,777777777777,777777777777,777777777777,77,77,77,00000000000,0,000000000,0,0,1,0,0,0,0,0,0,0,0,6,6,6,12,0,63032,K,N,A,D,C,1,2,5,X,5,6,3,1
37,370729,1,1,6,22,1,38,14,0,1,2,0,24,6,4V4WC9EH1JN8,2018,487,15808,66,51,881,66,0,18,18,1,888888888888,777777777777,777777777777,98,77,77,242109662,24,2109662,6,2,1,0,0,0,0,0,0,0,2,6,6,6,12,0,51881,4,V,4,W,C,9,E,H,1,J,N,8,0
37,370863,2,1,8,14,11,25,38,0,0,3,0,0,6,1GYFC23209R2,2009,469,1843,7,19,421,15,0,12,12,0,777777777777,777777777777,777777777777,77,77,77,00000000000,0,000000000,0,0,1,0,0,0,0,0,0,0,0,1,2,5,12,0,19421,1,G,Y,F,C,2,3,2,0,9,R,2,0
37,370863,3,1,8,14,11,25,38,0,0,3,0,0,6,2HKRM4H44GH6,2016,474,1865,7,37,402,14,0,11,11,0,777777777777,777777777777,777777777777,77,77,77,00000000000,0,000000000,0,0,1,0,0,0,0,0,0,0,7,1,2,5,12,0,37402,2,H,K,R,M,4,H,4,4,G,H,6,0
37,370863,4,1,8,14,11,25,38,0,0,3,0,0,6,JTKKUPB45D10,2013,448,2933,5,67,33,5,0,11,11,0,777777777777,777777777777,777777777777,77,77,77,00000000000,0,000000000,0,0,1,0,0,0,0,0,0,0,7,81,2,5,12,0,67033,J,T,K,K,U,P,B,4,5,D,1,0,0
37,370863,5,1,8,14,11,25,38,0,0,3,0,0,6,2HKRM4H7XFH6,2015,474,1865,7,37,402,14,0,11,11,0,777777777777,777777777777,777777777777,77,77,77,00000000000,0,000000000,0,0,1,0,0,0,0,0,0,0,7,13,2,5,12,0,37402,2,H,K,R,M,4,H,7,X,F,H,6,0
37,370893,2,1,8,22,10,15,8,0,1,2,0,37,6,1FM5K8AB7LGB,2020,460,1800,7,12,425,15,0,12,12,0,777777777777,777777777777,777777777777,77,77,77,00000000000,0,000000000,0,0,1,0,0,0,0,0,0,0,0,11,6,6,12,0,12425,1,F,M,5,K,8,A,B,7,L,G,B,0
37,370893,3,1,8,22,10,15,8,0,1,2,0,37,6,1FM5K8AR6KGB,2019,460,1800,7,12,425,15,0,12,12,0,777777777777,777777777777,777777777777,77,77,77,00000000000,0,000000000,0,0,1,0,0,0,0,0,0,0,0,6,6,6,12,0,12425,1,F,M,5,K,8,A,R,6,K,G,B,0
37,370893,4,1,8,22,10,15,8,0,0,2,0,13,6,1NPSLP9X9LD7,2020,495,2790,11,87,881,63,66,18,18,2,888888888888,888888888888,777777777777,98,98,77,13471614,13,471614,7,1,1,0,0,0,0,0,0,0,7,6,6,6,12,0,87881,1,N,P,S,L,P,9,X,9,L,D,7,0
37,370896,2,1,8,23,23,47,33,0,0,3,0,24,6,1GNDT13S7621,2006,467,4548,7,20,403,14,0,11,11,0,777777777777,777777777777,777777777777,77,77,77,00000000000,0,000000000,0,0,1,0,0,0,0,0,0,0,7,61,2,5,12,0,20403,1,G,N,D,T,1,3,S,7,6,2,1,0
37,370896,3,1,8,23,23,47,33,0,0,3,0,37,6,3VWSF71K76M6,2006,482,3137,13,30,40,4,0,11,11,0,777777777777,777777777777,777777777777,77,77,77,00000000000,0,000000000,0,0,1,0,0,0,0,0,0,0,7,6,2,5,12,0,30040,3,V,W,S,F,7,1,K,7,6,M,6,0
37,370896,4,1,8,23,23,47,33,0,0,3,0,37,6,5FNRL6H95JB1,2018,474,1869,2,37,441,20,0,12,12,0,777777777777,777777777777,777777777777,77,77,77,00000000000,0,000000000,0,0,1,0,0,0,0,0,0,0,7,13,2,5,12,0,37441,5,F,N,R,L,6,H,9,5,J,B,1,0
37,370902,3,2,8,2,0,11,12,6,0,3,0,37,6,1C3CCCBB6FN5,2015,477,2053,13,6,18,4,0,11,11,0,777777777777,777777777777,777777777777,77,77,77,00000000000,0,000000000,0,0,1,0,0,0,0,0,0,0,0,11,2,5,12,0,6018,1,C,3,C,C,C,B,B,6,F,N,5,0
37,370919,2,1,8,10,21,3,14,0,0,3,0,37,6,1B7KF26CXSS1,1995,476,1938,60,7,482,34,0,12,12,0,777777777777,777777777777,777777777777,77,77,77,00000000000,0,000000000,0,0,1,0,0,0,0,0,0,0,0,61,6,5,12,0,7482,1,B,7,K,F,2,6,C,X,S,S,1,0
37,371048,2,1,9,24,5,32,14,0,0,3,0,92,6,CAT0320DTSPN,2012,522,26509,127,99,998,93,0,99,99,0,777777777777,777777777777,777777777777,77,77,77,99999999999,99,999999999,99,99,1,0,0,0,0,0,0,0,0,1,2,5,12,0,99998,C,A,T,0,3,2,0,D,T,S,P,N,0
37,371057,3,2,9,4,15,0,12,6,2,3,0,37,6,1FVACWDTXCDB,2012,450,2499,11,82,881,62,0,16,16,0,777777777777,777777777777,777777777777,77,77,77,77777777777,77,777777777,1,1,1,0,0,0,0,0,0,0,0,3,2,5,12,0,82881,1,F,V,A,C,W,D,T,X,C,D,B,1
37,371150,3,2,10,26,9,40,12,6,0,3,0,37,6,JN8AZ18W79W1,2009,478,1914,7,35,49,6,0,11,11,0,777777777777,777777777777,777777777777,77,77,77,00000000000,0,000000000,0,0,1,0,0,0,0,0,0,0,0,12,2,5,12,0,35049,J,N,8,A,Z,1,8,W,7,9,W,1,0
37,371150,4,2,10,26,9,40,12,6,0,3,0,37,6,3GKFK16Z53G1,2003,472,4579,7,23,431,16,0,12,12,0,777777777777,777777777777,777777777777,77,77,77,00000000000,0,000000000,0,0,1,0,0,0,0,0,0,0,0,5,2,5,12,0,23431,3,G,K,F,K,1,6,Z,5,3,G,1,0
37,371196,2,1,10,24,0,4,14,0,0,2,0,37,6,1FVACWCS63HL,2003,450,2499,11,82,881,62,997,16,16,0,777777777777,777777777777,777777777777,77,77,77,77777777777,77,777777777,1,1,1,0,0,0,0,0,0,0,0,6,2,5,12,0,82881,1,F,V,A,C,W,C,S,6,3,H,L,0
37,371264,2,1,11,13,12,47,8,0,0,2,0,37,6,1GCCS1388681,2006,467,4086,60,20,473,34,0,11,11,0,777777777777,777777777777,777777777777,77,77,77,00000000000,0,000000000,0,0,1,0,0,0,0,0,0,0,0,8,2,5,12,0,20473,1,G,C,C,S,1,3,8,8,6,8,1,0
37,371288,1,1,11,3,6,18,14,0,0,2,0,18,6,3AKJHLDV8PSN,2023,450,2501,66,82,881,66,0,18,18,1,1JJV532D6RL4,777777777777,777777777777,18,77,77,573310065,57,3310065,6,1,1,0,0,0,0,0,0,0,0,6,6,6,12,0,82881,3,A,K,J,H,L,D,V,8,P,S,N,0
37,371404,2,1,12,29,0,34,32,0,0,3,0,37,6,3GTU9DED3LG1,2020,472,1857,60,23,481,34,0,12,12,0,777777777777,777777777777,777777777777,77,77,77,00000000000,0,000000000,0,0,1,0,0,0,0,0,0,0,7,6,2,5,12,0,23481,3,G,T,U,9,D,E,D,3,L,G,1,0
37,371435,2,1,12,28,10,57,14,0,0,2,0,37,6,2HNYD2H61AH5,2010,475,2147,7,54,421,15,0,11,11,0,777777777777,777777777777,777777777777,77,77,77,00000000000,0,000000000,0,0,1,0,0,0,0,0,0,0,0,6,6,6,12,0,54421,2,H,N,Y,D,2,H,6,1,A,H,5,0
37,371444,2,1,12,1,13,44,31,0,0,3,0,13,6,3N1AB8BV5PY2,2023,478,1907,13,35,43,4,0,11,11,0,777777777777,777777777777,777777777777,77,77,77,00000000000,0,000000000,0,0,1,0,0,0,0,0,0,0,0,12,6,5,12,0,35043,3,N,1,A,B,8,B,V,5,P,Y,2,0
37,371487,2,1,12,30,17,0,59,0,0,3,0,37,6,4S4BTGKD5L32,2020,523,2233,7,48,45,6,0,11,11,0,777777777777,777777777777,777777777777,77,77,77,00000000000,0,000000000,0,0,1,0,0,0,0,0,0,0,0,3,2,5,12,0,48045,4,S,4,B,T,G,K,D,5,L,3,2,0
37,371516,2,1,6,10,17,55,14,0,0,2,0,37,6,YV1TS92D6413,2004,485,1960,13,51,45,4,0,11,11,0,777777777777,777777777777,777777777777,77,77,77,00000000000,0,000000000,0,0,1,0,0,0,0,0,0,0,7,12,2,5,12,0,51045,Y,V,1,T,S,9,2,D,6,4,1,3,0
39,390031,3,2,1,9,12,6,12,7,1,2,0,39,6,1FDUF5HT3NDA,2022,460,1808,63,12,881,61,11,15,15,0,777777777777,777777777777,777777777777,77,77,77,57299471,57,299471,1,3,1,0,0,0,0,0,22,0,8,6,6,6,12,0,12881,1,F,D,U,F,5,H,T,3,N,D,A,0
39,390044,2,1,1,24,21,45,14,0,0,2,0,39,6,1FAHP2MKXEG1,2014,460,1782,13,12,17,4,0,11,11,0,777777777777,777777777777,777777777777,77,77,77,00000000000,0,000000000,0,0,1,0,0,0,0,0,5,5,7,8,6,6,12,0,12017,1,F,A,H,P,2,M,K,X,E,G,1,0
39,390059,1,1,1,21,11,9,8,0,3,2,0,18,6,KL8CB6SA1KC7,2019,467,1836,5,20,29,5,0,11,11,0,777777777777,777777777777,777777777777,77,77,77,00000000000,0,000000000,0,0,1,0,0,0,0,0,0,0,0,2,4,6,12,0,20029,K,L,8,C,B,6,S,A,1,K,C,7,0
39,390080,2,1,2,18,1,22,31,0,0,3,0,39,6,KNDEPCAA4M70,2021,499,26900,7,63,498,14,0,11,11,0,777777777777,777777777777,777777777777,77,77,77,00000000000,0,000000000,0,0,1,0,0,0,0,0,0,0,7,9,2,8,12,0,63498,K,N,D,E,P,C,A,A,4,M,7,0,0
39,390103,3,2,2,12,2,55,8,0,0,2,0,18,6,1N6ED1EK9RN6,2024,478,1919,60,35,472,34,0,12,12,0,777777777777,777777777777,777777777777,77,77,77,00000000000,0,000000000,0,0,1,0,0,0,0,0,0,0,0,9,6,6,12,0,35472,1,N,6,E,D,1,E,K,9,R,N,6,0
39,390188,2,1,3,21,0,52,14,0,0,2,0,39,6,1G2ZH5287541,2005,536,4263,13,22,22,4,0,11,11,0,777777777777,777777777777,777777777777,77,77,77,00000000000,0,000000000,0,0,1,0,0,0,0,0,0,0,8,7,6,6,8,0,22022,1,G,2,Z,H,5,2,8,7,5,4,1,0
39,390197,1,1,3,29,2,33,14,0,0,2,0,39,6,1FMZK02187GA,2007,460,2379,7,12,22,6,0,11,11,0,777777777777,777777777777,777777777777,77,77,77,00000000000,0,000000000,0,0,1,0,0,0,0,0,0,0,8,12,6,8,12,0,12022,1,F,M,Z,K,0,2,1,8,7,G,A,0
39,390333,2,1,5,12,1,53,8,0,0,3,0,39,6,4S4BSBDC6G32,2016,523,2233,7,48,45,6,0,11,11,0,777777777777,777777777777,777777777777,77,77,77,00000000000,0,000000000,0,0,1,0,0,0,0,0,0,0,7,8,2,6,18,0,48045,4,S,4,B,S,B,D,C,6,G,3,2,0
39,390420,2,1,6,3,21,11,33,0,0,3,0,39,6,19XFC2F54GE0,2016,474,1863,13,37,31,4,0,11,11,0,777777777777,777777777777,777777777777,77,77,77,00000000000,0,000000000,0,0,1,0,0,0,0,0,0,0,8,5,6,8,12,0,37031,1,9,X,F,C,2,F,5,4,G,E,0,0
39,390420,3,1,6,3,21,11,33,0,0,3,0,39,6,KM8JUCAC3CU4,2012,498,2058,7,55,402,14,0,11,11,0,777777777777,777777777777,777777777777,77,77,77,00000000000,0,000000000,0,0,1,0,0,0,0,0,0,0,7,98,6,6,12,0,55402,K,M,8,J,U,C,A,C,3,C,U,4,0
39,390420,4,1,6,3,21,11,33,0,0,3,0,39,6,KMHD84LFXHU3,2017,498,2735,13,55,35,4,0,11,11,0,777777777777,777777777777,777777777777,77,77,77,00000000000,0,000000000,0,0,1,0,0,0,0,0,0,0,7,98,6,6,12,0,55035,K,M,H,D,8,4,L,F,X,H,U,3,0
39,390420,5,1,6,3,21,11,33,0,0,3,0,39,6,1C6SRFJT0MN6,2021,496,13620,60,7,482,34,0,12,12,0,777777777777,777777777777,777777777777,77,77,77,00000000000,0,000000000,0,0,1,0,0,0,0,0,0,0,8,98,6,6,12,0,7482,1,C,6,S,R,F,J,T,0,M,N,6,0
39,390449,2,1,6,8,12,37,14,0,0,2,0,39,6,1C6RR7GGXRS1,2024,496,13620,60,7,482,34,0,12,12,0,777777777777,777777777777,777777777777,77,77,77,00000000000,0,000000000,0,0,1,0,0,0,0,0,0,0,7,11,2,8,12,0,7482,1,C,6,R,R,7,G,G,X,R,S,1,0
39,390471,2,1,6,18,7,6,14,0,1,2,0,12,6,3AKJHHDR3LSL,2020,450,2501,66,82,881,66,0,18,18,1,1KKVE5028VL1,777777777777,777777777777,98,77,77,573766811,57,3766811,6,1,1,0,0,0,0,0,0,0,2,6,6,6,12,0,82881,3,A,K,J,H,H,D,R,3,L,S,L,0
39,390493,2,1,6,27,22,47,14,0,2,2,0,39,6,1FDUF4GT3NEE,2022,460,1807,63,12,881,61,66,15,15,1,888888888888,777777777777,777777777777,98,77,77,88888888888,88,888888888,6,3,1,0,0,0,0,0,0,0,7,6,4,8,12,0,12881,1,F,D,U,F,4,G,T,3,N,E,E,0
39,390495,2,1,6,30,14,42,14,0,0,2,0,39,6,1XPBDP9X0HD3,2017,495,2787,66,87,881,66,0,18,18,1,888888888888,777777777777,777777777777,98,77,77,571549586,57,1549586,6,98,1,0,0,0,0,0,0,0,8,6,6,6,12,0,87881,1,X,P,B,D,P,9,X,0,H,D,3,0
39,390538,2,1,7,6,20,34,14,0,0,2,0,39,6,1D7HU18228S5,2008,476,1938,60,7,482,34,0,12,12,0,777777777777,777777777777,777777777777,77,77,77,00000000000,0,000000000,0,0,1,0,0,0,0,0,0,0,7,6,4,8,12,0,7482,1,D,7,H,U,1,8,2,2,8,S,5,0
39,390539,2,1,7,6,18,33,35,0,0,3,0,39,6,1G1AP15P1772,2007,467,4234,3,20,22,2,0,11,11,0,777777777777,777777777777,777777777777,77,77,77,00000000000,0,000000000,0,0,1,0,0,0,0,0,0,0,7,9,6,8,2,1,20022,1,G,1,A,P,1,5,P,1,7,7,2,0
39,390577,2,1,7,15,18,15,14,0,1,2,0,39,6,3FADP4FJ4CM1,2012,460,3267,5,12,32,5,0,11,11,0,777777777777,777777777777,777777777777,77,77,77,00000000000,0,000000000,0,0,1,0,0,0,0,0,0,0,8,6,6,6,12,0,12032,3,F,A,D,P,4,F,J,4,C,M,1,0
39,390672,2,1,8,13,21,44,8,0,0,2,0,39,6,1HD1YXZ14RB0,2024,3888,35424,94,72,706,80,0,11,11,0,777777777777,777777777777,777777777777,77,77,77,00000000000,0,000000000,0,0,1,0,0,0,0,0,0,0,7,6,2,6,12,0,72706,1,H,D,1,Y,X,Z,1,4,R,B,0,0
39,390678,2,1,6,23,17,17,14,0,0,2,0,39,6,JS1GW71A0621,2006,509,2123,80,53,706,80,0,11,11,0,777777777777,777777777777,777777777777,77,77,77,00000000000,0,000000000,0,0,1,0,0,0,0,0,0,0,7,12,6,8,12,0,53706,J,S,1,G,W,7,1,A,0,6,2,1,0
39,390685,2,1,8,22,19,51,8,0,0,3,0,39,6,3FA6P0VP0HR2,2017,460,1780,13,12,23,4,0,11,11,0,777777777777,777777777777,777777777777,77,77,77,00000000000,0,000000000,0,0,1,0,0,0,0,0,0,0,8,8,2,6,12,0,12023,3,F,A,6,P,0,V,P,0,H,R,2,0
39,390708,3,2,7,22,8,16,12,7,0,2,0,18,6,3HSDJSNR7GN2,2016,526,2564,66,84,881,66,0,18,18,1,888888888888,777777777777,777777777777,98,77,77,57388329,57,388329,6,96,1,0,0,0,0,0,0,0,7,10,4,8,12,0,84881,3,H,S,D,J,S,N,R,7,G,N,2,0
39,390719,2,1,8,29,13,53,14,0,1,3,0,26,6,1M1AN3GY7RM0,2024,490,20842,66,86,881,66,0,18,18,1,888888888888,777777777777,777777777777,98,77,77,571880751,57,1880751,6,96,1,0,0,0,0,0,0,0,2,6,4,6,12,0,86881,1,M,1,A,N,3,G,Y,7,R,M,0,0
39,390754,2,1,8,30,10,15,14,0,0,2,0,39,6,1NKDX4EX3EJ4,2014,532,2719,11,85,881,63,0,18,18,0,777777777777,777777777777,777777777777,77,77,77,57200613,57,200613,1,2,1,0,0,0,0,0,0,0,8,7,6,6,12,0,85881,1,N,K,D,X,4,E,X,3,E,J,4,0
39,390765,2,1,7,22,15,42,31,0,1,2,0,39,6,3KPFK4A7XHE1,2017,499,2462,13,63,38,4,0,11,11,0,777777777777,777777777777,777777777777,77,77,77,00000000000,0,000000000,0,0,1,0,0,0,0,0,0,0,0,3,4,6,12,0,63038,3,K,P,F,K,4,A,7,X,H,E,1,0
39,390765,3,1,7,22,15,42,31,0,1,3,0,39,6,1FDFE4FN0RDD,2024,460,1819,67,12,870,61,11,14,14,0,777777777777,777777777777,777777777777,77,77,77,88888888888,88,888888888,2,97,1,0,0,0,0,0,0,0,0,6,2,8,14,0,12870,1,F,D,F,E,4,F,N,0,R,D,D,0
39,390765,4,1,7,22,15,42,31,0,0,3,0,39,6,4T1BD1EB1DU0,2013,448,2465,13,49,43,4,0,11,11,0,777777777777,777777777777,777777777777,77,77,77,00000000000,0,000000000,0,0,1,0,0,0,0,0,0,0,0,6,4,8,12,0,49043,4,T,1,B,D,1,E,B,1,D,U,0,0
39,390777,1,1,9,8,15,35,1,0,0,3,0,39,6,1B7MC36W5RS6,1994,476,1938,60,7,880,67,0,13,13,0,777777777777,777777777777,777777777777,77,77,77,88888888888,88,888888888,1,97,1,0,0,0,0,0,0,0,7,1,2,8,12,0,7880,1,B,7,M,C,3,6,W,5,R,S,6,0
39,390777,2,1,9,8,15,35,1,0,0,3,0,39,6,1GCCS1442S81,1995,467,11483,60,20,471,34,0,11,11,0,777777777777,777777777777,777777777777,77,77,77,00000000000,0,000000000,0,0,1,0,0,0,0,0,0,0,7,12,2,8,12,0,20471,1,G,C,C,S,1,4,4,2,S,8,1,0
39,390796,1,1,9,12,0,43,14,0,1,2,0,6,6,3AKJHHDR8NSN,2022,450,2501,66,82,881,66,0,18,18,1,1JJV532D4PL3,777777777777,777777777777,98,77,77,573715729,57,3715729,6,1,1,0,0,0,0,0,0,0,8,6,4,6,12,0,82881,3,A,K,J,H,H,D,R,8,N,S,N,0
39,390831,2,1,8,17,21,3,14,0,0,2,0,39,6,2V4RW5DG4BR6,2011,482,1951,2,30,443,20,0,12,12,0,777777777777,777777777777,777777777777,77,77,77,00000000000,0,000000000,0,0,1,0,0,0,0,0,0,0,8,6,6,8,12,0,30443,2,V,4,R,W,5,D,G,4,B,R,6,0
39,390843,2,1,9,25,23,17,14,0,0,2,0,39,6,3FELF47F3VMA,1997,460,9270,74,12,881,61,11,14,14,0,777777777777,777777777777,777777777777,77,77,77,88888888888,88,888888888,2,4,1,0,0,0,0,0,0,0,8,7,6,6,12,0,12881,3,F,E,L,F,4,7,F,3,V,M,A,0
39,390865,2,1,10,8,21,58,8,0,0,2,0,39,6,WDBUF87X27B1,2007,449,2081,13,42,48,4,0,11,11,0,777777777777,777777777777,777777777777,77,77,77,00000000000,0,000000000,0,0,1,0,0,0,0,0,0,0,7,11,2,8,8,0,42048,W,D,B,U,F,8,7,X,2,7,B,1,0
39,390896,2,1,10,11,2,15,14,0,1,2,0,27,6,3AKJGLDR3DSF,2013,450,2501,66,82,881,66,0,18,18,1,3H3V532KXNS6,777777777777,777777777777,98,77,77,572411716,57,2411716,6,1,1,0,0,0,0,0,0,0,8,6,6,6,12,0,82881,3,A,K,J,G,L,D,R,3,D,S,F,0
39,390899,3,2,10,18,16,36,12,2,0,3,0,0,6,4UF03SNW73T1,2003,10190,26508,97,98,998,91,0,11,11,0,777777777777,777777777777,777777777777,77,77,77,00000000000,0,000000000,0,0,1,0,0,0,0,0,0,0,7,1,2,8,12,0,98998,4,U,F,0,3,S,N,W,7,3,T,1,0
39,390919,4,3,10,24,19,20,12,6,0,2,0,39,6,1GCEC14067E5,2007,467,1850,60,20,481,34,0,12,12,0,777777777777,777777777777,777777777777,77,77,77,00000000000,0,000000000,0,0,1,0,0,0,0,0,0,0,8,4,6,8,12,0,20481,1,G,C,E,C,1,4,0,6,7,E,5,0
39,390919,5,3,10,24,19,20,12,6,0,2,0,39,6,2GNFLEEK1C61,2012,467,1847,7,20,404,14,0,11,11,0,777777777777,777777777777,777777777777,77,77,77,00000000000,0,000000000,0,0,1,0,0,0,0,0,0,0,8,11,2,8,12,0,20404,2,G,N,F,L,E,E,K,1,C,6,1,0
39,390921,2,1,10,28,17,51,14,0,0,2,0,39,6,1FTRX17L2YNB,2000,460,1801,60,12,481,34,0,12,12,0,777777777777,777777777777,777777777777,77,77,77,00000000000,0,000000000,0,0,1,0,0,0,0,0,0,0,8,6,2,8,99,0,12481,1,F,T,R,X,1,7,L,2,Y,N,B,0
39,390960,2,1,11,10,1,30,14,0,0,2,0,39,6,1G1ZD5EU4CF2,2012,467,1834,13,20,37,4,0,11,11,0,777777777777,777777777777,777777777777,77,77,77,00000000000,0,000000000,0,0,1,0,0,0,0,0,0,0,8,7,6,6,12,0,20037,1,G,1,Z,D,5,E,U,4,C,F,2,0
39,391008,2,1,11,22,5,27,8,0,0,2,0,39,6,1FTCR10A9VPB,1997,460,1803,60,12,471,34,0,11,11,0,777777777777,777777777777,777777777777,77,77,77,00000000000,0,000000000,0,0,1,0,0,0,0,0,0,0,8,1,6,6,12,0,12471,1,F,T,C,R,1,0,A,9,V,P,B,0
39,391053,2,1,10,7,2,48,14,0,0,3,0,39,6,2G1WT58K8812,2008,467,1833,13,20,2,4,0,11,11,0,777777777777,777777777777,777777777777,77,77,77,00000000000,0,000000000,0,0,1,0,0,0,0,0,0,0,8,5,6,8,14,0,20002,2,G,1,W,T,5,8,K,8,8,1,2,0
39,391053,3,1,10,7,2,48,14,0,0,3,0,39,6,1GCDT136X681,2006,467,4086,60,20,473,34,0,11,11,0,777777777777,777777777777,777777777777,77,77,77,00000000000,0,000000000,0,0,1,0,0,0,0,0,0,0,8,8,4,8,14,0,20473,1,G,C,D,T,1,3,6,X,6,8,1,0
39,391076,1,2,11,8,18,50,14,0,0,2,0,39,6,1FMZU35P2WZA,1998,460,1800,7,12,401,14,0,11,11,0,777777777777,777777777777,777777777777,77,77,77,00000000000,0,000000000,0,0,1,0,0,0,0,0,0,0,8,6,6,6,12,0,12401,1,F,M,Z,U,3,5,P,2,W,Z,A,0
39,391099,2,1,12,21,12,41,18,0,0,4,0,39,3,000000000000,2000,99997,99997,127,98,998,93,0,98,98,0,777777777777,777777777777,777777777777,77,77,77,00000000000,0,000000000,0,0,1,0,0,0,0,0,0,0,8,6,2,8,12,0,98998,0,0,0,0,0,0,0,0,0,0,0,0,0
39,391117,2,1,12,30,4,19,30,0,0,2,0,39,6,JTDKN3DU9A12,2010,448,2209,5,49,46,5,0,11,11,0,777777777777,777777777777,777777777777,77,77,77,00000000000,0,000000000,0,0,1,0,0,0,0,0,0,0,8,6,4,8,12,0,49046,J,T,D,K,N,3,D,U,9,A,1,2,0
39,391131,2,1,12,12,10,24,14,0,1,2,0,39,6,1FD0W4HN7MEC,2021,460,1807,70,12,881,61,60,15,15,0,777777777777,777777777777,777777777777,77,77,77,88888888888,88,888888888,1,97,1,0,0,0,0,0,0,0,8,6,6,8,12,0,12881,1,F,D,0,W,4,H,N,7,M,E,C,0
40,400006,2,1,1,4,12,50,14,0,0,2,0,40,6,JHHRDM2H4LK0,2020,514,2176,11,98,806,61,0,15,15,0,777777777777,777777777777,777777777777,77,77,77,88888888888,88,888888888,1,98,1,0,0,0,0,0,0,0,0,6,6,6,12,0,98806,J,H,H,R,D,M,2,H,4,L,K,0,0
40,400030,3,2,2,1,15,50,12,2,0,3,0,40,6,1N4AL21E58N4,2008,478,1904,13,35,47,4,0,11,11,0,777777777777,777777777777,777777777777,77,77,77,00000000000,0,000000000,0,0,1,0,0,0,0,0,0,0,7,12,2,5,14,0,35047,1,N,4,A,L,2,1,E,5,8,N,4,0
40,400030,4,2,2,1,15,50,12,2,0,3,0,40,6,1GTGK29U3YE3,2000,472,1857,60,23,481,34,0,12,12,0,777777777777,777777777777,777777777777,77,77,77,00000000000,0,000000000,0,0,1,0,0,0,0,0,0,0,7,8,0,5,14,0,23481,1,G,T,G,K,2,9,U,3,Y,E,3,0
40,400043,2,1,2,23,13,37,14,0,0,2,0,40,6,1D7HU18297S1,2007,476,1938,60,7,482,34,0,12,12,0,777777777777,777777777777,777777777777,77,77,77,00000000000,0,000000000,0,0,1,0,0,0,0,0,0,0,0,9,4,6,12,0,7482,1,D,7,H,U,1,8,2,9,7,S,1,0
40,400109,3,2,3,31,10,40,12,1,2,2,0,40,6,KNDJE7239975,2009,499,2770,7,63,401,14,0,11,11,0,777777777777,777777777777,777777777777,77,77,77,00000000000,0,000000000,0,0,1,0,0,0,0,0,0,0,0,9,6,6,12,0,63401,K,N,D,J,E,7,2,3,9,9,7,5,0
40,400114,2,2,4,4,15,20,14,0,1,2,0,29,6,3HSDZAPR3LN0,2020,526,20852,66,84,881,66,0,18,18,1,888888888888,777777777777,777777777777,98,77,77,57191822,57,191822,6,1,1,0,0,0,0,0,0,0,0,6,6,6,12,0,84881,3,H,S,D,Z,A,P,R,3,L,N,0,0
40,400123,3,2,4,12,19,3,12,1,2,2,0,40,6,JA32U2FU0HU0,2017,481,2164,13,52,46,4,0,11,11,0,777777777777,777777777777,777777777777,77,77,77,00000000000,0,000000000,0,0,1,0,0,0,0,0,0,0,0,6,6,6,12,0,52046,J,A,3,2,U,2,F,U,0,H,U,0,1
40,400129,1,1,4,14,1,44,14,0,1,2,0,48,6,5GAEVAKW5JJ2,2018,468,1841,7,18,421,15,0,12,12,0,777777777777,777777777777,777777777777,77,77,77,00000000000,0,000000000,0,0,1,0,0,0,0,0,0,0,0,6,6,6,12,0,18421,5,G,A,E,V,A,K,W,5,J,J,2,1
40,400136,2,1,4,20,13,15,14,0,1,2,0,29,6,4V4NC9EH0LN2,2020,487,1967,66,51,881,66,0,18,18,1,888888888888,777777777777,777777777777,98,77,77,573954280,57,3954280,6,1,1,0,0,0,0,0,0,0,0,6,4,6,12,0,51881,4,V,4,N,C,9,E,H,0,L,N,2,0
40,400251,2,1,10,20,9,10,14,0,0,2,0,40,6,1HTMMAAL52H4,2002,526,2649,11,84,881,62,0,16,16,0,777777777777,777777777777,777777777777,77,77,77,77777777777,77,777777777,1,1,1,0,0,0,0,0,0,0,8,6,6,6,12,0,84881,1,H,T,M,M,A,A,L,5,2,H,4,0
40,400367,1,1,10,3,18,27,14,0,2,2,0,40,6,SALAG25476A3,2006,444,2301,7,62,423,15,0,12,12,0,777777777777,777777777777,777777777777,77,77,77,00000000000,0,000000000,0,0,1,0,0,0,0,0,0,0,0,12,6,6,12,0,62423,S,A,L,A,G,2,5,4,7,6,A,3,0
40,400396,3,2,9,18,17,26,14,0,0,2,0,6,6,3AKJHHDV1SSW,2025,450,2501,66,82,881,66,0,18,18,1,888888888888,777777777777,777777777777,98,77,77,572388894,57,2388894,6,1,1,0,0,0,0,0,0,0,0,7,2,5,12,0,82881,3,A,K,J,H,H,D,V,1,S,S,W,0
40,400408,2,1,9,29,1,59,14,0,1,2,0,40,6,KMHCG35C75U3,2005,498,2773,13,55,36,3,0,11,11,0,777777777777,777777777777,777777777777,77,77,77,00000000000,0,000000000,0,0,1,0,0,0,0,0,0,0,8,6,6,6,12,0,55036,K,M,H,C,G,3,5,C,7,5,U,3,1
40,400562,3,2,9,3,11,19,12,6,0,3,0,40,6,1GCNCNEH8GZ2,2016,467,1850,60,20,481,34,0,12,12,0,777777777777,777777777777,777777777777,77,77,77,00000000000,0,000000000,0,0,1,0,0,0,0,0,0,0,8,6,4,5,12,0,20481,1,G,C,N,C,N,E,H,8,G,Z,2,0
40,400593,2,1,12,30,11,7,8,0,0,4,0,40,3,1FT7W2B69NEC,2022,460,1805,60,12,481,34,0,12,12,0,777777777777,777777777777,777777777777,77,77,77,00000000000,0,000000000,0,0,1,0,0,0,0,0,0,0,0,6,4,6,12,0,12481,1,F,T,7,W,2,B,6,9,N,E,C,0
40,400595,2,1,12,15,17,50,14,0,0,2,0,40,6,3GTEK23359G2,2009,472,1857,60,23,481,34,0,12,12,1,888888888888,777777777777,777777777777,98,77,77,88888888888,88,888888888,4,3,1,0,0,0,0,0,0,0,8,6,4,5,14,0,23481,3,G,T,E,K,2,3,3,5,9,G,2,0
40,400595,3,1,12,15,17,50,14,0,0,2,0,40,6,1GCCS1451YK2,2000,467,11483,60,20,471,34,0,11,11,5,777777777777,777777777777,777777777777,77,77,77,88888888888,88,888888888,4,0,1,0,0,0,0,0,0,0,8,6,4,5,14,0,20471,1,G,C,C,S,1,4,5,1,Y,K,2,0
41,410012,2,1,1,19,0,49,14,0,2,2,0,6,6,3AKJHHDR0PSN,2023,450,2501,66,82,881,66,0,18,18,1,888888888888,777777777777,777777777777,98,77,77,573510000,57,3510000,6,1,1,0,0,0,0,0,0,0,2,6,7,6,12,0,82881,3,A,K,J,H,H,D,R,0,P,S,N,0
41,410019,2,1,1,24,3,50,14,0,0,2,0,53,6,1C6RR7FT2DS5,2013,496,13620,60,7,482,34,0,12,12,0,777777777777,777777777777,777777777777,77,77,77,00000000000,0,000000000,0,0,1,0,0,0,0,0,0,0,8,12,7,5,12,0,7482,1,C,6,R,R,7,F,T,2,D,S,5,0
41,410053,2,1,2,23,23,24,14,0,1,2,0,41,6,3HGGK5G58FM7,2015,474,2127,5,37,39,5,0,11,11,0,777777777777,777777777777,777777777777,77,77,77,00000000000,0,000000000,0,0,1,0,0,0,0,0,0,0,8,6,6,6,12,0,37039,3,H,G,G,K,5,G,5,8,F,M,7,1
41,410115,2,1,4,11,13,46,43,0,0,3,0,99,6,999999999999,9999,532,99999,999,85,999,99,0,98,98,1,888888888888,777777777777,777777777777,98,77,77,99999999999,99,999999999,99,99,1,0,0,0,0,0,0,0,8,9,6,5,12,1,85999,9,9,9,9,9,9,9,9,9,9,9,9,0
41,410208,3,2,6,25,0,26,12,1,0,2,0,99,6,888888888888,9999,482,3137,3,30,40,8,0,11,11,0,777777777777,777777777777,777777777777,77,77,77,00000000000,0,000000000,0,0,1,0,0,0,0,0,0,0,8,6,7,5,12,0,30040,8,8,8,8,8,8,8,8,8,8,8,8,0
41,410208,4,2,6,25,0,26,12,1,0,2,0,41,6,JTDL9RFU3L30,2020,448,2209,13,49,46,5,0,11,11,0,777777777777,777777777777,777777777777,77,77,77,00000000000,0,000000000,0,0,1,0,0,0,0,0,0,0,8,1,7,5,14,0,49046,J,T,D,L,9,R,F,U,3,L,3,0,0
41,410243,2,1,7,18,0,45,8,0,0,2,0,41,6,2G1FA1E38F92,2015,467,1829,3,20,9,2,0,11,11,0,777777777777,777777777777,777777777777,77,77,77,00000000000,0,000000000,0,0,1,0,0,0,0,0,0,0,8,9,6,6,12,0,20009,2,G,1,F,A,1,E,3,8,F,9,2,0
41,410277,3,2,8,12,11,57,12,6,0,2,0,41,6,1XKZP40X5PJ2,2023,532,2734,66,85,881,66,0,18,18,1,5DN125343RB0,777777777777,777777777777,98,77,77,570334658,57,0334658,6,1,1,0,0,0,0,0,0,0,0,11,7,5,12,0,85881,1,X,K,Z,P,4,0,X,5,P,J,2,0
41,410322,2,1,9,5,16,5,14,0,1,2,0,53,6,1GCCS14E5M81,1991,467,11483,60,20,471,34,0,11,11,0,777777777777,777777777777,777777777777,77,77,77,00000000000,0,000000000,0,0,1,0,0,0,0,0,0,0,0,62,6,6,12,0,20471,1,G,C,C,S,1,4,E,5,M,8,1,1
41,410477,2,1,12,2,23,43,14,0,1,2,0,37,6,1XPBD49X8PD8,2023,495,2787,66,87,881,66,0,18,18,1,527SR5323RM0,777777777777,777777777777,98,77,77,77777777777,77,777777777,6,1,1,0,0,0,0,0,0,0,8,6,7,5,12,0,87881,1,X,P,B,D,4,9,X,8,P,D,8,0
41,410512,2,1,12,28,22,47,14,0,1,2,0,6,6,JF1GJAB68CH0,2012,523,2235,13,48,38,4,0,11,11,0,777777777777,777777777777,777777777777,77,77,77,00000000000,0,000000000,0,0,1,0,0,0,0,0,0,0,8,81,6,6,12,0,48038,J,F,1,G,J,A,B,6,8,C,H,0,1
41,410520,2,1,10,10,15,54,14,0,0,2,0,41,6,1C6RR7FT5DS5,2013,496,13620,60,7,482,34,0,12,12,0,777777777777,777777777777,777777777777,77,77,77,00000000000,0,000000000,0,0,1,0,0,0,0,0,0,0,8,12,7,8,12,0,7482,1,C,6,R,R,7,F,T,5,D,S,5,0
42,420026,2,1,1,13,6,0,8,0,0,2,0,42,6,KNADM5A39H60,2017,499,2299,5,63,32,5,0,11,11,0,777777777777,777777777777,777777777777,77,77,77,00000000000,0,000000000,0,0,1,0,0,0,0,0,0,0,7,6,4,5,8,0,63032,K,N,A,D,M,5,A,3,9,H,6,0,0
42,420038,2,1,1,24,12,30,14,0,0,2,0,42,6,WBANV93548CZ,2008,452,2376,13,34,35,4,0,11,11,0,777777777777,777777777777,777777777777,77,77,77,00000000000,0,000000000,0,0,1,0,0,0,0,0,0,0,0,12,9,6,12,0,34035,W,B,A,N,V,9,3,5,4,8,C,Z,0
42,420115,2,1,2,4,18,33,18,0,0,2,0,42,6,3TMCZ5AN0JM1,2018,448,2223,60,49,472,34,0,11,11,0,777777777777,777777777777,777777777777,77,77,77,00000000000,0,000000000,0,0,1,0,0,0,0,0,0,0,0,7,2,5,12,0,49472,3,T,M,C,Z,5,A,N,0,J,M,1,0
42,420176,2,1,3,26,16,24,14,0,2,3,0,42,6,999999999999,9999,847,99999,999,60,999,9,0,11,12,0,777777777777,777777777777,777777777777,77,77,77,00000000000,0,000000000,0,0,1,0,0,0,0,0,0,0,0,3,6,6,12,0,60999,9,9,9,9,9,9,9,9,9,9,9,9,1
42,420196,2,1,3,18,14,4,14,0,0,2,0,42,6,1C4HJXEG1MW7,2021,483,1943,7,2,403,14,0,11,11,0,777777777777,777777777777,777777777777,77,77,77,00000000000,0,000000000,0,0,1,0,0,0,0,0,0,0,8,8,4,6,12,0,2403,1,C,4,H,J,X,E,G,1,M,W,7,0
42,420196,3,1,3,18,14,4,14,0,1,2,0,34,6,5N1AL0MM8EC5,2014,480,1910,8,58,403,14,0,11,11,0,777777777777,777777777777,777777777777,77,77,77,00000000000,0,000000000,0,0,1,0,0,0,0,0,0,0,8,6,4,5,12,0,58403,5,N,1,A,L,0,M,M,8,E,C,5,0
42,420225,2,1,4,17,3,25,45,0,0,4,0,42,6,1HTMMAAM45H6,2005,526,9529,11,84,881,62,0,16,16,0,777777777777,777777777777,777777777777,77,77,77,5702920478,57,02920478,1,97,1,0,0,0,0,0,24,0,0,5,2,5,12,0,84881,1,H,T,M,M,A,A,M,4,5,H,6,0
42,420225,3,1,4,17,3,25,45,0,1,2,0,36,6,2FMPK4K99LBA,2020,460,1797,7,12,424,15,0,11,11,0,777777777777,777777777777,777777777777,77,77,77,00000000000,0,000000000,0,0,1,0,0,0,0,0,0,0,0,3,2,5,12,0,12424,2,F,M,P,K,4,K,9,9,L,B,A,0
42,420255,3,2,4,21,12,50,12,6,0,2,0,42,6,2HGEJ6679WH5,1998,474,1863,13,37,31,4,0,11,11,0,777777777777,777777777777,777777777777,77,77,77,00000000000,0,000000000,0,0,1,0,0,0,0,0,0,0,0,7,2,5,12,0,37031,2,H,G,E,J,6,6,7,9,W,H,5,0
42,420273,2,1,5,2,18,19,14,0,0,2,0,42,6,4T4BF1FK3GR5,2016,448,2469,13,49,40,4,0,11,11,0,777777777777,777777777777,777777777777,77,77,77,00000000000,0,000000000,0,0,1,0,0,0,0,0,0,0,0,4,4,5,12,0,49040,4,T,4,B,F,1,F,K,3,G,R,5,0
42,420325,3,2,5,17,0,24,12,6,0,2,0,42,6,1GNSKRKT9PR1,2023,467,1852,7,20,421,15,0,12,12,0,777777777777,777777777777,777777777777,77,77,77,00000000000,0,000000000,0,0,1,0,0,0,0,0,0,0,7,6,2,5,14,0,20421,1,G,N,S,K,R,K,T,9,P,R,1,0
42,420325,4,2,5,17,0,24,12,6,0,2,0,42,6,1N4AA5AP2DC8,2013,478,2302,13,35,39,4,0,11,11,0,777777777777,777777777777,777777777777,77,77,77,00000000000,0,000000000,0,0,1,0,0,0,0,0,0,0,7,5,2,5,14,0,35039,1,N,4,A,A,5,A,P,2,D,C,8,0
42,420355,2,1,4,23,2,39,14,0,0,2,0,42,6,3FTSW30L11MA,2001,460,1806,60,12,481,34,0,12,12,0,777777777777,777777777777,777777777777,77,77,77,00000000000,0,000000000,0,0,1,0,0,0,0,0,0,0,0,1,6,6,12,0,12481,3,F,T,S,W,3,0,L,1,1,M,A,0
42,420355,3,1,4,23,2,39,14,0,0,2,0,42,6,1FTEX1EP7FKF,2015,460,1801,60,12,481,34,0,12,12,0,777777777777,777777777777,777777777777,77,77,77,00000000000,0,000000000,0,0,1,0,0,0,0,0,0,0,7,12,4,6,14,0,12481,1,F,T,E,X,1,E,P,7,F,K,F,0
42,420462,4,3,6,23,0,51,12,6,0,2,0,42,6,1C4RJFCG1FC2,2015,483,1949,7,2,422,15,0,12,12,0,777777777777,777777777777,777777777777,77,77,77,00000000000,0,000000000,0,0,1,0,0,0,0,0,0,0,8,11,4,5,12,0,2422,1,C,4,R,J,F,C,G,1,F,C,2,0
42,420462,5,3,6,23,0,51,12,6,0,2,0,42,6,1FM5K8GT0EGB,2014,460,1800,7,12,401,14,0,12,12,0,777777777777,777777777777,777777777777,77,77,77,00000000000,0,000000000,0,0,1,0,0,0,0,0,0,0,8,12,2,5,12,0,12401,1,F,M,5,K,8,G,T,0,E,G,B,0
42,420479,2,1,7,5,9,36,30,0,0,3,0,42,6,1FTEW1EP5HFC,2017,460,1801,60,12,481,34,0,12,12,0,777777777777,777777777777,777777777777,77,77,77,00000000000,0,000000000,0,0,1,0,0,0,0,0,0,0,0,9,6,6,12,0,12481,1,F,T,E,W,1,E,P,5,H,F,C,0
42,420485,2,1,8,4,18,32,33,0,0,2,0,40,6,1C4RJYB66R89,2024,483,1949,7,2,422,15,0,12,12,0,777777777777,777777777777,777777777777,77,77,77,00000000000,0,000000000,0,0,1,0,0,0,0,0,0,0,0,1,6,5,12,0,2422,1,C,4,R,J,Y,B,6,6,R,8,9,0
42,420508,2,1,7,17,19,4,33,0,0,2,0,42,6,1FBSS3BL5ADA,2010,460,1818,9,12,461,21,0,12,12,0,777777777777,777777777777,777777777777,77,77,77,00000000000,0,000000000,0,0,1,0,0,0,0,0,0,0,8,6,2,5,12,0,12461,1,F,B,S,S,3,B,L,5,A,D,A,0
42,420508,3,1,7,17,19,4,33,0,0,2,0,42,6,3D4GG57V99T1,2009,476,1939,7,7,27,6,0,11,11,0,777777777777,777777777777,777777777777,77,77,77,00000000000,0,000000000,0,0,1,0,0,0,0,0,0,0,7,6,2,5,12,0,7027,3,D,4,G,G,5,7,V,9,9,T,1,0
42,420516,2,1,7,17,19,0,9,0,0,2,0,42,6,3N1CN7APXKL8,2019,478,1894,13,35,50,4,0,11,11,0,777777777777,777777777777,777777777777,77,77,77,00000000000,0,000000000,0,0,1,0,0,0,0,0,0,0,8,9,6,6,12,0,35050,3,N,1,C,N,7,A,P,X,K,L,8,0
42,420516,3,1,7,17,19,0,9,0,0,2,0,36,6,JTDKBRFU7J35,2018,448,2209,5,49,46,5,0,11,11,0,777777777777,777777777777,777777777777,77,77,77,00000000000,0,000000000,0,0,1,0,0,0,0,0,0,0,8,7,6,6,12,0,49046,J,T,D,K,B,R,F,U,7,J,3,5,0
42,420516,4,1,7,17,19,0,9,0,0,2,0,42,6,JTHU9JBH2K20,2019,515,24984,15,59,43,5,0,11,11,0,777777777777,777777777777,777777777777,77,77,77,00000000000,0,000000000,0,0,1,0,0,0,0,0,0,0,7,5,2,5,14,0,59043,J,T,H,U,9,J,B,H,2,K,2,0,0
42,420519,3,2,7,11,0,41,12,6,0,2,0,42,6,1GYKNDRS2JZ1,2018,469,11442,7,19,401,14,0,12,12,0,777777777777,777777777777,777777777777,77,77,77,00000000000,0,000000000,0,0,1,0,0,0,0,0,0,0,7,6,2,5,12,0,19401,1,G,Y,K,N,D,R,S,2,J,Z,1,0
42,420521,3,2,7,11,22,20,12,9,0,2,0,42,6,999999999999,2024,444,2244,7,62,404,14,0,11,12,0,777777777777,777777777777,777777777777,77,77,77,00000000000,0,000000000,0,0,1,0,0,0,0,0,0,0,7,6,4,5,12,0,62404,9,9,9,9,9,9,9,9,9,9,9,9,0
42,420536,2,1,7,30,22,4,35,0,0,3,0,42,6,1N4AL3AP9HC1,2017,478,1904,13,35,47,4,0,11,11,0,777777777777,777777777777,777777777777,77,77,77,00000000000,0,000000000,0,0,1,0,0,0,0,0,0,0,7,99,2,5,12,0,35047,1,N,4,A,L,3,A,P,9,H,C,1,0
42,420553,2,1,7,20,0,31,30,0,0,3,0,42,6,2T1BURHE2FC3,2015,448,2208,13,49,32,4,0,11,11,0,777777777777,777777777777,777777777777,77,77,77,00000000000,0,000000000,0,0,1,0,0,0,0,0,0,0,1,12,6,6,12,0,49032,2,T,1,B,U,R,H,E,2,F,C,3,0
42,420557,2,1,7,22,5,55,38,0,0,3,0,42,6,3HGGK5G59FM7,2015,474,2127,5,37,39,5,0,11,11,0,777777777777,777777777777,777777777777,77,77,77,00000000000,0,000000000,0,0,1,0,0,0,0,0,0,0,8,6,4,5,12,0,37039,3,H,G,G,K,5,G,5,9,F,M,7,0
42,420557,3,1,7,22,5,55,38,0,0,3,0,42,6,3HGGK5H43KM7,2019,474,2127,5,37,39,5,0,11,11,0,777777777777,777777777777,777777777777,77,77,77,00000000000,0,000000000,0,0,1,0,0,0,0,0,0,0,8,6,4,5,12,0,37039,3,H,G,G,K,5,H,4,3,K,M,7,0
42,420557,4,1,7,22,5,55,38,0,0,3,0,42,6,JHMGK5H79GX0,2016,474,2127,5,37,39,5,0,11,11,0,777777777777,777777777777,777777777777,77,77,77,00000000000,0,000000000,0,0,1,0,0,0,0,0,0,0,8,6,4,5,12,0,37039,J,H,M,G,K,5,H,7,9,G,X,0,0
42,420577,2,2,8,3,4,7,14,0,0,2,0,17,6,3AKJGLBG5GSH,2016,450,2501,66,82,881,66,0,18,18,1,5V8VC5329RT4,777777777777,777777777777,98,77,77,5701719074,57,01719074,6,1,1,0,0,0,0,0,0,0,0,7,6,6,12,0,82881,3,A,K,J,G,L,B,G,5,G,S,H,0
42,420583,2,1,8,28,6,8,14,0,1,2,0,40,6,3AKJHHDR7PSU,2023,450,2501,66,82,881,66,0,18,18,1,3H3V532K6NS0,777777777777,777777777777,98,77,77,5700303024,57,00303024,6,1,1,0,0,0,0,0,0,0,0,7,6,6,12,0,82881,3,A,K,J,H,H,D,R,7,P,S,U,0
42,420583,3,1,8,28,6,8,14,0,1,2,0,17,6,1FUJHHDR1LLL,2020,450,2501,66,82,881,66,0,18,18,1,1GR1P0628PK5,777777777777,777777777777,98,77,77,5702285938,57,02285938,6,1,1,0,0,0,0,0,0,0,0,7,6,6,12,0,82881,1,F,U,J,H,H,D,R,1,L,L,L,0
42,420583,4,1,8,28,6,8,14,0,1,2,0,42,6,2HSCHAPR87C5,2007,526,2546,66,84,881,66,0,18,18,1,1NUFT28Z7XMN,777777777777,777777777777,98,77,77,5700251334,57,00251334,6,3,1,0,0,0,0,0,0,0,0,7,6,6,12,0,84881,2,H,S,C,H,A,P,R,8,7,C,5,0
42,420604,2,1,8,5,22,50,14,0,0,2,0,42,6,2T3DFREV5EW1,2014,448,2217,7,49,402,14,0,11,11,0,777777777777,777777777777,777777777777,77,77,77,00000000000,0,000000000,0,0,1,0,0,0,0,0,0,0,0,5,6,6,12,0,49402,2,T,3,D,F,R,E,V,5,E,W,1,0
42,420604,3,1,8,5,22,50,14,0,0,3,0,42,6,5XYPG4A34LG6,2020,499,2769,7,63,402,14,0,11,11,0,777777777777,777777777777,777777777777,77,77,77,00000000000,0,000000000,0,0,1,0,0,0,0,0,0,0,0,6,4,5,12,0,63402,5,X,Y,P,G,4,A,3,4,L,G,6,0
42,420634,2,1,7,30,21,52,14,0,0,2,0,42,6,5XYPGDA38GG1,2016,499,2769,7,63,402,14,0,11,11,0,777777777777,777777777777,777777777777,77,77,77,00000000000,0,000000000,0,0,1,0,0,0,0,0,0,0,0,3,6,6,12,0,63402,5,X,Y,P,G,D,A,3,8,G,G,1,0
42,420644,2,1,8,23,16,54,8,0,0,2,0,12,6,4V4NC9EH6HN9,2017,487,1967,66,51,881,66,0,18,18,1,1TTF482AXG39,777777777777,777777777777,98,77,77,5704194165,57,04194165,6,3,1,0,0,0,0,0,0,0,0,10,2,6,12,0,51881,4,V,4,N,C,9,E,H,6,H,N,9,0
42,420648,3,2,8,24,12,10,12,6,0,2,0,42,6,5YJSA1E11HF1,2017,441,1685,5,29,5,5,0,11,11,0,777777777777,777777777777,777777777777,77,77,77,00000000000,0,000000000,0,0,1,0,0,0,0,0,0,0,0,9,4,5,12,0,29005,5,Y,J,S,A,1,E,1,1,H,F,1,0
42,420651,3,2,8,13,11,36,12,8,0,2,0,42,6,4A4JN3AS3BE0,2011,481,2167,7,52,402,14,0,11,11,0,777777777777,777777777777,777777777777,77,77,77,00000000000,0,000000000,0,0,1,0,0,0,0,0,0,0,0,7,6,6,12,0,52402,4,A,4,J,N,3,A,S,3,B,E,0,0
42,420667,3,2,9,14,9,28,12,1,0,2,0,42,6,3VW267AJ8GM3,2016,482,3137,13,30,40,4,0,11,11,0,777777777777,777777777777,777777777777,77,77,77,00000000000,0,000000000,0,0,1,0,0,0,0,0,0,0,0,6,6,6,12,0,30040,3,V,W,2,6,7,A,J,8,G,M,3,0
42,420667,4,2,9,14,9,28,12,1,0,2,0,42,6,1FMCU9GXXDUA,2013,460,1798,7,12,402,14,0,11,11,0,777777777777,777777777777,777777777777,77,77,77,00000000000,0,000000000,0,0,1,0,0,0,0,0,0,0,0,6,2,5,14,0,12402,1,F,M,C,U,9,G,X,X,D,U,A,0
42,420667,5,2,9,14,9,28,12,1,0,2,0,42,6,1FA6P8TH8K51,2019,460,1781,3,12,3,2,0,11,11,0,777777777777,777777777777,777777777777,77,77,77,00000000000,0,000000000,0,0,1,0,0,0,0,0,0,0,0,6,2,5,14,0,12003,1,F,A,6,P,8,T,H,8,K,5,1,0
42,420667,6,2,9,14,9,28,12,1,0,2,0,42,6,1HGCG66542A0,2002,474,1861,13,37,32,4,0,11,11,0,777777777777,777777777777,777777777777,77,77,77,00000000000,0,000000000,0,0,1,0,0,0,0,0,0,0,0,6,2,5,14,0,37032,1,H,G,C,G,6,6,5,4,2,A,0,0
42,420678,2,1,9,28,13,11,38,0,0,3,0,42,6,3N1BC1CP3AL4,2010,478,1894,5,35,50,5,0,11,11,0,777777777777,777777777777,777777777777,77,77,77,00000000000,0,000000000,0,0,1,0,0,0,0,0,0,0,0,4,2,5,12,0,35050,3,N,1,B,C,1,C,P,3,A,L,4,0
42,420712,2,1,9,9,6,14,14,0,0,2,0,42,6,KNDPVCAG1P70,2023,499,2770,7,63,401,14,0,11,11,0,777777777777,777777777777,777777777777,77,77,77,00000000000,0,000000000,0,0,1,0,0,0,0,0,0,0,8,12,6,6,12,0,63401,K,N,D,P,V,C,A,G,1,P,7,0,0
42,420712,3,1,9,9,6,14,14,0,0,2,0,42,6,2GNFLGE37F63,2015,467,1847,7,20,404,14,0,11,11,0,777777777777,777777777777,777777777777,77,77,77,00000000000,0,000000000,0,0,1,0,0,0,0,0,0,0,7,12,6,6,14,0,20404,2,G,N,F,L,G,E,3,7,F,6,3,0
42,420712,4,1,9,9,6,14,14,0,0,2,0,42,6,JA4AZ3A38HZ0,2017,481,2163,7,52,47,6,0,11,11,0,777777777777,777777777777,777777777777,77,77,77,00000000000,0,000000000,0,0,1,0,0,0,0,0,0,0,7,12,6,6,14,0,52047,J,A,4,A,Z,3,A,3,8,H,Z,0,0
42,420732,3,2,9,14,11,21,12,7,1,2,0,42,6,1GB4YSE73RF3,2024,467,24906,70,20,881,61,60,13,13,0,777777777777,777777777777,777777777777,77,77,77,88888888888,88,888888888,1,97,1,0,0,0,0,0,0,0,0,6,6,6,12,0,20881,1,G,B,4,Y,S,E,7,3,R,F,3,0
42,420733,2,1,9,13,21,48,24,0,0,2,0,10,6,1G1ZC5EB0AF3,2010,467,1834,13,20,37,4,0,11,11,0,777777777777,777777777777,777777777777,77,77,77,00000000000,0,000000000,0,0,1,0,0,0,0,0,0,0,8,6,4,5,12,0,20037,1,G,1,Z,C,5,E,B,0,A,F,3,0
42,420747,2,1,9,11,10,1,59,0,0,3,0,42,6,4S3GTAB63N37,2022,523,2235,5,48,38,5,0,11,11,0,777777777777,777777777777,777777777777,77,77,77,00000000000,0,000000000,0,0,1,0,0,0,0,0,0,0,0,4,4,5,12,0,48038,4,S,3,G,T,A,B,6,3,N,3,7,0
42,420747,3,1,9,11,10,1,59,0,0,3,0,42,6,TRUBFAFK3A10,2010,582,3145,3,32,45,2,0,11,11,0,777777777777,777777777777,777777777777,77,77,77,00000000000,0,000000000,0,0,1,0,0,0,0,0,0,0,0,5,2,5,12,0,32045,T,R,U,B,F,A,F,K,3,A,1,0,0
42,420747,4,1,9,11,10,1,59,0,0,3,0,42,6,1FMSK8FH6NGC,2022,460,1800,7,12,425,15,0,11,11,0,777777777777,777777777777,777777777777,77,77,77,00000000000,0,000000000,0,0,1,0,0,0,0,0,0,0,0,10,6,6,12,0,12425,1,F,M,S,K,8,F,H,6,N,G,C,0
42,420747,5,1,9,11,10,1,59,0,0,3,0,42,6,1FADP3L98DL2,2013,460,1779,5,12,37,5,0,11,11,0,777777777777,777777777777,777777777777,77,77,77,00000000000,0,000000000,0,0,1,0,0,0,0,0,0,0,0,9,6,6,12,0,12037,1,F,A,D,P,3,L,9,8,D,L,2,0
42,420767,2,1,10,30,2,33,14,0,1,2,0,17,6,1FUJGLDRXHLH,2017,450,2501,66,82,881,66,0,18,18,1,1UYVS2531GM6,777777777777,777777777777,98,77,77,5702002349,57,02002349,6,1,1,0,0,0,0,0,0,0,2,6,6,6,12,0,82881,1,F,U,J,G,L,D,R,X,H,L,H,0
42,420770,2,1,10,27,4,0,42,0,0,3,0,42,6,JA4J4VA89NZ0,2022,481,2163,7,52,404,14,0,11,11,0,777777777777,777777777777,777777777777,77,77,77,00000000000,0,000000000,0,0,1,0,0,0,0,0,0,0,0,12,9,5,12,0,52404,J,A,4,J,4,V,A,8,9,N,Z,0,0
42,420770,3,1,10,27,4,0,42,0,0,3,0,42,6,3CZRU6H16NM7,2022,474,9212,7,37,404,14,0,11,11,0,777777777777,777777777777,777777777777,77,77,77,00000000000,0,000000000,0,0,1,0,0,0,0,0,0,0,0,12,9,5,12,0,37404,3,C,Z,R,U,6,H,1,6,N,M,7,0
42,420770,4,1,10,27,4,0,42,0,0,3,0,42,6,4M2YU91197KJ,2007,465,1815,7,14,402,14,0,11,11,0,777777777777,777777777777,777777777777,77,77,77,00000000000,0,000000000,0,0,1,0,0,0,0,0,0,0,0,12,9,5,12,0,14402,4,M,2,Y,U,9,1,1,9,7,K,J,0
42,420770,5,1,10,27,4,0,42,0,0,3,0,42,6,3FADP4EJ8JM1,2018,460,3267,5,12,32,5,0,11,11,0,777777777777,777777777777,777777777777,77,77,77,00000000000,0,000000000,0,0,1,0,0,0,0,0,0,0,0,12,9,5,12,0,12032,3,F,A,D,P,4,E,J,8,J,M,1,0
42,420781,3,2,10,20,7,20,12,6,0,2,0,42,6,2C4RC1CG0CR4,2012,477,1936,2,6,441,20,0,12,12,0,777777777777,777777777777,777777777777,77,77,77,00000000000,0,000000000,0,0,1,0,0,0,0,0,0,0,0,12,6,6,12,0,6441,2,C,4,R,C,1,C,G,0,C,R,4,0
42,420781,4,2,10,20,7,20,12,6,0,2,0,42,6,1C4SDJCT8CC2,2012,476,3508,7,7,422,15,0,12,12,0,777777777777,777777777777,777777777777,77,77,77,00000000000,0,000000000,0,0,1,0,0,0,0,0,0,0,0,12,6,6,14,0,7422,1,C,4,S,D,J,C,T,8,C,C,2,0
42,420781,5,2,10,20,7,20,12,6,0,2,0,42,6,3MYDLBYV8JY3,2018,448,24949,13,49,51,4,0,11,11,0,777777777777,777777777777,777777777777,77,77,77,00000000000,0,000000000,0,0,1,0,0,0,0,0,0,0,0,99,9,5,14,0,49051,3,M,Y,D,L,B,Y,V,8,J,Y,3,0
42,420781,6,2,10,20,7,20,12,6,0,2,0,42,6,KNDJN2A23K76,2019,499,2460,7,63,37,6,0,11,11,0,777777777777,777777777777,777777777777,77,77,77,00000000000,0,000000000,0,0,1,0,0,0,0,0,0,0,0,99,2,5,14,0,63037,K,N,D,J,N,2,A,2,3,K,7,6,0
42,420781,7,2,10,20,7,20,12,6,0,2,0,42,6,KMHDH4AE5EU1,2014,498,2735,13,55,35,4,0,11,11,0,777777777777,777777777777,777777777777,77,77,77,00000000000,0,000000000,0,0,1,0,0,0,0,0,0,0,0,99,2,5,14,0,55035,K,M,H,D,H,4,A,E,5,E,U,1,0
42,420781,8,2,10,20,7,20,12,6,0,2,0,42,6,KMHCN46C17U1,2007,498,2773,13,55,36,4,0,11,11,0,777777777777,777777777777,777777777777,77,77,77,00000000000,0,000000000,0,0,1,0,0,0,0,0,0,0,0,99,2,5,14,0,55036,K,M,H,C,N,4,6,C,1,7,U,1,0
42,420781,9,2,10,20,7,20,12,6,0,2,0,42,6,KM8NU73C88U0,2008,498,2772,7,55,421,15,0,11,11,0,777777777777,777777777777,777777777777,77,77,77,00000000000,0,000000000,0,0,1,0,0,0,0,0,0,0,0,99,2,5,14,0,55421,K,M,8,N,U,7,3,C,8,8,U,0,0
42,420811,2,1,10,19,0,38,14,0,0,2,0,42,6,1FUJA3AV51LG,2001,450,2481,66,82,881,66,0,18,18,1,1GR1A0622RW6,777777777777,777777777777,98,77,77,5703510076,57,03510076,6,1,1,0,0,0,0,0,0,0,0,5,4,5,12,0,82881,1,F,U,J,A,3,A,V,5,1,L,G,0
42,420833,3,2,10,9,8,0,12,6,0,3,0,42,6,1G3AX37Y2CM3,1982,4162,14175,3,21,3,2,0,11,12,0,777777777777,777777777777,777777777777,77,77,77,00000000000,0,000000000,0,0,1,0,0,0,0,0,0,0,0,5,6,6,12,0,21003,1,G,3,A,X,3,7,Y,2,C,M,3,0
42,420860,2,1,10,13,20,0,8,0,0,3,0,42,6,1HGCP36898A0,2008,474,1861,13,37,32,4,0,11,11,0,777777777777,777777777777,777777777777,77,77,77,00000000000,0,000000000,0,0,1,0,0,0,0,0,0,0,0,10,4,5,12,0,37032,1,H,G,C,P,3,6,8,9,8,A,0,0
42,420860,3,1,10,13,20,0,8,0,0,3,0,42,6,1NXBU40E19Z0,2009,448,2208,13,49,32,4,0,11,11,0,777777777777,777777777777,777777777777,77,77,77,00000000000,0,000000000,0,0,1,0,0,0,0,0,0,0,0,6,2,5,14,0,49032,1,N,X,B,U,4,0,E,1,9,Z,0,0
42,420938,2,1,11,15,11,29,14,0,0,3,0,42,6,5YJ3E1EA0PF5,2023,441,17834,13,29,5,4,0,11,11,0,777777777777,777777777777,777777777777,77,77,77,00000000000,0,000000000,0,0,1,0,0,0,0,0,0,0,0,5,6,6,12,0,29005,5,Y,J,3,E,1,E,A,0,P,F,5,0
42,420955,2,1,11,16,16,8,14,0,0,3,0,42,6,1HGCM56767A2,2007,474,1861,13,37,32,4,0,11,11,0,777777777777,777777777777,777777777777,77,77,77,00000000000,0,000000000,0,0,1,0,0,0,0,0,0,0,0,5,4,5,12,0,37032,1,H,G,C,M,5,6,7,6,7,A,2,0
42,420996,2,1,12,7,11,46,14,0,0,2,0,42,6,4T1B11HK9JU6,2018,448,2469,13,49,40,4,0,11,11,0,777777777777,777777777777,777777777777,77,77,77,00000000000,0,000000000,0,0,1,0,0,0,0,0,0,0,8,2,6,6,12,0,49040,4,T,1,B,1,1,H,K,9,J,U,6,0
42,420996,3,1,12,7,11,46,14,0,1,2,0,42,6,4T3BA3BB3CU0,2012,448,3005,7,49,53,5,0,11,11,0,777777777777,777777777777,777777777777,77,77,77,00000000000,0,000000000,0,0,1,0,0,0,0,0,0,0,8,3,6,6,12,0,49053,4,T,3,B,A,3,B,B,3,C,U,0,1
42,420996,4,1,12,7,11,46,14,0,0,2,0,42,6,5N1BT3AB1PC9,2023,478,1913,7,35,404,14,0,11,11,0,777777777777,777777777777,777777777777,77,77,77,00000000000,0,000000000,0,0,1,0,0,0,0,0,0,0,8,3,2,5,12,0,35404,5,N,1,B,T,3,A,B,1,P,C,9,0
42,421014,3,2,8,25,16,0,12,6,0,3,0,42,6,5N1AZ2MH3JN1,2018,478,1914,8,35,49,6,0,11,11,0,777777777777,777777777777,777777777777,77,77,77,00000000000,0,000000000,0,0,1,0,0,0,0,0,0,0,8,3,6,6,12,0,35049,5,N,1,A,Z,2,M,H,3,J,N,1,0
42,421016,2,1,12,25,21,35,8,0,0,2,0,42,6,1GNEVGKS0RJ2,2024,467,1853,7,20,423,15,0,12,12,0,777777777777,777777777777,777777777777,77,77,77,00000000000,0,000000000,0,0,1,0,0,0,0,0,0,0,7,7,2,5,8,0,20423,1,G,N,E,V,G,K,S,0,R,J,2,0
42,421034,2,1,12,11,1,24,14,0,0,2,0,42,6,1FBNE3BL0ADA,2010,460,1818,9,12,461,21,0,12,12,0,777777777777,777777777777,777777777777,77,77,77,00000000000,0,000000000,0,0,1,0,0,0,0,0,0,0,0,7,4,6,12,0,12461,1,F,B,N,E,3,B,L,0,A,D,A,0
42,421067,3,2,7,11,11,53,12,6,0,3,0,42,6,1N4AL2AP0CC2,2012,478,1904,13,35,47,4,0,11,11,0,777777777777,777777777777,777777777777,77,77,77,00000000000,0,000000000,0,0,1,0,0,0,0,0,0,0,0,3,4,5,12,0,35047,1,N,4,A,L,2,A,P,0,C,C,2,0
44,440003,2,1,2,21,12,50,42,0,0,3,0,44,6,KMHDU4AD5AU1,2010,498,2735,13,55,35,4,0,11,11,0,777777777777,777777777777,777777777777,77,77,77,00000000000,0,000000000,0,0,1,0,0,0,0,0,0,0,0,7,2,5,12,0,55035,K,M,H,D,U,4,A,D,5,A,U,1,0
44,440005,3,2,2,29,22,40,12,6,0,3,0,44,6,2G1WF52E3493,2004,467,1833,13,20,2,4,0,11,11,0,777777777777,777777777777,777777777777,77,77,77,00000000000,0,000000000,0,0,1,0,0,0,0,0,0,0,0,8,7,5,12,0,20002,2,G,1,W,F,5,2,E,3,4,9,3,0
44,440005,4,2,2,29,22,40,12,6,0,3,0,9,6,4T1BF1FK8HU4,2017,448,2469,13,49,40,4,0,11,11,0,777777777777,777777777777,777777777777,77,77,77,00000000000,0,000000000,0,0,1,0,0,0,0,0,0,0,8,98,7,5,12,0,49040,4,T,1,B,F,1,F,K,8,H,U,4,0
45,450023,3,2,1,11,22,21,12,1,1,3,0,45,6,2T1BR32E57C8,2007,448,2208,13,49,32,4,0,11,11,0,777777777777,777777777777,777777777777,77,77,77,00000000000,0,000000000,0,0,1,0,0,0,0,0,0,0,7,13,4,5,18,0,49032,2,T,1,B,R,3,2,E,5,7,C,8,0
45,450023,4,2,1,11,22,21,12,1,0,3,0,45,6,1GYEC638X8R1,2008,469,1843,7,19,421,15,0,12,12,0,777777777777,777777777777,777777777777,77,77,77,00000000000,0,000000000,0,0,1,0,0,0,0,0,0,0,7,13,4,5,18,0,19421,1,G,Y,E,C,6,3,8,X,8,R,1,0
45,450049,2,1,1,26,22,31,14,0,1,2,0,45,6,3CZRU5H54GM7,2016,474,9212,7,37,404,14,0,11,11,0,777777777777,777777777777,777777777777,77,77,77,00000000000,0,000000000,0,0,1,0,0,0,0,0,0,0,0,6,6,6,12,0,37404,3,C,Z,R,U,5,H,5,4,G,M,7,0
45,450049,3,1,1,26,22,31,14,0,0,2,0,45,6,5TDKZRFH5JS5,2018,448,2213,7,49,403,14,0,11,11,0,777777777777,777777777777,777777777777,77,77,77,00000000000,0,000000000,0,0,1,0,0,0,0,0,0,0,0,6,6,6,8,0,49403,5,T,D,K,Z,R,F,H,5,J,S,5,0
45,450065,2,1,2,1,12,25,34,0,0,3,0,45,6,JT3HT05J1W00,1998,448,2211,7,49,421,15,0,12,12,0,777777777777,777777777777,777777777777,77,77,77,00000000000,0,000000000,0,0,1,0,0,0,0,0,0,0,0,9,6,6,12,0,49421,J,T,3,H,T,0,5,J,1,W,0,0,0
45,450104,2,1,2,19,19,10,14,0,0,2,0,45,6,999999999999,9999,5431,99997,126,98,998,92,0,98,98,0,777777777777,777777777777,777777777777,77,77,77,00000000000,0,000000000,0,0,1,0,0,0,0,0,0,0,7,6,4,5,12,0,98998,9,9,9,9,9,9,9,9,9,9,9,9,0
45,450133,1,1,3,2,2,20,14,0,1,2,0,45,6,1FAFP5827YA1,2000,460,1782,15,12,17,6,0,11,11,0,777777777777,777777777777,777777777777,77,77,77,00000000000,0,000000000,0,0,1,0,0,0,0,0,0,0,0,6,6,6,12,0,12017,1,F,A,F,P,5,8,2,7,Y,A,1,1
45,450178,2,2,3,19,9,25,12,1,2,3,0,45,6,1GCVKREC8FZ2,2015,467,1850,60,20,481,34,0,12,12,0,777777777777,777777777777,777777777777,77,77,77,00000000000,0,000000000,0,0,1,0,0,0,0,0,0,0,0,6,4,5,12,0,20481,1,G,C,V,K,R,E,C,8,F,Z,2,0
45,450178,3,2,3,19,9,25,12,1,1,3,0,45,6,5N1AZ2MG7JN1,2018,478,1914,8,35,49,6,0,11,11,0,777777777777,777777777777,777777777777,77,77,77,00000000000,0,000000000,0,0,1,0,0,0,0,0,0,0,0,3,4,5,12,0,35049,5,N,1,A,Z,2,M,G,7,J,N,1,0
45,450195,3,2,3,30,22,20,12,6,0,3,0,45,6,1M2P267C9XM0,1999,490,9449,11,86,881,63,0,18,18,0,777777777777,777777777777,777777777777,77,77,77,77777777777,77,777777777,1,1,1,0,0,0,0,0,0,0,0,98,2,5,12,0,86881,1,M,2,P,2,6,7,C,9,X,M,0,0
45,450227,1,2,3,20,9,45,12,1,0,2,0,13,6,3C63R3GL0LG1,2020,496,13622,60,7,880,67,0,13,13,1,888888888888,777777777777,777777777777,98,77,77,77777777777,77,777777777,4,1,1,0,0,0,0,0,0,0,0,6,4,6,12,0,7880,3,C,6,3,R,3,G,L,0,L,G,1,0
45,450296,3,2,4,14,10,53,12,6,1,3,0,45,6,JHLRE38547C0,2007,474,1865,7,37,402,14,0,11,11,0,777777777777,777777777777,777777777777,77,77,77,00000000000,0,000000000,0,0,1,0,0,0,0,0,0,0,0,12,2,5,12,0,37402,J,H,L,R,E,3,8,5,4,7,C,0,0
45,450391,2,1,5,31,2,45,14,0,0,2,0,45,6,1FUYDDYB9XLA,1999,450,9806,66,82,881,66,0,18,18,1,888888888888,777777777777,777777777777,98,77,77,571045256,57,1045256,6,1,1,0,0,0,0,0,0,0,0,6,6,6,12,0,82881,1,F,U,Y,D,D,Y,B,9,X,L,A,0
45,450394,2,1,6,1,5,19,14,0,0,2,0,45,6,3GTU2VEC0EG4,2014,472,1857,60,23,481,34,0,12,12,0,777777777777,777777777777,777777777777,77,77,77,00000000000,0,000000000,0,0,1,0,0,0,0,0,0,0,0,61,6,6,12,0,23481,3,G,T,U,2,V,E,C,0,E,G,4,0
45,450516,1,1,7,22,18,56,14,0,0,3,0,45,6,CAT0CB54TJLM,2014,522,99999,997,98,999,99,0,99,99,0,777777777777,777777777777,777777777777,77,77,77,00000000000,0,000000000,0,0,1,0,0,0,0,0,0,0,0,6,0,5,12,0,98999,C,A,T,0,C,B,5,4,T,J,L,M,0
45,450534,2,1,7,31,14,6,14,0,1,2,0,47,6,1FTFW1E82MKE,2021,460,1801,60,12,481,34,0,12,12,0,777777777777,777777777777,777777777777,77,77,77,00000000000,0,000000000,0,0,1,0,0,0,0,0,0,0,0,9,6,6,12,0,12481,1,F,T,F,W,1,E,8,2,M,K,E,0
45,450701,2,2,10,1,13,22,12,6,0,3,0,45,6,3C6UR5FL0LG3,2020,496,13621,60,7,482,34,0,12,12,0,777777777777,777777777777,777777777777,77,77,77,00000000000,0,000000000,0,0,1,0,0,0,0,0,0,0,7,13,6,6,12,0,7482,3,C,6,U,R,5,F,L,0,L,G,3,0
45,450701,4,2,10,1,13,22,12,6,1,2,0,45,6,B3NK12790,2017,99999,99999,69,99,739,90,0,11,11,0,777777777777,777777777777,777777777777,77,77,77,00000000000,0,000000000,0,0,1,0,0,0,0,0,0,0,7,6,6,6,12,0,99739,B,3,N,K,1,2,7,9,0,,,,1
45,450808,2,1,11,7,6,25,14,0,1,2,0,31,6,1XPBD49X2PD7,2023,495,2787,66,87,881,66,0,18,18,1,888888888888,777777777777,777777777777,98,77,77,5753467,57,53467,6,1,1,0,0,0,0,0,0,0,0,6,6,6,12,0,87881,1,X,P,B,D,4,9,X,2,P,D,7,0
45,450813,2,1,11,9,22,15,34,0,0,3,0,45,6,JA4ARUAU1RU0,2024,481,13867,7,52,404,14,0,11,11,0,777777777777,777777777777,777777777777,77,77,77,00000000000,0,000000000,0,0,1,0,0,0,0,0,0,0,0,12,6,5,12,0,52404,J,A,4,A,R,U,A,U,1,R,U,0,0
45,450813,3,1,11,9,22,15,34,0,0,3,0,45,6,ML32AWHJ0RH0,2024,481,2342,5,52,48,5,0,11,11,0,777777777777,777777777777,777777777777,77,77,77,00000000000,0,000000000,0,0,1,0,0,0,0,0,0,0,0,12,6,5,12,0,52048,M,L,3,2,A,W,H,J,0,R,H,0,0
45,450911,3,2,12,18,18,0,12,1,0,2,0,45,6,4T1BE46K67U7,2007,448,2469,13,49,40,4,0,11,11,0,777777777777,777777777777,777777777777,77,77,77,00000000000,0,000000000,0,0,1,0,0,0,0,0,0,0,0,6,6,6,12,0,49040,4,T,1,B,E,4,6,K,6,7,U,7,0
45,450920,1,1,12,21,20,38,14,0,0,2,0,45,6,5FPYK3F11SB0,2025,474,1866,60,37,471,34,0,12,12,0,777777777777,777777777777,777777777777,77,77,77,00000000000,0,000000000,0,0,1,0,0,0,0,0,0,0,0,9,4,5,12,0,37471,5,F,P,Y,K,3,F,1,1,S,B,0,0
45,450920,2,1,12,21,20,38,14,0,1,2,0,45,6,1C4PJLAB1HW6,2017,483,1945,7,2,404,14,0,11,11,0,777777777777,777777777777,777777777777,77,77,77,00000000000,0,000000000,0,0,1,0,0,0,0,0,0,0,7,12,4,5,14,0,2404,1,C,4,P,J,L,A,B,1,H,W,6,0
45,450940,1,1,7,16,4,0,14,0,0,2,0,45,6,1D4HB48D95F5,2005,476,3508,7,7,422,15,0,12,12,0,777777777777,777777777777,777777777777,77,77,77,00000000000,0,000000000,0,0,1,0,0,0,0,0,0,0,0,61,6,6,12,0,7422,1,D,4,H,B,4,8,D,9,5,F,5,0
46,460044,2,1,6,12,0,59,5,0,0,2,0,46,6,JHMEH9593SS0,1995,474,1863,13,37,31,4,0,11,11,0,777777777777,777777777777,777777777777,77,77,77,00000000000,0,000000000,0,0,1,0,0,0,0,0,0,0,7,11,4,5,12,0,37031,J,H,M,E,H,9,5,9,3,S,S,0,0
46,460103,3,2,10,1,12,52,12,8,0,2,0,46,6,5GAEVBKW3NJ1,2022,468,1841,7,18,421,15,0,12,12,0,777777777777,777777777777,777777777777,77,77,77,00000000000,0,000000000,0,0,1,0,0,0,0,0,0,0,7,98,2,5,12,0,18421,5,G,A,E,V,B,K,W,3,N,J,1,0
47,470012,2,1,1,1,18,30,14,0,0,3,0,47,6,1G6DT57V7901,2009,469,1825,13,19,18,4,0,11,11,0,777777777777,777777777777,777777777777,77,77,77,00000000000,0,000000000,0,0,1,0,0,0,0,0,0,0,8,6,6,5,55,0,19018,1,G,6,D,T,5,7,V,7,9,0,1,0
47,470020,2,1,1,13,2,30,14,0,0,3,0,47,6,1C4RJFAG4FC6,2015,483,1949,7,2,422,15,0,12,12,0,777777777777,777777777777,777777777777,77,77,77,00000000000,0,000000000,0,0,1,0,0,0,0,0,0,0,0,13,4,5,14,0,2422,1,C,4,R,J,F,A,G,4,F,C,6,0
47,470020,3,1,1,13,2,30,14,0,0,3,0,47,6,1N4AL3APXFC1,2015,478,1904,13,35,47,4,0,11,11,0,777777777777,777777777777,777777777777,77,77,77,00000000000,0,000000000,0,0,1,0,0,0,0,0,0,0,0,13,4,5,14,0,35047,1,N,4,A,L,3,A,P,X,F,C,1,0
47,470027,3,2,1,7,18,43,12,2,0,3,0,47,6,1GCCS1440TK2,1996,467,11483,60,20,471,34,0,11,11,0,777777777777,777777777777,777777777777,77,77,77,00000000000,0,000000000,0,0,1,0,0,0,0,0,0,0,8,3,4,6,12,0,20471,1,G,C,C,S,1,4,4,0,T,K,2,0
47,470096,2,1,2,8,16,0,14,0,0,2,0,47,6,WDBTK65G94T0,2004,449,2822,1,42,47,1,0,11,11,0,777777777777,777777777777,777777777777,77,77,77,00000000000,0,000000000,0,0,1,0,0,0,0,0,0,0,8,6,6,6,12,0,42047,W,D,B,T,K,6,5,G,9,4,T,0,0
47,470164,2,1,3,11,8,6,8,0,0,2,0,47,6,1J4GX48S23C5,2003,483,1949,7,2,404,14,0,11,11,0,777777777777,777777777777,777777777777,77,77,77,00000000000,0,000000000,0,0,1,0,0,0,0,0,0,0,8,10,2,6,8,0,2404,1,J,4,G,X,4,8,S,2,3,C,5,0
47,470184,2,1,3,17,0,29,34,0,0,3,0,47,6,1GNEC13V93R3,2003,467,1852,7,20,421,15,0,12,12,0,777777777777,777777777777,777777777777,77,77,77,00000000000,0,000000000,0,0,1,0,0,0,0,0,0,0,7,11,4,6,18,0,20421,1,G,N,E,C,1,3,V,9,3,R,3,0
47,470252,2,1,4,10,1,15,33,0,0,3,0,47,6,5NPEC4AC3BH1,2011,498,2459,13,55,33,4,0,11,11,0,777777777777,777777777777,777777777777,77,77,77,00000000000,0,000000000,0,0,1,0,0,0,0,0,0,0,7,61,2,5,16,0,55033,5,N,P,E,C,4,A,C,3,B,H,1,0
47,470296,2,1,4,23,11,42,14,0,0,3,0,26,6,2GNAXUEV0K61,2019,467,1847,7,20,404,14,0,11,11,0,777777777777,777777777777,777777777777,77,77,77,00000000000,0,000000000,0,0,1,0,0,0,0,0,0,0,7,12,6,6,55,0,20404,2,G,N,A,X,U,E,V,0,K,6,1,0
47,470297,3,2,4,21,10,58,12,6,0,3,0,47,6,1N4AL21E49N5,2009,478,1904,13,35,47,4,0,11,11,0,777777777777,777777777777,777777777777,77,77,77,00000000000,0,000000000,0,0,1,0,0,0,0,0,0,0,0,10,2,5,12,0,35047,1,N,4,A,L,2,1,E,4,9,N,5,0
47,470371,3,2,5,11,18,9,12,2,0,3,0,47,6,1G1ZE5STXGF3,2016,467,1834,13,20,37,4,0,11,11,0,777777777777,777777777777,777777777777,77,77,77,00000000000,0,000000000,0,0,1,0,0,0,0,0,0,0,0,2,4,5,55,0,20037,1,G,1,Z,E,5,S,T,X,G,F,3,0
47,470397,2,1,5,26,2,50,14,0,3,2,0,47,6,4JGFF8HBXMA5,2021,449,14005,7,42,422,15,0,12,12,0,777777777777,777777777777,777777777777,77,77,77,00000000000,0,000000000,0,0,1,0,0,0,0,0,0,0,0,6,6,6,12,0,42422,4,J,G,F,F,8,H,B,X,M,A,5,0
47,470409,1,1,4,29,23,18,14,0,0,2,0,32,6,1GCGC24KXLE2,1990,467,10978,60,20,481,34,0,12,12,0,777777777777,777777777777,777777777777,77,77,77,00000000000,0,000000000,0,0,1,0,0,0,0,0,0,0,8,6,6,6,12,0,20481,1,G,C,G,C,2,4,K,X,L,E,2,0
47,470478,2,1,6,19,19,17,42,0,0,3,0,47,6,1N6BD0CT9KN7,2019,478,1919,60,35,472,34,0,11,11,0,777777777777,777777777777,777777777777,77,77,77,00000000000,0,000000000,0,0,1,0,0,0,0,0,0,0,7,6,2,5,73,0,35472,1,N,6,B,D,0,C,T,9,K,N,7,0
47,470616,3,2,7,30,15,5,12,6,0,3,0,47,6,1GNDT13W6Y22,2000,467,11502,7,20,401,14,0,11,11,0,777777777777,777777777777,777777777777,77,77,77,00000000000,0,000000000,0,0,1,0,0,0,0,0,0,0,0,5,2,5,12,0,20401,1,G,N,D,T,1,3,W,6,Y,2,2,0
47,470628,2,1,7,26,21,10,14,0,0,2,0,47,6,MLHJC6111H52,2017,474,11875,80,37,703,80,0,11,11,0,777777777777,777777777777,777777777777,77,77,77,00000000000,0,000000000,0,0,1,0,0,0,0,0,0,0,7,6,6,6,12,0,37703,M,L,H,J,C,6,1,1,1,H,5,2,0
47,470628,3,1,7,26,21,10,14,0,0,2,0,47,6,MLHJC7512J50,2018,474,11875,80,37,703,80,0,11,11,0,777777777777,777777777777,777777777777,77,77,77,00000000000,0,000000000,0,0,1,0,0,0,0,0,0,0,7,99,6,6,12,0,37703,M,L,H,J,C,7,5,1,2,J,5,0,0
47,470786,2,1,9,7,19,30,33,0,0,3,0,47,6,1GTV2UEC5EZ2,2014,472,1857,60,23,481,34,0,12,12,0,777777777777,777777777777,777777777777,77,77,77,00000000000,0,000000000,0,0,1,0,0,0,0,0,0,0,8,10,6,6,14,0,23481,1,G,T,V,2,U,E,C,5,E,Z,2,0
47,470786,3,1,9,7,19,30,33,0,0,3,0,47,6,5TFHY5F17KX8,2019,448,2467,60,49,482,34,0,12,12,0,777777777777,777777777777,777777777777,77,77,77,00000000000,0,000000000,0,0,1,0,0,0,0,0,0,0,8,10,6,6,14,0,49482,5,T,F,H,Y,5,F,1,7,K,X,8,0
47,470912,2,1,10,17,23,44,8,0,0,2,0,17,6,1FM5K7D80JGA,2018,460,1800,7,12,401,14,0,12,12,0,777777777777,777777777777,777777777777,77,77,77,00000000000,0,000000000,0,0,1,0,0,0,0,0,0,0,7,6,6,6,14,0,12401,1,F,M,5,K,7,D,8,0,J,G,A,0
47,470912,3,1,10,17,23,44,8,0,0,2,0,47,6,5LMEU68H25ZJ,2005,464,2653,7,13,401,14,0,12,12,0,777777777777,777777777777,777777777777,77,77,77,00000000000,0,000000000,0,0,1,0,0,0,0,0,0,0,7,6,6,6,14,0,13401,5,L,M,E,U,6,8,H,2,5,Z,J,0
47,470912,4,1,10,17,23,44,8,0,0,2,0,37,6,KNAFX5A83G55,2016,499,2462,13,63,38,5,0,11,11,0,777777777777,777777777777,777777777777,77,77,77,00000000000,0,000000000,0,0,1,0,0,0,0,0,0,0,7,6,4,5,14,0,63038,K,N,A,F,X,5,A,8,3,G,5,5,0
47,470951,2,1,10,31,4,30,8,0,1,2,0,47,6,1FD0X4HT6GEC,2016,460,1807,63,12,881,61,11,15,15,0,777777777777,777777777777,777777777777,77,77,77,88888888888,88,888888888,1,97,1,0,0,0,0,0,0,0,8,9,4,6,12,0,12881,1,F,D,0,X,4,H,T,6,G,E,C,0
47,471014,2,1,11,21,7,36,14,0,0,2,0,47,6,3B7KC23D4VM5,1997,476,1938,60,7,482,34,0,12,12,0,777777777777,777777777777,777777777777,77,77,77,00000000000,0,000000000,0,0,1,0,0,0,0,0,0,0,8,7,6,6,12,0,7482,3,B,7,K,C,2,3,D,4,V,M,5,0
47,471052,2,1,12,3,13,51,33,0,0,3,0,47,6,1G1ZB5ST3HF2,2017,467,1834,13,20,37,4,0,11,11,0,777777777777,777777777777,777777777777,77,77,77,00000000000,0,000000000,0,0,1,0,0,0,0,0,0,0,7,13,4,5,16,0,20037,1,G,1,Z,B,5,S,T,3,H,F,2,0
47,471134,1,1,12,29,21,45,14,0,0,2,0,47,6,1GCEC14X68Z1,2008,467,1850,60,20,481,34,0,12,12,0,777777777777,777777777777,777777777777,77,77,77,00000000000,0,000000000,0,0,1,0,0,0,0,0,0,0,8,12,6,6,12,0,20481,1,G,C,E,C,1,4,X,6,8,Z,1,0
47,471164,3,2,4,24,15,38,12,1,0,3,0,47,6,1GNDT13S9422,2004,467,4548,7,20,403,14,0,11,11,0,777777777777,777777777777,777777777777,77,77,77,00000000000,0,000000000,0,0,1,0,0,0,0,0,0,0,0,10,6,5,12,0,20403,1,G,N,D,T,1,3,S,9,4,2,2,0
48,480008,2,1,1,5,1,31,14,0,1,2,0,48,6,1N4AL11D06N4,2006,478,1904,13,35,47,4,0,11,11,0,777777777777,777777777777,777777777777,77,77,77,00000000000,0,000000000,0,0,1,0,0,0,0,0,0,0,8,6,7,6,12,0,35047,1,N,4,A,L,1,1,D,0,6,N,4,1
48,480041,5,4,1,8,13,14,12,1,1,2,0,48,6,1FUYSSZB9XLA,1999,450,17999,66,82,881,66,0,18,18,1,13N148303515,777777777777,777777777777,18,77,77,5702907721,57,02907721,6,3,1,0,0,0,0,0,0,0,8,9,2,6,12,0,82881,1,F,U,Y,S,S,Z,B,9,X,L,A,0
48,480048,2,1,1,10,1,8,45,0,2,4,0,48,3,888888888888,9999,99999,99999,127,99,998,93,0,98,98,0,777777777777,777777777777,777777777777,77,77,77,99999999999,99,999999999,99,99,1,0,0,0,0,0,0,0,0,3,8,5,12,0,99998,8,8,8,8,8,8,8,8,8,8,8,8,0
48,480092,2,1,1,8,9,45,14,0,1,2,0,48,6,2T1BU4EE2BC7,2011,448,2208,13,49,32,4,0,11,11,0,777777777777,777777777777,777777777777,77,77,77,00000000000,0,000000000,0,0,1,0,0,0,0,0,0,0,0,9,6,6,12,0,49032,2,T,1,B,U,4,E,E,2,B,C,7,0
48,480167,5,5,1,15,8,23,12,1,1,2,0,48,6,2G1105S34H91,2017,467,1833,13,20,2,4,0,11,11,0,777777777777,777777777777,777777777777,77,77,77,00000000000,0,000000000,0,0,1,0,0,0,0,0,0,0,8,61,6,6,12,0,20002,2,G,1,1,0,5,S,3,4,H,9,1,0
48,480193,2,1,1,29,1,40,98,0,1,2,0,55,6,WDAPF4CD2KN0,2019,449,1703,63,42,870,61,111,13,13,0,777777777777,777777777777,777777777777,77,77,77,88888888888,88,888888888,1,1,1,0,0,0,0,0,0,0,7,9,7,6,1,0,42870,W,D,A,P,F,4,C,D,2,K,N,0,0
48,480203,2,1,1,28,11,6,14,0,0,2,0,48,6,3AKJGLDR5HSH,2017,450,2501,66,82,881,66,0,18,18,1,3H3V532C2GT0,777777777777,777777777777,98,77,77,5702541251,57,02541251,6,1,1,0,0,0,0,0,0,0,0,6,2,6,12,0,82881,3,A,K,J,G,L,D,R,5,H,S,H,0
48,480217,2,1,1,21,19,45,18,0,0,3,0,48,6,3ALHCYFC4NDN,2022,450,2499,11,82,898,63,0,18,18,0,777777777777,777777777777,777777777777,77,77,77,88888888888,88,888888888,2,4,1,0,0,0,0,0,0,0,8,6,7,6,12,0,82898,3,A,L,H,C,Y,F,C,4,N,D,N,0
48,480276,3,2,2,7,12,53,12,7,0,2,0,48,6,3C7WRMDL2FG6,2015,496,13625,74,7,881,61,60,15,15,0,777777777777,777777777777,777777777777,77,77,77,88888888888,88,888888888,1,97,1,0,0,0,0,0,0,0,8,6,7,6,12,0,7881,3,C,7,W,R,M,D,L,2,F,G,6,0
48,480276,4,2,2,7,12,53,12,7,0,2,0,48,6,1HTMMAAMX6H2,2006,526,2649,11,84,881,62,0,16,16,5,777777777777,777777777777,777777777777,77,77,77,88888888888,88,888888888,4,12,1,0,0,0,0,0,0,0,8,6,7,6,12,0,84881,1,H,T,M,M,A,A,M,X,6,H,2,0
48,480373,2,1,2,14,3,35,14,0,1,2,0,18,6,3AKJGLD52ESF,2014,450,2501,66,82,881,66,0,18,18,1,5V8VA5329NT2,777777777777,777777777777,98,77,77,5700223337,57,00223337,6,1,1,0,0,0,0,0,0,0,8,6,2,6,12,0,82881,3,A,K,J,G,L,D,5,2,E,S,F,0
48,480400,2,1,1,31,13,55,14,0,0,3,0,48,6,SALWR2WF8EA3,2014,444,2246,7,62,421,15,0,12,12,0,777777777777,777777777777,777777777777,77,77,77,00000000000,0,000000000,0,0,1,0,0,0,0,0,0,0,7,83,7,8,12,0,62421,S,A,L,W,R,2,W,F,8,E,A,3,0
48,480439,3,2,2,9,23,34,25,0,1,2,0,48,6,1NPSX7EX5FD2,2015,495,2790,11,87,881,63,11,18,18,1,16JF02023L10,777777777777,777777777777,16,77,77,5700567825,57,00567825,4,2,1,0,0,0,0,0,0,0,8,6,7,6,12,0,87881,1,N,P,S,X,7,E,X,5,F,D,2,0
48,480447,2,1,2,24,12,52,14,0,0,3,0,48,6,4TASN92N1XZ4,1999,448,2223,60,49,472,34,0,11,11,0,777777777777,777777777777,777777777777,77,77,77,00000000000,0,000000000,0,0,1,0,0,0,0,0,0,0,0,6,2,8,12,0,49472,4,T,A,S,N,9,2,N,1,X,Z,4,0
48,480447,3,1,2,24,12,52,14,0,0,3,0,48,6,1G6KD54Y02U1,2002,469,8844,13,19,3,4,0,11,11,0,777777777777,777777777777,777777777777,77,77,77,00000000000,0,000000000,0,0,1,0,0,0,0,0,0,0,0,81,7,8,12,0,19003,1,G,6,K,D,5,4,Y,0,2,U,1,0
48,480513,2,1,3,1,0,16,14,0,1,2,0,48,6,1FUJGNBG5DDF,2013,450,2498,66,82,881,66,0,18,18,2,5DDKE2532710,5DDKB0515D10,777777777777,98,98,77,5702311863,57,02311863,7,3,1,0,0,0,0,0,0,0,0,6,2,6,12,0,82881,1,F,U,J,G,N,B,G,5,D,D,F,0
48,480523,2,1,3,1,22,9,14,0,0,2,0,48,6,1N4BL21E57C1,2007,478,1904,13,35,47,4,0,11,11,0,777777777777,777777777777,777777777777,77,77,77,00000000000,0,000000000,0,0,1,0,0,0,0,0,0,0,0,6,7,6,12,0,35047,1,N,4,B,L,2,1,E,5,7,C,1,0
48,480578,2,1,2,24,1,35,44,0,0,3,0,48,6,1FTZF07W6WKC,1998,460,1801,60,12,481,34,0,12,12,0,777777777777,777777777777,777777777777,77,77,77,00000000000,0,000000000,0,0,1,0,0,0,0,0,0,0,7,6,2,8,12,0,12481,1,F,T,Z,F,0,7,W,6,W,K,C,0
48,480775,2,1,3,16,21,51,33,0,0,3,0,48,6,1GNERFKW7LJ3,2020,467,1853,7,20,423,15,0,12,12,0,777777777777,777777777777,777777777777,77,77,77,00000000000,0,000000000,0,0,1,0,0,0,0,0,0,0,7,9,2,8,12,0,20423,1,G,N,E,R,F,K,W,7,L,J,3,0
48,480775,3,1,3,16,21,51,33,0,0,2,0,48,6,1GNSCLED2NR2,2022,467,1852,7,20,421,15,0,12,12,0,777777777777,777777777777,777777777777,77,77,77,00000000000,0,000000000,0,0,1,0,0,0,0,0,0,0,8,12,7,6,12,0,20421,1,G,N,S,C,L,E,D,2,N,R,2,0
48,480775,4,1,3,16,21,51,33,0,0,2,0,48,6,ZACCJADTXFPC,2015,483,6160,7,2,408,14,0,11,11,0,777777777777,777777777777,777777777777,77,77,77,00000000000,0,000000000,0,0,1,0,0,0,0,0,0,0,0,63,7,6,12,0,2408,Z,A,C,C,J,A,D,T,X,F,P,C,0
48,480789,2,1,3,21,20,43,14,0,0,2,0,48,6,1FTSW31F4XEA,1999,460,1806,60,12,481,34,0,12,12,1,17XFP1622N11,777777777777,777777777777,98,77,77,00000000000,0,000000000,0,0,1,0,0,0,0,0,0,0,0,6,2,6,12,0,12481,1,F,T,S,W,3,1,F,4,X,E,A,0
48,480789,3,1,3,21,20,43,14,0,0,2,0,48,6,1C3CDFBB9FD2,2015,476,2054,13,7,29,4,0,11,11,0,777777777777,777777777777,777777777777,77,77,77,00000000000,0,000000000,0,0,1,0,0,0,0,0,0,0,0,6,2,6,12,0,7029,1,C,3,C,D,F,B,B,9,F,D,2,0
48,480789,4,1,3,21,20,43,14,0,0,2,0,48,6,JM1CW2CL8D01,2013,473,2075,15,41,52,6,0,11,11,0,777777777777,777777777777,777777777777,77,77,77,00000000000,0,000000000,0,0,1,0,0,0,0,0,0,0,7,6,7,6,12,0,41052,J,M,1,C,W,2,C,L,8,D,0,1,0
48,480797,3,2,3,29,10,14,12,7,0,2,0,12,6,3C6UR4HJ7JG2,2018,496,13621,60,7,482,34,0,12,12,0,777777777777,777777777777,777777777777,77,77,77,00000000000,0,000000000,0,0,1,0,0,0,0,0,0,0,7,6,7,5,12,0,7482,3,C,6,U,R,4,H,J,7,J,G,2,0
48,480823,2,1,3,29,19,19,42,0,0,2,0,48,6,1G4HD57258U1,2008,468,4267,13,18,23,4,0,11,11,0,777777777777,777777777777,777777777777,77,77,77,00000000000,0,000000000,0,0,1,0,0,0,0,0,0,0,7,13,8,5,12,0,18023,1,G,4,H,D,5,7,2,5,8,U,1,0
48,480910,2,1,2,4,2,30,14,0,0,2,0,48,6,1FAFP53U46A1,2006,460,1782,13,12,17,4,0,11,11,0,777777777777,777777777777,777777777777,77,77,77,00000000000,0,000000000,0,0,1,0,0,0,0,0,0,0,8,6,7,8,14,0,12017,1,F,A,F,P,5,3,U,4,6,A,1,0
48,480910,3,1,2,4,2,30,14,0,0,2,0,48,6,1B3ES26C63D1,2003,476,5880,13,7,20,4,0,11,11,0,777777777777,777777777777,777777777777,77,77,77,00000000000,0,000000000,0,0,1,0,0,0,0,0,0,0,8,6,2,8,12,0,7020,1,B,3,E,S,2,6,C,6,3,D,1,0
48,480975,2,1,4,4,21,31,8,0,0,2,0,48,6,5TBRT34131S1,2001,448,2467,60,49,482,34,0,12,12,0,777777777777,777777777777,777777777777,77,77,77,00000000000,0,000000000,0,0,1,0,0,0,0,0,0,0,0,61,2,6,12,0,49482,5,T,B,R,T,3,4,1,3,1,S,1,0
48,481027,2,1,4,21,10,54,14,0,0,2,0,48,6,1G1PF5S93B72,2011,467,1832,13,20,25,4,0,11,11,0,777777777777,777777777777,777777777777,77,77,77,00000000000,0,000000000,0,0,1,0,0,0,0,0,0,0,0,6,7,6,12,1,20025,1,G,1,P,F,5,S,9,3,B,7,2,0
48,481042,2,1,4,20,16,8,14,0,1,2,0,48,6,KNDJT2A56D75,2013,499,2460,7,63,37,6,0,11,11,0,777777777777,777777777777,777777777777,77,77,77,00000000000,0,000000000,0,0,1,0,0,0,0,0,0,0,0,6,7,6,12,0,63037,K,N,D,J,T,2,A,5,6,D,7,5,1
48,481078,2,1,4,25,2,54,14,0,0,2,0,93,6,1XKYD49X9RJ3,2024,532,2733,66,85,881,66,0,18,18,1,1UYFS2538DA5,777777777777,777777777777,13,77,77,5700034666,57,00034666,6,3,1,0,0,0,0,0,0,0,8,61,7,6,12,0,85881,1,X,K,Y,D,4,9,X,9,R,J,3,0
48,481104,4,3,4,23,9,41,12,6,0,3,0,48,6,1FTNE1EW8DDA,2013,460,1796,95,12,461,21,0,12,12,0,777777777777,777777777777,777777777777,77,77,77,00000000000,0,000000000,0,0,1,0,0,0,0,0,0,0,7,63,0,8,12,0,12461,1,F,T,N,E,1,E,W,8,D,D,A,0
48,481197,2,2,5,2,17,54,14,0,3,2,0,48,6,MAJ3P1TE2JC1,2018,460,17774,7,12,403,14,0,11,11,0,777777777777,777777777777,777777777777,77,77,77,00000000000,0,000000000,0,0,1,0,0,0,0,0,0,0,0,6,7,6,12,0,12403,M,A,J,3,P,1,T,E,2,J,C,1,1
48,481202,2,1,5,8,3,1,33,0,0,3,0,48,6,4KLB4B1A6RJ0,1994,542,14203,11,38,882,61,0,13,13,0,777777777777,777777777777,777777777777,77,77,77,88888888888,88,888888888,1,97,1,0,0,0,0,0,0,0,0,12,7,8,12,0,38882,4,K,L,B,4,B,1,A,6,R,J,0,0
48,481230,2,1,4,19,2,27,30,0,0,3,0,48,6,1FTEW1EP0HKD,2017,460,1801,60,12,481,34,0,12,12,0,777777777777,777777777777,777777777777,77,77,77,00000000000,0,000000000,0,0,1,0,0,0,0,0,0,0,0,6,7,8,12,0,12481,1,F,T,E,W,1,E,P,0,H,K,D,0
48,481230,3,1,4,19,2,27,30,0,0,3,0,48,6,1GNERHKW8LJ1,2020,467,1853,7,20,423,15,0,12,12,0,777777777777,777777777777,777777777777,77,77,77,00000000000,0,000000000,0,0,1,0,0,0,0,0,0,0,0,83,7,8,12,0,20423,1,G,N,E,R,H,K,W,8,L,J,1,0
48,481240,2,1,5,10,11,20,14,0,0,3,0,48,6,1FBSS3BL4CDB,2012,460,1818,9,12,461,21,0,12,12,0,777777777777,777777777777,777777777777,77,77,77,00000000000,0,000000000,0,0,1,0,0,0,0,0,0,0,0,82,2,5,12,0,12461,1,F,B,S,S,3,B,L,4,C,D,B,0
48,481240,3,1,5,10,11,20,14,0,0,3,0,48,6,1FBSS3BL4DDB,2013,460,1818,9,12,461,21,0,12,12,0,777777777777,777777777777,777777777777,77,77,77,00000000000,0,000000000,0,0,1,0,0,0,0,0,0,0,7,82,2,5,12,0,12461,1,F,B,S,S,3,B,L,4,D,D,B,0
48,481256,2,1,5,10,21,27,40,0,0,2,0,48,6,JF2GTABC8JH2,2018,523,13580,7,48,403,14,0,11,11,0,777777777777,777777777777,777777777777,77,77,77,00000000000,0,000000000,0,0,1,0,0,0,0,0,0,0,7,6,7,8,12,0,48403,J,F,2,G,T,A,B,C,8,J,H,2,0
48,481272,2,1,5,15,2,39,14,0,0,2,0,48,6,3GSCL33P98S6,2008,1056,4595,7,24,401,14,0,11,11,0,777777777777,777777777777,777777777777,77,77,77,00000000000,0,000000000,0,0,1,0,0,0,0,0,0,0,0,6,7,6,12,0,24401,3,G,S,C,L,3,3,P,9,8,S,6,0
48,481327,2,1,5,18,23,42,14,0,1,2,0,48,6,WB10J6309LZG,2020,452,26626,81,34,706,80,0,11,11,0,777777777777,777777777777,777777777777,77,77,77,00000000000,0,000000000,0,0,1,0,0,0,0,0,5,6,7,98,7,6,12,0,34706,W,B,1,0,J,6,3,0,9,L,Z,G,0
48,481328,2,1,5,18,23,29,14,0,0,2,0,48,6,3B7MC33C6TM1,1996,476,1938,60,7,880,67,0,13,13,0,777777777777,777777777777,777777777777,77,77,77,88888888888,88,888888888,1,97,1,0,0,0,0,0,0,0,0,63,2,5,12,0,7880,3,B,7,M,C,3,3,C,6,T,M,1,0
48,481328,3,1,5,18,23,29,14,0,0,2,0,48,6,1G11C5SL0EF2,2014,467,1834,13,20,37,4,0,11,11,0,777777777777,777777777777,777777777777,77,77,77,00000000000,0,000000000,0,0,1,0,0,0,0,0,0,0,0,61,7,6,12,0,20037,1,G,1,1,C,5,S,L,0,E,F,2,0
48,481328,4,1,5,18,23,29,14,0,0,2,0,48,6,1G6AP5SXXE01,2014,469,1825,13,19,18,4,0,11,11,0,777777777777,777777777777,777777777777,77,77,77,00000000000,0,000000000,0,0,1,0,0,0,0,0,0,0,0,6,7,6,12,0,19018,1,G,6,A,P,5,S,X,X,E,0,1,0
48,481328,5,1,5,18,23,29,14,0,0,2,0,48,6,KL4CJCSB8EB6,2014,468,1842,7,18,404,14,0,11,11,0,777777777777,777777777777,777777777777,77,77,77,00000000000,0,000000000,0,0,1,0,0,0,0,0,0,0,0,6,7,6,12,0,18404,K,L,4,C,J,C,S,B,8,E,B,6,0
48,481381,2,1,5,22,6,17,14,0,0,2,0,48,6,1GCEC14V13Z3,2003,467,1850,60,20,481,34,0,12,12,0,777777777777,777777777777,777777777777,77,77,77,00000000000,0,000000000,0,0,1,0,0,0,0,0,0,0,8,6,7,6,12,0,20481,1,G,C,E,C,1,4,V,1,3,Z,3,0
48,481381,3,1,5,22,6,17,14,0,0,2,0,48,6,1G11B5SL5EF2,2014,467,1834,13,20,37,4,0,11,11,0,777777777777,777777777777,777777777777,77,77,77,00000000000,0,000000000,0,0,1,0,0,0,0,0,0,0,8,6,2,6,12,0,20037,1,G,1,1,B,5,S,L,5,E,F,2,0
48,481405,2,1,5,23,21,10,14,0,1,2,0,48,6,5GAKRAKD3GJ1,2016,468,1841,7,18,421,15,0,12,12,0,777777777777,777777777777,777777777777,77,77,77,00000000000,0,000000000,0,0,1,0,0,0,0,0,0,0,0,6,7,6,12,0,18421,5,G,A,K,R,A,K,D,3,G,J,1,0
48,481405,3,1,5,23,21,10,14,0,0,2,0,48,6,3VWLL7AJ0BM1,2011,482,3137,13,30,40,4,0,11,11,0,777777777777,777777777777,777777777777,77,77,77,00000000000,0,000000000,0,0,1,0,0,0,0,0,0,0,7,6,2,6,12,0,30040,3,V,W,L,L,7,A,J,0,B,M,1,0
48,481431,2,1,5,13,15,40,40,0,0,3,0,48,6,5TFRM5F15EX0,2014,448,2467,60,49,482,34,0,12,12,0,777777777777,777777777777,777777777777,77,77,77,00000000000,0,000000000,0,0,1,0,0,0,0,0,0,0,7,12,2,8,12,0,49482,5,T,F,R,M,5,F,1,5,E,X,0,0
48,481432,3,2,5,16,20,44,12,6,2,3,0,48,6,1C6RR6TT8KS7,2019,496,13620,60,7,482,34,0,12,12,0,777777777777,777777777777,777777777777,77,77,77,00000000000,0,000000000,0,0,1,0,0,0,0,0,0,0,0,6,2,8,12,0,7482,1,C,6,R,R,6,T,T,8,K,S,7,0
48,481447,2,1,5,24,19,23,14,0,0,2,0,48,6,1XKADP9X9BJ2,2011,532,2716,66,85,881,66,0,18,18,1,1UYVS2505PC8,777777777777,777777777777,18,77,77,48006925041,48,006925041,6,1,1,0,0,0,0,0,0,0,0,6,7,6,12,0,85881,1,X,K,A,D,P,9,X,9,B,J,2,0
48,481457,2,1,5,30,0,46,33,0,0,3,0,48,6,2T3H1RFV9LW0,2020,448,2217,7,49,402,14,0,11,11,0,777777777777,777777777777,777777777777,77,77,77,00000000000,0,000000000,0,0,1,0,0,0,0,0,0,0,7,62,2,8,12,0,49402,2,T,3,H,1,R,F,V,9,L,W,0,0
48,481460,2,1,6,2,0,10,14,0,1,2,0,48,6,1G1LD55M2TY1,1996,467,9116,13,20,19,4,0,11,11,0,777777777777,777777777777,777777777777,77,77,77,00000000000,0,000000000,0,0,1,0,0,0,0,0,0,0,0,6,6,6,12,0,20019,1,G,1,L,D,5,5,M,2,T,Y,1,1
48,481498,2,1,6,5,10,57,14,0,1,2,0,48,6,KNDMB2334862,2008,499,2740,2,63,441,20,0,11,11,0,777777777777,777777777777,777777777777,77,77,77,00000000000,0,000000000,0,0,1,0,0,0,0,0,0,0,0,12,7,6,12,0,63441,K,N,D,M,B,2,3,3,4,8,6,2,0
48,481518,2,2,5,31,11,56,14,0,1,2,0,48,6,4V4NC9EJ4LN2,2020,487,1967,66,51,881,66,0,18,18,1,527SR5323GM0,777777777777,777777777777,98,77,77,5702558786,57,02558786,6,1,1,0,0,0,0,0,0,0,2,6,7,6,12,0,51881,4,V,4,N,C,9,E,J,4,L,N,2,0
48,481537,2,1,6,3,1,15,14,0,1,2,0,93,6,3AKJHHDR6LSL,2020,450,2501,66,82,881,66,0,18,18,1,1UYVS2533FU3,777777777777,777777777777,18,77,77,5702541895,57,02541895,6,1,1,0,0,0,0,0,0,0,8,6,7,6,12,0,82881,3,A,K,J,H,H,D,R,6,L,S,L,0
48,481593,2,1,5,20,23,33,45,0,1,4,0,91,3,888888888888,9998,99998,99998,998,97,997,98,0,98,98,0,777777777777,777777777777,777777777777,77,77,77,99999999999,99,999999999,99,99,1,0,0,0,0,99,0,0,7,6,8,8,12,0,97997,8,8,8,8,8,8,8,8,8,8,8,8,0
48,481600,3,2,6,7,9,35,12,6,0,3,0,48,6,3GCPCSEC7EG5,2014,467,1850,60,20,481,34,0,12,12,0,777777777777,777777777777,777777777777,77,77,77,00000000000,0,000000000,0,0,1,0,0,0,0,0,0,0,0,83,7,8,12,0,20481,3,G,C,P,C,S,E,C,7,E,G,5,0
48,481615,2,1,5,21,16,45,18,0,0,2,0,48,6,3C63RRKL0GG1,2016,496,13622,60,7,880,67,0,13,13,0,777777777777,777777777777,777777777777,77,77,77,88888888888,88,888888888,1,97,1,0,0,0,0,0,0,0,7,6,2,8,12,0,7880,3,C,6,3,R,R,K,L,0,G,G,1,0
48,481680,2,1,6,20,7,21,45,0,1,4,0,48,3,54DK6S1F6PSA,2023,542,15961,63,38,882,62,11,16,16,0,777777777777,777777777777,777777777777,77,77,77,88888888888,88,888888888,1,4,1,0,0,0,0,0,0,0,8,6,2,6,12,0,38882,5,4,D,K,6,S,1,F,6,P,S,A,0
48,481684,2,1,5,23,16,46,14,0,2,2,0,96,6,3AKJHHDR1MSM,2021,450,2501,66,82,881,66,0,18,18,1,5V8VA5320EM4,777777777777,777777777777,18,77,77,5703165130,57,03165130,6,1,1,0,0,0,0,0,0,0,0,81,7,6,12,0,82881,3,A,K,J,H,H,D,R,1,M,S,M,0
48,481684,3,1,5,23,16,46,14,0,6,3,0,48,6,5FNRL6H75LB0,2020,474,1869,2,37,441,20,0,12,12,0,777777777777,777777777777,777777777777,77,77,77,00000000000,0,000000000,0,0,1,0,0,0,0,0,0,0,7,6,7,6,12,0,37441,5,F,N,R,L,6,H,7,5,L,B,0,1
48,481684,4,1,5,23,16,46,14,0,1,2,0,48,6,2T2BAMBA0PC0,2023,515,2214,7,59,403,14,0,11,11,0,777777777777,777777777777,777777777777,77,77,77,00000000000,0,000000000,0,0,1,0,0,0,0,0,0,0,7,6,7,6,12,0,59403,2,T,2,B,A,M,B,A,0,P,C,0,0
48,481700,2,1,6,23,5,1,14,0,0,2,0,48,6,3N1CP5CV2RL4,2024,478,22791,5,35,56,5,0,11,11,0,777777777777,777777777777,777777777777,77,77,77,00000000000,0,000000000,0,0,1,0,0,0,0,0,0,0,0,6,2,6,12,0,35056,3,N,1,C,P,5,C,V,2,R,L,4,0
48,481725,3,2,6,12,14,11,12,2,0,3,0,48,6,2FMPK3K95KBB,2019,460,1797,7,12,424,15,0,11,11,0,777777777777,777777777777,777777777777,77,77,77,00000000000,0,000000000,0,0,1,0,0,0,0,0,0,0,7,14,8,8,12,0,12424,2,F,M,P,K,3,K,9,5,K,B,B,0
48,481736,2,2,6,27,7,7,14,0,1,2,0,48,6,1GC1KXC8XCF1,2012,467,1850,60,20,481,34,0,12,12,0,777777777777,777777777777,777777777777,77,77,77,00000000000,0,000000000,0,0,1,0,0,0,0,0,0,0,0,6,7,6,12,0,20481,1,G,C,1,K,X,C,8,X,C,F,1,0
48,481810,2,1,7,5,22,32,14,0,1,2,0,17,6,3AKJHHDRXNSM,2022,450,2501,66,82,881,66,0,18,18,1,5V8VC5323NT2,777777777777,777777777777,18,77,77,5702456325,57,02456325,6,1,1,0,0,0,0,0,0,0,8,6,4,5,12,0,82881,3,A,K,J,H,H,D,R,X,N,S,M,0
48,481822,2,1,6,28,0,56,45,0,0,4,0,48,3,1FDUF5GT7HED,2017,460,1808,63,12,880,67,60,15,15,0,777777777777,777777777777,777777777777,77,77,77,88888888888,88,888888888,1,97,1,0,0,0,0,0,0,0,0,61,2,8,12,0,12880,1,F,D,U,F,5,G,T,7,H,E,D,0
48,481838,3,2,6,29,9,1,12,7,0,3,0,48,6,1GTN1TEC7EZ2,2014,472,1857,60,23,481,34,0,12,12,0,777777777777,777777777777,777777777777,77,77,77,00000000000,0,000000000,0,0,1,0,0,0,0,0,0,0,8,63,7,6,12,0,23481,1,G,T,N,1,T,E,C,7,E,Z,2,0
48,481876,4,3,7,9,15,26,12,6,1,3,0,48,6,2FMDK4JC0DBB,2013,460,1797,7,12,24,6,0,11,11,0,777777777777,777777777777,777777777777,77,77,77,00000000000,0,000000000,0,0,1,0,0,0,0,0,0,0,0,81,7,6,12,0,12024,2,F,M,D,K,4,J,C,0,D,B,B,0
48,481948,2,1,6,28,16,58,31,0,0,3,0,48,6,1GNSCNKD4MR1,2021,467,1852,7,20,421,15,0,12,12,0,777777777777,777777777777,777777777777,77,77,77,00000000000,0,000000000,0,0,1,0,0,0,0,0,0,0,8,6,7,5,12,0,20421,1,G,N,S,C,N,K,D,4,M,R,1,0
48,481971,2,1,7,17,16,10,32,0,0,2,0,48,6,2C3CDYAG7EH1,2014,476,1893,3,7,28,2,0,11,11,0,777777777777,777777777777,777777777777,77,77,77,00000000000,0,000000000,0,0,1,0,0,0,0,0,0,0,0,9,7,5,12,0,7028,2,C,3,C,D,Y,A,G,7,E,H,1,0
48,481971,3,1,7,17,16,10,32,0,0,3,0,48,6,1C6RR6NT8DS5,2013,496,13620,60,7,482,34,0,12,12,0,777777777777,777777777777,777777777777,77,77,77,00000000000,0,000000000,0,0,1,0,0,0,0,0,0,0,7,6,2,5,12,0,7482,1,C,6,R,R,6,N,T,8,D,S,5,0
48,482039,3,2,7,7,14,28,12,6,0,3,0,48,6,5N1AL0MN7FC5,2015,480,1910,8,58,403,14,0,11,11,0,777777777777,777777777777,777777777777,77,77,77,00000000000,0,000000000,0,0,1,0,0,0,0,0,0,0,7,63,2,5,12,0,58403,5,N,1,A,L,0,M,N,7,F,C,5,0
48,482039,4,2,7,7,14,28,12,6,0,3,0,48,6,WA1BBAFY2R20,2024,582,3862,7,32,402,14,0,11,11,0,777777777777,777777777777,777777777777,77,77,77,00000000000,0,000000000,0,0,1,0,0,0,0,0,0,0,7,82,2,5,12,0,32402,W,A,1,B,B,A,F,Y,2,R,2,0,0
48,482039,5,2,7,7,14,28,12,6,0,3,0,48,6,1FTFW1E55PKE,2023,460,1801,60,12,481,34,0,12,12,0,777777777777,777777777777,777777777777,77,77,77,00000000000,0,000000000,0,0,1,0,0,0,0,0,0,0,7,12,2,5,12,0,12481,1,F,T,F,W,1,E,5,5,P,K,E,0
48,482039,6,2,7,7,14,28,12,6,0,3,0,48,6,3N1AB7APXGY2,2016,478,1907,13,35,43,4,0,11,11,0,777777777777,777777777777,777777777777,77,77,77,00000000000,0,000000000,0,0,1,0,0,0,0,0,0,0,7,63,2,5,12,0,35043,3,N,1,A,B,7,A,P,X,G,Y,2,0
48,482079,2,1,7,23,7,10,14,0,0,2,0,48,6,1XKYD49X8MJ4,2021,532,2733,66,85,881,66,0,18,18,1,3H3V532K7NS7,777777777777,777777777777,18,77,77,5700843546,57,00843546,6,1,1,0,0,0,0,0,0,0,8,6,2,8,12,0,85881,1,X,K,Y,D,4,9,X,8,M,J,4,0
48,482154,2,1,7,13,17,19,43,0,0,3,0,48,6,1GCCS1967481,2004,467,4086,60,20,473,34,0,11,11,0,777777777777,777777777777,777777777777,77,77,77,00000000000,0,000000000,0,0,1,0,0,0,0,0,0,0,7,9,2,5,12,0,20473,1,G,C,C,S,1,9,6,7,4,8,1,0
48,482154,3,1,7,13,17,19,43,0,0,3,0,48,6,3N1AB7AP5KY3,2019,478,1907,13,35,43,4,0,11,11,0,777777777777,777777777777,777777777777,77,77,77,00000000000,0,000000000,0,0,1,0,0,0,0,0,0,0,7,9,2,5,12,0,35043,3,N,1,A,B,7,A,P,5,K,Y,3,0
48,482154,4,1,7,13,17,19,43,0,0,3,0,48,6,3FA6P0HD5HR3,2017,460,1780,13,12,23,4,0,11,11,0,777777777777,777777777777,777777777777,77,77,77,00000000000,0,000000000,0,0,1,0,0,0,0,0,0,0,7,9,2,5,12,0,12023,3,F,A,6,P,0,H,D,5,H,R,3,0
48,482202,2,1,8,8,12,23,14,0,1,2,0,48,6,KM8K32AB7NU7,2022,498,22249,7,55,404,14,0,11,11,0,777777777777,777777777777,777777777777,77,77,77,00000000000,0,000000000,0,0,1,0,0,0,0,0,0,0,0,12,4,5,12,0,55404,K,M,8,K,3,2,A,B,7,N,U,7,0
48,482202,3,1,8,8,12,23,14,0,0,2,0,48,6,2FMDK3KCXDBC,2013,460,1797,7,12,24,6,0,11,11,0,777777777777,777777777777,777777777777,77,77,77,00000000000,0,000000000,0,0,1,0,0,0,0,0,0,0,0,12,7,6,12,0,12024,2,F,M,D,K,3,K,C,X,D,B,C,0
48,482238,3,2,8,4,1,20,12,7,1,2,0,6,6,3AKJHHDR2JSJ,2018,450,2501,66,82,881,66,0,18,18,1,1JJV532D7KL1,777777777777,777777777777,98,77,77,5702596491,57,02596491,6,97,1,0,0,0,0,0,0,0,2,6,7,5,12,0,82881,3,A,K,J,H,H,D,R,2,J,S,J,0
48,482374,3,2,8,29,6,28,12,6,0,3,0,48,6,1D4PT2GK4BW5,2011,476,1940,7,7,403,14,0,11,11,0,777777777777,777777777777,777777777777,77,77,77,00000000000,0,000000000,0,0,1,0,0,0,0,0,0,0,7,6,2,8,12,0,7403,1,D,4,P,T,2,G,K,4,B,W,5,0
48,482400,2,1,8,30,8,13,14,0,0,3,0,48,6,KNAFE2211956,2009,499,5499,13,63,33,4,0,11,11,0,777777777777,777777777777,777777777777,77,77,77,00000000000,0,000000000,0,0,1,0,0,0,0,0,0,0,8,9,7,5,12,1,63033,K,N,A,F,E,2,2,1,1,9,5,6,0
48,482488,2,1,9,6,23,10,14,0,0,2,0,93,6,3HSCUAPR9AN2,2010,526,2552,66,84,881,66,0,18,18,0,777777777777,777777777777,777777777777,77,77,77,5703274725,57,03274725,5,96,1,0,0,0,0,0,0,0,8,61,7,6,12,0,84881,3,H,S,C,U,A,P,R,9,A,N,2,0
48,482545,3,2,9,7,21,22,12,6,0,2,0,48,6,15GGD3114K31,2019,554,2867,16,92,988,52,0,17,18,0,777777777777,777777777777,777777777777,77,77,77,5700060007,57,00060007,21,22,1,0,0,0,0,6,3,0,0,6,4,5,98,0,92988,1,5,G,G,D,3,1,1,4,K,3,1,0
48,482585,2,1,9,16,18,25,59,0,0,3,0,48,6,1FTRW12W18KB,2008,460,1801,60,12,481,34,0,12,12,0,777777777777,777777777777,777777777777,77,77,77,00000000000,0,000000000,0,0,1,0,0,0,0,0,0,0,8,6,7,8,12,0,12481,1,F,T,R,W,1,2,W,1,8,K,B,0
48,482585,3,1,9,16,18,25,59,0,0,3,0,48,6,5N1AT2MT2KC7,2019,478,1913,7,35,404,14,0,11,11,0,777777777777,777777777777,777777777777,77,77,77,00000000000,0,000000000,0,0,1,0,0,0,0,0,0,0,8,63,7,8,12,0,35404,5,N,1,A,T,2,M,T,2,K,C,7,0
48,482645,2,1,9,17,7,59,14,0,1,2,0,48,6,2B4FP25B2XR4,1999,476,1942,2,7,442,20,0,11,11,0,777777777777,777777777777,777777777777,77,77,77,00000000000,0,000000000,0,0,1,0,0,0,0,0,0,0,8,12,7,6,12,0,7442,2,B,4,F,P,2,5,B,2,X,R,4,1
48,482709,3,2,9,20,23,33,12,6,0,3,0,48,6,3FADP4BJXJM1,2018,460,3267,13,12,32,4,0,11,11,0,777777777777,777777777777,777777777777,77,77,77,00000000000,0,000000000,0,0,1,0,0,0,0,0,0,0,8,62,2,8,12,0,12032,3,F,A,D,P,4,B,J,X,J,M,1,0
48,482709,4,2,9,20,23,33,12,6,0,3,0,48,6,1G6VS3398PU1,1993,469,14183,1,19,9,1,0,11,12,0,777777777777,777777777777,777777777777,77,77,77,00000000000,0,000000000,0,0,1,0,0,0,0,0,0,0,7,62,2,8,12,0,19009,1,G,6,V,S,3,3,9,8,P,U,1,0
48,482717,2,1,6,19,21,10,8,0,0,3,0,12,6,3GKALTEV1LL1,2020,472,1858,7,23,402,14,0,11,11,0,777777777777,777777777777,777777777777,77,77,77,00000000000,0,000000000,0,0,1,0,0,0,0,0,0,0,8,9,7,6,12,0,23402,3,G,K,A,L,T,E,V,1,L,L,1,0
48,482765,2,1,10,4,0,20,42,0,0,3,0,91,6,999999999999,9999,99999,99999,999,99,999,99,0,99,99,0,777777777777,777777777777,777777777777,77,77,77,99999999999,99,999999999,99,99,1,0,0,0,0,99,0,0,7,98,7,8,12,0,99999,9,9,9,9,9,9,9,9,9,9,9,9,0
48,482786,4,3,9,17,8,47,12,6,1,3,0,48,6,1GNSCLED5PR3,2023,467,1852,7,20,421,15,0,12,12,0,777777777777,777777777777,777777777777,77,77,77,00000000000,0,000000000,0,0,1,0,0,0,0,0,5,6,8,62,0,6,12,0,20421,1,G,N,S,C,L,E,D,5,P,R,3,0
48,482827,3,2,9,28,23,40,12,7,1,2,0,48,6,3GKALMEV7JL1,2018,472,1858,7,23,402,14,0,11,11,0,777777777777,777777777777,777777777777,77,77,77,00000000000,0,000000000,0,0,1,0,0,0,0,0,0,0,8,6,7,6,12,0,23402,3,G,K,A,L,M,E,V,7,J,L,1,0
48,482871,2,1,9,13,18,55,14,0,1,2,0,4,6,4V4NC9EJ6JN8,2018,487,1967,66,51,881,66,0,18,18,1,4B9BKFB20MH0,777777777777,777777777777,98,77,77,5703092411,57,03092411,6,3,1,0,0,0,0,0,0,0,8,61,7,6,12,0,51881,4,V,4,N,C,9,E,J,6,J,N,8,1
48,482892,2,1,10,4,11,38,14,0,0,3,0,48,6,1GC1KVEG3FF5,2015,467,1850,60,20,481,34,0,12,12,1,4V0FC35248A0,777777777777,777777777777,13,77,77,88888888888,88,888888888,4,97,1,0,0,0,0,0,0,0,0,63,2,8,12,0,20481,1,G,C,1,K,V,E,G,3,F,F,5,0
48,482900,2,1,10,13,17,58,8,0,0,2,0,48,6,JN8AZ1MUXBW0,2011,478,1914,8,35,49,6,0,11,11,0,777777777777,777777777777,777777777777,77,77,77,00000000000,0,000000000,0,0,1,0,0,0,0,0,0,0,8,9,2,6,12,0,35049,J,N,8,A,Z,1,M,U,X,B,W,0,0
48,483048,2,1,10,28,0,50,14,0,1,2,0,48,6,2T3W1RFV3LW0,2020,448,2217,7,49,402,14,0,11,11,0,777777777777,777777777777,777777777777,77,77,77,00000000000,0,000000000,0,0,1,0,0,0,0,0,0,0,0,6,7,6,12,0,49402,2,T,3,W,1,R,F,V,3,L,W,0,1
48,483222,2,1,11,2,22,52,14,0,0,2,0,48,6,5TENL42N12Z0,2002,448,2223,60,49,472,34,0,11,11,0,777777777777,777777777777,777777777777,77,77,77,00000000000,0,000000000,0,0,1,0,0,0,0,0,0,0,7,12,7,8,12,0,49472,5,T,E,N,L,4,2,N,1,2,Z,0,0
48,483261,2,1,10,27,15,51,14,0,0,2,0,48,6,5N1AR18U25C7,2005,478,1911,7,35,401,14,0,11,11,0,777777777777,777777777777,777777777777,77,77,77,00000000000,0,000000000,0,0,1,0,0,0,0,0,0,0,0,6,7,6,12,0,35401,5,N,1,A,R,1,8,U,2,5,C,7,0
48,483274,2,1,10,25,15,0,33,0,0,3,0,48,6,1G1BE5SM3J71,2018,467,1832,13,20,25,4,0,11,11,0,777777777777,777777777777,777777777777,77,77,77,00000000000,0,000000000,0,0,1,0,0,0,0,0,0,0,0,12,7,6,12,0,20025,1,G,1,B,E,5,S,M,3,J,7,1,0
48,483298,2,1,11,4,17,5,8,0,4,2,0,48,6,1FAHP2HWXAG1,2010,460,1782,13,12,17,4,0,11,11,0,777777777777,777777777777,777777777777,77,77,77,00000000000,0,000000000,0,0,1,0,0,0,0,0,0,0,8,63,2,8,12,0,12017,1,F,A,H,P,2,H,W,X,A,G,1,0
48,483426,2,1,11,20,19,46,14,0,1,2,0,93,6,3HSKZAPR4JN6,2018,526,20852,66,84,881,66,0,18,18,1,1GRAP0628JJ1,777777777777,777777777777,18,77,77,5702791893,57,02791893,6,1,1,0,0,0,0,0,0,0,0,6,7,6,12,0,84881,3,H,S,K,Z,A,P,R,4,J,N,6,0
48,483477,4,3,11,26,10,3,12,1,0,3,0,48,6,1C4SJUBT3NS1,2022,483,14927,7,2,498,15,0,12,12,0,777777777777,777777777777,777777777777,77,77,77,00000000000,0,000000000,0,0,1,0,0,0,0,0,0,0,8,6,2,8,12,0,2498,1,C,4,S,J,U,B,T,3,N,S,1,0
48,483504,2,1,11,29,3,36,14,0,1,2,0,48,6,3AKJGLDR8GSG,2016,450,2501,66,82,881,66,0,18,18,1,1JJV532W98L1,777777777777,777777777777,98,77,77,5703754975,57,03754975,6,1,1,0,0,0,0,0,0,0,0,6,7,6,12,0,82881,3,A,K,J,G,L,D,R,8,G,S,G,0
48,483545,2,4,12,10,8,20,14,0,2,2,0,48,6,1GCDM19X62B1,2002,467,8882,95,20,441,20,0,11,11,0,777777777777,777777777777,777777777777,77,77,77,00000000000,0,000000000,0,0,1,0,0,0,0,0,0,0,8,61,2,5,12,0,20441,1,G,C,D,M,1,9,X,6,2,B,1,0
48,483547,2,1,11,30,16,48,8,0,0,2,0,48,6,3N1AB7AP7DL7,2013,478,1907,13,35,43,4,0,11,11,0,777777777777,777777777777,777777777777,77,77,77,00000000000,0,000000000,0,0,1,0,0,0,0,0,0,0,7,12,2,5,12,0,35043,3,N,1,A,B,7,A,P,7,D,L,7,0
48,483597,2,1,11,22,3,7,45,0,2,4,0,48,6,2G1WD5E30D12,2013,467,1833,13,20,2,4,0,11,11,0,777777777777,777777777777,777777777777,77,77,77,00000000000,0,000000000,0,0,1,0,0,0,0,0,0,0,0,6,7,6,2,1,20002,2,G,1,W,D,5,E,3,0,D,1,2,2
48,483608,2,1,12,12,7,56,14,0,1,2,0,48,6,SALVP2BG1EH8,2014,444,2244,7,62,404,14,0,11,11,0,777777777777,777777777777,777777777777,77,77,77,00000000000,0,000000000,0,0,1,0,0,0,0,0,0,0,8,61,7,6,12,0,62404,S,A,L,V,P,2,B,G,1,E,H,8,1
48,483639,2,1,12,13,17,55,14,0,2,2,0,48,6,1GT49XEY1RF1,2024,472,24909,60,23,880,67,0,13,13,1,4YMBU1410KT0,777777777777,777777777777,98,77,77,88888888888,88,888888888,4,97,1,0,0,0,0,0,0,0,0,61,2,5,12,0,23880,1,G,T,4,9,X,E,Y,1,R,F,1,0
48,483697,2,1,12,19,1,53,14,0,0,3,0,48,6,1FUJBBCK77LY,2007,450,2742,66,82,881,66,0,18,18,1,888888888888,777777777777,777777777777,98,77,77,88888888888,88,888888888,6,9,1,0,0,0,0,0,0,0,8,6,7,6,12,0,82881,1,F,U,J,B,B,C,K,7,7,L,Y,0
48,483697,3,1,12,19,1,53,14,0,0,3,0,48,6,3AKJGLD15ESF,2014,450,2501,66,82,881,66,0,18,18,1,888888888888,777777777777,777777777777,98,77,77,88888888888,88,888888888,6,3,1,0,0,0,0,0,0,0,8,11,7,8,12,0,82881,3,A,K,J,G,L,D,1,5,E,S,F,0
48,483697,4,1,12,19,1,53,14,0,0,3,0,48,6,5TFEV54108X0,2008,448,2467,60,49,482,34,0,12,12,0,777777777777,777777777777,777777777777,77,77,77,00000000000,0,000000000,0,0,1,0,0,0,0,0,0,0,8,5,7,8,12,0,49482,5,T,F,E,V,5,4,1,0,8,X,0,0
48,483710,2,1,12,17,15,54,14,0,1,2,0,48,6,1XKYDP9X2LJ3,2020,532,2733,66,85,881,66,0,18,18,1,1JJV532B6GL9,777777777777,777777777777,18,77,77,5703688387,57,03688387,6,1,1,0,0,0,0,0,0,0,8,6,2,5,12,0,85881,1,X,K,Y,D,P,9,X,2,L,J,3,0
48,483717,2,1,12,25,11,23,14,0,0,3,0,48,6,7FARW1H97LE0,2020,474,1865,7,37,402,14,0,11,11,0,777777777777,777777777777,777777777777,77,77,77,00000000000,0,000000000,0,0,1,0,0,0,0,0,0,0,8,62,2,5,12,0,37402,7,F,A,R,W,1,H,9,7,L,E,0,0
48,483719,2,1,11,17,2,33,42,0,0,3,0,48,6,KL77LKEPXSC0,2025,467,10988,7,20,406,14,0,11,11,0,777777777777,777777777777,777777777777,77,77,77,00000000000,0,000000000,0,0,1,0,0,0,0,0,0,0,8,6,2,5,12,0,20406,K,L,7,7,L,K,E,P,X,S,C,0,0
48,483726,2,1,12,20,0,10,8,0,0,2,0,48,6,1HTKHPVM7PH7,2023,13281,16264,11,23,881,62,0,16,16,5,777777777777,777777777777,777777777777,77,77,77,88888888888,88,888888888,1,12,1,0,0,0,0,0,0,0,7,6,2,8,98,0,23881,1,H,T,K,H,P,V,M,7,P,H,7,0
48,483738,2,1,12,30,10,36,93,0,0,3,0,48,6,1D4HB48N05F5,2005,476,3508,7,7,422,15,0,12,12,0,777777777777,777777777777,777777777777,77,77,77,00000000000,0,000000000,0,0,1,0,0,0,0,0,0,0,7,3,7,5,12,0,7422,1,D,4,H,B,4,8,N,0,5,F,5,0
48,483738,3,1,12,30,10,36,93,0,0,3,0,48,6,1GKET16S5362,2003,472,4507,7,23,401,14,0,12,12,0,777777777777,777777777777,777777777777,77,77,77,00000000000,0,000000000,0,0,1,0,0,0,0,0,0,0,7,3,7,5,12,0,23401,1,G,K,E,T,1,6,S,5,3,6,2,0
48,483738,4,1,12,30,10,36,93,0,0,3,0,48,6,888888888888,9999,460,1779,13,12,37,4,0,11,12,0,777777777777,777777777777,777777777777,77,77,77,00000000000,0,000000000,0,0,1,0,0,0,0,0,0,0,7,12,7,5,12,0,12037,8,8,8,8,8,8,8,8,8,8,8,8,0
48,483745,2,1,12,19,22,56,30,0,0,2,0,48,6,3GCUKSECXHG3,2017,467,1850,60,20,481,34,0,12,12,0,777777777777,777777777777,777777777777,77,77,77,00000000000,0,000000000,0,0,1,0,0,0,0,0,0,0,7,12,2,8,12,0,20481,3,G,C,U,K,S,E,C,X,H,G,3,0
48,483832,2,1,5,28,2,40,30,0,0,3,0,48,6,5TDYZRAH8NS0,2022,448,2213,7,49,403,14,0,11,11,0,777777777777,777777777777,777777777777,77,77,77,00000000000,0,000000000,0,0,1,0,0,0,0,0,0,0,7,3,2,5,12,0,49403,5,T,D,Y,Z,R,A,H,8,N,S,0,0
48,483869,2,1,12,18,17,0,10,0,0,3,0,48,6,1GCHK23245F9,2005,467,1850,60,20,481,34,0,12,12,0,777777777777,777777777777,777777777777,77,77,77,00000000000,0,000000000,0,0,1,0,0,0,0,0,0,0,7,13,7,6,12,0,20481,1,G,C,H,K,2,3,2,4,5,F,9,0
48,483882,2,1,11,5,14,26,14,0,0,2,0,48,6,1FTRX12W18FC,2008,460,1801,60,12,481,34,0,12,12,0,777777777777,777777777777,777777777777,77,77,77,00000000000,0,000000000,0,0,1,0,0,0,0,0,0,0,8,6,7,6,12,0,12481,1,F,T,R,X,1,2,W,1,8,F,C,0
48,483882,3,1,11,5,14,26,14,0,0,2,0,48,6,1GC2KUEG8JZ1,2018,467,1850,60,20,481,34,0,12,12,1,888888888888,777777777777,777777777777,98,77,77,88888888888,88,888888888,4,96,1,0,0,0,0,0,0,0,8,6,7,6,12,0,20481,1,G,C,2,K,U,E,G,8,J,Z,1,0
49,490034,3,2,1,12,22,29,12,7,1,2,0,49,6,2HGFB2F50CH5,2012,474,1863,13,37,31,4,0,11,11,0,777777777777,777777777777,777777777777,77,77,77,00000000000,0,000000000,0,0,1,0,0,0,0,0,0,0,0,10,4,6,12,0,37031,2,H,G,F,B,2,F,5,0,C,H,5,0
49,490088,2,1,2,3,12,47,14,0,1,3,0,49,6,1GNSKLEDXPR1,2023,467,1852,7,20,421,15,0,12,12,0,777777777777,777777777777,777777777777,77,77,77,00000000000,0,000000000,0,0,1,0,0,0,0,0,5,5,0,6,6,6,12,0,20421,1,G,N,S,K,L,E,D,X,P,R,1,0
49,490103,2,1,7,27,4,26,24,0,0,3,0,49,6,1GCVKPEC7HZ1,2017,467,1850,60,20,481,34,0,12,12,0,777777777777,777777777777,777777777777,77,77,77,00000000000,0,000000000,0,0,1,0,0,0,0,0,0,0,8,12,6,5,14,0,20481,1,G,C,V,K,P,E,C,7,H,Z,1,0
49,490103,3,1,7,27,4,26,24,0,0,3,0,49,6,1GTN2TEA8BZ2,2011,472,1857,60,23,481,34,0,12,12,0,777777777777,777777777777,777777777777,77,77,77,00000000000,0,000000000,0,0,1,0,0,0,0,0,0,0,8,12,6,5,14,0,23481,1,G,T,N,2,T,E,A,8,B,Z,2,0
49,490133,2,1,7,28,16,47,14,0,0,2,0,49,6,1B7JW24R4CS2,1982,476,14869,60,7,481,34,0,12,12,0,777777777777,777777777777,777777777777,77,77,77,00000000000,0,000000000,0,0,1,0,0,0,0,0,0,0,0,6,2,5,12,0,7481,1,B,7,J,W,2,4,R,4,C,S,2,0
49,490138,2,1,5,7,19,40,14,0,0,3,0,49,6,5PVNJ8JR4C4S,2012,514,2168,65,98,806,62,999,16,16,0,777777777777,777777777777,777777777777,77,77,77,99999999999,99,999999999,99,99,1,0,0,0,0,0,99,0,0,3,2,5,12,0,98806,5,P,V,N,J,8,J,R,4,C,4,S,0
49,490200,3,2,10,11,23,48,12,2,0,3,0,49,6,3FADP4GXXKM1,2019,460,3267,5,12,32,5,0,11,11,0,777777777777,777777777777,777777777777,77,77,77,00000000000,0,000000000,0,0,1,0,0,0,0,0,0,0,0,1,2,5,12,0,12032,3,F,A,D,P,4,G,X,X,K,M,1,0
49,490242,2,1,10,2,11,48,14,0,0,3,0,49,6,5N1AT3BB9MC7,2021,478,1913,7,35,404,14,0,11,11,0,777777777777,777777777777,777777777777,77,77,77,00000000000,0,000000000,0,0,1,0,0,0,0,0,0,0,8,6,4,5,12,0,35404,5,N,1,A,T,3,B,B,9,M,C,7,0
51,510003,2,1,1,5,5,5,14,0,0,2,0,19,6,4V4NB9EH4HN9,2017,487,1967,66,51,881,66,0,18,18,1,5V8VA5323LT0,777777777777,777777777777,98,77,77,5703345061,57,03345061,6,1,1,0,0,0,0,0,0,0,2,6,7,6,2,1,51881,4,V,4,N,B,9,E,H,4,H,N,9,0
51,510055,2,1,1,16,1,30,14,0,0,3,0,51,6,JN8AT2MT8LW0,2020,478,1913,8,35,404,14,0,11,11,0,777777777777,777777777777,777777777777,77,77,77,00000000000,0,000000000,0,0,1,0,0,0,0,0,0,0,8,98,7,8,12,0,35404,J,N,8,A,T,2,M,T,8,L,W,0,0
51,510055,3,1,1,16,1,30,14,0,0,3,0,51,6,1GKDT13S6821,2008,472,4507,7,23,401,14,0,11,11,0,777777777777,777777777777,777777777777,77,77,77,00000000000,0,000000000,0,0,1,0,0,0,0,0,0,0,8,98,7,8,12,0,23401,1,G,K,D,T,1,3,S,6,8,2,1,0
51,510055,4,1,1,16,1,30,14,0,0,3,0,51,6,4S3BMAG62A12,2010,523,2232,13,48,34,4,0,11,11,0,777777777777,777777777777,777777777777,77,77,77,00000000000,0,000000000,0,0,1,0,0,0,0,0,0,0,8,98,7,8,12,0,48034,4,S,3,B,M,A,G,6,2,A,1,2,0
51,510065,2,1,2,3,0,48,14,0,2,2,0,51,6,3MEHM0JG7AR6,2010,465,1793,13,14,21,4,0,11,11,0,777777777777,777777777777,777777777777,77,77,77,00000000000,0,000000000,0,0,1,0,0,0,0,0,0,0,0,6,6,6,12,0,14021,3,M,E,H,M,0,J,G,7,A,R,6,1
51,510138,2,1,3,10,3,38,8,0,2,2,0,51,6,3VW4T7AJ4HM2,2017,482,3137,13,30,40,4,0,11,11,0,777777777777,777777777777,777777777777,77,77,77,00000000000,0,000000000,0,0,1,0,0,0,0,0,0,0,0,6,6,6,12,0,30040,3,V,W,4,T,7,A,J,4,H,M,2,0
51,510310,3,2,5,26,16,55,12,1,1,3,0,51,6,3GCPYFED7LG1,2020,467,1850,60,20,481,34,0,12,12,0,777777777777,777777777777,777777777777,77,77,77,00000000000,0,000000000,0,0,1,0,0,0,0,0,0,0,8,7,6,6,12,0,20481,3,G,C,P,Y,F,E,D,7,L,G,1,0
51,510395,2,1,6,21,14,29,14,0,5,2,0,51,6,KM8J2CA4XKU9,2019,498,2058,7,55,402,14,0,11,11,0,777777777777,777777777777,777777777777,77,77,77,00000000000,0,000000000,0,0,1,0,0,0,0,0,0,0,8,6,6,6,12,0,55402,K,M,8,J,2,C,A,4,X,K,U,9,2
51,510430,2,1,7,8,0,25,14,0,0,2,0,51,6,KMHDN46D36U3,2006,498,2735,13,55,35,4,0,11,11,0,777777777777,777777777777,777777777777,77,77,77,00000000000,0,000000000,0,0,1,0,0,0,0,0,0,0,7,8,7,8,14,0,55035,K,M,H,D,N,4,6,D,3,6,U,3,0
51,510430,3,1,7,8,0,25,14,0,0,2,0,24,6,1FTZR45E33TA,2003,460,1803,60,12,471,34,0,11,11,0,777777777777,777777777777,777777777777,77,77,77,00000000000,0,000000000,0,0,1,0,0,0,0,0,0,0,7,8,7,8,14,0,12471,1,F,T,Z,R,4,5,E,3,3,T,A,0
51,510430,4,1,7,8,0,25,14,0,0,2,0,51,6,1GTJK33172F1,2002,472,1857,60,23,880,67,0,13,13,0,777777777777,777777777777,777777777777,77,77,77,88888888888,88,888888888,1,97,1,0,0,0,0,0,0,0,7,6,7,8,14,0,23880,1,G,T,J,K,3,3,1,7,2,F,1,0
51,510436,2,2,7,9,6,15,8,0,2,2,0,51,6,3GKFK16Z42G2,2002,472,4579,7,23,431,16,0,12,12,0,777777777777,777777777777,777777777777,77,77,77,00000000000,0,000000000,0,0,1,0,0,0,0,0,0,0,8,6,6,6,12,0,23431,3,G,K,F,K,1,6,Z,4,2,G,2,0
51,510528,1,1,8,18,22,20,31,0,0,2,0,51,6,1G1ZH57B89F2,2009,467,1834,13,20,37,4,0,11,11,0,777777777777,777777777777,777777777777,77,77,77,00000000000,0,000000000,0,0,1,0,0,0,0,0,0,0,8,98,6,6,12,0,20037,1,G,1,Z,H,5,7,B,8,9,F,2,0
51,510538,3,2,8,9,20,42,12,6,0,2,0,51,6,1GNFK16348J2,2008,467,1851,7,20,422,15,0,12,12,0,777777777777,777777777777,777777777777,77,77,77,00000000000,0,000000000,0,0,1,0,0,0,0,0,0,0,8,6,7,8,12,0,20422,1,G,N,F,K,1,6,3,4,8,J,2,0
51,510543,2,1,6,30,22,5,14,0,0,3,0,51,6,1GCEK19MXTE1,1996,467,10978,60,20,481,34,0,12,12,0,777777777777,777777777777,777777777777,77,77,77,00000000000,0,000000000,0,0,1,0,0,0,0,0,0,0,8,12,7,8,12,0,20481,1,G,C,E,K,1,9,M,X,T,E,1,0
51,510556,2,1,8,24,22,47,14,0,0,2,0,51,6,1G1ND52FX4M5,2004,467,17528,13,20,37,4,0,11,11,0,777777777777,777777777777,777777777777,77,77,77,00000000000,0,000000000,0,0,1,0,0,0,0,0,0,0,8,6,6,6,12,0,20037,1,G,1,N,D,5,2,F,X,4,M,5,0
51,510578,2,1,8,30,13,30,8,0,0,2,0,51,6,1M1AN07Y98N0,2008,490,2028,66,86,881,66,0,18,18,1,888888888888,777777777777,777777777777,98,77,77,77777777777,77,777777777,6,3,1,0,0,0,0,0,0,0,8,12,0,8,8,0,86881,1,M,1,A,N,0,7,Y,9,8,N,0,0
51,510580,2,1,8,29,0,7,14,0,0,3,0,51,6,1FVACWDT1HHH,2017,450,2499,11,82,898,62,0,16,16,0,777777777777,777777777777,777777777777,77,77,77,57777895,57,777895,1,2,1,0,0,0,0,0,0,0,8,6,9,8,12,0,82898,1,F,V,A,C,W,D,T,1,H,H,H,0
51,510627,2,1,9,21,2,9,14,0,0,2,0,51,6,1G1ZB5ST5HF2,2017,467,1834,13,20,37,4,0,11,11,0,777777777777,777777777777,777777777777,77,77,77,00000000000,0,000000000,0,0,1,0,0,0,0,0,0,0,8,11,9,8,12,0,20037,1,G,1,Z,B,5,S,T,5,H,F,2,0
51,510654,2,1,9,28,3,10,14,0,0,2,0,51,6,1FAHP3HN9AW2,2010,460,1779,13,12,37,4,0,11,11,0,777777777777,777777777777,777777777777,77,77,77,00000000000,0,000000000,0,0,1,0,0,0,0,0,0,0,8,6,6,8,12,0,12037,1,F,A,H,P,3,H,N,9,A,W,2,0
51,510676,3,2,10,17,21,24,12,7,0,2,0,51,6,1HGCV3F58NA0,2022,474,1861,13,37,32,4,0,11,11,0,777777777777,777777777777,777777777777,77,77,77,00000000000,0,000000000,0,0,1,0,0,0,0,0,0,0,7,7,7,8,12,0,37032,1,H,G,C,V,3,F,5,8,N,A,0,0
51,510686,2,1,10,6,14,50,14,0,0,2,0,42,6,3AKJHHDR9NSM,2022,450,2501,66,82,881,66,0,18,18,1,1DW1A5324NBA,777777777777,777777777777,16,77,77,5703561034,57,03561034,6,1,1,0,0,0,0,0,0,0,8,6,6,6,12,1,82881,3,A,K,J,H,H,D,R,9,N,S,M,0
51,510698,2,1,10,12,1,58,14,0,0,2,0,51,6,5N1AT2MV5LC8,2020,478,1913,8,35,404,14,0,11,11,0,777777777777,777777777777,777777777777,77,77,77,00000000000,0,000000000,0,0,1,0,0,0,0,0,0,0,0,10,6,8,12,0,35404,5,N,1,A,T,2,M,V,5,L,C,8,0
51,510698,3,1,10,12,1,58,14,0,0,2,0,51,6,5NMS5CAD7LH2,2020,498,2057,7,55,401,14,0,11,11,0,777777777777,777777777777,777777777777,77,77,77,00000000000,0,000000000,0,0,1,0,0,0,0,0,0,0,8,7,6,8,12,0,55401,5,N,M,S,5,C,A,D,7,L,H,2,0
51,510698,4,1,10,12,1,58,14,0,0,2,0,51,6,1B7GG2AX8YS7,2000,476,1941,60,7,472,34,0,11,11,0,777777777777,777777777777,777777777777,77,77,77,00000000000,0,000000000,0,0,1,0,0,0,0,0,0,0,8,6,7,8,12,0,7472,1,B,7,G,G,2,A,X,8,Y,S,7,0
51,510726,2,1,10,26,1,48,40,0,0,2,0,51,6,1G4HP52K05U1,2005,468,8842,13,18,2,4,0,11,11,0,777777777777,777777777777,777777777777,77,77,77,00000000000,0,000000000,0,0,1,0,0,0,0,0,0,0,8,5,7,8,12,0,18002,1,G,4,H,P,5,2,K,0,5,U,1,0
51,510737,2,1,10,22,13,24,8,0,0,2,0,51,6,3GNCA23B29S5,2009,467,4586,7,20,23,6,0,11,11,0,777777777777,777777777777,777777777777,77,77,77,00000000000,0,000000000,0,0,1,0,0,0,0,0,0,0,7,10,7,6,8,0,20023,3,G,N,C,A,2,3,B,2,9,S,5,0
51,510769,3,2,11,9,11,20,12,6,0,3,0,51,6,WDDLJ9BB1CA0,2012,449,2082,13,42,51,4,0,11,11,0,777777777777,777777777777,777777777777,77,77,77,00000000000,0,000000000,0,0,1,0,0,0,0,0,0,0,0,12,9,8,12,0,42051,W,D,D,L,J,9,B,B,1,C,A,0,0
51,510769,4,2,11,9,11,20,12,6,0,3,0,51,6,JTEEP21A7702,2007,448,2213,7,49,403,14,0,11,11,0,777777777777,777777777777,777777777777,77,77,77,00000000000,0,000000000,0,0,1,0,0,0,0,0,0,0,0,12,9,8,12,0,49403,J,T,E,E,P,2,1,A,7,7,0,2,0
51,510850,2,1,12,16,14,31,45,0,0,4,0,51,3,1HTMMAAM3AH1,2010,526,2649,11,84,881,62,0,16,16,0,777777777777,777777777777,777777777777,77,77,77,574142480,57,4142480,1,96,1,0,0,0,0,0,0,0,8,6,6,6,12,0,84881,1,H,T,M,M,A,A,M,3,A,H,1,0
51,510861,2,1,12,23,6,33,14,0,0,2,0,51,6,SHSRD785X5U3,2005,474,1865,7,37,402,14,0,11,11,0,777777777777,777777777777,777777777777,77,77,77,00000000000,0,000000000,0,0,1,0,0,0,0,0,0,0,8,6,6,6,12,0,37402,S,H,S,R,D,7,8,5,X,5,U,3,0
53,530073,2,2,3,2,2,52,14,0,1,2,0,53,6,1FM5K8AR7JGC,2018,460,1800,7,12,401,14,0,12,12,0,777777777777,777777777777,777777777777,77,77,77,00000000000,0,000000000,0,0,1,0,0,0,0,0,5,0,8,6,6,6,98,0,12401,1,F,M,5,K,8,A,R,7,J,G,C,1
53,530090,2,1,3,3,17,8,8,0,1,2,0,53,6,1C4GP44R8YB6,2000,477,1936,2,6,441,20,0,11,11,0,777777777777,777777777777,777777777777,77,77,77,00000000000,0,000000000,0,0,1,0,0,0,0,0,0,0,8,61,6,6,12,0,6441,1,C,4,G,P,4,4,R,8,Y,B,6,0
53,530093,3,2,3,15,22,26,12,6,0,2,0,53,6,4T1C11AK9LU9,2020,448,2469,13,49,40,4,0,11,11,0,777777777777,777777777777,777777777777,77,77,77,00000000000,0,000000000,0,0,1,0,0,0,0,0,0,0,7,81,7,5,18,0,49040,4,T,1,C,1,1,A,K,9,L,U,9,0
53,530152,2,1,3,1,5,7,8,0,0,2,0,53,6,6G2ER57709L1,2009,536,4264,13,22,24,4,0,11,11,0,777777777777,777777777777,777777777777,77,77,77,00000000000,0,000000000,0,0,1,0,0,0,0,0,0,0,8,63,7,5,12,0,22024,6,G,2,E,R,5,7,7,0,9,L,1,0
53,530221,2,1,5,24,22,22,14,0,4,2,0,53,6,4P1BCAGF9LA0,2020,560,8340,130,98,898,63,0,18,18,0,777777777777,777777777777,777777777777,77,77,77,88888888888,88,888888888,2,97,1,0,0,0,0,0,7,5,8,62,7,5,12,0,98898,4,P,1,B,C,A,G,F,9,L,A,0,0
53,530244,2,1,6,11,7,36,14,0,1,2,0,53,6,1HGCD713XRA0,1994,474,1861,3,37,32,2,0,11,11,0,777777777777,777777777777,777777777777,77,77,77,00000000000,0,000000000,0,0,1,0,0,0,0,0,0,0,8,6,6,6,12,0,37032,1,H,G,C,D,7,1,3,X,R,A,0,1
53,530277,2,1,6,20,10,1,14,0,1,2,0,18,6,3AKJHHDR9NSN,2022,450,2501,66,82,881,66,0,18,18,1,1E1H5Z287PR0,777777777777,777777777777,98,77,77,5753773,57,53773,6,3,1,0,0,0,0,0,0,0,8,6,6,6,12,0,82881,3,A,K,J,H,H,D,R,9,N,S,N,0
53,530290,2,1,6,21,0,17,14,0,1,2,0,53,6,1FMDU72X8YZA,2000,460,1800,7,12,401,14,0,11,11,0,777777777777,777777777777,777777777777,77,77,77,00000000000,0,000000000,0,0,1,0,0,0,0,0,0,0,7,12,7,5,12,0,12401,1,F,M,D,U,7,2,X,8,Y,Z,A,0
53,530332,2,1,7,25,23,37,42,0,0,2,0,53,6,JT2BF12KXT01,1996,448,2469,13,49,40,4,0,11,11,0,777777777777,777777777777,777777777777,77,77,77,00000000000,0,000000000,0,0,1,0,0,0,0,0,0,0,8,98,6,5,12,0,49040,J,T,2,B,F,1,2,K,X,T,0,1,0
53,530332,3,1,7,25,23,37,42,0,0,2,0,53,6,3AKJGLD68ESF,2014,450,2501,66,82,881,66,0,18,18,0,777777777777,777777777777,777777777777,77,77,77,88888888888,88,888888888,5,96,1,0,0,0,0,0,0,0,8,6,7,5,12,0,82881,3,A,K,J,G,L,D,6,8,E,S,F,0
53,530346,2,2,6,14,4,21,14,0,1,2,0,53,6,YV1SJ59H0423,2004,485,3130,15,51,43,6,0,11,11,0,777777777777,777777777777,777777777777,77,77,77,00000000000,0,000000000,0,0,1,0,0,0,0,0,0,0,8,6,6,6,12,0,51043,Y,V,1,S,J,5,9,H,0,4,2,3,0
53,530359,3,5,6,3,15,24,12,7,0,2,0,6,6,5YJYGDEE8LF0,2020,441,27027,7,29,5,14,0,11,11,0,777777777777,777777777777,777777777777,77,77,77,00000000000,0,000000000,0,0,1,0,0,0,0,0,0,0,7,12,7,5,98,0,29005,5,Y,J,Y,G,D,E,E,8,L,F,0,0
53,530489,2,1,8,4,9,17,14,0,1,2,0,53,6,JTMG1RFV8KJ0,2019,448,2217,7,49,402,14,0,11,11,0,777777777777,777777777777,777777777777,77,77,77,00000000000,0,000000000,0,0,1,0,0,0,0,0,0,0,8,6,7,5,12,0,49402,J,T,M,G,1,R,F,V,8,K,J,0,0
53,530549,2,1,11,7,22,2,14,0,0,3,0,53,6,2T1LR32E53C0,2003,448,2466,15,49,47,6,0,11,11,0,777777777777,777777777777,777777777777,77,77,77,00000000000,0,000000000,0,0,1,0,0,0,0,0,0,0,7,12,7,5,12,0,49047,2,T,1,L,R,3,2,E,5,3,C,0,0
53,530568,2,1,10,30,21,55,14,0,0,2,0,53,6,1FM5K8D88HGA,2017,460,1800,7,12,401,14,0,12,12,0,777777777777,777777777777,777777777777,77,77,77,00000000000,0,000000000,0,0,1,0,0,0,0,0,0,0,8,12,6,6,12,0,12401,1,F,M,5,K,8,D,8,8,H,G,A,0
53,530573,5,4,11,16,7,20,12,2,1,2,0,40,6,3AKJHLDV8NSN,2022,450,2501,66,82,881,66,0,18,18,1,57VAA5324P10,777777777777,777777777777,98,77,77,5780806,57,80806,6,98,1,0,0,0,0,0,0,0,8,12,6,6,12,0,82881,3,A,K,J,H,L,D,V,8,N,S,N,0
53,530649,2,1,12,22,14,43,14,0,0,2,0,53,6,7FARW2H92KE0,2019,474,1865,7,37,402,14,0,11,11,0,777777777777,777777777777,777777777777,77,77,77,00000000000,0,000000000,0,0,1,0,0,0,0,0,0,0,8,6,7,5,12,0,37402,7,F,A,R,W,2,H,9,2,K,E,0,0
53,530649,3,1,12,22,14,43,14,0,0,2,0,53,6,1FADP3K24EL1,2014,460,1779,5,12,37,5,0,11,11,0,777777777777,777777777777,777777777777,77,77,77,00000000000,0,000000000,0,0,1,0,0,0,0,0,0,0,8,63,7,5,12,0,12037,1,F,A,D,P,3,K,2,4,E,L,1,0
53,530676,2,1,11,23,2,48,14,0,0,2,0,53,6,SALSF25426A9,2006,444,2246,7,62,421,15,0,12,12,0,777777777777,777777777777,777777777777,77,77,77,00000000000,0,000000000,0,0,1,0,0,0,0,0,0,0,8,62,7,5,12,0,62421,S,A,L,S,F,2,5,4,2,6,A,9,0
53,530708,2,1,5,24,0,28,45,0,0,4,0,53,3,999999999999,9999,522,26509,127,98,998,93,0,18,18,0,777777777777,777777777777,777777777777,77,77,77,88888888888,88,888888888,19,96,1,0,0,0,0,0,0,0,8,6,7,5,12,0,98998,9,9,9,9,9,9,9,9,9,9,9,9,0
54,540083,2,1,3,29,21,0,14,0,0,2,0,54,6,1HTXRAPT25J0,2005,526,17211,11,84,881,63,0,18,18,0,777777777777,777777777777,777777777777,77,77,77,77777777777,77,777777777,2,10,1,0,0,0,0,0,0,0,0,6,6,6,12,0,84881,1,H,T,X,R,A,P,T,2,5,J,0,0
54,540087,3,2,6,7,10,45,12,2,0,3,0,0,6,1FTMF1EM9DKF,2013,460,1801,60,12,481,34,0,12,12,0,777777777777,777777777777,777777777777,77,77,77,00000000000,0,000000000,0,0,1,0,0,0,0,0,0,0,0,1,6,5,12,0,12481,1,F,T,M,F,1,E,M,9,D,K,F,0
54,540087,4,2,6,7,10,45,12,2,0,3,0,0,6,1GCHTCE30FF1,2015,467,4086,60,20,473,34,0,11,11,0,777777777777,777777777777,777777777777,77,77,77,00000000000,0,000000000,0,0,1,0,0,0,0,0,0,0,0,5,2,5,12,0,20473,1,G,C,H,T,C,E,3,0,F,F,1,0
54,540112,2,1,7,8,13,28,34,0,1,3,0,54,6,JTEBU5JR1K56,2019,448,2216,7,49,401,14,0,12,12,0,777777777777,777777777777,777777777777,77,77,77,00000000000,0,000000000,0,0,1,0,0,0,0,0,0,0,0,9,6,5,12,0,49401,J,T,E,B,U,5,J,R,1,K,5,6,0
54,540172,2,1,10,11,22,3,14,0,0,2,0,54,6,2C3HE66G44H6,2004,477,1878,13,6,51,4,0,11,11,0,777777777777,777777777777,777777777777,77,77,77,00000000000,0,000000000,0,0,1,0,0,0,0,0,0,0,0,9,2,5,12,0,6051,2,C,3,H,E,6,6,G,4,4,H,6,0
54,540195,2,1,11,14,16,49,59,0,0,2,0,54,6,5PVNH9AG4P5T,2023,514,2169,11,98,806,63,0,16,18,0,777777777777,777777777777,777777777777,77,77,77,77777777777,77,777777777,1,4,1,0,0,0,0,0,0,0,0,83,2,5,12,0,98806,5,P,V,N,H,9,A,G,4,P,5,T,0
54,540204,2,1,11,21,9,55,30,0,0,3,0,54,6,KL79MUSL1MB0,2021,467,4548,7,20,498,14,0,11,11,0,777777777777,777777777777,777777777777,77,77,77,00000000000,0,000000000,0,0,1,0,0,0,0,0,0,0,0,6,6,6,12,0,20498,K,L,7,9,M,U,S,L,1,M,B,0,0
54,540220,1,2,12,3,18,50,14,0,1,3,0,54,6,3C6UR5CJ1RG1,2024,496,13621,60,7,482,34,0,12,12,0,777777777777,777777777777,777777777777,77,77,77,00000000000,0,000000000,0,0,1,0,0,0,0,0,10,0,0,6,6,6,12,0,7482,3,C,6,U,R,5,C,J,1,R,G,1,0
55,550151,3,2,5,28,12,18,12,2,0,2,0,55,6,4S3GKAV6XN36,2022,523,2235,13,48,38,4,0,11,11,0,777777777777,777777777777,777777777777,77,77,77,00000000000,0,000000000,0,0,1,0,0,0,0,0,0,0,0,10,6,6,12,0,48038,4,S,3,G,K,A,V,6,X,N,3,6,0
55,550161,1,1,5,26,15,40,14,0,1,2,0,18,6,3AKJHHDR1PSU,2023,450,2501,66,82,881,66,0,18,18,1,1JJV532D2DL7,777777777777,777777777777,18,77,77,5754283,57,54283,6,1,1,0,0,0,0,0,0,0,2,6,6,6,12,0,82881,3,A,K,J,H,H,D,R,1,P,S,U,0
55,550208,2,1,6,20,2,33,42,0,0,2,0,55,6,1C4RJFAG0EC2,2014,483,1949,7,2,422,15,0,12,12,0,777777777777,777777777777,777777777777,77,77,77,00000000000,0,000000000,0,0,1,0,0,0,0,0,0,0,8,99,6,6,14,0,2422,1,C,4,R,J,F,A,G,0,E,C,2,0
55,550208,3,1,6,20,2,33,42,0,0,2,0,55,6,4T3ZA3BB6BU0,2011,448,3005,7,49,53,5,0,11,11,0,777777777777,777777777777,777777777777,77,77,77,00000000000,0,000000000,0,0,1,0,0,0,0,0,0,0,8,99,6,6,14,0,49053,4,T,3,Z,A,3,B,B,6,B,U,0,0
55,550208,4,1,6,20,2,33,42,0,0,2,0,55,6,1C4RJFBGXJC2,2018,483,1949,7,2,422,15,0,12,12,0,777777777777,777777777777,777777777777,77,77,77,00000000000,0,000000000,0,0,1,0,0,0,0,0,0,0,0,6,4,5,14,0,2422,1,C,4,R,J,F,B,G,X,J,C,2,0
55,550314,3,2,7,27,18,36,12,6,0,2,0,55,6,3GNKBCRS2MS5,2021,467,11502,7,20,498,14,0,12,12,0,777777777777,777777777777,777777777777,77,77,77,00000000000,0,000000000,0,0,1,0,0,0,0,0,0,0,7,1,4,5,12,0,20498,3,G,N,K,B,C,R,S,2,M,S,5,0
55,550349,2,1,9,11,15,48,14,0,1,2,0,93,6,3HSDZAPR4NN2,2022,526,20852,66,84,881,66,0,18,18,1,1TTF532A2J30,777777777777,777777777777,18,77,77,57135401,57,135401,6,3,1,0,0,0,0,0,0,0,9,5,2,5,12,0,84881,3,H,S,D,Z,A,P,R,4,N,N,2,0
55,550352,2,1,9,17,22,51,14,0,0,2,0,55,6,JTMBFREV3JJ2,2018,448,2217,7,49,402,14,0,11,11,0,777777777777,777777777777,777777777777,77,77,77,00000000000,0,000000000,0,0,1,0,0,0,0,0,0,0,7,6,4,5,12,0,49402,J,T,M,B,F,R,E,V,3,J,J,2,0
55,550421,2,1,10,12,20,38,14,0,0,3,0,99,6,999999999999,9999,99999,99999,999,99,999,99,0,11,12,0,777777777777,777777777777,777777777777,77,77,77,00000000000,0,000000000,0,0,1,0,0,0,0,99,0,0,0,5,7,9,12,0,99999,9,9,9,9,9,9,9,9,9,9,9,9,0
55,550445,2,1,11,1,21,30,45,0,1,4,0,55,3,100000000010,2014,99999,99999,997,99,999,99,0,17,18,0,777777777777,777777777777,777777777777,77,77,77,99999999999,99,999999999,99,99,1,0,0,0,0,0,0,0,0,3,4,6,12,0,99999,1,0,0,0,0,0,0,0,0,0,1,0,1
55,550511,2,1,12,13,11,2,14,0,0,2,0,55,6,4T1BF28B93U2,2003,448,2465,13,49,43,4,0,11,11,0,777777777777,777777777777,777777777777,77,77,77,00000000000,0,000000000,0,0,1,0,0,0,0,0,0,0,0,6,6,6,12,0,49043,4,T,1,B,F,2,8,B,9,3,U,2,0
55,550513,2,1,12,24,18,40,14,0,1,2,0,93,6,1FVACWDT9HHJ,2017,450,2499,11,82,898,62,0,16,16,0,777777777777,777777777777,777777777777,77,77,77,88888888888,88,888888888,1,97,1,0,0,0,0,0,12,2,0,8,2,6,12,0,82898,1,F,V,A,C,W,D,T,9,H,H,J,0
55,550516,2,1,12,25,22,34,14,0,0,2,0,55,6,3C4FY58B85T5,2005,477,3595,7,6,52,6,0,11,11,0,777777777777,777777777777,777777777777,77,77,77,00000000000,0,000000000,0,0,1,0,0,0,0,0,0,0,0,7,6,6,12,0,6052,3,C,4,F,Y,5,8,B,8,5,T,5,0
55,550516,3,1,12,25,22,34,14,0,0,2,0,55,6,1FTPW14V88FB,2008,460,1801,60,12,481,34,0,12,12,0,777777777777,777777777777,777777777777,77,77,77,00000000000,0,000000000,0,0,1,0,0,0,0,0,0,0,0,6,4,6,12,0,12481,1,F,T,P,W,1,4,V,8,8,F,B,0
55,550523,2,1,10,25,20,2,14,0,0,2,0,55,6,2T3BF33V99W0,2009,448,2217,7,49,402,14,0,11,11,0,777777777777,777777777777,777777777777,77,77,77,00000000000,0,000000000,0,0,1,0,0,0,0,0,0,0,0,9,6,5,12,0,49402,2,T,3,B,F,3,3,V,9,9,W,0,0
55,550523,3,1,10,25,20,2,14,0,0,2,0,55,6,KL4CJBSB2FB1,2015,468,1842,7,18,404,14,0,11,11,0,777777777777,777777777777,777777777777,77,77,77,00000000000,0,000000000,0,0,1,0,0,0,0,0,0,0,0,5,6,5,12,0,18404,K,L,4,C,J,B,S,B,2,F,B,1,0
55,550528,4,3,2,12,15,28,12,6,0,3,0,92,6,5FNRL5H34GB0,2016,474,1869,2,37,441,20,0,12,12,0,777777777777,777777777777,777777777777,77,77,77,00000000000,0,000000000,0,0,1,0,0,0,0,0,0,0,0,6,2,5,12,0,37441,5,F,N,R,L,5,H,3,4,G,B,0,0
55,550533,2,1,12,5,13,30,14,0,0,2,0,55,6,JTEES42A2820,2008,448,2213,7,49,403,14,0,11,11,0,777777777777,777777777777,777777777777,77,77,77,00000000000,0,000000000,0,0,1,0,0,0,0,0,0,0,0,8,6,5,12,0,49403,J,T,E,E,S,4,2,A,2,8,2,0,0
55,550533,3,1,12,5,13,30,14,0,0,2,0,55,6,JF1GPAA67E82,2014,523,2235,15,48,38,6,0,11,11,0,777777777777,777777777777,777777777777,77,77,77,00000000000,0,000000000,0,0,1,0,0,0,0,0,0,0,0,6,4,5,12,0,48038,J,F,1,G,P,A,A,6,7,E,8,2,0
55,550533,4,1,12,5,13,30,14,0,0,2,0,55,6,1N4BL4DV3PN3,2023,478,1904,13,35,47,4,0,11,11,0,777777777777,777777777777,777777777777,77,77,77,00000000000,0,000000000,0,0,1,0,0,0,0,0,0,0,0,10,2,5,12,0,35047,1,N,4,B,L,4,D,V,3,P,N,3,0
56,560004,2,1,2,16,3,28,45,0,1,4,0,56,3,1M2AX09C4EM0,2014,490,2030,11,86,881,63,0,18,18,0,777777777777,777777777777,777777777777,77,77,77,88888888888,88,888888888,2,97,1,0,0,0,0,0,0,0,0,12,6,6,45,0,86881,1,M,2,A,X,0,9,C,4,E,M,0,0
56,560037,1,1,6,17,6,28,45,0,1,4,0,56,3,1HTMMMMN6KH5,2019,526,2649,11,84,881,63,129,17,17,0,777777777777,777777777777,777777777777,77,77,77,56exempt,56,exempt,2,97,1,0,0,0,0,0,0,0,2,6,2,5,12,0,84881,1,H,T,M,M,M,M,N,6,K,H,5,0
56,560066,2,1,9,7,9,36,14,0,1,2,0,18,6,4V4NC9EH2PN6,2023,487,1967,66,51,881,66,0,18,18,1,888888888888,777777777777,777777777777,98,77,77,571437731,57,1437731,6,1,1,0,0,0,0,0,0,0,0,6,6,6,12,0,51881,4,V,4,N,C,9,E,H,2,P,N,6,0
