STATE,ST_CASE,VEH_NO,TRAILER_NO,VEHICLEDESCRIPTOR,VINDECODEDON,VINDECODEERROR,VEHICLETYPEID,VEHICLETYPE,MANUFACTURERFULLNAMEID,MANUFACTURERFULLNAME,MAKEID,MAKE,MODELID,MODEL,MODELYEAR,SERIES,TRIM,PLANTCOUNTRYID,PLANTCOUNTRY,PLANTSTATE,PLANTCITY,PLANTCOMPANYNAME,NOTE,BODYCLASSID,BODYCLASS,GROSSVEHICLEWEIGHTRATINGFROMID,GROSSVEHICLEWEIGHTRATINGFROM,GROSSVEHICLEWEIGHTRATINGTOID,GROSSVEHICLEWEIGHTRATINGTO,TRAILERBODYTYPEID,TRAILERBODYTYPE,TRAILERTYPECONNECTIONID,TRAILERTYPECONNECTION,TRAILERLENGTHFT,OTHERTRAILERINFO,AXLESCOUNT,AXLECONFIGURATIONID,AXLECONFIGURATION
1,10593,3,1,1GRAP962*GK******,2025-06-27 04:48:03,0,6,TRAILER,1073,GREAT DANE TRAILERS,520,GREAT DANE TRAILERS,13436,Great Dane Trailers,2016,,,6,UNITED STATES (USA),ILLINOIS,KEWANEE,,,61,Trailer,,,,,5,Box or Van Enclosed Trailer,4,Straight Semi/Semi Trailer,48.000,Dry Freight Van / Reefer Van / Insulated Van,2,,
4,40042,1,1,1UYVS253*FU******,2025-06-27 04:48:03,0,6,TRAILER,10289,UTILITY TRAILER MANUFACTURING COMPANY,10138,UTILITY TRAILER MANUFACTURER,26222,Utility Trailer Manufacturer,2015,,,6,UNITED STATES (USA),UTAH,CLEARFIELD,,,61,Trailer,,,,,5,Box or Van Enclosed Trailer,4,Straight Semi/Semi Trailer,53.000,,2,,
4,40056,1,1,5HTSA422*M7******,2025-06-27 04:48:03,0,6,TRAILER,5564,"HEIL TRAILER INTERNATIONAL, CO",2365,HEIL TRAILER INTERNATIONAL,6142,Heil Trailer International,2021,,,6,UNITED STATES (USA),TENNESSEE,ATHENS,,,61,Trailer,,,,,15,Tank Trailer,4,Straight Semi/Semi Trailer,42.000,AL 306/406,2,,
4,40056,2,1,1TTF532A*N3******,2025-06-27 04:48:03,0,6,TRAILER,8231,TRANSCRAFT CORPORATION,12051,BENSON/WABASH,27664,Aluminium Flatbed,2022,,,6,UNITED STATES (USA),KENTUCKY,CADIZ,,,61,Trailer,,,,,6,Flatbed or Platform Trailer,6,Kingpin,53.000,,2,,
4,40062,1,1,1GR1P062*NT******,2025-06-27 04:48:03,0,6,TRAILER,1073,GREAT DANE TRAILERS,520,GREAT DANE TRAILERS,13436,Great Dane Trailers,2022,,,6,UNITED STATES (USA),INDIANA,TERRE HAUTE,,,61,Trailer,,,,,5,Box or Van Enclosed Trailer,6,Kingpin,53.000,"Semitrailer - Dry freight, Reefer, or Insulated van",2,,
4,40062,4,1,1JJV532D*JL******,2025-06-27 04:48:03,0,6,TRAILER,14508,WABASH NATIONAL CORPORATION,12319,WABASH VANS,10942,Dry Van Duraplate,2018,,,6,UNITED STATES (USA),INDIANA,LAFAYETTE,,,61,Trailer,,,,,5,Box or Van Enclosed Trailer,,,53.000,,2,,
4,40062,7,1,1JJV532D*PL******,2025-06-27 04:48:03,0,6,TRAILER,14508,WABASH NATIONAL CORPORATION,12319,WABASH VANS,10942,Dry Van Duraplate,2023,,,6,UNITED STATES (USA),INDIANA,LAFAYETTE,,,61,Trailer,,,,,5,Box or Van Enclosed Trailer,6,Kingpin,53.000,,2,,
4,40062,8,1,1GR1P062*NT******,2025-06-27 04:48:03,0,6,TRAILER,1073,GREAT DANE TRAILERS,520,GREAT DANE TRAILERS,13436,Great Dane Trailers,2022,,,6,UNITED STATES (USA),INDIANA,TERRE HAUTE,,,61,Trailer,,,,,5,Box or Van Enclosed Trailer,6,Kingpin,53.000,"Semitrailer - Dry freight, Reefer, or Insulated van",2,,
4,40062,9,1,1UYVS253*P7******,2025-06-27 04:48:03,0,6,TRAILER,10289,UTILITY TRAILER MANUFACTURING COMPANY,10138,UTILITY TRAILER MANUFACTURER,26222,Utility Trailer Manufacturer,2023,,,6,UNITED STATES (USA),VIRGINIA,GLADE SPRING,,,61,Trailer,,,,,5,Box or Van Enclosed Trailer,4,Straight Semi/Semi Trailer,53.000,,2,,
4,40062,10,1,5V8VC532*NT******,2025-06-27 04:48:03,0,6,TRAILER,16522,VANGUARD NATIONAL TRAILER CORPORTATION,6474,VANGUARD NATIONAL TRAILER CORPORATION (VNTC),17782,VANGUARD NATIONAL TRAILER CORPORATION (VNTC),2022,,,6,UNITED STATES (USA),GEORGIA,TRENTON,,,61,Trailer,,,,,5,Box or Van Enclosed Trailer,6,Kingpin,53.000,Dry Freight Trailer,,3,Tandem
4,40065,3,1,5ZT2RSJC*N3******,2025-06-27 04:48:03,0,6,TRAILER,1084,"FOREST RIVER, INC.",531,FOREST RIVER,18325,ROCKWOOD LIGHT WEIGHT TRAILERS,2022,,,6,UNITED STATES (USA),INDIANA,MILLERSBURG,,"Plant address: 302 N Wabash, Millersburg",61,Trailer,,,,,10,Camping or Travel Trailer,1,Ball Type Pull,20.000,Travel Trailer,1,,
4,40075,2,1,1W910382*XW172***,2025-06-27 04:48:03,0,6,TRAILER,17168,WESTERN CONSTRUCTION COMPONENTS INC.,7642,WESTERN CONSTRUCTION COMPONENTS,20584,Western Construction Components,1999,,,6,UNITED STATES (USA),CALIFORNIA,SANTEE,,,61,Trailer,,,,,4,Dump Trailer,,,38.000,End Dump Trailer,2,,
4,40130,1,1,16WTE402*6A******,2025-06-27 04:48:03,0,6,TRAILER,2208,CERTIFIED STAINLESS SERVICES INC DBA WESTMARK,1771,WEST-MARK,5206,"Certified Stainless Services, Inc dba West-Mark",2006,,,6,UNITED STATES (USA),CALIFORNIA,ATWATER,,,61,Trailer,,,,,15,Tank Trailer,,,40.000,NON-SPEC,2,,
4,40165,2,1,4WW4432A*F7******,2025-06-27 04:48:03,0,6,TRAILER,11681,WILSON TRAILER CO.,3855,WILSON TRAILER CO.,8390,Wilson Trailer Co.,2015,,,6,UNITED STATES (USA),SOUTH DAKOTA,LENNOX,,Type of suspension: Air Ride,61,Trailer,,,,,180,"Grain, Chip, or Gravel Trailer",,,43.000,Grain Trailer,2,,
4,40258,1,1,5851U141*LP******,2025-06-27 04:48:03,0,6,TRAILER,7480,SUN COUNTRY TRAILERS,3310,SUN COUNTRY,7471,Sun Country,2020,,,6,UNITED STATES (USA),ARIZONA,GLENDALE,Plant AZ,,61,Trailer,,,,,16,Utility Trailer,14,Bumper Pull,14.000,,1,,
4,40261,2,1,3H6KL432*R3******,2025-06-27 04:48:03,0,6,TRAILER,6179,"POLAR TANK TRAILER, LLC",2921,POLAR TANK TRAILER,6874,Polar Tank Trailer,2024,AL ASPHALT,,12,MEXICO,CHIHUAHUA,,,,61,Trailer,,,,,15,Tank Trailer,4,Straight Semi/Semi Trailer,43.000,,2,,
4,40279,2,1,3H4SS412*P3******,2025-06-27 04:48:03,0,6,TRAILER,5564,"HEIL TRAILER INTERNATIONAL, CO",2365,HEIL TRAILER INTERNATIONAL,6142,Heil Trailer International,2023,,,12,MEXICO,,JUAREZ,,,61,Trailer,,,,,15,Tank Trailer,4,Straight Semi/Semi Trailer,41.000,Dry Bulk Trailer AL PNEUMATIC,2,,
4,40293,2,1,1UJBJ0BN*G7******,2025-06-27 04:48:03,0,6,TRAILER,9892,"JAYCO, INC.",4516,JAYCO,29071,Jayco,2016,,,6,UNITED STATES (USA),IDAHO,KIMBERLY,Western Manufacturing,,61,Trailer,,,,,10,Camping or Travel Trailer,14,Bumper Pull,30.000,Travel Trailer,2,3,Tandem
4,40353,1,1,1UYVS253*DU******,2025-06-27 04:48:03,0,6,TRAILER,10289,UTILITY TRAILER MANUFACTURING COMPANY,10138,UTILITY TRAILER MANUFACTURER,26222,Utility Trailer Manufacturer,2013,,,6,UNITED STATES (USA),UTAH,CLEARFIELD,,,61,Trailer,,,,,5,Box or Van Enclosed Trailer,4,Straight Semi/Semi Trailer,53.000,,2,,
4,40428,2,1,527SR532*GL******,2025-06-27 04:48:03,0,6,TRAILER,6703,VANGUARD REEFER TRAILER INC.,1561,"CIMC REEFER TRAILER,INC",4978,"CIMC REEFER TRAILER,INC.",2016,,,6,UNITED STATES (USA),CALIFORNIA,LOS ANGELES,"CIMC Reefer Trailer,Inc",,61,Trailer,,,,,5,Box or Van Enclosed Trailer,4,Straight Semi/Semi Trailer,53.000,Reefer Van Trailer,2,,
4,40428,3,1,3BZGN362*3C******,2025-06-27 04:48:03,1,6,TRAILER,13368,"GRUPO REMOLQUES DEL NORTE, S.A. DE C.V.",1539,GRUPO REMOLQUES DEL NORTE,4947,GRUPO REMOLQUES del NORTE,2003,,,12,MEXICO,CHIHUAHUA,CD. CUAUHTEMOC,,,61,Trailer,,,,,13,Live Animal Trailer,,,36.000,Type of Material = Steel,2,,
4,40428,4,1,5KTUS131*RF******,2025-06-27 04:48:03,0,6,TRAILER,10097,KARAVAN TRAILERS INC.,5044,KARAVAN TRAILER,12425,Karavan Trailer,2024,,,6,UNITED STATES (USA),WISCONSIN,FOX LAKE,,,61,Trailer,,,,,16,Utility Trailer,31,Ball Hitch,13.000,FRAME TYPE: Sq. Tube,1,,
4,40440,2,1,1JJV281D*HL******,2025-06-27 04:48:03,0,6,TRAILER,14508,WABASH NATIONAL CORPORATION,12319,WABASH VANS,10942,Dry Van Duraplate,2017,,,6,UNITED STATES (USA),INDIANA,LAFAYETTE,,,61,Trailer,,,,,5,Box or Van Enclosed Trailer,,,28.000,,1,,
4,40499,1,1,3H3V482C*HT******,2025-06-27 04:48:03,0,6,TRAILER,14282,"HYUNDAI DE MEXICO, S.A. DE C.V.",4876,HYUNDAI TRANSLEAD TRAILERS,11496,Hyundai Translead Trailers,2017,,,12,MEXICO,BAJA CALIFORNIA,TIJUANA,,,61,Trailer,,,,,5,Box or Van Enclosed Trailer,,,48.000,Van Trailer,2,,
4,40499,4,1,1W910382*1W172***,2025-06-27 04:48:03,0,6,TRAILER,17168,WESTERN CONSTRUCTION COMPONENTS INC.,7642,WESTERN CONSTRUCTION COMPONENTS,20584,Western Construction Components,2001,,,6,UNITED STATES (USA),CALIFORNIA,SANTEE,,,61,Trailer,,,,,4,Dump Trailer,,,38.000,End Dump Trailer,2,,
4,40512,1,1,3H6KL432*M3******,2025-06-27 04:48:03,0,6,TRAILER,6179,"POLAR TANK TRAILER, LLC",2921,POLAR TANK TRAILER,6874,Polar Tank Trailer,2021,AL ASPHALT,,12,MEXICO,CHIHUAHUA,,,,61,Trailer,,,,,15,Tank Trailer,4,Straight Semi/Semi Trailer,43.000,,2,,
4,40558,2,1,5HTAB432*17******,2025-06-27 04:48:03,0,6,TRAILER,5564,"HEIL TRAILER INTERNATIONAL, CO",2365,HEIL TRAILER INTERNATIONAL,6142,Heil Trailer International,2001,,,6,UNITED STATES (USA),TENNESSEE,ATHENS,,Body Shape: Straight Elliptical,61,Trailer,,,,,15,Tank Trailer,,,43.000,AL 306/406,2,,
4,40565,2,1,1UYVS253*R3******,2025-06-27 04:48:03,0,6,TRAILER,10289,UTILITY TRAILER MANUFACTURING COMPANY,10138,UTILITY TRAILER MANUFACTURER,26222,Utility Trailer Manufacturer,2024,,,6,UNITED STATES (USA),ARKANSAS,PARAGOULD,,,61,Trailer,,,,,5,Box or Van Enclosed Trailer,4,Straight Semi/Semi Trailer,53.000,,2,,
4,40572,1,1,5V8VC532*GM******,2025-06-27 04:48:03,0,6,TRAILER,16522,VANGUARD NATIONAL TRAILER CORPORTATION,6474,VANGUARD NATIONAL TRAILER CORPORATION (VNTC),17782,VANGUARD NATIONAL TRAILER CORPORATION (VNTC),2016,,,6,UNITED STATES (USA),INDIANA,MONON,,,61,Trailer,,,,,5,Box or Van Enclosed Trailer,6,Kingpin,53.000,Dry Freight Trailer,,3,Tandem
4,40572,3,1,1UYVS253*P2******,2025-06-27 04:48:03,0,6,TRAILER,10289,UTILITY TRAILER MANUFACTURING COMPANY,10138,UTILITY TRAILER MANUFACTURER,26222,Utility Trailer Manufacturer,2023,,,6,UNITED STATES (USA),UTAH,CLEARFIELD,,,61,Trailer,,,,,5,Box or Van Enclosed Trailer,4,Straight Semi/Semi Trailer,53.000,,2,,
4,40572,4,1,3H3V532K*NJ******,2025-06-27 04:48:03,0,6,TRAILER,14282,"HYUNDAI DE MEXICO, S.A. DE C.V.",4876,HYUNDAI TRANSLEAD TRAILERS,11496,Hyundai Translead Trailers,2022,,,12,MEXICO,BAJA CALIFORNIA,TIJUANA,,Body Type: SEMITRAILER,61,Trailer,,,,,5,Box or Van Enclosed Trailer,6,Kingpin,53.000,,2,,
4,40625,1,1,1GRAA641*6B******,2025-06-27 04:48:03,0,6,TRAILER,1073,GREAT DANE TRAILERS,520,GREAT DANE TRAILERS,13436,Great Dane Trailers,2006,,,6,UNITED STATES (USA),INDIANA,BRAZIL,,,61,Trailer,,,,,5,Box or Van Enclosed Trailer,4,Straight Semi/Semi Trailer,64.000,Dry Freight/ Reefer/ Insulated Van,1,,
4,40744,2,1,16VNX142*L2******,2025-06-27 04:48:03,0,6,TRAILER,9132,"BIG TEX TRAILER MANUFACTURING, LLC",1136,BIG TEX,5625,Big Tex,2020,,,6,UNITED STATES (USA),TEXAS,MOUNT PLEASANT,"Big Tex Trailer Manufacturing, Inc.",,61,Trailer,,,,,16,Utility Trailer,,,14.000,Tandem Axle,2,,
4,40862,1,1,3H3V532K*PS******,2025-06-27 04:48:03,0,6,TRAILER,14282,"HYUNDAI DE MEXICO, S.A. DE C.V.",4876,HYUNDAI TRANSLEAD TRAILERS,11496,Hyundai Translead Trailers,2023,,,12,MEXICO,BAJA CALIFORNIA,ROSARITO,,Body Type: SEMITRAILER,61,Trailer,,,,,5,Box or Van Enclosed Trailer,6,Kingpin,53.000,,2,,
4,40880,2,1,527SR532*RL******,2025-06-27 04:48:03,0,6,TRAILER,6703,VANGUARD REEFER TRAILER INC.,1561,"CIMC REEFER TRAILER,INC",4978,"CIMC REEFER TRAILER,INC.",2024,,,6,UNITED STATES (USA),CALIFORNIA,LOS ANGELES,"CIMC Reefer Trailer,Inc",,61,Trailer,,,,,5,Box or Van Enclosed Trailer,4,Straight Semi/Semi Trailer,53.000,Reefer Van Trailer,2,,
4,40891,2,1,5V8VA532*NM******,2025-06-27 04:48:03,0,6,TRAILER,16522,VANGUARD NATIONAL TRAILER CORPORTATION,6474,VANGUARD NATIONAL TRAILER CORPORATION (VNTC),17782,VANGUARD NATIONAL TRAILER CORPORATION (VNTC),2022,,,6,UNITED STATES (USA),INDIANA,MONON,,,61,Trailer,,,,,5,Box or Van Enclosed Trailer,6,Kingpin,53.000,"Interior Post Aluminum Sheet Trailer (VIP, MaxCube)",,3,Tandem
4,40894,1,1,1GRAA062*KW******,2025-06-27 04:48:03,0,6,TRAILER,1073,GREAT DANE TRAILERS,520,GREAT DANE TRAILERS,13436,Great Dane Trailers,1989,,,6,UNITED STATES (USA),NEBRASKA,WAYNE,,,61,Trailer,,,,,5,Box or Van Enclosed Trailer,4,Straight Semi/Semi Trailer,6.000,Dry Freight/ Reefer/ Insulated Van,2,,
4,40904,1,1,5V8VC532*CM******,2025-06-27 04:48:03,0,6,TRAILER,16522,VANGUARD NATIONAL TRAILER CORPORTATION,6474,VANGUARD NATIONAL TRAILER CORPORATION (VNTC),17782,VANGUARD NATIONAL TRAILER CORPORATION (VNTC),2012,,,6,UNITED STATES (USA),INDIANA,MONON,,,61,Trailer,,,,,5,Box or Van Enclosed Trailer,,,53.000,Dry Freight Van,2,3,Tandem
4,40904,4,1,3H3V532C*KR******,2025-06-27 04:48:03,0,6,TRAILER,14282,"HYUNDAI DE MEXICO, S.A. DE C.V.",4876,HYUNDAI TRANSLEAD TRAILERS,11496,Hyundai Translead Trailers,2019,,,12,MEXICO,BAJA CALIFORNIA,ROSARITO,,,61,Trailer,,,,,5,Box or Van Enclosed Trailer,,,53.000,Van Trailer,2,,
4,40943,2,1,5PMFF283*8C******,2025-06-27 04:48:03,0,6,TRAILER,8436,"RAGE'N, INC. DBA WEEKEND WARRIOR TRAILERS, INC.",2823,"RAGE'N, INC.",6764,"Rage'n, Inc.",2008,,,6,UNITED STATES (USA),CALIFORNIA,PERRIS,,,61,Trailer,,,,,,,1,Ball Type Pull,28.000,,3,,
4,40946,5,1,1JJV532B*HL******,2025-06-27 04:48:03,0,6,TRAILER,14508,WABASH NATIONAL CORPORATION,12319,WABASH VANS,10945,Refrigerated Van,2017,,,6,UNITED STATES (USA),INDIANA,LAFAYETTE,,,61,Trailer,,,,,5,Box or Van Enclosed Trailer,,,53.000,,2,,
4,40952,2,1,1JJV532D*KL******,2025-06-27 04:48:03,0,6,TRAILER,14508,WABASH NATIONAL CORPORATION,12319,WABASH VANS,10942,Dry Van Duraplate,2019,,,6,UNITED STATES (USA),INDIANA,LAFAYETTE,,,61,Trailer,,,,,5,Box or Van Enclosed Trailer,,,53.000,,2,,
4,40955,1,1,1P9BD122*PG855***,2025-06-27 04:48:03,0,6,TRAILER,20234,POLESTAR TRAILERS INC,10720,"POLESTAR TRAILERS, INC.",28165,"Polestar Trailers, Inc.",2023,,,6,UNITED STATES (USA),CALIFORNIA,GRAND TERRACE,,,61,Trailer,,,,,4,Dump Trailer,14,Bumper Pull,12.000,,2,,
4,40966,2,1,1T9SC452*9B656***,2025-06-27 04:48:03,0,6,TRAILER,2304,"TRINITY TRAILER MFG., INC.",3552,"TRINITY TRAILER MFG., INC.",7903,"TRINITY TRAILER MFG., INC.",2009,,,6,UNITED STATES (USA),IDAHO,BOISE,,,61,Trailer,,,,,180,"Grain, Chip, or Gravel Trailer",4,Straight Semi/Semi Trailer,45.000,Commodity Body Trailer,2,,
4,41051,2,1,1JJV532W*3L******,2025-06-27 04:48:03,0,6,TRAILER,14508,WABASH NATIONAL CORPORATION,4847,WABASH,13327,Wabash National Corporation,2003,,,6,UNITED STATES (USA),INDIANA,LAFAYETTE,,,61,Trailer,,,,,5,Box or Van Enclosed Trailer,,,53.000,,2,,
4,41070,1,1,1S12GC40*RG******,2025-06-27 04:48:03,0,6,TRAILER,14956,"STRICK TRAILERS, LLC",4977,STRICK COMMERCIAL TRAILER,12176,Strick Commercial Trailer,1994,,,6,UNITED STATES (USA),,CASA GRANDE,,,61,Trailer,,,,,46,Incomplete Trailer Chassis,3,Gooseneck,40.000,,2,3,Tandem
4,41070,2,1,1P9CP432*DB343***,2025-06-27 04:48:03,0,6,TRAILER,8027,PRATT INDUSTRIES (US) LLC,3015,PRATT INDUSTRIES,7027,Pratt Industries,2013,,,6,UNITED STATES (USA),MICHIGAN,BRIDGMAN,,,61,Trailer,,,,,109,Intermodal Container Chassis or Trailer,4,Straight Semi/Semi Trailer,43.000,Body Type = Inter-modal Containers,2,,
4,41074,4,1,5NHUBL21*DT******,2025-06-27 04:48:03,0,6,TRAILER,1084,"FOREST RIVER, INC.",531,FOREST RIVER,3008,Blazer,2013,,,6,UNITED STATES (USA),OREGON,DALLAS,,Address:7481 South East Uglow,61,Trailer,,,,,16,Utility Trailer,,,12.000,,1,,
4,41076,2,1,1RNF53A2*NR******,2025-06-27 04:48:03,0,6,TRAILER,3579,"REITNOUER, INC.",5594,REITNOUER INC,14493,Reitnouer Inc Trailers,2022,,,6,UNITED STATES (USA),PENNSYLVANIA,READING,,,61,Trailer,9,"Class 8: 33,001 lb and above (14,969 kg and above)",,,6,Flatbed or Platform Trailer,6,Kingpin,53.000,Airride,2,,
4,41087,2,1,3LHBS162*S7******,2025-06-27 04:48:03,0,6,TRAILER,15540,ED TRAILERS,5275,ED TRAILERS,13363,Ed Trailers,2025,,,12,MEXICO,CHIHUACHUA,,,,61,Trailer,,,,,4,Dump Trailer,30,Other,16.000,Ball Mount,2,,
4,41119,3,1,3H3V532C*KT******,2025-06-27 04:48:03,0,6,TRAILER,14282,"HYUNDAI DE MEXICO, S.A. DE C.V.",4876,HYUNDAI TRANSLEAD TRAILERS,11496,Hyundai Translead Trailers,2019,,,12,MEXICO,BAJA CALIFORNIA,TIJUANA,,,61,Trailer,,,,,5,Box or Van Enclosed Trailer,,,53.000,Van Trailer,2,,
5,50110,2,1,1TDH4222*8B******,2025-06-27 04:48:03,0,6,TRAILER,8330,TIMPTE INC.,5331,"TIMPTE, INC",13636,Timpte,2008,,,6,UNITED STATES (USA),NEBRASKA,DAVID CITY,,"Seventh VIN position indicates the additional length of the trailer to the nearest inch up to 9 inches. If the additional length is 10 inches or more the seventh character is zero (0) and the sixth character will be increased to the next foot. For example : a 42ft 9in trailer will be represent in VIN position 5, 6 & 7 as ""429"" and a 42ft 10in. trailer will be represented in VIN position 5 , 6 & 7 as ""430"" respectively.",61,Trailer,,,,,180,"Grain, Chip, or Gravel Trailer",,,42.000,Dry Bulk-Bottom Hopper Trailer,2,,
5,50137,2,1,1TDH4002*MB******,2025-06-27 04:48:03,0,6,TRAILER,8330,TIMPTE INC.,5331,"TIMPTE, INC",13636,Timpte,2021,,,6,UNITED STATES (USA),NEBRASKA,DAVID CITY,,"Seventh VIN position indicates the additional length of the trailer to the nearest inch up to 9 inches. If the additional length is 10 inches or more the seventh character is zero (0) and the sixth character will be increased to the next foot. For example : a 42ft 9in trailer will be represent in VIN position 5, 6 & 7 as ""429"" and a 42ft 10in. trailer will be represented in VIN position 5 , 6 & 7 as ""430"" respectively.",61,Trailer,,,,,180,"Grain, Chip, or Gravel Trailer",,,40.000,Dry Bulk Bottom Hopper Trailer,2,,
5,50158,1,1,597BB171*PM******,2025-06-27 04:48:03,0,6,TRAILER,6986,DIAMOND CITY TRAILER,1333,DIAMOND CITY TRAILER,4685,Diamond City Trailer,2023,,,6,UNITED STATES (USA),ARKANSAS,MURFREESBORO,,,61,Trailer,,,,,2,Boat Trailer,1,Ball Type Pull,17.000,,1,,
5,50235,2,1,5JYLP402*GP******,2025-06-27 04:48:03,0,6,TRAILER,2290,PITTS ENTERPRISES INC,2831,PITTS TRAILERS,6775,Pitts Trailers,2016,,,6,UNITED STATES (USA),ALABAMA,PITTSVIEW,,,61,Trailer,,,,,19,Logging Trailer,,,40.000,Plantation Trailer,2,,
5,50251,1,1,1C9FA382*P1257***,2025-06-27 04:48:03,0,6,TRAILER,1787,C.E.I. EQUIPMENT COMPANY INC,1717,"CEI EQUIPMENT COMPANY, INC.",5153,"CEI Equipment Company, Inc.",2023,KT Pacer AT35,,6,UNITED STATES (USA),IOWA,CEDAR RAPIDS,,"Feed delivery trailer with auger unloading system in excess of 33,000 lbs. GVWR (class 8)",61,Trailer,9,"Class 8: 33,001 lb and above (14,969 kg and above)",,,15,Tank Trailer,6,Kingpin,38.000,Bulk Delivery Trailer,2,,
5,50256,1,1,5JYLT402*LP******,2025-06-27 04:48:03,0,6,TRAILER,2290,PITTS ENTERPRISES INC,2831,PITTS TRAILERS,6775,Pitts Trailers,2020,,,6,UNITED STATES (USA),ALABAMA,PITTSVIEW,,,61,Trailer,,,,,6,Flatbed or Platform Trailer,,,40.000,Straight Frame trailer,2,,
5,50286,1,1,5JYLT402*NP******,2025-06-27 04:48:03,0,6,TRAILER,2290,PITTS ENTERPRISES INC,2831,PITTS TRAILERS,6775,Pitts Trailers,2022,,,6,UNITED STATES (USA),ALABAMA,PITTSVIEW,,,61,Trailer,,,,,6,Flatbed or Platform Trailer,,,40.000,Straight Frame trailer,2,,
5,50332,2,1,48X2P383*41******,2025-06-27 04:48:03,1,6,TRAILER,10839,"TRAVIS BODY & TRAILER, INC.",3520,"TRAVIS BODY & TRAILER, INC.",7868,"TRAVIS BODY & TRAILER, INC.",2004,,,6,UNITED STATES (USA),TEXAS,HOUSTON,,,61,Trailer,,,,,4,Dump Trailer,30,Other,38.000,Hutch 9700,3,,
5,50361,2,1,5JYLP402*KP******,2025-06-27 04:48:03,0,6,TRAILER,2290,PITTS ENTERPRISES INC,2831,PITTS TRAILERS,6775,Pitts Trailers,2019,,,6,UNITED STATES (USA),ALABAMA,PITTSVIEW,,,61,Trailer,,,,,19,Logging Trailer,,,40.000,Plantation Trailer,2,,
5,50389,1,1,5C2BF22B*JM******,2025-06-27 04:48:03,0,6,TRAILER,15683,"CLEMENT INDUSTRIES, INC.",5405,CLEMENT INDUSTRIES,13961,Clement,2018,,,6,UNITED STATES (USA),LOUISIANA,MINDEN,"Clement Industries, Inc",,61,Trailer,,,,,4,Dump Trailer,4,Straight Semi/Semi Trailer,22.000,Frameless Semi End Dump,2,,
5,50437,2,1,1JJV532D*PL******,2025-06-27 04:48:03,0,6,TRAILER,14508,WABASH NATIONAL CORPORATION,12319,WABASH VANS,10942,Dry Van Duraplate,2023,,,6,UNITED STATES (USA),INDIANA,LAFAYETTE,,,61,Trailer,,,,,5,Box or Van Enclosed Trailer,6,Kingpin,53.000,,2,,
5,50471,2,1,1C9FA382*L1257***,2025-06-27 04:48:03,0,6,TRAILER,1787,C.E.I. EQUIPMENT COMPANY INC,1717,"CEI EQUIPMENT COMPANY, INC.",5153,"CEI Equipment Company, Inc.",2020,Pacer AT35,,6,UNITED STATES (USA),IOWA,CEDAR RAPIDS,"CEI Equipment Company, Inc.",,61,Trailer,9,"Class 8: 33,001 lb and above (14,969 kg and above)",,,15,Tank Trailer,,,38.000,All Bulk Delivery Trailer,2,,
5,50492,1,1,5MC31162*A3******,2025-06-27 04:48:03,1,6,TRAILER,5772,"MANAC TRAILERS USA, INC.",3896,MANAC TRAILERS USA,8528,Manac,2010,,,6,UNITED STATES (USA),MISSOURI,ORAN,"Manac Trailers USA, Inc.",,61,Trailer,,,,,15,Tank Trailer,2,Pintle Hitch/Hook,16.000,Bulk,1,,
5,50523,2,1,1MW1BX11*CA******,2025-06-27 04:48:03,0,6,TRAILER,12698,"COACHMEN INDUSTRIES, INC.",5340,MRV,25819,Coachmen,2012,,,6,UNITED STATES (USA),OREGON,MT. ANGEL,Coachmen,,61,Trailer,,,,,10,Camping or Travel Trailer,,,,Conventional Axle,,3,Tandem
5,50546,3,1,1PMA2432*15******,2025-06-27 04:48:03,0,6,TRAILER,6179,"POLAR TANK TRAILER, LLC",2921,POLAR TANK TRAILER,6874,Polar Tank Trailer,2001,,,6,UNITED STATES (USA),MISSOURI,SPRINGFIELD,,,61,Trailer,,,,,15,Tank Trailer,30,Other,43.000,Vessel Code: DOT 406,2,,
6,60007,3,1,1R9BL101*MF600***,2025-06-27 04:48:03,0,6,TRAILER,10468,R & J TRAILERS COMPANY,2651,R & J TRAILERS,6506,R & J Trailers,2021,,,6,UNITED STATES (USA),CALIFORNIA,FRESNO,,,61,Trailer,,,,,17,Landscape Trailer,1,Ball Type Pull,10.000,,1,,
6,60038,1,1,1T9SC422*EB656***,2025-06-27 04:48:03,0,6,TRAILER,2304,"TRINITY TRAILER MFG., INC.",3552,"TRINITY TRAILER MFG., INC.",7903,"TRINITY TRAILER MFG., INC.",2014,,,6,UNITED STATES (USA),IDAHO,BOISE,,,61,Trailer,,,,,180,"Grain, Chip, or Gravel Trailer",4,Straight Semi/Semi Trailer,42.000,Commodity Body Trailer,2,,
6,60039,1,1,16WTE402*4A******,2025-06-27 04:48:03,0,6,TRAILER,2208,CERTIFIED STAINLESS SERVICES INC DBA WESTMARK,1771,WEST-MARK,5206,"Certified Stainless Services, Inc dba West-Mark",2004,,,6,UNITED STATES (USA),CALIFORNIA,ATWATER,,,61,Trailer,,,,,15,Tank Trailer,,,40.000,NON-SPEC,2,,
6,60055,2,1,1JJV532D*HL******,2025-06-27 04:48:03,0,6,TRAILER,14508,WABASH NATIONAL CORPORATION,12319,WABASH VANS,10942,Dry Van Duraplate,2017,,,6,UNITED STATES (USA),INDIANA,LAFAYETTE,,,61,Trailer,,,,,5,Box or Van Enclosed Trailer,,,53.000,,2,,
6,60085,1,1,1W9TE402*AA488***,2025-06-27 04:48:03,0,6,TRAILER,2208,CERTIFIED STAINLESS SERVICES INC DBA WESTMARK,1771,WEST-MARK,5206,"Certified Stainless Services, Inc dba West-Mark",2010,,,6,UNITED STATES (USA),CALIFORNIA,ATWATER,"Certified Stainless Services, Inc. dba West-Mark",,61,Trailer,,,,,15,Tank Trailer,,,40.000,Tank Type - Non - Specific,2,,
6,60088,1,1,4J8T0432*KT******,2025-06-27 04:48:03,0,6,TRAILER,2695,"LBT, INC.",7990,LBT INC,21385,LBT INC TRAILER,2019,,,6,UNITED STATES (USA),NEBRASKA,OMAHA,,,61,Trailer,,,,,15,Tank Trailer,,,43.000,,2,,
6,60116,2,1,5WSABB23*KN******,2025-06-27 04:48:03,0,6,TRAILER,10142,WALKER STAINLESS EQUIPMENT CO,6978,WALKER,32634,NON-DOT/TC Spec,2019,3A/Foodgrade/Water/Fertilizer/Septic/Dry Bulk/Etc.,,6,UNITED STATES (USA),WISCONSIN,NEW LISBON,,,61,Trailer,,,,,15,Tank Trailer,4,Straight Semi/Semi Trailer,,Length of Trailer: 40-49 feet,2,,
6,60170,2,1,1P9CC412*GB343***,2025-06-27 04:48:03,0,6,TRAILER,8027,PRATT INDUSTRIES (US) LLC,3015,PRATT INDUSTRIES,7027,Pratt Industries,2016,,,6,UNITED STATES (USA),MICHIGAN,BRIDGMAN,,,61,Trailer,,,,,109,Intermodal Container Chassis or Trailer,4,Straight Semi/Semi Trailer,41.000,Chassis,2,,
6,60201,2,1,5WSAWA42*8N******,2025-06-27 04:48:03,0,6,TRAILER,10142,WALKER STAINLESS EQUIPMENT CO,6978,WALKER,18560,DOT/TC-406,2008,,,6,UNITED STATES (USA),WISCONSIN,NEW LISBON,,,61,Trailer,,,,,15,Tank Trailer,,,,Trailer Material: Aluminum,4,,
6,60217,2,1,3EVGS242*N1******,2025-06-27 04:48:03,0,6,TRAILER,17123,RAWMAXX S.A. DE C.V.,7580,RAWMAXX,20514,Rawmaxx,2022,,,12,MEXICO,CHIHUAHUA,CUAUHTEMOC,,,61,Trailer,,,,,13,Live Animal Trailer,3,Gooseneck,24.000,Stock Trailer,2,,
6,60263,2,1,5DN14482*8B******,2025-06-27 04:48:03,0,6,TRAILER,8543,WESTERN TRAILER COMPANY,3808,WESTERN TRAILER COMPANY,8295,Western Trailer Company,2008,,,6,UNITED STATES (USA),IDAHO,BOISE,Western Trailer Company,,61,Trailer,,,,,180,"Grain, Chip, or Gravel Trailer",4,Straight Semi/Semi Trailer,48.000,Transfer (Express Floor),2,,
6,60274,1,1,4HXHC101*7C******,2025-06-27 04:48:03,0,6,TRAILER,6639,"CARSON TRAILER, INC.",6799,CARSON TRAILER,18243,Carson Trailer,2007,,,6,UNITED STATES (USA),CALIFORNIA,GARDENA,,,61,Trailer,,,,,5,Box or Van Enclosed Trailer,,,10.000,Cargo Trailer,1,,
6,60274,2,1,LJRC4126*G1******,2025-06-27 04:48:03,0,6,TRAILER,9950,"CIMC VEHICLES GROUP CO., LTD.",4101,CIMC VEHICLES GROUP CO,8811,CIMC VEHICLES GROUP CO,2016,,,8,CHINA,,SHENZHEN,,"GVWR = 30,000-34,990kg",61,Trailer,9,"Class 8: 33,001 lb and above (14,969 kg and above)",,,109,Intermodal Container Chassis or Trailer,,,41.000,,2,,
6,60281,1,1,1UYVS253*R2******,2025-06-27 04:48:03,0,6,TRAILER,10289,UTILITY TRAILER MANUFACTURING COMPANY,10138,UTILITY TRAILER MANUFACTURER,26222,Utility Trailer Manufacturer,2024,,,6,UNITED STATES (USA),UTAH,CLEARFIELD,,,61,Trailer,,,,,5,Box or Van Enclosed Trailer,4,Straight Semi/Semi Trailer,53.000,,2,,
6,60288,2,1,4HXHD162*2C******,2025-06-27 04:48:03,0,6,TRAILER,6639,"CARSON TRAILER, INC.",6799,CARSON TRAILER,18243,Carson Trailer,2002,,,6,UNITED STATES (USA),CALIFORNIA,GARDENA,,,61,Trailer,,,,,16,Utility Trailer,,,16.000,,2,,
6,60308,2,1,1DW1A532*7S******,2025-06-27 04:48:03,0,6,TRAILER,13506,"STOUGHTON TRAILERS, INC.",3414,STOUGHTON TRAILERS,7701,Stoughton trailers,2007,,,6,UNITED STATES (USA),WISCONSIN,STOUGHTON,"Stoughton Trailers, INC",,61,Trailer,,,,,5,Box or Van Enclosed Trailer,4,Straight Semi/Semi Trailer,53.000,Van Trailer,2,,
6,60369,3,1,1T9TBB11*FT572***,2025-06-27 04:48:03,0,6,TRAILER,10085,TXC MFG. CO.,3571,TXC,7923,TXC,2015,,,6,UNITED STATES (USA),TEXAS,GRANBURY,,,61,Trailer,,,,,5,Box or Van Enclosed Trailer,1,Ball Type Pull,10.000,,1,,
6,60384,1,1,1GR1A062*LW******,2025-06-27 04:48:03,0,6,TRAILER,1073,GREAT DANE TRAILERS,520,GREAT DANE TRAILERS,13436,Great Dane Trailers,2020,,,6,UNITED STATES (USA),NEBRASKA,WAYNE,,,61,Trailer,,,,,5,Box or Van Enclosed Trailer,6,Kingpin,53.000,"Semitrailer - Dry freight, Reefer, or Insulated van",2,,
6,60416,3,1,4YMBU081*MN******,2025-06-27 04:48:03,0,6,TRAILER,13315,"CARRY-ON TRAILER, INC.",4933,CARRY-ON TRAILER,12040,Carry-On Trailer,2021,,,6,UNITED STATES (USA),NEVADA,WINNEMUCCA,,,61,Trailer,,,,,6,Flatbed or Platform Trailer,1,Ball Type Pull,8.000,Open Bed Trailer,1,,
6,60422,1,1,3H3C412S*1T******,2025-06-27 04:48:03,0,6,TRAILER,14282,"HYUNDAI DE MEXICO, S.A. DE C.V.",4876,HYUNDAI TRANSLEAD TRAILERS,11496,Hyundai Translead Trailers,2001,,,12,MEXICO,BAJA CALIFORNIA,TIJUANA,,,61,Trailer,,,,,109,Intermodal Container Chassis or Trailer,,,41.000,Material: Steel,2,,
6,60460,4,1,5E0AA144*LG******,2025-06-27 04:48:03,0,6,TRAILER,20895,"COTTRELL, INC.",12482,COTTRELL,32567,"C-09, C-11, CS-10, CS-12M3, CX-09, CX-5LSCH, CX-AK7, CX-LSFA-TRI",2020,,,6,UNITED STATES (USA),GEORGIA,GAINESVILLE,,,61,Trailer,,,,,58,Auto Transporter,5,Fifth Wheel,,Trailer Length (feet): 44-46,2,3,Tandem
6,60460,5,1,1S9S0000*40009***,2025-06-27 04:48:03,0,6,TRAILER,4988,SUPERIOR TRAILER WORKS,9258,SUPERIOR TRAILER WORKS,23494,Superior Trailer Works,2004,,,6,UNITED STATES (USA),CALIFORNIA,LOS ANGELES,,,61,Trailer,,,,,4,Dump Trailer,,,33.000,Type of Trailer: Full Trailer,2,,
6,60492,2,1,1UYFS248*JA******,2025-06-27 04:48:03,0,6,TRAILER,10289,UTILITY TRAILER MANUFACTURING COMPANY,10138,UTILITY TRAILER MANUFACTURER,26222,Utility Trailer Manufacturer,2018,,,6,UNITED STATES (USA),ALABAMA,ENTERPRISE,,,61,Trailer,,,,,6,Flatbed or Platform Trailer,4,Straight Semi/Semi Trailer,48.000,,2,,
6,60493,1,1,16VFX242*L2******,2025-06-27 04:48:03,0,6,TRAILER,9132,"BIG TEX TRAILER MANUFACTURING, LLC",1136,BIG TEX,5625,Big Tex,2020,,,6,UNITED STATES (USA),TEXAS,MOUNT PLEASANT,"Big Tex Trailer Manufacturing, Inc.",,61,Trailer,,,,,16,Utility Trailer,,,24.000,Flatbed Trailer,2,,
6,60557,2,1,527SR532*NL******,2025-06-27 04:48:03,0,6,TRAILER,6703,VANGUARD REEFER TRAILER INC.,1561,"CIMC REEFER TRAILER,INC",4978,"CIMC REEFER TRAILER,INC.",2022,,,6,UNITED STATES (USA),CALIFORNIA,LOS ANGELES,"CIMC Reefer Trailer,Inc",,61,Trailer,,,,,5,Box or Van Enclosed Trailer,4,Straight Semi/Semi Trailer,53.000,Reefer Van Trailer,2,,
6,60569,1,1,1JJV532W*6L******,2025-06-27 04:48:03,0,6,TRAILER,14508,WABASH NATIONAL CORPORATION,4847,WABASH,13327,Wabash National Corporation,2006,,,6,UNITED STATES (USA),INDIANA,LAFAYETTE,,,61,Trailer,,,,,5,Box or Van Enclosed Trailer,,,53.000,,2,,
6,60569,4,1,1UYVS253*FP******,2025-06-27 04:48:03,0,6,TRAILER,10289,UTILITY TRAILER MANUFACTURING COMPANY,10138,UTILITY TRAILER MANUFACTURER,26222,Utility Trailer Manufacturer,2015,,,6,UNITED STATES (USA),ARKANSAS,PARAGOULD,,,61,Trailer,,,,,5,Box or Van Enclosed Trailer,4,Straight Semi/Semi Trailer,53.000,,2,,
6,60599,2,1,1UYVS253*K2******,2025-06-27 04:48:03,0,6,TRAILER,10289,UTILITY TRAILER MANUFACTURING COMPANY,10138,UTILITY TRAILER MANUFACTURER,26222,Utility Trailer Manufacturer,2019,,,6,UNITED STATES (USA),UTAH,CLEARFIELD,,,61,Trailer,,,,,5,Box or Van Enclosed Trailer,4,Straight Semi/Semi Trailer,53.000,,2,,
6,60607,2,1,5E0AA144*FG******,2025-06-27 04:48:03,0,6,TRAILER,20895,"COTTRELL, INC.",12482,COTTRELL,32567,"C-09, C-11, CS-10, CS-12M3, CX-09, CX-5LSCH, CX-AK7, CX-LSFA-TRI",2015,,,6,UNITED STATES (USA),GEORGIA,GAINESVILLE,,,61,Trailer,,,,,58,Auto Transporter,5,Fifth Wheel,,Trailer Length (feet): 44-46,2,3,Tandem
6,60662,1,1,1WRSE528*FW******,2025-06-27 04:48:03,0,6,TRAILER,11666,WESCO TRAILER SALES,8897,WESCO TRAILER SALES,23004,Wesco Trailer Sales,2015,,,6,UNITED STATES (USA),CALIFORNIA,WOODLAND,,,61,Trailer,9,"Class 8: 33,001 lb and above (14,969 kg and above)",,,5,Box or Van Enclosed Trailer,4,Straight Semi/Semi Trailer,,Length: 40'-50',2,,
6,60690,2,1,3H3V532C*MR******,2025-06-27 04:48:03,0,6,TRAILER,14282,"HYUNDAI DE MEXICO, S.A. DE C.V.",4876,HYUNDAI TRANSLEAD TRAILERS,11496,Hyundai Translead Trailers,2021,,,12,MEXICO,BAJA CALIFORNIA,ROSARITO,,Trailer Type: SEMITRAILER,61,Trailer,,,,,5,Box or Van Enclosed Trailer,6,Kingpin,53.000,Material: ALUMINUM/STEEL,2,,
6,60742,2,1,1UYVS253*HU******,2025-06-27 04:48:03,0,6,TRAILER,10289,UTILITY TRAILER MANUFACTURING COMPANY,10138,UTILITY TRAILER MANUFACTURER,26222,Utility Trailer Manufacturer,2017,,,6,UNITED STATES (USA),UTAH,CLEARFIELD,,,61,Trailer,,,,,5,Box or Van Enclosed Trailer,4,Straight Semi/Semi Trailer,53.000,,2,,
6,60766,2,1,1JJV532D*KL******,2025-06-27 04:48:03,0,6,TRAILER,14508,WABASH NATIONAL CORPORATION,12319,WABASH VANS,10942,Dry Van Duraplate,2019,,,6,UNITED STATES (USA),INDIANA,LAFAYETTE,,,61,Trailer,,,,,5,Box or Van Enclosed Trailer,,,53.000,,2,,
6,60837,1,1,1P9CP403*FB343***,2025-06-27 04:48:03,0,6,TRAILER,8027,PRATT INDUSTRIES (US) LLC,3015,PRATT INDUSTRIES,7027,Pratt Industries,2015,,,6,UNITED STATES (USA),MICHIGAN,BRIDGMAN,,,61,Trailer,,,,,109,Intermodal Container Chassis or Trailer,4,Straight Semi/Semi Trailer,40.000,Body Type = Inter-modal Containers,3,,
6,60883,2,1,1KKVD291*GL******,2025-06-27 04:48:03,0,6,TRAILER,2340,KENTUCKY MANUFACTURING CO.,2048,KENTUCKY,30821,Drop Trailer,2016,,,6,UNITED STATES (USA),KENTUCKY,LOUISVILLE,Kentucky Manufacturing Co.,,61,Trailer,,,,,5,Box or Van Enclosed Trailer,,,29.000,Van Trailer,1,,
6,60883,2,2,1UYFS128*J3******,2025-06-27 04:48:03,0,6,TRAILER,10289,UTILITY TRAILER MANUFACTURING COMPANY,10138,UTILITY TRAILER MANUFACTURER,26222,Utility Trailer Manufacturer,2018,,,6,UNITED STATES (USA),ARKANSAS,PARAGOULD,,,61,Trailer,,,,,6,Flatbed or Platform Trailer,4,Straight Semi/Semi Trailer,28.000,,1,,
6,60913,2,1,LJRC4126*61******,2025-06-27 04:48:03,0,6,TRAILER,9950,"CIMC VEHICLES GROUP CO., LTD.",4101,CIMC VEHICLES GROUP CO,8811,CIMC VEHICLES GROUP CO,2006,,,8,CHINA,,SHENZHEN,,"GVWR = 30,000-34,990kg",61,Trailer,9,"Class 8: 33,001 lb and above (14,969 kg and above)",,,109,Intermodal Container Chassis or Trailer,,,41.000,,2,,
6,60918,2,1,5SFNB222*NN******,2025-06-27 04:48:03,0,6,TRAILER,10254,"HEARTLAND RECREATIONAL VEHICLES, LLC",2270,HEARTLAND RV,30743,"Mallard, North Trail, & Wilderness",2022,,,6,UNITED STATES (USA),IDAHO,NAMPA,,,61,Trailer,,,,,10,Camping or Travel Trailer,14,Bumper Pull,22.000,Reporting Name: North Trail,2,,
6,60925,2,1,1D9SD422*ER661***,2025-06-27 04:48:03,0,6,TRAILER,7719,"DRAGON ESP, LTD",956,DRAGON PRODUCTS,4976,Dragon Products,2014,,,6,UNITED STATES (USA),COLORADO,LAMAR,,,61,Trailer,,,,,4,Dump Trailer,4,Straight Semi/Semi Trailer,42.000,,2,,
6,60935,2,1,1JJV532W*7L******,2025-06-27 04:48:03,0,6,TRAILER,14508,WABASH NATIONAL CORPORATION,4847,WABASH,13327,Wabash National Corporation,2007,,,6,UNITED STATES (USA),INDIANA,LAFAYETTE,,,61,Trailer,,,,,5,Box or Van Enclosed Trailer,,,53.000,,2,,
6,60970,2,1,1GR1A062*NW******,2025-06-27 04:48:03,0,6,TRAILER,1073,GREAT DANE TRAILERS,520,GREAT DANE TRAILERS,13436,Great Dane Trailers,2022,,,6,UNITED STATES (USA),NEBRASKA,WAYNE,,,61,Trailer,,,,,5,Box or Van Enclosed Trailer,6,Kingpin,53.000,"Semitrailer - Dry freight, Reefer, or Insulated van",2,,
6,60974,1,1,1FWE0272*PA******,2025-06-27 04:48:03,0,6,TRAILER,8234,METAL CRAFT MANUFACTURING LLC,8311,METAL CRAFT TRAILERS,22099,Metal Craft Trailers,2023,,,6,UNITED STATES (USA),UTAH,SALT LAKE CITY,,,61,Trailer,,,,,2,Boat Trailer,,,27.000,,2,,
6,60981,2,1,1JJV532D*FL******,2025-06-27 04:48:03,0,6,TRAILER,14508,WABASH NATIONAL CORPORATION,12319,WABASH VANS,10942,Dry Van Duraplate,2015,,,6,UNITED STATES (USA),INDIANA,LAFAYETTE,,,61,Trailer,,,,,5,Box or Van Enclosed Trailer,,,53.000,,2,,
6,61019,2,1,1UYVS253*H6******,2025-06-27 04:48:03,0,6,TRAILER,10289,UTILITY TRAILER MANUFACTURING COMPANY,10138,UTILITY TRAILER MANUFACTURER,26222,Utility Trailer Manufacturer,2017,,,6,UNITED STATES (USA),VIRGINIA,MARION,,,61,Trailer,,,,,5,Box or Van Enclosed Trailer,4,Straight Semi/Semi Trailer,53.000,,2,,
6,61107,2,1,1UYVS251*4U******,2025-06-27 04:48:03,0,6,TRAILER,10289,UTILITY TRAILER MANUFACTURING COMPANY,10138,UTILITY TRAILER MANUFACTURER,26222,Utility Trailer Manufacturer,2004,,,6,UNITED STATES (USA),UTAH,CLEARFIELD,,,61,Trailer,,,,,5,Box or Van Enclosed Trailer,4,Straight Semi/Semi Trailer,51.000,,2,,
6,61133,1,1,1GRAA062*KW******,2025-06-27 04:48:03,0,6,TRAILER,1073,GREAT DANE TRAILERS,520,GREAT DANE TRAILERS,13436,Great Dane Trailers,1989,,,6,UNITED STATES (USA),NEBRASKA,WAYNE,,,61,Trailer,,,,,5,Box or Van Enclosed Trailer,4,Straight Semi/Semi Trailer,6.000,Dry Freight/ Reefer/ Insulated Van,2,,
6,61134,1,1,1GRAA962*7W******,2025-06-27 04:48:03,0,6,TRAILER,1073,GREAT DANE TRAILERS,520,GREAT DANE TRAILERS,13436,Great Dane Trailers,2007,,,6,UNITED STATES (USA),NEBRASKA,WAYNE,,,61,Trailer,,,,,5,Box or Van Enclosed Trailer,4,Straight Semi/Semi Trailer,96.000,Dry Freight/ Reefer/ Insulated Van,2,,
6,61141,2,1,1UYVS253*9U******,2025-06-27 04:48:03,0,6,TRAILER,10289,UTILITY TRAILER MANUFACTURING COMPANY,10138,UTILITY TRAILER MANUFACTURER,26222,Utility Trailer Manufacturer,2009,,,6,UNITED STATES (USA),UTAH,CLEARFIELD,,,61,Trailer,,,,,5,Box or Van Enclosed Trailer,4,Straight Semi/Semi Trailer,53.000,,2,,
6,61143,2,1,1UYVS253*EM******,2025-06-27 04:48:03,0,6,TRAILER,10289,UTILITY TRAILER MANUFACTURING COMPANY,10138,UTILITY TRAILER MANUFACTURER,26222,Utility Trailer Manufacturer,2014,,,6,UNITED STATES (USA),VIRGINIA,MARION,,,61,Trailer,,,,,5,Box or Van Enclosed Trailer,4,Straight Semi/Semi Trailer,53.000,,2,,
6,61167,2,1,1UYFS245*MA******,2025-06-27 04:48:03,0,6,TRAILER,10289,UTILITY TRAILER MANUFACTURING COMPANY,10138,UTILITY TRAILER MANUFACTURER,26222,Utility Trailer Manufacturer,2021,,,6,UNITED STATES (USA),ALABAMA,ENTERPRISE,,,61,Trailer,,,,,6,Flatbed or Platform Trailer,4,Straight Semi/Semi Trailer,45.000,,2,,
6,61196,2,1,1JJV532D*CL******,2025-08-29 09:54:56,0,6,TRAILER,14508,WABASH NATIONAL CORPORATION,12319,WABASH VANS,10942,Dry Van Duraplate,2012,,,6,UNITED STATES (USA),INDIANA,LAFAYETTE,,,61,Trailer,,,,,5,Box or Van Enclosed Trailer,,,53.000,,2,,
6,61283,4,1,5DN11452*2B******,2025-06-27 04:48:03,0,6,TRAILER,8543,WESTERN TRAILER COMPANY,3808,WESTERN TRAILER COMPANY,8295,Western Trailer Company,2002,,,6,UNITED STATES (USA),IDAHO,BOISE,Western Trailer Company,,61,Trailer,,,,,6,Flatbed or Platform Trailer,4,Straight Semi/Semi Trailer,45.000,"Flatbed (Classic, Elite, Hopper, Flat)",2,,
6,61287,3,1,4YDTSGK2*NG******,2025-06-27 04:48:03,0,6,TRAILER,2347,KEYSTONE RV,11108,SPRINGDALE,28942,Springdale,2022,,,6,UNITED STATES (USA),OREGON,PENDLETON,902,Recreational Vehicles,61,Trailer,,,,,10,Camping or Travel Trailer,14,Bumper Pull,28.000,Travel Trailer,2,,
6,61297,3,1,3H3V482K*RJ******,2025-06-27 04:48:03,0,6,TRAILER,14282,"HYUNDAI DE MEXICO, S.A. DE C.V.",4876,HYUNDAI TRANSLEAD TRAILERS,11496,Hyundai Translead Trailers,2024,,,12,MEXICO,BAJA CALIFORNIA,TIJUANA,,Body Type: SEMITRAILER,61,Trailer,,,,,5,Box or Van Enclosed Trailer,6,Kingpin,48.000,,2,,
6,61311,1,1,3H3V482C*YT******,2025-06-27 04:48:03,0,6,TRAILER,14282,"HYUNDAI DE MEXICO, S.A. DE C.V.",4876,HYUNDAI TRANSLEAD TRAILERS,11496,Hyundai Translead Trailers,2000,,,12,MEXICO,BAJA CALIFORNIA,TIJUANA,,,61,Trailer,,,,,5,Box or Van Enclosed Trailer,,,48.000,Van Trailer,2,,
6,61313,1,1,1JJV532D*HL******,2025-06-27 04:48:03,0,6,TRAILER,14508,WABASH NATIONAL CORPORATION,12319,WABASH VANS,10942,Dry Van Duraplate,2017,,,6,UNITED STATES (USA),INDIANA,LAFAYETTE,,,61,Trailer,,,,,5,Box or Van Enclosed Trailer,,,53.000,,2,,
6,61342,2,1,4X4TSJC2*FC******,2025-06-27 04:48:03,0,6,TRAILER,1084,"FOREST RIVER, INC.",531,FOREST RIVER,3078,Stealth EVO Towables,2015,,,6,UNITED STATES (USA),CALIFORNIA,RIALTO,,Address: 255 S. Pepper Ave.,61,Trailer,,,,,10,Camping or Travel Trailer,,,27.000,Travel Trailer,2,,
6,61385,3,1,1WRSB318*GW******,2025-06-27 04:48:03,0,6,TRAILER,11666,WESCO TRAILER SALES,8897,WESCO TRAILER SALES,23004,Wesco Trailer Sales,2016,,,6,UNITED STATES (USA),CALIFORNIA,WOODLAND,,,61,Trailer,9,"Class 8: 33,001 lb and above (14,969 kg and above)",,,6,Flatbed or Platform Trailer,4,Straight Semi/Semi Trailer,,"POD, PID, PI, PO",1,,
6,61413,2,1,1JJV532D*GL******,2025-06-27 04:48:03,0,6,TRAILER,14508,WABASH NATIONAL CORPORATION,12319,WABASH VANS,10942,Dry Van Duraplate,2016,,,6,UNITED STATES (USA),INDIANA,LAFAYETTE,,,61,Trailer,,,,,5,Box or Van Enclosed Trailer,,,53.000,,2,,
6,61445,2,1,13N14820*G1******,2025-06-27 04:48:03,0,6,TRAILER,12268,FONTAINE COMMERCIAL TRAILER INC.,1128,FONTAINE TRAILER CO.,4416,Fontaine Trailer Co.,2016,,,6,UNITED STATES (USA),ALABAMA,HALEYVILLE,,Optional Features: None,61,Trailer,,,,,6,Flatbed or Platform Trailer,,,48.000,,2,,
6,61475,2,1,3H3V281C*ET******,2025-06-27 04:48:03,0,6,TRAILER,14282,"HYUNDAI DE MEXICO, S.A. DE C.V.",4876,HYUNDAI TRANSLEAD TRAILERS,11496,Hyundai Translead Trailers,2014,,,12,MEXICO,BAJA CALIFORNIA,TIJUANA,,,61,Trailer,,,,,5,Box or Van Enclosed Trailer,,,28.000,Van Trailer,1,,
6,61475,2,2,3H3V281K*RJ******,2025-06-27 04:48:03,0,6,TRAILER,14282,"HYUNDAI DE MEXICO, S.A. DE C.V.",4876,HYUNDAI TRANSLEAD TRAILERS,11496,Hyundai Translead Trailers,2024,,,12,MEXICO,BAJA CALIFORNIA,TIJUANA,,Body Type: SEMITRAILER,61,Trailer,,,,,5,Box or Van Enclosed Trailer,6,Kingpin,28.000,,1,,
6,61493,1,1,1DW1A532*MS******,2025-06-27 04:48:03,0,6,TRAILER,13506,"STOUGHTON TRAILERS, INC.",3414,STOUGHTON TRAILERS,7701,Stoughton trailers,2021,,,6,UNITED STATES (USA),WISCONSIN,STOUGHTON,"Stoughton Trailers, INC",,61,Trailer,,,,,5,Box or Van Enclosed Trailer,4,Straight Semi/Semi Trailer,53.000,Van Trailer,2,,
6,61545,2,1,5EF2GC40*1B******,2025-06-27 04:48:03,0,6,TRAILER,4094,CHEETAH CHASSIS CORPORATION,4029,CHEETAH CHASSIS,8699,CHEETAH CHASSIS,2001,,,6,UNITED STATES (USA),PENNSYLVANIA,BERWICK,,,61,Trailer,,,,,46,Incomplete Trailer Chassis,3,Gooseneck,40.000,,2,,
6,61558,2,1,4FBBS252*B1******,2025-06-27 04:48:03,0,6,TRAILER,10629,SPORT BOAT TRAILERS INC.,3390,SPORT BOAT TRAILERS,7677,Sport Boat Trailers,2011,,,6,UNITED STATES (USA),CALIFORNIA,PATTERSON,,,61,Trailer,,,,,2,Boat Trailer,1,Ball Type Pull,25.000,Standard Channel Frame Boat Trailer,2,,
6,61591,2,1,3H3V532C*LR******,2025-06-27 04:48:03,0,6,TRAILER,14282,"HYUNDAI DE MEXICO, S.A. DE C.V.",4876,HYUNDAI TRANSLEAD TRAILERS,11496,Hyundai Translead Trailers,2020,,,12,MEXICO,BAJA CALIFORNIA,ROSARITO,,,61,Trailer,,,,,5,Box or Van Enclosed Trailer,,,53.000,Van Trailer,2,,
6,61623,1,1,1GR1A062*PW******,2025-06-27 04:48:03,0,6,TRAILER,1073,GREAT DANE TRAILERS,520,GREAT DANE TRAILERS,13436,Great Dane Trailers,2023,,,6,UNITED STATES (USA),NEBRASKA,WAYNE,,,61,Trailer,,,,,5,Box or Van Enclosed Trailer,6,Kingpin,53.000,"Semitrailer - Dry freight, Reefer, or Insulated van",2,,
6,61633,1,1,1UYVS253*L2******,2025-06-27 04:48:03,0,6,TRAILER,10289,UTILITY TRAILER MANUFACTURING COMPANY,10138,UTILITY TRAILER MANUFACTURER,26222,Utility Trailer Manufacturer,2020,,,6,UNITED STATES (USA),UTAH,CLEARFIELD,,,61,Trailer,,,,,5,Box or Van Enclosed Trailer,4,Straight Semi/Semi Trailer,53.000,,2,,
6,61657,1,1,16V1D142*N5******,2025-06-27 04:48:03,0,6,TRAILER,9132,"BIG TEX TRAILER MANUFACTURING, LLC",1136,BIG TEX,5625,Big Tex,2022,,,6,UNITED STATES (USA),OKLAHOMA,MADILL,"Big Tex Trailer Manufacturing, Inc.",,61,Trailer,,,,,4,Dump Trailer,14,Bumper Pull,14.000,,2,,
6,61676,2,1,1C9FA402*T1257***,2025-06-27 04:48:03,0,6,TRAILER,1787,C.E.I. EQUIPMENT COMPANY INC,1717,"CEI EQUIPMENT COMPANY, INC.",5153,"CEI Equipment Company, Inc.",2026,KT Pacer AT35,,6,UNITED STATES (USA),IOWA,CEDAR RAPIDS,,"Feed delivery trailer with auger unloading system in excess of 33,000 lbs. GVWR (class 8)",61,Trailer,9,"Class 8: 33,001 lb and above (14,969 kg and above)",,,15,Tank Trailer,6,Kingpin,40.000,Bulk Delivery Trailer,2,,
6,61680,2,1,1UYVS253*L2******,2025-06-27 04:48:03,0,6,TRAILER,10289,UTILITY TRAILER MANUFACTURING COMPANY,10138,UTILITY TRAILER MANUFACTURER,26222,Utility Trailer Manufacturer,2020,,,6,UNITED STATES (USA),UTAH,CLEARFIELD,,,61,Trailer,,,,,5,Box or Van Enclosed Trailer,4,Straight Semi/Semi Trailer,53.000,,2,,
6,61754,1,1,1UYVS253*8P******,2025-06-27 04:48:03,0,6,TRAILER,10289,UTILITY TRAILER MANUFACTURING COMPANY,10138,UTILITY TRAILER MANUFACTURER,26222,Utility Trailer Manufacturer,2008,,,6,UNITED STATES (USA),ARKANSAS,PARAGOULD,,,61,Trailer,,,,,5,Box or Van Enclosed Trailer,4,Straight Semi/Semi Trailer,53.000,,2,,
6,61792,2,1,3H3V532C*LR******,2025-06-27 04:48:03,0,6,TRAILER,14282,"HYUNDAI DE MEXICO, S.A. DE C.V.",4876,HYUNDAI TRANSLEAD TRAILERS,11496,Hyundai Translead Trailers,2020,,,12,MEXICO,BAJA CALIFORNIA,ROSARITO,,,61,Trailer,,,,,5,Box or Van Enclosed Trailer,,,53.000,Van Trailer,2,,
6,61804,2,1,3H3V482K*PS******,2025-06-27 04:48:03,0,6,TRAILER,14282,"HYUNDAI DE MEXICO, S.A. DE C.V.",4876,HYUNDAI TRANSLEAD TRAILERS,11496,Hyundai Translead Trailers,2023,,,12,MEXICO,BAJA CALIFORNIA,ROSARITO,,Body Type: SEMITRAILER,61,Trailer,,,,,5,Box or Van Enclosed Trailer,6,Kingpin,48.000,,2,,
6,61853,2,1,4P5DM122*L1******,2025-06-27 04:48:03,0,6,TRAILER,16013,"PJ TRAILERS MANUFACTURING, INC.",6060,PJ,28324,PJ,2020,,,6,UNITED STATES (USA),TEXAS,SUMNER,,,61,Trailer,,,,,4,Dump Trailer,30,Other,12.000,Variable HITCH based on Size/Type of Trailer,2,,
6,61861,1,1,1UYVS253*L3******,2025-06-27 04:48:03,0,6,TRAILER,10289,UTILITY TRAILER MANUFACTURING COMPANY,10138,UTILITY TRAILER MANUFACTURER,26222,Utility Trailer Manufacturer,2020,,,6,UNITED STATES (USA),ARKANSAS,PARAGOULD,,,61,Trailer,,,,,5,Box or Van Enclosed Trailer,4,Straight Semi/Semi Trailer,53.000,,2,,
6,61876,2,1,1UYVS253*GU******,2025-06-27 04:48:03,0,6,TRAILER,10289,UTILITY TRAILER MANUFACTURING COMPANY,10138,UTILITY TRAILER MANUFACTURER,26222,Utility Trailer Manufacturer,2016,,,6,UNITED STATES (USA),UTAH,CLEARFIELD,,,61,Trailer,,,,,5,Box or Van Enclosed Trailer,4,Straight Semi/Semi Trailer,53.000,,2,,
6,61891,2,1,1UYFS248*6A******,2025-06-27 04:48:03,0,6,TRAILER,10289,UTILITY TRAILER MANUFACTURING COMPANY,10138,UTILITY TRAILER MANUFACTURER,26222,Utility Trailer Manufacturer,2006,,,6,UNITED STATES (USA),ALABAMA,ENTERPRISE,,,61,Trailer,,,,,6,Flatbed or Platform Trailer,4,Straight Semi/Semi Trailer,48.000,,2,,
6,61900,2,1,1JJV532D*HL******,2025-06-27 04:48:03,0,6,TRAILER,14508,WABASH NATIONAL CORPORATION,12319,WABASH VANS,10942,Dry Van Duraplate,2017,,,6,UNITED STATES (USA),INDIANA,LAFAYETTE,,,61,Trailer,,,,,5,Box or Van Enclosed Trailer,,,53.000,,2,,
6,61913,1,1,5HTSA442*R7******,2025-06-27 04:48:03,0,6,TRAILER,5564,"HEIL TRAILER INTERNATIONAL, CO",2365,HEIL TRAILER INTERNATIONAL,6142,Heil Trailer International,2024,,,6,UNITED STATES (USA),TENNESSEE,ATHENS,,,61,Trailer,,,,,15,Tank Trailer,4,Straight Semi/Semi Trailer,44.000,AL 306/406,2,,
6,62003,3,1,1JJV482U*NL******,2025-06-27 04:48:03,0,6,TRAILER,14508,WABASH NATIONAL CORPORATION,4847,WABASH,22480,Exterior Post Standard,1992,,,6,UNITED STATES (USA),INDIANA,LAFAYETTE,,,61,Trailer,,,,,5,Box or Van Enclosed Trailer,,,48.000,,2,,
6,62005,2,1,1TKA0492*8M******,2025-06-27 04:48:03,0,6,TRAILER,13498,TRAIL KING INDUSTRIES,3251,TRAIL KING INDUSTRIES,7386,TRAIL KING INDUSTRIES,2008,,,6,UNITED STATES (USA),SOUTH DAKOTA,MITCHELL,,"Trailer Length: Inverted Hoist = Add 2FT (but leave the unit part # as is) / Extend Apron = Add 1 FT (if apron 14"" extended floor plate)",61,Trailer,,,,,6,Flatbed or Platform Trailer,,,49.000,"Hydraulic Tail / Rear Loading (HT,HST, RG & SA)",2,,
6,62024,1,1,46UFU122*L1******,2025-06-27 04:48:03,0,6,TRAILER,16231,"ROADCLIPPER ENTERPRISES, INC.",9987,"ROADCLIPPER ENTERPRISES, INC.",25839,"Roadclipper Enterprises, Inc.",2020,,,6,UNITED STATES (USA),TEXAS,MT. PLEASANT,,,61,Trailer,,,,,16,Utility Trailer,3,Gooseneck,12.000,Gooseneck - 5th Wheel or Pin,2,,
6,62035,1,1,527SR532*SL******,2025-06-27 04:48:03,0,6,TRAILER,6703,VANGUARD REEFER TRAILER INC.,1561,"CIMC REEFER TRAILER,INC",4978,"CIMC REEFER TRAILER,INC.",2025,,,6,UNITED STATES (USA),CALIFORNIA,LOS ANGELES,"CIMC Reefer Trailer,Inc",,61,Trailer,,,,,5,Box or Van Enclosed Trailer,4,Straight Semi/Semi Trailer,53.000,Reefer Van Trailer,2,,
6,62072,1,1,4HXBR162*JC******,2025-06-27 04:48:03,0,6,TRAILER,6639,"CARSON TRAILER, INC.",6799,CARSON TRAILER,18243,Carson Trailer,2018,,,6,UNITED STATES (USA),CALIFORNIA,GARDENA,,,61,Trailer,,,,,5,Box or Van Enclosed Trailer,14,Bumper Pull,16.000,Cargo Racer,2,,
6,62119,2,1,16WTE402*6A******,2025-06-27 04:48:03,0,6,TRAILER,2208,CERTIFIED STAINLESS SERVICES INC DBA WESTMARK,1771,WEST-MARK,5206,"Certified Stainless Services, Inc dba West-Mark",2006,,,6,UNITED STATES (USA),CALIFORNIA,ATWATER,,,61,Trailer,,,,,15,Tank Trailer,,,40.000,NON-SPEC,2,,
6,62120,2,1,1UYVS253*S6******,2025-06-27 04:48:03,0,6,TRAILER,10289,UTILITY TRAILER MANUFACTURING COMPANY,10138,UTILITY TRAILER MANUFACTURER,26222,Utility Trailer Manufacturer,2025,,,6,UNITED STATES (USA),VIRGINIA,MARION,,,61,Trailer,,,,,5,Box or Van Enclosed Trailer,4,Straight Semi/Semi Trailer,53.000,,2,,
6,62132,1,1,1UYVS253*GU******,2025-06-27 04:48:03,0,6,TRAILER,10289,UTILITY TRAILER MANUFACTURING COMPANY,10138,UTILITY TRAILER MANUFACTURER,26222,Utility Trailer Manufacturer,2016,,,6,UNITED STATES (USA),UTAH,CLEARFIELD,,,61,Trailer,,,,,5,Box or Van Enclosed Trailer,4,Straight Semi/Semi Trailer,53.000,,2,,
6,62165,1,1,4P5DL122*F1******,2025-06-27 04:48:03,0,6,TRAILER,16013,"PJ TRAILERS MANUFACTURING, INC.",6060,PJ,28324,PJ,2015,,,6,UNITED STATES (USA),TEXAS,SUMNER,,,61,Trailer,,,,,4,Dump Trailer,30,Other,12.000,Variable HITCH based on Size/Type of Trailer,2,,
6,62193,2,1,1BN1T252*1P******,2025-06-27 04:48:03,0,6,TRAILER,4571,"BEALL MANUFACTURING, INC.",4862,BEALL TRAILERS,11201,Beall Trailers,2001,,,6,UNITED STATES (USA),OREGON,PORTLAND,,,61,Trailer,,,,,15,Tank Trailer,14,Bumper Pull,25.000,,2,,
6,62203,2,1,1UYFS124*PA******,2025-06-27 04:48:03,0,6,TRAILER,10289,UTILITY TRAILER MANUFACTURING COMPANY,10138,UTILITY TRAILER MANUFACTURER,26222,Utility Trailer Manufacturer,2023,,,6,UNITED STATES (USA),ALABAMA,ENTERPRISE,,,61,Trailer,,,,,6,Flatbed or Platform Trailer,4,Straight Semi/Semi Trailer,24.000,,1,,
6,62226,1,1,4X4TSAZ2*WC******,2025-06-27 04:48:03,0,6,TRAILER,1084,"FOREST RIVER, INC.",531,FOREST RIVER,2425,Sandpiper Towables,1998,,,6,UNITED STATES (USA),CALIFORNIA,RIALTO,,Address: 255 S. Pepper Ave.,61,Trailer,,,,,10,Camping or Travel Trailer,,,24.000,Travel Trailer,2,,
6,62317,1,1,1TTF4820*31******,2025-06-27 04:48:03,0,6,TRAILER,8231,TRANSCRAFT CORPORATION,10511,TRANSCRAFT,28401,Transcraft,2003,,,6,UNITED STATES (USA),ILLINOIS,ANNA,,,61,Trailer,,,,,6,Flatbed or Platform Trailer,6,Kingpin,48.000,Platform,2,,
6,62320,2,1,1JJV532D*NL******,2025-06-27 04:48:03,0,6,TRAILER,14508,WABASH NATIONAL CORPORATION,12319,WABASH VANS,10942,Dry Van Duraplate,2022,,,6,UNITED STATES (USA),INDIANA,LAFAYETTE,,,61,Trailer,,,,,5,Box or Van Enclosed Trailer,6,Kingpin,53.000,,2,,
6,62370,1,1,55MTM171*N1******,2025-06-27 04:48:03,0,6,TRAILER,11936,"TRAVEL LITE, INC.",11997,ROVE LITE,31108,Rove Lite,2022,,,6,UNITED STATES (USA),INDIANA,SYRACUSE,,,61,Trailer,,,,,10,Camping or Travel Trailer,14,Bumper Pull,17.000,"Travel Trailer, Bumper Hitch / Miscellaneous Body",1,,
6,62370,2,1,14YBS253*GA******,2025-06-27 04:48:03,1,6,TRAILER,13661,TM MARINE GROUP,5915,STAR CUSTOM,15391,Star Custom,1986,Standard,,6,UNITED STATES (USA),TENNESSEE,MURFREESBORO,,,61,Trailer,,,,,2,Boat Trailer,,,53.000,,2,,
6,62371,2,1,1GRAA062*DK******,2025-06-27 04:48:03,0,6,TRAILER,1073,GREAT DANE TRAILERS,520,GREAT DANE TRAILERS,13436,Great Dane Trailers,2013,,,6,UNITED STATES (USA),ILLINOIS,KEWANEE,,,61,Trailer,,,,,5,Box or Van Enclosed Trailer,4,Straight Semi/Semi Trailer,53.000,Dry Freight Van / Reefer Van / Insulated Van,2,,
6,62372,2,1,1UYVS248*FU******,2025-06-27 04:48:03,0,6,TRAILER,10289,UTILITY TRAILER MANUFACTURING COMPANY,10138,UTILITY TRAILER MANUFACTURER,26222,Utility Trailer Manufacturer,2015,,,6,UNITED STATES (USA),UTAH,CLEARFIELD,,,61,Trailer,,,,,5,Box or Van Enclosed Trailer,4,Straight Semi/Semi Trailer,48.000,,2,,
6,62450,2,1,1GR1A062*MK******,2025-06-27 04:48:03,0,6,TRAILER,1073,GREAT DANE TRAILERS,520,GREAT DANE TRAILERS,13436,Great Dane Trailers,2021,,,6,UNITED STATES (USA),ILLINOIS,KEWANEE,,,61,Trailer,,,,,5,Box or Van Enclosed Trailer,6,Kingpin,53.000,"Semitrailer - Dry freight, Reefer, or Insulated van",2,,
6,62454,1,1,46UFU362*J1******,2025-06-27 04:48:03,0,6,TRAILER,16231,"ROADCLIPPER ENTERPRISES, INC.",6469,DIAMOND C TRAILER MFG.,17772,Diamond C Trailer Mfg.,1988,,,6,UNITED STATES (USA),TEXAS,MT. PLEASANT,,,61,Trailer,,,,,16,Utility Trailer,,,36.000,Flatbed,2,,
6,62504,4,1,1GRAA062*JW******,2025-06-27 04:48:03,0,6,TRAILER,1073,GREAT DANE TRAILERS,520,GREAT DANE TRAILERS,13436,Great Dane Trailers,1988,,,6,UNITED STATES (USA),NEBRASKA,WAYNE,,,61,Trailer,,,,,5,Box or Van Enclosed Trailer,4,Straight Semi/Semi Trailer,6.000,Dry Freight / Reefer / Insulated Van Trailer,2,,
6,62521,2,1,1ALSD028*MS******,2025-06-27 04:48:03,0,6,TRAILER,4855,"ALLOY TRAILER, INC",5399,ALLOY,13950,Alloy Trailers,2021,,,6,UNITED STATES (USA),WASHINGTON,SPOKAN,,,61,Trailer,9,"Class 8: 33,001 lb and above (14,969 kg and above)",,,5,Box or Van Enclosed Trailer,4,Straight Semi/Semi Trailer,,"Trailer Length: 45'7"" & over",2,,
6,62534,2,1,1TTF532A*E3******,2025-06-27 04:48:03,0,6,TRAILER,8231,TRANSCRAFT CORPORATION,12051,BENSON/WABASH,27664,Aluminium Flatbed,2014,,,6,UNITED STATES (USA),KENTUCKY,CADIZ,,,61,Trailer,,,,,6,Flatbed or Platform Trailer,6,Kingpin,53.000,,2,,
6,62539,1,1,3H3V532K*RS******,2025-06-27 04:48:03,0,6,TRAILER,14282,"HYUNDAI DE MEXICO, S.A. DE C.V.",4876,HYUNDAI TRANSLEAD TRAILERS,11496,Hyundai Translead Trailers,2024,,,12,MEXICO,BAJA CALIFORNIA,ROSARITO,,Body Type: SEMITRAILER,61,Trailer,,,,,5,Box or Van Enclosed Trailer,6,Kingpin,53.000,,2,,
6,62573,1,1,1E1H5Y28*NR******,2025-06-27 04:48:03,0,6,TRAILER,5338,EAST MANUFACTURING CORP.,1334,EAST MANUFACTURING CORP.,4686,East Manufacturing Corp,2022,,,6,UNITED STATES (USA),OHIO,RANDOLPH,,,61,Trailer,9,"Class 8: 33,001 lb and above (14,969 kg and above)",,,6,Flatbed or Platform Trailer,,,48.000,Standard Flat Bed Trailer,2,,
6,62573,4,1,3H3V532C*LT******,2025-06-27 04:48:03,0,6,TRAILER,14282,"HYUNDAI DE MEXICO, S.A. DE C.V.",4876,HYUNDAI TRANSLEAD TRAILERS,11496,Hyundai Translead Trailers,2020,,,12,MEXICO,BAJA CALIFORNIA,TIJUANA,,,61,Trailer,,,,,5,Box or Van Enclosed Trailer,,,53.000,Van Trailer,2,,
6,62573,6,1,1JJV532B*NL******,2025-06-27 04:48:03,0,6,TRAILER,14508,WABASH NATIONAL CORPORATION,12319,WABASH VANS,10945,Refrigerated Van,2022,,,6,UNITED STATES (USA),INDIANA,LAFAYETTE,,,61,Trailer,,,,,5,Box or Van Enclosed Trailer,6,Kingpin,53.000,,2,,
6,62573,7,1,1UYVS253*7P******,2025-06-27 04:48:03,0,6,TRAILER,10289,UTILITY TRAILER MANUFACTURING COMPANY,10138,UTILITY TRAILER MANUFACTURER,26222,Utility Trailer Manufacturer,2007,,,6,UNITED STATES (USA),ARKANSAS,PARAGOULD,,,61,Trailer,,,,,5,Box or Van Enclosed Trailer,4,Straight Semi/Semi Trailer,53.000,,2,,
6,62578,2,1,1UYVS253*CU******,2025-06-27 04:48:03,0,6,TRAILER,10289,UTILITY TRAILER MANUFACTURING COMPANY,10138,UTILITY TRAILER MANUFACTURER,26222,Utility Trailer Manufacturer,2012,,,6,UNITED STATES (USA),UTAH,CLEARFIELD,,,61,Trailer,,,,,5,Box or Van Enclosed Trailer,4,Straight Semi/Semi Trailer,53.000,,2,,
6,62607,2,1,4X4TSJC2*RE******,2025-06-27 04:48:03,0,6,TRAILER,1084,"FOREST RIVER, INC.",531,FOREST RIVER,3078,Stealth EVO Towables,2024,,,6,UNITED STATES (USA),CALIFORNIA,HEMET,,,61,Trailer,,,,,10,Camping or Travel Trailer,1,Ball Type Pull,27.000,Travel Trailer,2,,
6,62609,2,1,527SR482*RL******,2025-06-27 04:48:03,0,6,TRAILER,6703,VANGUARD REEFER TRAILER INC.,1561,"CIMC REEFER TRAILER,INC",4978,"CIMC REEFER TRAILER,INC.",2024,,,6,UNITED STATES (USA),CALIFORNIA,LOS ANGELES,"CIMC Reefer Trailer,Inc",,61,Trailer,,,,,5,Box or Van Enclosed Trailer,4,Straight Semi/Semi Trailer,48.000,Reefer Van Trailer,2,,
6,62634,1,1,1UYVS253*GU******,2025-06-27 04:48:03,0,6,TRAILER,10289,UTILITY TRAILER MANUFACTURING COMPANY,10138,UTILITY TRAILER MANUFACTURER,26222,Utility Trailer Manufacturer,2016,,,6,UNITED STATES (USA),UTAH,CLEARFIELD,,,61,Trailer,,,,,5,Box or Van Enclosed Trailer,4,Straight Semi/Semi Trailer,53.000,,2,,
6,62693,3,1,1UYVS253*8U******,2025-06-27 04:48:03,0,6,TRAILER,10289,UTILITY TRAILER MANUFACTURING COMPANY,10138,UTILITY TRAILER MANUFACTURER,26222,Utility Trailer Manufacturer,2008,,,6,UNITED STATES (USA),UTAH,CLEARFIELD,,,61,Trailer,,,,,5,Box or Van Enclosed Trailer,4,Straight Semi/Semi Trailer,53.000,,2,,
6,62708,3,1,1JJV532D*HL******,2025-06-27 04:48:03,0,6,TRAILER,14508,WABASH NATIONAL CORPORATION,12319,WABASH VANS,10942,Dry Van Duraplate,2017,,,6,UNITED STATES (USA),INDIANA,LAFAYETTE,,,61,Trailer,,,,,5,Box or Van Enclosed Trailer,,,53.000,,2,,
6,62717,2,1,1UYVS253*DP******,2025-06-27 04:48:03,0,6,TRAILER,10289,UTILITY TRAILER MANUFACTURING COMPANY,10138,UTILITY TRAILER MANUFACTURER,26222,Utility Trailer Manufacturer,2013,,,6,UNITED STATES (USA),ARKANSAS,PARAGOULD,,,61,Trailer,,,,,5,Box or Van Enclosed Trailer,4,Straight Semi/Semi Trailer,53.000,,2,,
6,62752,6,1,1GR1P062*PT******,2025-06-27 04:48:03,0,6,TRAILER,1073,GREAT DANE TRAILERS,520,GREAT DANE TRAILERS,13436,Great Dane Trailers,2023,,,6,UNITED STATES (USA),INDIANA,TERRE HAUTE,,,61,Trailer,,,,,5,Box or Van Enclosed Trailer,6,Kingpin,53.000,"Semitrailer - Dry freight, Reefer, or Insulated van",2,,
6,62772,4,1,1JJV532B*KL******,2025-06-27 04:48:03,0,6,TRAILER,14508,WABASH NATIONAL CORPORATION,12319,WABASH VANS,10945,Refrigerated Van,2019,,,6,UNITED STATES (USA),INDIANA,LAFAYETTE,,,61,Trailer,,,,,5,Box or Van Enclosed Trailer,,,53.000,,2,,
6,62896,1,1,3H3C412S*1T******,2025-06-27 04:48:03,0,6,TRAILER,14282,"HYUNDAI DE MEXICO, S.A. DE C.V.",4876,HYUNDAI TRANSLEAD TRAILERS,11496,Hyundai Translead Trailers,2001,,,12,MEXICO,BAJA CALIFORNIA,TIJUANA,,,61,Trailer,,,,,109,Intermodal Container Chassis or Trailer,,,41.000,Material: Steel,2,,
6,62956,1,1,527SR532*NL******,2025-06-27 04:48:03,0,6,TRAILER,6703,VANGUARD REEFER TRAILER INC.,1561,"CIMC REEFER TRAILER,INC",4978,"CIMC REEFER TRAILER,INC.",2022,,,6,UNITED STATES (USA),CALIFORNIA,LOS ANGELES,"CIMC Reefer Trailer,Inc",,61,Trailer,,,,,5,Box or Van Enclosed Trailer,4,Straight Semi/Semi Trailer,53.000,Reefer Van Trailer,2,,
6,63067,2,1,1UYVS253*DU******,2025-06-27 04:48:03,0,6,TRAILER,10289,UTILITY TRAILER MANUFACTURING COMPANY,10138,UTILITY TRAILER MANUFACTURER,26222,Utility Trailer Manufacturer,2013,,,6,UNITED STATES (USA),UTAH,CLEARFIELD,,,61,Trailer,,,,,5,Box or Van Enclosed Trailer,4,Straight Semi/Semi Trailer,53.000,,2,,
6,63074,3,1,1A9ASD11*MF896***,2025-06-27 04:48:03,0,6,TRAILER,7267,"AMERICAN CARRIER EQUIPMENT TRAILER SALES, LLC",1518,ACE,4910,Ace,2021,,,6,UNITED STATES (USA),CALIFORNIA,FRESNO,,Trailer Length: 0-20ft,61,Trailer,,,,,180,"Grain, Chip, or Gravel Trailer",4,Straight Semi/Semi Trailer,,Bottom Dump Trailer,1,,
6,63086,2,1,1JJV532B*KL******,2025-06-27 04:48:03,0,6,TRAILER,14508,WABASH NATIONAL CORPORATION,12319,WABASH VANS,10945,Refrigerated Van,2019,,,6,UNITED STATES (USA),INDIANA,LAFAYETTE,,,61,Trailer,,,,,5,Box or Van Enclosed Trailer,,,53.000,,2,,
6,63157,2,1,1A9ASD11*NF896***,2025-06-27 04:48:03,0,6,TRAILER,7267,"AMERICAN CARRIER EQUIPMENT TRAILER SALES, LLC",1518,ACE,4910,Ace,2022,,,6,UNITED STATES (USA),CALIFORNIA,FRESNO,,Trailer Length: 0-20ft,61,Trailer,,,,,180,"Grain, Chip, or Gravel Trailer",4,Straight Semi/Semi Trailer,,Bottom Dump Trailer,1,,
6,63157,2,2,1A9AFD12*NF896***,2025-06-27 04:48:03,0,6,TRAILER,7267,"AMERICAN CARRIER EQUIPMENT TRAILER SALES, LLC",1518,ACE,4910,Ace,2022,,,6,UNITED STATES (USA),CALIFORNIA,FRESNO,,Trailer Length: 0-20ft,61,Trailer,,,,,180,"Grain, Chip, or Gravel Trailer",,,,Full/Pull Trailer,2,,
6,63160,1,1,1UYVS253*J2******,2025-06-27 04:48:03,0,6,TRAILER,10289,UTILITY TRAILER MANUFACTURING COMPANY,10138,UTILITY TRAILER MANUFACTURER,26222,Utility Trailer Manufacturer,2018,,,6,UNITED STATES (USA),UTAH,CLEARFIELD,,,61,Trailer,,,,,5,Box or Van Enclosed Trailer,4,Straight Semi/Semi Trailer,53.000,,2,,
6,63160,2,1,1UYVS253*J2******,2025-06-27 04:48:03,0,6,TRAILER,10289,UTILITY TRAILER MANUFACTURING COMPANY,10138,UTILITY TRAILER MANUFACTURER,26222,Utility Trailer Manufacturer,2018,,,6,UNITED STATES (USA),UTAH,CLEARFIELD,,,61,Trailer,,,,,5,Box or Van Enclosed Trailer,4,Straight Semi/Semi Trailer,53.000,,2,,
6,63161,1,1,5HTSA442*R7******,2025-06-27 04:48:03,0,6,TRAILER,5564,"HEIL TRAILER INTERNATIONAL, CO",2365,HEIL TRAILER INTERNATIONAL,6142,Heil Trailer International,2024,,,6,UNITED STATES (USA),TENNESSEE,ATHENS,,,61,Trailer,,,,,15,Tank Trailer,4,Straight Semi/Semi Trailer,44.000,AL 306/406,2,,
6,63196,1,1,1UYVS253*AU******,2025-06-27 04:48:03,0,6,TRAILER,10289,UTILITY TRAILER MANUFACTURING COMPANY,10138,UTILITY TRAILER MANUFACTURER,26222,Utility Trailer Manufacturer,2010,,,6,UNITED STATES (USA),UTAH,CLEARFIELD,,,61,Trailer,,,,,5,Box or Van Enclosed Trailer,4,Straight Semi/Semi Trailer,53.000,,2,,
6,63251,2,1,527SR512*LL******,2025-06-27 04:48:03,0,6,TRAILER,6703,VANGUARD REEFER TRAILER INC.,1561,"CIMC REEFER TRAILER,INC",4978,"CIMC REEFER TRAILER,INC.",2020,,,6,UNITED STATES (USA),CALIFORNIA,LOS ANGELES,"CIMC Reefer Trailer,Inc",,61,Trailer,,,,,5,Box or Van Enclosed Trailer,4,Straight Semi/Semi Trailer,51.000,Reefer Van Trailer,2,,
6,63253,2,1,1UYVS253*3G******,2025-06-27 04:48:03,0,6,TRAILER,10289,UTILITY TRAILER MANUFACTURING COMPANY,10138,UTILITY TRAILER MANUFACTURER,26222,Utility Trailer Manufacturer,2003,,,6,UNITED STATES (USA),VIRGINIA,GLADE SPRING,,,61,Trailer,,,,,5,Box or Van Enclosed Trailer,4,Straight Semi/Semi Trailer,53.000,,2,,
6,63312,3,1,1PMA1452*Y1******,2025-06-27 04:48:03,0,6,TRAILER,6179,"POLAR TANK TRAILER, LLC",2921,POLAR TANK TRAILER,6874,Polar Tank Trailer,2000,,,6,UNITED STATES (USA),MINNESOTA,OPOLE,,,61,Trailer,,,,,15,Tank Trailer,30,Other,45.000,Vessel Code: Non-Code,2,,
6,63322,2,1,1UYVS253*J3******,2025-06-27 04:48:03,0,6,TRAILER,10289,UTILITY TRAILER MANUFACTURING COMPANY,10138,UTILITY TRAILER MANUFACTURER,26222,Utility Trailer Manufacturer,2018,,,6,UNITED STATES (USA),ARKANSAS,PARAGOULD,,,61,Trailer,,,,,5,Box or Van Enclosed Trailer,4,Straight Semi/Semi Trailer,53.000,,2,,
6,63322,3,1,1UYVS250*7U******,2025-06-27 04:48:03,0,6,TRAILER,10289,UTILITY TRAILER MANUFACTURING COMPANY,10138,UTILITY TRAILER MANUFACTURER,26222,Utility Trailer Manufacturer,2007,,,6,UNITED STATES (USA),UTAH,CLEARFIELD,,,61,Trailer,,,,,5,Box or Van Enclosed Trailer,4,Straight Semi/Semi Trailer,50.000,,2,,
6,63328,1,1,527SR532*KL******,2025-06-27 04:48:03,0,6,TRAILER,6703,VANGUARD REEFER TRAILER INC.,1561,"CIMC REEFER TRAILER,INC",4978,"CIMC REEFER TRAILER,INC.",2019,,,6,UNITED STATES (USA),CALIFORNIA,LOS ANGELES,"CIMC Reefer Trailer,Inc",,61,Trailer,,,,,5,Box or Van Enclosed Trailer,4,Straight Semi/Semi Trailer,53.000,Reefer Van Trailer,2,,
6,63368,1,1,1UYVS253*EU******,2025-06-27 04:48:03,0,6,TRAILER,10289,UTILITY TRAILER MANUFACTURING COMPANY,10138,UTILITY TRAILER MANUFACTURER,26222,Utility Trailer Manufacturer,2014,,,6,UNITED STATES (USA),UTAH,CLEARFIELD,,,61,Trailer,,,,,5,Box or Van Enclosed Trailer,4,Straight Semi/Semi Trailer,53.000,,2,,
6,63368,3,1,1UYVS253*K2******,2025-06-27 04:48:03,0,6,TRAILER,10289,UTILITY TRAILER MANUFACTURING COMPANY,10138,UTILITY TRAILER MANUFACTURER,26222,Utility Trailer Manufacturer,2019,,,6,UNITED STATES (USA),UTAH,CLEARFIELD,,,61,Trailer,,,,,5,Box or Van Enclosed Trailer,4,Straight Semi/Semi Trailer,53.000,,2,,
6,63372,9,1,10BBAA21*MP******,2025-06-27 04:48:03,0,6,TRAILER,5083,BRENNER TANK LLC,8089,BRENNER,32631,DOT/TC Specification,2021,406/407/412/331/338/ETM,,6,UNITED STATES (USA),OREGON,PORTLAND,,,61,Trailer,,,,,15,Tank Trailer,,,,Type of Trailer: Full Trailer,2,,
6,63388,1,1,3H3V532C*FT******,2025-06-27 04:48:03,0,6,TRAILER,14282,"HYUNDAI DE MEXICO, S.A. DE C.V.",4876,HYUNDAI TRANSLEAD TRAILERS,11496,Hyundai Translead Trailers,2015,,,12,MEXICO,BAJA CALIFORNIA,TIJUANA,,,61,Trailer,,,,,5,Box or Van Enclosed Trailer,,,53.000,Van Trailer,2,,
6,63433,2,1,1JJV532D*NL******,2025-06-27 04:48:03,0,6,TRAILER,14508,WABASH NATIONAL CORPORATION,12319,WABASH VANS,10942,Dry Van Duraplate,2022,,,6,UNITED STATES (USA),INDIANA,LAFAYETTE,,,61,Trailer,,,,,5,Box or Van Enclosed Trailer,6,Kingpin,53.000,,2,,
6,63476,2,1,1UYVS253*EP******,2025-06-27 04:48:03,0,6,TRAILER,10289,UTILITY TRAILER MANUFACTURING COMPANY,10138,UTILITY TRAILER MANUFACTURER,26222,Utility Trailer Manufacturer,2014,,,6,UNITED STATES (USA),ARKANSAS,PARAGOULD,,,61,Trailer,,,,,5,Box or Van Enclosed Trailer,4,Straight Semi/Semi Trailer,53.000,,2,,
6,63633,2,1,3H3V482K*SJ******,2025-08-27 13:58:14,0,6,TRAILER,14282,"HYUNDAI DE MEXICO, S.A. DE C.V.",4876,HYUNDAI TRANSLEAD TRAILERS,11496,Hyundai Translead Trailers,2025,,,12,MEXICO,BAJA CALIFORNIA,TIJUANA,,Body Type: SEMITRAILER,61,Trailer,,,,,5,Box or Van Enclosed Trailer,6,Kingpin,48.000,,2,,
8,80054,1,1,50HFG322*P1******,2025-06-27 04:48:03,0,6,TRAILER,13594,NORSTAR TRAILERS,4581,NORSTAR TRAILERS,9743,Norstar Trailers,2023,,,6,UNITED STATES (USA),TEXAS,BROOKSTON,,,61,Trailer,,,,,6,Flatbed or Platform Trailer,3,Gooseneck,32.000,Flat Deck Trailer,2,,
8,80065,1,1,1L9PU173*JG423***,2025-06-27 04:48:03,0,6,TRAILER,8949,"LUCON, INC.",2202,LUCON,5989,Lucon,2018,,,6,UNITED STATES (USA),GEORGIA,GRIFFIN,,,61,Trailer,,,,,16,Utility Trailer,2,Pintle Hitch/Hook,17.000,,3,,
8,80073,2,1,1JJV532W*6L******,2025-06-27 04:48:03,0,6,TRAILER,14508,WABASH NATIONAL CORPORATION,4847,WABASH,13327,Wabash National Corporation,2006,,,6,UNITED STATES (USA),INDIANA,LAFAYETTE,,,61,Trailer,,,,,5,Box or Van Enclosed Trailer,,,53.000,,2,,
8,80134,1,1,1S9SS402*CL476***,2025-06-27 04:48:03,0,6,TRAILER,8211,SMITHCO MANUFACTURING,6887,SMITHCO MANUFACTURING,18396,SMITHCO MANUFACTURING,2012,,,6,UNITED STATES (USA),IOWA,LE MARS,,,61,Trailer,,,,,4,Dump Trailer,,,40.000,Side Dump Trailer,2,,
8,80135,2,1,1PMS1422*Y1******,2025-06-27 04:48:03,0,6,TRAILER,6179,"POLAR TANK TRAILER, LLC",2921,POLAR TANK TRAILER,6874,Polar Tank Trailer,2000,,,6,UNITED STATES (USA),MINNESOTA,OPOLE,,,61,Trailer,,,,,15,Tank Trailer,,,42.000,Vessel Code: Non-Code,2,,
8,80138,2,1,5YCBE101*EH******,2025-06-27 04:48:03,0,6,TRAILER,9309,"ARISING INDUSTRIES, INC",852,"ARISING INDUSTRIES, INC",4036,"ARISING INDUSTRIES, INC",2014,,,6,UNITED STATES (USA),GEORGIA,HAZLEHURST,,,61,Trailer,,,,,5,Box or Van Enclosed Trailer,1,Ball Type Pull,10.000,,1,,
8,80151,2,1,1UYVS253*L2******,2025-06-27 04:48:03,0,6,TRAILER,10289,UTILITY TRAILER MANUFACTURING COMPANY,10138,UTILITY TRAILER MANUFACTURER,26222,Utility Trailer Manufacturer,2020,,,6,UNITED STATES (USA),UTAH,CLEARFIELD,,,61,Trailer,,,,,5,Box or Van Enclosed Trailer,4,Straight Semi/Semi Trailer,53.000,,2,,
8,80167,1,1,1TTF4820*91******,2025-06-27 04:48:03,0,6,TRAILER,8231,TRANSCRAFT CORPORATION,10511,TRANSCRAFT,28401,Transcraft,2009,,,6,UNITED STATES (USA),ILLINOIS,ANNA,,,61,Trailer,,,,,6,Flatbed or Platform Trailer,6,Kingpin,48.000,Platform,2,,
8,80172,2,1,1JJV532B*BL******,2025-06-27 04:48:03,0,6,TRAILER,14508,WABASH NATIONAL CORPORATION,12319,WABASH VANS,10945,Refrigerated Van,2011,,,6,UNITED STATES (USA),INDIANA,LAFAYETTE,,,61,Trailer,,,,,5,Box or Van Enclosed Trailer,,,53.000,,2,,
8,80173,2,1,4X4FRLE2*P1******,2025-06-27 04:48:03,0,6,TRAILER,1084,"FOREST RIVER, INC.",531,FOREST RIVER,3158,Rockwood Lite Weight Trailers,2023,,,6,UNITED STATES (USA),INDIANA,MILLERSBURG,,,61,Trailer,,,,,10,Camping or Travel Trailer,5,Fifth Wheel,29.000,Fifth Wheel Trailer,2,,
8,80179,2,1,3M9H5TA2*BG009***,2025-06-27 04:48:03,0,6,TRAILER,7868,MANUFACTURAS HERCULES S.A.DE C.V.,3898,MANUFACTURAS HERCULES S.A.DE C.V.,8530,Manufacturas Hercules S.A.DE C.V.,2011,,,12,MEXICO,NUEVO LEON,GUADALUPE,Manufacturas Hercules S.A.DE C.V.,,61,Trailer,,,,,15,Tank Trailer,5,Fifth Wheel,42.000,,2,,
8,80188,2,1,1PMA3442*81******,2025-06-27 04:48:03,0,6,TRAILER,6179,"POLAR TANK TRAILER, LLC",2921,POLAR TANK TRAILER,6874,Polar Tank Trailer,2008,,,6,UNITED STATES (USA),MINNESOTA,OPOLE,,,61,Trailer,,,,,15,Tank Trailer,30,Other,44.000,Vessel Code: DOT 407,2,,
8,80189,1,1,1UYVS253*L7******,2025-06-27 04:48:03,0,6,TRAILER,10289,UTILITY TRAILER MANUFACTURING COMPANY,10138,UTILITY TRAILER MANUFACTURER,26222,Utility Trailer Manufacturer,2020,,,6,UNITED STATES (USA),VIRGINIA,GLADE SPRING,,,61,Trailer,,,,,5,Box or Van Enclosed Trailer,4,Straight Semi/Semi Trailer,53.000,,2,,
8,80208,2,1,1TTF4820*42******,2025-06-27 04:48:03,0,6,TRAILER,8231,TRANSCRAFT CORPORATION,10511,TRANSCRAFT,28401,Transcraft,2004,,,6,UNITED STATES (USA),KENTUCKY,MOUNT STERLING,,,61,Trailer,,,,,6,Flatbed or Platform Trailer,6,Kingpin,48.000,Platform,2,,
8,80235,1,1,5V8VC532*JT******,2025-06-27 04:48:03,0,6,TRAILER,16522,VANGUARD NATIONAL TRAILER CORPORTATION,6474,VANGUARD NATIONAL TRAILER CORPORATION (VNTC),17782,VANGUARD NATIONAL TRAILER CORPORATION (VNTC),2018,,,6,UNITED STATES (USA),GEORGIA,TRENTON,,,61,Trailer,,,,,5,Box or Van Enclosed Trailer,6,Kingpin,53.000,Dry Freight Trailer,,3,Tandem
8,80249,2,1,3H3C532S*XT******,2025-06-27 04:48:03,0,6,TRAILER,14282,"HYUNDAI DE MEXICO, S.A. DE C.V.",4876,HYUNDAI TRANSLEAD TRAILERS,11496,Hyundai Translead Trailers,1999,,,12,MEXICO,BAJA CALIFORNIA,TIJUANA,,,61,Trailer,,,,,109,Intermodal Container Chassis or Trailer,,,53.000,Material: Steel,2,,
8,80259,2,1,1N9DC403*FK175***,2025-06-27 04:48:03,0,6,TRAILER,10698,NEVILLE WELDING INC.,2162,NEVILLE WELDING INC.,5936,NEVILLE WELDING INC.,2015,,,6,UNITED STATES (USA),KANSAS,KINGMAN,,,61,Trailer,,,,,6,Flatbed or Platform Trailer,,,40.000,Drop Deck Trailer,3,,
8,80323,2,1,5WSABB34*LN******,2025-06-27 04:48:03,0,6,TRAILER,10142,WALKER STAINLESS EQUIPMENT CO,6978,WALKER,32634,NON-DOT/TC Spec,2020,3A/Foodgrade/Water/Fertilizer/Septic/Dry Bulk/Etc.,,6,UNITED STATES (USA),WISCONSIN,NEW LISBON,,,61,Trailer,,,,,15,Tank Trailer,4,Straight Semi/Semi Trailer,,Length of Trailer: = or > 50 feet,3,,
8,80335,2,1,1GRAA822*9B******,2025-06-27 04:48:03,0,6,TRAILER,1073,GREAT DANE TRAILERS,520,GREAT DANE TRAILERS,13436,Great Dane Trailers,2009,,,6,UNITED STATES (USA),INDIANA,BRAZIL,,,61,Trailer,,,,,5,Box or Van Enclosed Trailer,4,Straight Semi/Semi Trailer,41.000,Dry Freight/ Reefer/ Insulated Van,2,,
8,80339,2,1,4J8T0432*LT******,2025-06-27 04:48:03,0,6,TRAILER,2695,"LBT, INC.",7990,LBT INC,21385,LBT INC TRAILER,2020,,,6,UNITED STATES (USA),NEBRASKA,OMAHA,,,61,Trailer,,,,,15,Tank Trailer,,,43.000,,2,,
8,80339,3,1,1SE200L2*6F******,2025-06-27 04:48:03,0,6,TRAILER,10600,SKYLINE CORPORATION,3216,SKYLINE CORPORATION,18066,Key Largo,2006,,,6,UNITED STATES (USA),INDIANA,ELKHART,,,61,Trailer,,,,,10,Camping or Travel Trailer,,,25.000,Travel Trailer,2,,
8,80366,2,1,1G9ST503*RH015***,2025-06-27 04:48:03,0,6,TRAILER,13998,GALYEAN EQUIPMENT CO.,4726,GALYEAN EQUIPMENT CO.,9991,Galyean Equipment Co.,2024,,,6,UNITED STATES (USA),TEXAS,HENDERSON,,,61,Trailer,,,,,15,Tank Trailer,4,Straight Semi/Semi Trailer,50.000,,3,,
8,80376,2,1,5MADN352*MK******,2025-06-27 04:48:03,0,6,TRAILER,5950,"MAC TRAILER MFG, INC.",6826,MAC TRAILER MANUFACTURING,18288,MAC TRAILER MANUFACTURING,2021,,,6,UNITED STATES (USA),OKLAHOMA,,Sub Contract 70,,61,Trailer,,,,,4,Dump Trailer,6,Kingpin,35.000,STEEL OR ALUMINUM BODY,2,,
8,80389,2,1,1GRAA561*EB******,2025-06-27 04:48:03,0,6,TRAILER,1073,GREAT DANE TRAILERS,520,GREAT DANE TRAILERS,13436,Great Dane Trailers,2014,,,6,UNITED STATES (USA),INDIANA,BRAZIL,,,61,Trailer,,,,,5,Box or Van Enclosed Trailer,4,Straight Semi/Semi Trailer,28.000,Dry Freight Van / Reefer Van / Insulated Van,1,,
8,80389,2,2,1KKVD281*FL******,2025-06-27 04:48:03,0,6,TRAILER,2340,KENTUCKY MANUFACTURING CO.,2048,KENTUCKY,30821,Drop Trailer,2015,,,6,UNITED STATES (USA),KENTUCKY,LOUISVILLE,Kentucky Manufacturing Co.,,61,Trailer,,,,,5,Box or Van Enclosed Trailer,,,28.000,Van Trailer,1,,
8,80392,3,1,4P5GN202*61******,2025-06-27 04:48:03,0,6,TRAILER,16013,"PJ TRAILERS MANUFACTURING, INC.",6060,PJ,28324,PJ,2006,,,6,UNITED STATES (USA),TEXAS,SUMNER,,,61,Trailer,,,,,101,Other Trailer,30,Other,20.000,Variable HITCH based on Size/Type of Trailer,2,,
8,80406,1,1,1E1H5Y28*GR******,2025-06-27 04:48:03,0,6,TRAILER,5338,EAST MANUFACTURING CORP.,1334,EAST MANUFACTURING CORP.,4686,East Manufacturing Corp,2016,,,6,UNITED STATES (USA),OHIO,RANDOLPH,,,61,Trailer,9,"Class 8: 33,001 lb and above (14,969 kg and above)",,,6,Flatbed or Platform Trailer,,,48.000,Standard Flat Bed Trailer,2,,
8,80420,2,1,1J9FS161*41033***,2025-06-27 04:48:03,0,6,TRAILER,16178,J & C MANUFACTURING INC,5745,J & C MFG INC,14995,J & C Mfg Inc Trailer,2004,Standard,,6,UNITED STATES (USA),OKLAHOMA,RUSH SPRINGS,,,61,Trailer,,,,,6,Flatbed or Platform Trailer,,,16.000,,1,,
8,80431,2,1,1JJV532B*EL******,2025-06-27 04:48:03,0,6,TRAILER,14508,WABASH NATIONAL CORPORATION,12319,WABASH VANS,10945,Refrigerated Van,2014,,,6,UNITED STATES (USA),INDIANA,LAFAYETTE,,,61,Trailer,,,,,5,Box or Van Enclosed Trailer,,,53.000,,2,,
8,80444,2,1,2SFFH331*N1******,2025-06-27 04:48:03,0,6,TRAILER,16005,SOUTHLAND TRAILER CORP.,6059,STC,24510,STC,2022,,,1,CANADA,ALBERTA,LETHBRIDGE,,,61,Trailer,15,"Class 2F: 7,001 - 8,000 lb (3,175 - 3,629 kg)",,,5,Box or Van Enclosed Trailer,14,Bumper Pull,,Length: 14-18 ft,2,,
8,80451,1,1,3H3V532C*HT******,2025-06-27 04:48:03,0,6,TRAILER,14282,"HYUNDAI DE MEXICO, S.A. DE C.V.",4876,HYUNDAI TRANSLEAD TRAILERS,11496,Hyundai Translead Trailers,2017,,,12,MEXICO,BAJA CALIFORNIA,TIJUANA,,,61,Trailer,,,,,5,Box or Van Enclosed Trailer,,,53.000,Van Trailer,2,,
8,80455,1,1,3UTVS253*N8******,2025-06-27 04:48:03,0,6,TRAILER,10289,UTILITY TRAILER MANUFACTURING COMPANY,10138,UTILITY TRAILER MANUFACTURER,26222,Utility Trailer Manufacturer,2022,,,12,MEXICO,,PIEDRAS NEGRAS,,,61,Trailer,,,,,5,Box or Van Enclosed Trailer,4,Straight Semi/Semi Trailer,53.000,,2,,
8,80469,2,1,4S8SZ161*WW******,2025-06-27 04:48:03,0,6,TRAILER,4756,"MORBARK, LLC",2711,MORBARK,6629,Morbark,1998,,,6,UNITED STATES (USA),MICHIGAN,WINN,,,61,Trailer,,,,,111,Specialty Trailer,,,16.000,E-Z Beever,1,,
8,80490,1,1,1UNST422*5L******,2025-06-27 04:48:03,0,6,TRAILER,1739,"DRAGON PRODUCTS, LLC",956,DRAGON PRODUCTS,4976,Dragon Products,2005,,,6,UNITED STATES (USA),TEXAS,LAPORTE,,,61,Trailer,,,,,15,Tank Trailer,4,Straight Semi/Semi Trailer,42.000,,2,,
8,80491,1,1,3S9G6PG2*PC097***,2025-06-27 04:48:03,0,6,TRAILER,14898,"SEMIREMOLQUES EL PAISANO, S.A. DE C.V.",9794,SEMIREMOLQUES EL PAISANO,25167,Semiremolques el Paisano,2023,,,12,MEXICO,CHIHUAHUA,CUAUHTEMOC,,,61,Trailer,,,,,6,Flatbed or Platform Trailer,6,Kingpin,40.000,Step Deck Trailer,2,,
8,80520,2,1,16V1D192*R5******,2025-06-27 04:48:03,0,6,TRAILER,9132,"BIG TEX TRAILER MANUFACTURING, LLC",1136,BIG TEX,5625,Big Tex,2024,,,6,UNITED STATES (USA),OKLAHOMA,MADILL,"Big Tex Trailer Manufacturing, Inc.",,61,Trailer,,,,,4,Dump Trailer,14,Bumper Pull,19.000,,2,,
8,80539,2,1,3H3V532K*NJ******,2025-06-27 04:48:03,0,6,TRAILER,14282,"HYUNDAI DE MEXICO, S.A. DE C.V.",4876,HYUNDAI TRANSLEAD TRAILERS,11496,Hyundai Translead Trailers,2022,,,12,MEXICO,BAJA CALIFORNIA,TIJUANA,,Body Type: SEMITRAILER,61,Trailer,,,,,5,Box or Van Enclosed Trailer,6,Kingpin,53.000,,2,,
8,80568,3,1,3H3V352C*PT******,2025-06-27 04:48:03,0,6,TRAILER,14282,"HYUNDAI DE MEXICO, S.A. DE C.V.",4876,HYUNDAI TRANSLEAD TRAILERS,11496,Hyundai Translead Trailers,1993,,,12,MEXICO,BAJA CALIFORNIA,TIJUANA,,,61,Trailer,,,,,5,Box or Van Enclosed Trailer,,,35.000,Van Trailer,2,,
8,80585,1,1,1JJV482W*6L******,2025-06-27 04:48:03,0,6,TRAILER,14508,WABASH NATIONAL CORPORATION,4847,WABASH,13327,Wabash National Corporation,2006,,,6,UNITED STATES (USA),INDIANA,LAFAYETTE,,,61,Trailer,,,,,5,Box or Van Enclosed Trailer,,,48.000,,2,,
8,80600,2,1,1JJV532D*GL******,2025-06-27 04:48:03,0,6,TRAILER,14508,WABASH NATIONAL CORPORATION,12319,WABASH VANS,10942,Dry Van Duraplate,2016,,,6,UNITED STATES (USA),INDIANA,LAFAYETTE,,,61,Trailer,,,,,5,Box or Van Enclosed Trailer,,,53.000,,2,,
8,80603,2,1,1UYVS253*GP******,2025-06-27 04:48:03,0,6,TRAILER,10289,UTILITY TRAILER MANUFACTURING COMPANY,10138,UTILITY TRAILER MANUFACTURER,26222,Utility Trailer Manufacturer,2016,,,6,UNITED STATES (USA),ARKANSAS,PARAGOULD,,,61,Trailer,,,,,5,Box or Van Enclosed Trailer,4,Straight Semi/Semi Trailer,53.000,,2,,
8,80604,1,1,1TTF532A*K3******,2025-06-27 04:48:03,0,6,TRAILER,8231,TRANSCRAFT CORPORATION,12051,BENSON/WABASH,27664,Aluminium Flatbed,2019,,,6,UNITED STATES (USA),KENTUCKY,CADIZ,,,61,Trailer,,,,,6,Flatbed or Platform Trailer,6,Kingpin,53.000,,2,,
8,80605,2,1,1X8SD402*D1******,2025-06-27 04:48:03,0,6,TRAILER,17677,"WAR HAWK, INC.",8868,"WAR HAWK, INC.",22972,"War Hawk, Inc.",2013,Snow Hawk,,6,UNITED STATES (USA),NEBRASKA,FALLS CITY,,,61,Trailer,,,,,13,Live Animal Trailer,,,40.000,Stock Trailer,2,,
8,80640,2,1,1PMKA442*P7******,2025-06-27 04:48:03,0,6,TRAILER,6179,"POLAR TANK TRAILER, LLC",2921,POLAR TANK TRAILER,6874,Polar Tank Trailer,2023,AL 306/406,,6,UNITED STATES (USA),TENNESSEE,ATHENS,,,61,Trailer,,,,,15,Tank Trailer,4,Straight Semi/Semi Trailer,44.000,,2,,
9,90017,1,1,3H3V281C*ET******,2025-06-27 04:48:03,0,6,TRAILER,14282,"HYUNDAI DE MEXICO, S.A. DE C.V.",4876,HYUNDAI TRANSLEAD TRAILERS,11496,Hyundai Translead Trailers,2014,,,12,MEXICO,BAJA CALIFORNIA,TIJUANA,,,61,Trailer,,,,,5,Box or Van Enclosed Trailer,,,28.000,Van Trailer,1,,
9,90017,1,2,3H3V281C*ET******,2025-06-27 04:48:03,0,6,TRAILER,14282,"HYUNDAI DE MEXICO, S.A. DE C.V.",4876,HYUNDAI TRANSLEAD TRAILERS,11496,Hyundai Translead Trailers,2014,,,12,MEXICO,BAJA CALIFORNIA,TIJUANA,,,61,Trailer,,,,,5,Box or Van Enclosed Trailer,,,28.000,Van Trailer,1,,
9,90035,1,1,1GRAP062*DT******,2025-06-27 04:48:03,0,6,TRAILER,1073,GREAT DANE TRAILERS,520,GREAT DANE TRAILERS,13436,Great Dane Trailers,2013,,,6,UNITED STATES (USA),INDIANA,TERRE HAUTE,,,61,Trailer,,,,,5,Box or Van Enclosed Trailer,4,Straight Semi/Semi Trailer,53.000,Dry Freight Van / Reefer Van / Insulated Van,2,,
9,90038,1,1,1JJV532W*5L******,2025-06-27 04:48:03,0,6,TRAILER,14508,WABASH NATIONAL CORPORATION,4847,WABASH,13327,Wabash National Corporation,2005,,,6,UNITED STATES (USA),INDIANA,LAFAYETTE,,,61,Trailer,,,,,5,Box or Van Enclosed Trailer,,,53.000,,2,,
9,90038,2,1,1UYVS248*K6******,2025-06-27 04:48:03,0,6,TRAILER,10289,UTILITY TRAILER MANUFACTURING COMPANY,10138,UTILITY TRAILER MANUFACTURER,26222,Utility Trailer Manufacturer,2019,,,6,UNITED STATES (USA),VIRGINIA,MARION,,,61,Trailer,,,,,5,Box or Van Enclosed Trailer,4,Straight Semi/Semi Trailer,48.000,,2,,
9,90060,1,1,13N2512C*C2******,2025-06-27 04:48:03,0,6,TRAILER,12268,FONTAINE COMMERCIAL TRAILER INC.,1128,FONTAINE TRAILER CO.,4416,Fontaine Trailer Co.,2012,,,6,UNITED STATES (USA),ALABAMA,JASPER,,Optional Features: Sliding Suspension,61,Trailer,,,,,6,Flatbed or Platform Trailer,,,51.000,Drop Deck Trailer,2,,
9,90064,1,1,57VAA532*M1******,2025-06-27 04:48:03,0,6,TRAILER,7668,"CIMC INTERMODAL EQUIPMENT, LLC",1388,CIMC,4736,CIMC,2021,,,6,UNITED STATES (USA),CALIFORNIA,SOUTH GATE,,,61,Trailer,,,,,109,Intermodal Container Chassis or Trailer,3,Gooseneck,53.000,,2,,
9,90110,1,1,1JJV281D*EL******,2025-06-27 04:48:03,0,6,TRAILER,14508,WABASH NATIONAL CORPORATION,12319,WABASH VANS,10942,Dry Van Duraplate,2014,,,6,UNITED STATES (USA),INDIANA,LAFAYETTE,,,61,Trailer,,,,,5,Box or Van Enclosed Trailer,,,28.000,,1,,
9,90110,1,2,1JJV281D*NL******,2025-06-27 04:48:03,0,6,TRAILER,14508,WABASH NATIONAL CORPORATION,12319,WABASH VANS,10942,Dry Van Duraplate,2022,,,6,UNITED STATES (USA),INDIANA,LAFAYETTE,,,61,Trailer,,,,,5,Box or Van Enclosed Trailer,6,Kingpin,28.000,,1,,
9,90116,2,1,55L1F202*LN******,2025-06-27 04:48:03,0,6,TRAILER,15169,REISER MANUFACTURING CO INC,5101,REISER,12687,Reiser,2020,,,6,UNITED STATES (USA),OHIO,NEW WATERFORD,,,61,Trailer,,,,,6,Flatbed or Platform Trailer,1,Ball Type Pull,20.000,,2,,
9,90235,1,1,3H3F482K*PJ******,2025-06-27 04:48:03,0,6,TRAILER,14282,"HYUNDAI DE MEXICO, S.A. DE C.V.",4876,HYUNDAI TRANSLEAD TRAILERS,11496,Hyundai Translead Trailers,2023,,,12,MEXICO,BAJA CALIFORNIA,TIJUANA,,Body Type: SEMITRAILER,61,Trailer,,,,,6,Flatbed or Platform Trailer,6,Kingpin,48.000,,2,,
10,100018,1,1,4A2LG292*H1******,2025-06-27 04:48:03,0,6,TRAILER,5943,"M.H. EBY, INC.",5684,"M.H. EBY, INC",14899,"M.H. EBY, INC",2017,,,6,UNITED STATES (USA),PENNSYLVANIA,BLUE BALL,,,61,Trailer,,,,,13,Live Animal Trailer,3,Gooseneck,29.000,Gooseneck/5th wheel trailer,2,,
10,100032,1,1,5JW0E162*PM******,2025-06-27 04:48:03,0,6,TRAILER,9916,NOVAE LLC,11605,LOOK TRAILERS,30028,Look Trailers,2023,,,6,UNITED STATES (USA),PENNSYLVANIA,MOUNTAIN TOP,,,61,Trailer,,,,,5,Box or Van Enclosed Trailer,1,Ball Type Pull,16.000,,2,,
10,100046,1,1,1V9DS482*KN062***,2025-06-27 04:48:03,0,6,TRAILER,10999,VIKING TRAILERS,5688,VIKING TRAILER,14907,Viking Trailer,2019,Single Drop,,6,UNITED STATES (USA),TEXAS,NACOGDOCHES,,,61,Trailer,,,,,13,Live Animal Trailer,,,48.000,Poultry Trailer,2,,
10,100050,2,1,1GRAA062*KD******,2025-06-27 04:48:03,0,6,TRAILER,1073,GREAT DANE TRAILERS,520,GREAT DANE TRAILERS,13436,Great Dane Trailers,1989,,,6,UNITED STATES (USA),PENNSYLVANIA,DANVILLE,,Effective 12/01/01,61,Trailer,,,,,5,Box or Van Enclosed Trailer,4,Straight Semi/Semi Trailer,6.000,Dry Freight/ Reefer/ Insulated Van,2,,
10,100106,1,1,1JJV532D*RL******,2025-06-27 04:48:03,0,6,TRAILER,14508,WABASH NATIONAL CORPORATION,12319,WABASH VANS,10942,Dry Van Duraplate,2024,,,6,UNITED STATES (USA),INDIANA,LAFAYETTE,,,61,Trailer,,,,,5,Box or Van Enclosed Trailer,6,Kingpin,53.000,Van Trailer,2,,
12,120036,2,1,1GRDM902*HJ******,2025-06-27 04:48:03,0,6,TRAILER,1073,GREAT DANE TRAILERS,520,GREAT DANE TRAILERS,13436,Great Dane Trailers,2017,,,6,UNITED STATES (USA),ARKANSAS,JONESBORO,,"Jacksonville Florida (ended 02/1988); Jonesboro, Arkansas (effective 09/03/02)",61,Trailer,,,,,6,Flatbed or Platform Trailer,4,Straight Semi/Semi Trailer,45.000,Platform Trailer,2,,
12,120062,2,1,1UYFS248*3A******,2025-06-27 04:48:03,0,6,TRAILER,10289,UTILITY TRAILER MANUFACTURING COMPANY,10138,UTILITY TRAILER MANUFACTURER,26222,Utility Trailer Manufacturer,2003,,,6,UNITED STATES (USA),ALABAMA,ENTERPRISE,,,61,Trailer,,,,,6,Flatbed or Platform Trailer,4,Straight Semi/Semi Trailer,48.000,,2,,
12,120067,1,1,1JJF452F*1S******,2025-06-27 04:48:03,0,6,TRAILER,14508,WABASH NATIONAL CORPORATION,4963,FRUEHUAF,12125,Fruehuaf,2001,,,6,UNITED STATES (USA),TENNESSEE,SCOTT COUNTY,,,61,Trailer,,,,,6,Flatbed or Platform Trailer,,,45.000,,2,,
12,120129,2,1,1JJV532B*EL******,2025-06-27 04:48:03,0,6,TRAILER,14508,WABASH NATIONAL CORPORATION,12319,WABASH VANS,10945,Refrigerated Van,2014,,,6,UNITED STATES (USA),INDIANA,LAFAYETTE,,,61,Trailer,,,,,5,Box or Van Enclosed Trailer,,,53.000,,2,,
12,120139,2,1,4J8T0432*GT******,2025-06-27 04:48:03,0,6,TRAILER,2695,"LBT, INC.",7990,LBT INC,21385,LBT INC TRAILER,2016,,,6,UNITED STATES (USA),NEBRASKA,OMAHA,,,61,Trailer,,,,,15,Tank Trailer,,,43.000,,2,,
12,120207,2,1,3H3V532C*JR******,2025-06-27 04:48:03,0,6,TRAILER,14282,"HYUNDAI DE MEXICO, S.A. DE C.V.",4876,HYUNDAI TRANSLEAD TRAILERS,11496,Hyundai Translead Trailers,2018,,,12,MEXICO,BAJA CALIFORNIA,ROSARITO,,,61,Trailer,,,,,5,Box or Van Enclosed Trailer,,,53.000,Van Trailer,2,,
12,120210,1,1,3H3V532K*NS******,2025-06-27 04:48:03,0,6,TRAILER,14282,"HYUNDAI DE MEXICO, S.A. DE C.V.",4876,HYUNDAI TRANSLEAD TRAILERS,11496,Hyundai Translead Trailers,2022,,,12,MEXICO,BAJA CALIFORNIA,ROSARITO,,Body Type: SEMITRAILER,61,Trailer,,,,,5,Box or Van Enclosed Trailer,6,Kingpin,53.000,,2,,
12,120216,2,1,1UYVS253*K2******,2025-06-27 04:48:03,0,6,TRAILER,10289,UTILITY TRAILER MANUFACTURING COMPANY,10138,UTILITY TRAILER MANUFACTURER,26222,Utility Trailer Manufacturer,2019,,,6,UNITED STATES (USA),UTAH,CLEARFIELD,,,61,Trailer,,,,,5,Box or Van Enclosed Trailer,4,Straight Semi/Semi Trailer,53.000,,2,,
12,120235,1,1,16V3F482*R6******,2025-06-27 04:48:03,0,6,TRAILER,9132,"BIG TEX TRAILER MANUFACTURING, LLC",1136,BIG TEX,5625,Big Tex,2024,,,6,UNITED STATES (USA),TEXAS,WILLS POINT,"Big Tex Trailer Manufacturing, Inc.",,61,Trailer,,,,,6,Flatbed or Platform Trailer,3,Gooseneck,48.000,,2,,
12,120248,1,1,16V1U202*R7******,2025-06-27 04:48:03,0,6,TRAILER,9132,"BIG TEX TRAILER MANUFACTURING, LLC",1136,BIG TEX,5625,Big Tex,2024,,,6,UNITED STATES (USA),OHIO,BATAVIA,,,61,Trailer,,,,,16,Utility Trailer,14,Bumper Pull,20.000,,2,,
12,120263,2,1,5MADS243*JC******,2025-06-27 04:48:03,0,6,TRAILER,5950,"MAC TRAILER MFG, INC.",6826,MAC TRAILER MANUFACTURING,18288,MAC TRAILER MANUFACTURING,2018,,,6,UNITED STATES (USA),OHIO,ALLIANCE,,Commerce Street,61,Trailer,,,,,4,Dump Trailer,,,24.000,Steel Frame,3,,
12,120281,1,1,5HABD142*NN******,2025-06-27 04:48:03,0,6,TRAILER,12754,HOMESTEADER LLC,1570,HOMESTEADER,5676,Homesteader,2022,,,6,UNITED STATES (USA),TENNESSEE,NEW TAZEWELL,,,61,Trailer,,,,,4,Dump Trailer,1,Ball Type Pull,14.000,,2,,
12,120292,1,1,13N24820*K1******,2025-06-27 04:48:03,0,6,TRAILER,12268,FONTAINE COMMERCIAL TRAILER INC.,1128,FONTAINE TRAILER CO.,4416,Fontaine Trailer Co.,2019,,,6,UNITED STATES (USA),ALABAMA,HALEYVILLE,,Optional Features: None,61,Trailer,,,,,6,Flatbed or Platform Trailer,,,48.000,Drop Deck Trailer,2,,
12,120302,1,1,7KYFB452*ME******,2025-06-27 04:48:03,0,6,TRAILER,5550,DORSEY TRAILER LLC,11972,DORSEY,30932,Dorsey,2021,,,6,UNITED STATES (USA),ALABAMA,ELBA,,Label of the trailer: DORSEY,61,Trailer,,,,,6,Flatbed or Platform Trailer,6,Kingpin,45.000,,2,,
12,120317,2,1,1UYVS253*P6******,2025-06-27 04:48:03,0,6,TRAILER,10289,UTILITY TRAILER MANUFACTURING COMPANY,10138,UTILITY TRAILER MANUFACTURER,26222,Utility Trailer Manufacturer,2023,,,6,UNITED STATES (USA),VIRGINIA,MARION,,,61,Trailer,,,,,5,Box or Van Enclosed Trailer,4,Straight Semi/Semi Trailer,53.000,,2,,
12,120326,1,1,1JJV532D*HL******,2025-06-27 04:48:03,0,6,TRAILER,14508,WABASH NATIONAL CORPORATION,12319,WABASH VANS,10942,Dry Van Duraplate,2017,,,6,UNITED STATES (USA),INDIANA,LAFAYETTE,,,61,Trailer,,,,,5,Box or Van Enclosed Trailer,,,53.000,,2,,
12,120333,2,1,1GRAA062*CB******,2025-06-27 04:48:03,0,6,TRAILER,1073,GREAT DANE TRAILERS,520,GREAT DANE TRAILERS,13436,Great Dane Trailers,2012,,,6,UNITED STATES (USA),INDIANA,BRAZIL,,,61,Trailer,,,,,5,Box or Van Enclosed Trailer,4,Straight Semi/Semi Trailer,53.000,Dry Freight Van / Reefer Van / Insulated Van,2,,
12,120357,1,1,5JW7E142*P7******,2025-06-27 04:48:03,0,6,TRAILER,9916,NOVAE LLC,11608,CARGO EXPRESS TRAILERS,30031,Cargo Express Trailers,2023,,,6,UNITED STATES (USA),INDIANA,MIDDLEBURY,,,61,Trailer,,,,,5,Box or Van Enclosed Trailer,1,Ball Type Pull,14.000,,2,,
12,120383,1,1,1GR1P062*NT******,2025-06-27 04:48:03,0,6,TRAILER,1073,GREAT DANE TRAILERS,520,GREAT DANE TRAILERS,13436,Great Dane Trailers,2022,,,6,UNITED STATES (USA),INDIANA,TERRE HAUTE,,,61,Trailer,,,,,5,Box or Van Enclosed Trailer,6,Kingpin,53.000,"Semitrailer - Dry freight, Reefer, or Insulated van",2,,
12,120383,4,1,1GRAA062*GJ******,2025-06-27 04:48:03,0,6,TRAILER,1073,GREAT DANE TRAILERS,520,GREAT DANE TRAILERS,13436,Great Dane Trailers,2016,,,6,UNITED STATES (USA),ARKANSAS,JONESBORO,,"Jacksonville Florida (ended 02/1988); Jonesboro, Arkansas (effective 09/03/02)",61,Trailer,,,,,5,Box or Van Enclosed Trailer,4,Straight Semi/Semi Trailer,53.000,Dry Freight Van / Reefer Van / Insulated Van,2,,
12,120384,2,1,1PMA2442*Y5******,2025-06-27 04:48:03,0,6,TRAILER,6179,"POLAR TANK TRAILER, LLC",2921,POLAR TANK TRAILER,6874,Polar Tank Trailer,2000,,,6,UNITED STATES (USA),MISSOURI,SPRINGFIELD,,,61,Trailer,,,,,15,Tank Trailer,30,Other,44.000,Vessel Code: DOT 406,2,,
12,120397,2,1,1W9ABXP2*NP347***,2025-06-27 04:48:03,0,6,TRAILER,10331,WARREN EQUIPMENT INC.,8661,"WARREN EQUIPMENT, INC.",22712,"Warren Equipment, Inc.",2022,,,6,UNITED STATES (USA),FLORIDA,PLANT CITY,,,61,Trailer,,,,,101,Other Trailer,4,Straight Semi/Semi Trailer,,Tandem Axle Dual Tires,,,
12,120421,2,1,1UYVS253*1P******,2025-06-27 04:48:03,0,6,TRAILER,10289,UTILITY TRAILER MANUFACTURING COMPANY,10138,UTILITY TRAILER MANUFACTURER,26222,Utility Trailer Manufacturer,2001,,,6,UNITED STATES (USA),ARKANSAS,PARAGOULD,,,61,Trailer,,,,,5,Box or Van Enclosed Trailer,4,Straight Semi/Semi Trailer,53.000,,2,,
12,120434,3,1,5NHUNSF2*MU******,2025-06-27 04:48:03,0,6,TRAILER,1084,"FOREST RIVER, INC.",531,FOREST RIVER,3029,Sunshine,2021,,,6,UNITED STATES (USA),GEORGIA,OCILLA,,Address: 193 Industrial Drive,61,Trailer,,,,,16,Utility Trailer,1,Ball Type Pull,30.000,,2,,
12,120474,2,1,5MC12481*M3******,2025-06-27 04:48:03,0,6,TRAILER,5772,"MANAC TRAILERS USA, INC.",3896,MANAC TRAILERS USA,8528,Manac,2021,,,6,UNITED STATES (USA),MISSOURI,ORAN,"Manac Trailers USA, Inc.",,61,Trailer,,,,,6,Flatbed or Platform Trailer,4,Straight Semi/Semi Trailer,48.000,Platform,2,,
12,120489,2,1,3H3V482C*MT******,2025-06-27 04:48:03,0,6,TRAILER,14282,"HYUNDAI DE MEXICO, S.A. DE C.V.",4876,HYUNDAI TRANSLEAD TRAILERS,11496,Hyundai Translead Trailers,2021,,,12,MEXICO,BAJA CALIFORNIA,TIJUANA,,Trailer Type: SEMITRAILER,61,Trailer,,,,,5,Box or Van Enclosed Trailer,6,Kingpin,48.000,Material: ALUMINUM/STEEL,2,,
12,120495,3,1,1JJF482F*1S******,2025-06-27 04:48:03,0,6,TRAILER,14508,WABASH NATIONAL CORPORATION,4963,FRUEHUAF,12125,Fruehuaf,2001,,,6,UNITED STATES (USA),TENNESSEE,SCOTT COUNTY,,,61,Trailer,,,,,6,Flatbed or Platform Trailer,,,48.000,,2,,
12,120509,1,1,1UYVS253*AM******,2025-06-27 04:48:03,0,6,TRAILER,10289,UTILITY TRAILER MANUFACTURING COMPANY,10138,UTILITY TRAILER MANUFACTURER,26222,Utility Trailer Manufacturer,2010,,,6,UNITED STATES (USA),VIRGINIA,MARION,,,61,Trailer,,,,,5,Box or Van Enclosed Trailer,4,Straight Semi/Semi Trailer,53.000,,2,,
12,120524,2,1,1JJV532B*KL******,2025-06-27 04:48:03,0,6,TRAILER,14508,WABASH NATIONAL CORPORATION,12319,WABASH VANS,10945,Refrigerated Van,2019,,,6,UNITED STATES (USA),INDIANA,LAFAYETTE,,,61,Trailer,,,,,5,Box or Van Enclosed Trailer,,,53.000,,2,,
12,120539,2,1,50XBE162*LA******,2025-06-27 04:48:03,0,6,TRAILER,14146,"SPARTAN CARGO TRAILERS, LLC",4768,SPARTAN CARGO,10465,Spartan Crago Trailers,2020,,,6,UNITED STATES (USA),GEORGIA,ALMA,,,61,Trailer,,,,,5,Box or Van Enclosed Trailer,1,Ball Type Pull,16.000,Enclosed Trailer,2,,
12,120543,2,1,3H3V532C*7T******,2025-06-27 04:48:03,0,6,TRAILER,14282,"HYUNDAI DE MEXICO, S.A. DE C.V.",4876,HYUNDAI TRANSLEAD TRAILERS,11496,Hyundai Translead Trailers,2007,,,12,MEXICO,BAJA CALIFORNIA,TIJUANA,,,61,Trailer,,,,,5,Box or Van Enclosed Trailer,,,53.000,Van Trailer,2,,
12,120581,3,1,1M9SD323*6S567***,2025-06-27 04:48:03,0,6,TRAILER,2429,MONTONE TRAILERS LLC,8319,"MONTONE TRAILERS, LLC",22111,"Montone Trailers, LLC",2006,,,6,UNITED STATES (USA),SOUTH CAROLINA,DILLON,,,61,Trailer,,,,,4,Dump Trailer,4,Straight Semi/Semi Trailer,32.000,,3,,
12,120608,2,1,4P5DM142*M1******,2025-06-27 04:48:03,0,6,TRAILER,16013,"PJ TRAILERS MANUFACTURING, INC.",6060,PJ,28324,PJ,2021,,,6,UNITED STATES (USA),TEXAS,SUMNER,,,61,Trailer,,,,,4,Dump Trailer,30,Other,14.000,Variable HITCH based on Size/Type of Trailer,2,,
12,120634,2,1,1JJV532D*ML******,2025-06-27 04:48:03,0,6,TRAILER,14508,WABASH NATIONAL CORPORATION,12319,WABASH VANS,10942,Dry Van Duraplate,2021,,,6,UNITED STATES (USA),INDIANA,LAFAYETTE,,,61,Trailer,,,,,5,Box or Van Enclosed Trailer,,,53.000,,2,,
12,120688,1,1,1S8AL482*50******,2025-06-27 04:48:03,0,6,TRAILER,23282,"SUMMIT TRAILERS, LLC",12905,SUMMIT TRAILERS,33938,SUMMIT TRAILERS,2005,,,6,UNITED STATES (USA),PENNSYLVANIA,SCHUYLKILL HAVEN,,,61,Trailer,,,,,180,"Grain, Chip, or Gravel Trailer",6,Kingpin,48.000,Live Floor Trailers,2,,
12,120710,2,1,1UYVS253*M6******,2025-06-27 04:48:03,0,6,TRAILER,10289,UTILITY TRAILER MANUFACTURING COMPANY,10138,UTILITY TRAILER MANUFACTURER,26222,Utility Trailer Manufacturer,2021,,,6,UNITED STATES (USA),VIRGINIA,MARION,,,61,Trailer,,,,,5,Box or Van Enclosed Trailer,4,Straight Semi/Semi Trailer,53.000,,2,,
12,120722,1,1,527SR532*RL******,2025-06-27 04:48:03,0,6,TRAILER,6703,VANGUARD REEFER TRAILER INC.,1561,"CIMC REEFER TRAILER,INC",4978,"CIMC REEFER TRAILER,INC.",2024,,,6,UNITED STATES (USA),CALIFORNIA,LOS ANGELES,"CIMC Reefer Trailer,Inc",,61,Trailer,,,,,5,Box or Van Enclosed Trailer,4,Straight Semi/Semi Trailer,53.000,Reefer Van Trailer,2,,
12,120722,3,1,57CKD482*NS******,2025-06-27 04:48:03,0,6,TRAILER,15925,"MAURER MANUFACTURING, L.L.C.",2060,LAKES ENTERPRISES,5814,Lakes Enterprises,2022,,,6,UNITED STATES (USA),IOWA,SPENCER,,"Number of axles: Head Transport single rear axle 20'. 24', 28', 32' & 38' = 2 Axles Head Transport Tandem rear axle 32', 38' & 42' = 3 Axles Steel grain: 24' = 1 axle, 28' - 42' = 2 axle Alum grain: 22' = 1 axle, 28' - 42' = 2 axles, 45' and 48' = 3 axles Crushed Car Carrier 48' = 2 Axles Crushed Car Carrier 50' = 3 Axles Gondola Trailer = 2 Axles Small Trailers = 2 Axles",61,Trailer,,,,,180,"Grain, Chip, or Gravel Trailer",6,Kingpin,48.000,"Trailer Type: King Pin Hitch Trailer (Fert. Tndr, Dropdeck, Grain, Crushed Car, Gondola)",2,,
12,120755,1,1,48X2F284*41******,2025-06-27 04:48:03,0,6,TRAILER,10839,"TRAVIS BODY & TRAILER, INC.",3520,"TRAVIS BODY & TRAILER, INC.",7868,"TRAVIS BODY & TRAILER, INC.",2004,,,6,UNITED STATES (USA),TEXAS,HOUSTON,,,61,Trailer,,,,,4,Dump Trailer,30,Other,28.000,Tumer ARx43,4,,
12,120756,2,1,1E1H5Y28*JR******,2025-06-27 04:48:03,0,6,TRAILER,5338,EAST MANUFACTURING CORP.,1334,EAST MANUFACTURING CORP.,4686,East Manufacturing Corp,2018,,,6,UNITED STATES (USA),OHIO,RANDOLPH,,,61,Trailer,9,"Class 8: 33,001 lb and above (14,969 kg and above)",,,6,Flatbed or Platform Trailer,,,48.000,Standard Flat Bed Trailer,2,,
12,120765,1,1,1UYVS253*K6******,2025-06-27 04:48:03,0,6,TRAILER,10289,UTILITY TRAILER MANUFACTURING COMPANY,10138,UTILITY TRAILER MANUFACTURER,26222,Utility Trailer Manufacturer,2019,,,6,UNITED STATES (USA),VIRGINIA,MARION,,,61,Trailer,,,,,5,Box or Van Enclosed Trailer,4,Straight Semi/Semi Trailer,53.000,,2,,
12,120809,3,1,1JJV532D*FL******,2025-06-27 04:48:03,0,6,TRAILER,14508,WABASH NATIONAL CORPORATION,12319,WABASH VANS,10942,Dry Van Duraplate,2015,,,6,UNITED STATES (USA),INDIANA,LAFAYETTE,,,61,Trailer,,,,,5,Box or Van Enclosed Trailer,,,53.000,,2,,
12,120822,1,1,5RXFB312*J2******,2025-06-27 04:48:03,0,6,TRAILER,1104,CRUISER RV,13458,RADIANCE,35738,Radiance,2018,,,6,UNITED STATES (USA),INDIANA,LAGRANGE,,,61,Trailer,,,,,10,Camping or Travel Trailer,14,Bumper Pull,31.000,Travel Trailer - Recreational,2,,
12,120838,2,1,4P5DL142*M1******,2025-06-27 04:48:03,0,6,TRAILER,16013,"PJ TRAILERS MANUFACTURING, INC.",6060,PJ,28324,PJ,2021,,,6,UNITED STATES (USA),TEXAS,SUMNER,,,61,Trailer,,,,,4,Dump Trailer,30,Other,14.000,Variable HITCH based on Size/Type of Trailer,2,,
12,120898,1,1,3H3V532C*LR******,2025-06-27 04:48:03,0,6,TRAILER,14282,"HYUNDAI DE MEXICO, S.A. DE C.V.",4876,HYUNDAI TRANSLEAD TRAILERS,11496,Hyundai Translead Trailers,2020,,,12,MEXICO,BAJA CALIFORNIA,ROSARITO,,,61,Trailer,,,,,5,Box or Van Enclosed Trailer,,,53.000,Van Trailer,2,,
12,120904,1,1,1NNC0402*YM******,2025-06-27 04:48:03,0,6,TRAILER,15472,EVANS PRODUCTS COMPANY,6021,MONON,29523,Monon,2000,,,6,UNITED STATES (USA),INDIANA,MONON,,,61,Trailer,,,,,109,Intermodal Container Chassis or Trailer,,,40.000,"Other trailer type except ""van trailer""",2,3,Tandem
12,120917,3,1,1GRDM962*1M******,2025-06-27 04:48:03,0,6,TRAILER,1073,GREAT DANE TRAILERS,520,GREAT DANE TRAILERS,13436,Great Dane Trailers,2001,,,6,UNITED STATES (USA),TENNESSEE,MEMPHIS,,,61,Trailer,,,,,6,Flatbed or Platform Trailer,4,Straight Semi/Semi Trailer,96.000,Straight Deck / Drop Deck / Extendable,2,,
12,120924,1,1,1GRAA962*6B******,2025-06-27 04:48:03,0,6,TRAILER,1073,GREAT DANE TRAILERS,520,GREAT DANE TRAILERS,13436,Great Dane Trailers,2006,,,6,UNITED STATES (USA),INDIANA,BRAZIL,,,61,Trailer,,,,,5,Box or Van Enclosed Trailer,4,Straight Semi/Semi Trailer,96.000,Dry Freight/ Reefer/ Insulated Van,2,,
12,120959,1,1,3H3V281C*JT******,2025-06-27 04:48:03,0,6,TRAILER,14282,"HYUNDAI DE MEXICO, S.A. DE C.V.",4876,HYUNDAI TRANSLEAD TRAILERS,11496,Hyundai Translead Trailers,2018,,,12,MEXICO,BAJA CALIFORNIA,TIJUANA,,,61,Trailer,,,,,5,Box or Van Enclosed Trailer,,,28.000,Van Trailer,1,,
12,120991,2,1,1UYVS253*H7******,2025-06-27 04:48:03,0,6,TRAILER,10289,UTILITY TRAILER MANUFACTURING COMPANY,10138,UTILITY TRAILER MANUFACTURER,26222,Utility Trailer Manufacturer,2017,,,6,UNITED STATES (USA),VIRGINIA,GLADE SPRING,,,61,Trailer,,,,,5,Box or Van Enclosed Trailer,4,Straight Semi/Semi Trailer,53.000,,2,,
12,121006,2,1,1W1BGA3F*LE******,2025-06-27 04:48:03,0,6,TRAILER,11681,WILSON TRAILER CO.,3855,WILSON TRAILER CO.,8390,Wilson Trailer Co.,1990,ALUMINUM CROSSBAR - 12 IN CENTERS,,6,UNITED STATES (USA),IOWA,SIOUX CITY,PLANT 3,,61,Trailer,,,,,6,Flatbed or Platform Trailer,,,45.000,CENTER FRAME FLATBED (CF),2,,
12,121014,3,1,4TCSM111*LH******,2025-06-27 04:48:03,0,6,TRAILER,7793,TRITON TRAILERS LLC,4911,TRITON,11981,Triton,2020,,,6,UNITED STATES (USA),WISCONSIN,HARTFORD,,,61,Trailer,,,,,2,Boat Trailer,14,Bumper Pull,11.000,Personal Watercraft Trailer,1,,
12,121024,2,1,7SMF5EJ2*RB******,2025-06-27 04:48:03,0,6,TRAILER,21276,FRUEHAUF INC,12373,FRUEHAUF INC.,32277,FRUEHAUF INC.,2024,,,6,UNITED STATES (USA),KENTUCKY,BOWLING GREEN,,"277 Technology Way, Bowling Green, KY. 42101",61,Trailer,,,,,5,Box or Van Enclosed Trailer,5,Fifth Wheel,,Trailer Length (feet): 49-53,2,,
12,121026,1,1,1UYVS253*9P******,2025-06-27 04:48:03,0,6,TRAILER,10289,UTILITY TRAILER MANUFACTURING COMPANY,10138,UTILITY TRAILER MANUFACTURER,26222,Utility Trailer Manufacturer,2009,,,6,UNITED STATES (USA),ARKANSAS,PARAGOULD,,,61,Trailer,,,,,5,Box or Van Enclosed Trailer,4,Straight Semi/Semi Trailer,53.000,,2,,
12,121060,2,1,46UFU282*X1******,2025-06-27 04:48:03,0,6,TRAILER,16231,"ROADCLIPPER ENTERPRISES, INC.",6469,DIAMOND C TRAILER MFG.,17772,Diamond C Trailer Mfg.,1999,,,6,UNITED STATES (USA),TEXAS,MT. PLEASANT,,,61,Trailer,,,,,16,Utility Trailer,,,28.000,Flatbed,2,,
12,121070,1,1,5C2BR28C*NM******,2025-06-27 04:48:03,0,6,TRAILER,15683,"CLEMENT INDUSTRIES, INC.",5405,CLEMENT INDUSTRIES,13961,Clement,2022,,,6,UNITED STATES (USA),LOUISIANA,MINDEN,"Clement Industries, Inc",,61,Trailer,,,,,4,Dump Trailer,4,Straight Semi/Semi Trailer,28.000,Round Floor Trailer,3,,
12,121087,2,1,5E0AA144*HG******,2025-06-27 04:48:03,0,6,TRAILER,20895,"COTTRELL, INC.",12482,COTTRELL,32567,"C-09, C-11, CS-10, CS-12M3, CX-09, CX-5LSCH, CX-AK7, CX-LSFA-TRI",2017,,,6,UNITED STATES (USA),GEORGIA,GAINESVILLE,,,61,Trailer,,,,,58,Auto Transporter,5,Fifth Wheel,,Trailer Length (feet): 44-46,2,3,Tandem
12,121118,2,1,4TM1BBH1*HB******,2025-06-27 04:48:03,0,6,TRAILER,15828,WHITE RIVER MARINE GROUP LLC,8645,WHITE RIVER MARINE GROUP,22696,White River Marine Group,2017,MAKO,SKIFF17,6,UNITED STATES (USA),MISSOURI,OZARK,,,61,Trailer,,,,,2,Boat Trailer,1,Ball Type Pull,20.000,,1,,
12,121140,3,1,1UYTS253*J5******,2025-06-27 04:48:03,0,6,TRAILER,10289,UTILITY TRAILER MANUFACTURING COMPANY,10138,UTILITY TRAILER MANUFACTURER,26222,Utility Trailer Manufacturer,2018,,,6,UNITED STATES (USA),ALABAMA,ENTERPRISE,,,61,Trailer,,,,,,,4,Straight Semi/Semi Trailer,53.000,Body Type: Tautliner,2,,
12,121197,2,1,3H3V532C*GT******,2025-06-27 04:48:03,0,6,TRAILER,14282,"HYUNDAI DE MEXICO, S.A. DE C.V.",4876,HYUNDAI TRANSLEAD TRAILERS,11496,Hyundai Translead Trailers,2016,,,12,MEXICO,BAJA CALIFORNIA,TIJUANA,,,61,Trailer,,,,,5,Box or Van Enclosed Trailer,,,53.000,Van Trailer,2,,
12,121215,2,1,4B9BF242*LM163***,2025-06-27 04:48:03,0,6,TRAILER,17113,BIGFOOT TRAILERS LLC,7527,BIGFOOT TRAILERS LLC,20419,Bigfoot Trailers LLC,2020,,,6,UNITED STATES (USA),FLORIDA,MULBERRY,,,61,Trailer,,,,,6,Flatbed or Platform Trailer,1,Ball Type Pull,24.000,,2,,
12,121230,2,1,1JJV532Y*VL******,2025-06-27 04:48:03,0,6,TRAILER,14508,WABASH NATIONAL CORPORATION,4847,WABASH,22482,Exterior Post Can,1997,,,6,UNITED STATES (USA),INDIANA,LAFAYETTE,,,61,Trailer,,,,,5,Box or Van Enclosed Trailer,,,53.000,,2,,
12,121234,2,1,3H3V482C*JR******,2025-06-27 04:48:03,0,6,TRAILER,14282,"HYUNDAI DE MEXICO, S.A. DE C.V.",4876,HYUNDAI TRANSLEAD TRAILERS,11496,Hyundai Translead Trailers,2018,,,12,MEXICO,BAJA CALIFORNIA,ROSARITO,,,61,Trailer,,,,,5,Box or Van Enclosed Trailer,,,48.000,Van Trailer,2,,
12,121240,3,1,3H3V532C*GT******,2025-06-27 04:48:03,0,6,TRAILER,14282,"HYUNDAI DE MEXICO, S.A. DE C.V.",4876,HYUNDAI TRANSLEAD TRAILERS,11496,Hyundai Translead Trailers,2016,,,12,MEXICO,BAJA CALIFORNIA,TIJUANA,,,61,Trailer,,,,,5,Box or Van Enclosed Trailer,,,53.000,Van Trailer,2,,
12,121302,2,1,5C2AD30C*HM******,2025-06-27 04:48:03,0,6,TRAILER,15683,"CLEMENT INDUSTRIES, INC.",5405,CLEMENT INDUSTRIES,13961,Clement,2017,,,6,UNITED STATES (USA),LOUISIANA,MINDEN,"Clement Industries, Inc",,61,Trailer,,,,,4,Dump Trailer,4,Straight Semi/Semi Trailer,30.000,Tri Axle,3,,
12,121353,2,1,1L9L6CV2*RL593***,2025-06-27 04:48:03,0,6,TRAILER,19486,LOHR NORTH AMERICA,12260,LOHR NORTH AMERICA,31959,LOHR,2024,,,6,UNITED STATES (USA),ALABAMA,LINCOLN,,1445 McCAIG ROAD,61,Trailer,,,,,3,Car Hauler Trailer,5,Fifth Wheel,48.000,,2,,
12,121359,2,1,48X2E303*L1******,2025-06-27 04:48:03,0,6,TRAILER,10839,"TRAVIS BODY & TRAILER, INC.",3520,"TRAVIS BODY & TRAILER, INC.",7868,"TRAVIS BODY & TRAILER, INC.",2020,,,6,UNITED STATES (USA),TEXAS,HOUSTON,,,61,Trailer,,,,,4,Dump Trailer,30,Other,30.000,Tumer ARx37,3,,
12,121383,1,1,4YMBU081*JG******,2025-06-27 04:48:03,0,6,TRAILER,13315,"CARRY-ON TRAILER, INC.",4933,CARRY-ON TRAILER,12040,Carry-On Trailer,2018,,,6,UNITED STATES (USA),GEORGIA,LAONIA,,,61,Trailer,,,,,6,Flatbed or Platform Trailer,1,Ball Type Pull,8.000,Open Bed Trailer,1,,
12,121407,2,1,54GVC14T*M7******,2025-06-27 04:48:03,0,6,TRAILER,23127,"SOUTH GEORGIA CARGO, LLC",12780,SOUTH GEORGIA CARGO,33654,V Nose,2021,,,6,UNITED STATES (USA),GEORGIA,PEARSON,South Ga Cargo,,61,Trailer,,,,,5,Box or Van Enclosed Trailer,31,Ball Hitch,14.000,Cargo Trailer,,3,Tandem
12,121418,2,1,5NHUNSV2*MU******,2025-06-27 04:48:03,0,6,TRAILER,1084,"FOREST RIVER, INC.",531,FOREST RIVER,3029,Sunshine,2021,,,6,UNITED STATES (USA),GEORGIA,OCILLA,,Address: 193 Industrial Drive,61,Trailer,,,,,16,Utility Trailer,1,Ball Type Pull,20.000,,2,,
12,121449,3,1,5MADS322*NC******,2025-06-27 04:48:03,0,6,TRAILER,5950,"MAC TRAILER MFG, INC.",6826,MAC TRAILER MANUFACTURING,18288,MAC TRAILER MANUFACTURING,2022,,,6,UNITED STATES (USA),OHIO,ALLIANCE,Corporate 10,,61,Trailer,,,,,4,Dump Trailer,6,Kingpin,32.000,STEEL OR ALUMINUM BODY,2,,
12,121480,1,1,1E1H5Z28*SR******,2025-06-27 04:48:03,0,6,TRAILER,5338,EAST MANUFACTURING CORP.,1334,EAST MANUFACTURING CORP.,4686,East Manufacturing Corp,2025,,,6,UNITED STATES (USA),OHIO,RANDOLPH,,,61,Trailer,9,"Class 8: 33,001 lb and above (14,969 kg and above)",,,6,Flatbed or Platform Trailer,,,,Trailer Length 48 and above,2,,
12,121503,4,1,3H3C402S*AT******,2025-06-27 04:48:03,0,6,TRAILER,14282,"HYUNDAI DE MEXICO, S.A. DE C.V.",4876,HYUNDAI TRANSLEAD TRAILERS,11496,Hyundai Translead Trailers,2010,,,12,MEXICO,BAJA CALIFORNIA,TIJUANA,,,61,Trailer,,,,,109,Intermodal Container Chassis or Trailer,,,40.000,Material: Steel,2,,
12,121527,2,1,1RNF53A2*PR******,2025-06-27 04:48:03,0,6,TRAILER,3579,"REITNOUER, INC.",5594,REITNOUER INC,14493,Reitnouer Inc Trailers,2023,,,6,UNITED STATES (USA),PENNSYLVANIA,READING,,,61,Trailer,9,"Class 8: 33,001 lb and above (14,969 kg and above)",,,6,Flatbed or Platform Trailer,6,Kingpin,53.000,Airride,2,,
12,121588,2,1,5WSABB23*RN******,2025-06-27 04:48:03,1,6,TRAILER,10142,WALKER STAINLESS EQUIPMENT CO,12518,WABASH TANKS,32629,NON-DOT/TC Spec,2024,,,6,UNITED STATES (USA),WISCONSIN,NEW LISBON,,,61,Trailer,,,,,15,Tank Trailer,4,Straight Semi/Semi Trailer,,Trailer Length (feet): 40-49,,3,Tandem
12,121644,2,1,1GRAA962*GE******,2025-06-27 04:48:03,0,6,TRAILER,1073,GREAT DANE TRAILERS,520,GREAT DANE TRAILERS,13436,Great Dane Trailers,2016,,,6,UNITED STATES (USA),GEORGIA,STATESBORO,,,61,Trailer,,,,,5,Box or Van Enclosed Trailer,4,Straight Semi/Semi Trailer,48.000,Dry Freight Van / Reefer Van / Insulated Van,2,,
12,121667,2,1,1GRAP062*GT******,2025-06-27 04:48:03,0,6,TRAILER,1073,GREAT DANE TRAILERS,520,GREAT DANE TRAILERS,13436,Great Dane Trailers,2016,,,6,UNITED STATES (USA),INDIANA,TERRE HAUTE,,,61,Trailer,,,,,5,Box or Van Enclosed Trailer,4,Straight Semi/Semi Trailer,53.000,Dry Freight Van / Reefer Van / Insulated Van,2,,
12,121680,2,1,1UYVS253*L2******,2025-06-27 04:48:03,0,6,TRAILER,10289,UTILITY TRAILER MANUFACTURING COMPANY,10138,UTILITY TRAILER MANUFACTURER,26222,Utility Trailer Manufacturer,2020,,,6,UNITED STATES (USA),UTAH,CLEARFIELD,,,61,Trailer,,,,,5,Box or Van Enclosed Trailer,4,Straight Semi/Semi Trailer,53.000,,2,,
12,121680,3,1,13N1452C*K1******,2025-06-27 04:48:03,0,6,TRAILER,12268,FONTAINE COMMERCIAL TRAILER INC.,1128,FONTAINE TRAILER CO.,4416,Fontaine Trailer Co.,2019,,,6,UNITED STATES (USA),ALABAMA,HALEYVILLE,,Optional Features: Sliding Suspension,61,Trailer,,,,,6,Flatbed or Platform Trailer,,,45.000,,2,,
12,121684,2,1,1GRAA561*HB******,2025-06-27 04:48:03,0,6,TRAILER,1073,GREAT DANE TRAILERS,520,GREAT DANE TRAILERS,13436,Great Dane Trailers,2017,,,6,UNITED STATES (USA),INDIANA,BRAZIL,,,61,Trailer,,,,,5,Box or Van Enclosed Trailer,4,Straight Semi/Semi Trailer,28.000,Dry Freight Van / Reefer Van / Insulated Van,1,,
12,121685,2,1,46UFU322*K1******,2025-06-27 04:48:03,0,6,TRAILER,16231,"ROADCLIPPER ENTERPRISES, INC.",9987,"ROADCLIPPER ENTERPRISES, INC.",25839,"Roadclipper Enterprises, Inc.",2019,,,6,UNITED STATES (USA),TEXAS,MT. PLEASANT,,,61,Trailer,,,,,16,Utility Trailer,3,Gooseneck,32.000,Gooseneck - 5th Wheel or Pin,2,,
12,121723,2,1,1UYFS248*XA******,2025-06-27 04:48:03,0,6,TRAILER,10289,UTILITY TRAILER MANUFACTURING COMPANY,10138,UTILITY TRAILER MANUFACTURER,26222,Utility Trailer Manufacturer,1999,,,6,UNITED STATES (USA),ALABAMA,ENTERPRISE,,,61,Trailer,,,,,6,Flatbed or Platform Trailer,4,Straight Semi/Semi Trailer,48.000,,2,,
12,121726,1,1,1JJV532D*KL******,2025-06-27 04:48:03,0,6,TRAILER,14508,WABASH NATIONAL CORPORATION,12319,WABASH VANS,10942,Dry Van Duraplate,2019,,,6,UNITED STATES (USA),INDIANA,LAFAYETTE,,,61,Trailer,,,,,5,Box or Van Enclosed Trailer,,,53.000,,2,,
12,121727,2,1,1KKVA532*PL******,2025-06-27 04:48:03,0,6,TRAILER,2340,KENTUCKY MANUFACTURING CO.,2048,KENTUCKY,5803,Dry Freight Trailer,2023,,,6,UNITED STATES (USA),KENTUCKY,LOUISVILLE,Kentucky Manufacturing Co.,,61,Trailer,,,,,5,Box or Van Enclosed Trailer,,,53.000,Van Trailer,2,,
12,121730,2,1,1UYVS253*L6******,2025-06-27 04:48:03,0,6,TRAILER,10289,UTILITY TRAILER MANUFACTURING COMPANY,10138,UTILITY TRAILER MANUFACTURER,26222,Utility Trailer Manufacturer,2020,,,6,UNITED STATES (USA),VIRGINIA,MARION,,,61,Trailer,,,,,5,Box or Van Enclosed Trailer,4,Straight Semi/Semi Trailer,53.000,,2,,
12,121740,2,1,5MAMN482*LW******,2025-06-27 04:48:03,0,6,TRAILER,5950,"MAC TRAILER MFG, INC.",6826,MAC TRAILER MANUFACTURING,18288,MAC TRAILER MANUFACTURING,2020,,,6,UNITED STATES (USA),,ALLIANCE,MAIN STREET 70,,61,Trailer,,,,,180,"Grain, Chip, or Gravel Trailer",6,Kingpin,48.000,TRANSFER REFUSE TRAILERS (MOVER OR TIPPER STYLE),2,,
12,121742,2,1,3H3V482K*RJ******,2025-06-27 04:48:03,0,6,TRAILER,14282,"HYUNDAI DE MEXICO, S.A. DE C.V.",4876,HYUNDAI TRANSLEAD TRAILERS,11496,Hyundai Translead Trailers,2024,,,12,MEXICO,BAJA CALIFORNIA,TIJUANA,,Body Type: SEMITRAILER,61,Trailer,,,,,5,Box or Van Enclosed Trailer,6,Kingpin,48.000,,2,,
12,121788,4,1,1GR1A062*RT******,2025-06-27 04:48:03,0,6,TRAILER,1073,GREAT DANE TRAILERS,520,GREAT DANE TRAILERS,13436,Great Dane Trailers,2024,,,6,UNITED STATES (USA),INDIANA,TERRE HAUTE,,,61,Trailer,,,,,5,Box or Van Enclosed Trailer,6,Kingpin,53.000,"Semitrailer - Dry freight, Reefer, or Insulated van",2,,
12,121795,1,1,5V8VC532*PT******,2025-06-27 04:48:03,0,6,TRAILER,16522,VANGUARD NATIONAL TRAILER CORPORTATION,6474,VANGUARD NATIONAL TRAILER CORPORATION (VNTC),17782,VANGUARD NATIONAL TRAILER CORPORATION (VNTC),2023,,,6,UNITED STATES (USA),GEORGIA,TRENTON,,,61,Trailer,,,,,5,Box or Van Enclosed Trailer,6,Kingpin,53.000,Dry Freight Trailer,,3,Tandem
12,121833,3,1,1J9BE162*RD498***,2025-06-27 04:48:03,0,6,TRAILER,19911,J & C SUPPLIERS,10557,J & C SUPPLIERS,27743,J & C SUPPLIERS,2024,,,6,UNITED STATES (USA),GEORGIA,DOUGLAS,,,61,Trailer,,,,,5,Box or Van Enclosed Trailer,1,Ball Type Pull,16.000,,2,,
12,121837,1,1,1RNF48A2*PR******,2025-06-27 04:48:03,0,6,TRAILER,3579,"REITNOUER, INC.",5594,REITNOUER INC,14493,Reitnouer Inc Trailers,2023,,,6,UNITED STATES (USA),PENNSYLVANIA,READING,,,61,Trailer,9,"Class 8: 33,001 lb and above (14,969 kg and above)",,,6,Flatbed or Platform Trailer,6,Kingpin,48.000,Airride,2,,
12,121898,1,1,3H3V532C*GT******,2025-06-27 04:48:03,0,6,TRAILER,14282,"HYUNDAI DE MEXICO, S.A. DE C.V.",4876,HYUNDAI TRANSLEAD TRAILERS,11496,Hyundai Translead Trailers,2016,,,12,MEXICO,BAJA CALIFORNIA,TIJUANA,,,61,Trailer,,,,,5,Box or Van Enclosed Trailer,,,53.000,Van Trailer,2,,
12,121898,3,1,1GRAA062*GB******,2025-06-27 04:48:03,0,6,TRAILER,1073,GREAT DANE TRAILERS,520,GREAT DANE TRAILERS,13436,Great Dane Trailers,2016,,,6,UNITED STATES (USA),INDIANA,BRAZIL,,,61,Trailer,,,,,5,Box or Van Enclosed Trailer,4,Straight Semi/Semi Trailer,53.000,Dry Freight Van / Reefer Van / Insulated Van,2,,
12,121911,2,1,5V8VA532*NT******,2025-06-27 04:48:03,0,6,TRAILER,16522,VANGUARD NATIONAL TRAILER CORPORTATION,6474,VANGUARD NATIONAL TRAILER CORPORATION (VNTC),17782,VANGUARD NATIONAL TRAILER CORPORATION (VNTC),2022,,,6,UNITED STATES (USA),GEORGIA,TRENTON,,,61,Trailer,,,,,5,Box or Van Enclosed Trailer,6,Kingpin,53.000,"Interior Post Aluminum Sheet Trailer (VIP, MaxCube)",,3,Tandem
12,121915,1,1,1UYVS253*K6******,2025-06-27 04:48:03,0,6,TRAILER,10289,UTILITY TRAILER MANUFACTURING COMPANY,10138,UTILITY TRAILER MANUFACTURER,26222,Utility Trailer Manufacturer,2019,,,6,UNITED STATES (USA),VIRGINIA,MARION,,,61,Trailer,,,,,5,Box or Van Enclosed Trailer,4,Straight Semi/Semi Trailer,53.000,,2,,
12,121955,1,1,1JJV532W*4L******,2025-06-27 04:48:03,0,6,TRAILER,14508,WABASH NATIONAL CORPORATION,4847,WABASH,13327,Wabash National Corporation,2004,,,6,UNITED STATES (USA),INDIANA,LAFAYETTE,,,61,Trailer,,,,,5,Box or Van Enclosed Trailer,,,53.000,,2,,
12,121993,1,1,5HTAB442*W7******,2025-06-27 04:48:03,0,6,TRAILER,5564,"HEIL TRAILER INTERNATIONAL, CO",2365,HEIL TRAILER INTERNATIONAL,6142,Heil Trailer International,1998,,,6,UNITED STATES (USA),TENNESSEE,ATHENS,,Body Shape: Straight Elliptical,61,Trailer,,,,,15,Tank Trailer,,,44.000,AL 306/406,2,,
12,121997,2,1,3H3V532C*MR******,2025-06-27 04:48:03,0,6,TRAILER,14282,"HYUNDAI DE MEXICO, S.A. DE C.V.",4876,HYUNDAI TRANSLEAD TRAILERS,11496,Hyundai Translead Trailers,2021,,,12,MEXICO,BAJA CALIFORNIA,ROSARITO,,Trailer Type: SEMITRAILER,61,Trailer,,,,,5,Box or Van Enclosed Trailer,6,Kingpin,53.000,Material: ALUMINUM/STEEL,2,,
12,121998,1,1,5HTSA442*S1******,2025-06-27 04:48:03,0,6,TRAILER,5564,"HEIL TRAILER INTERNATIONAL, CO",2365,HEIL TRAILER INTERNATIONAL,6142,Heil Trailer International,2025,,,6,UNITED STATES (USA),MINNESOTA,OPOLE,,,61,Trailer,,,,,15,Tank Trailer,4,Straight Semi/Semi Trailer,44.000,AL 306/406,2,,
12,122017,2,1,13N14820*J1******,2025-06-27 04:48:03,0,6,TRAILER,12268,FONTAINE COMMERCIAL TRAILER INC.,1128,FONTAINE TRAILER CO.,4416,Fontaine Trailer Co.,2018,,,6,UNITED STATES (USA),ALABAMA,HALEYVILLE,,Optional Features: None,61,Trailer,,,,,6,Flatbed or Platform Trailer,,,48.000,,2,,
12,122026,2,1,1GRAA062*FJ******,2025-06-27 04:48:03,0,6,TRAILER,1073,GREAT DANE TRAILERS,520,GREAT DANE TRAILERS,13436,Great Dane Trailers,2015,,,6,UNITED STATES (USA),ARKANSAS,JONESBORO,,"Jacksonville Florida (ended 02/1988); Jonesboro, Arkansas (effective 09/03/02)",61,Trailer,,,,,5,Box or Van Enclosed Trailer,4,Straight Semi/Semi Trailer,53.000,Dry Freight Van / Reefer Van / Insulated Van,2,,
12,122043,1,1,13N15320*L1******,2025-06-27 04:48:03,0,6,TRAILER,12268,FONTAINE COMMERCIAL TRAILER INC.,1128,FONTAINE TRAILER CO.,4416,Fontaine Trailer Co.,2020,,,6,UNITED STATES (USA),ALABAMA,HALEYVILLE,,Optional Features: None,61,Trailer,,,,,6,Flatbed or Platform Trailer,,,53.000,,2,,
12,122059,2,1,1UYVS248*DM******,2025-06-27 04:48:03,0,6,TRAILER,10289,UTILITY TRAILER MANUFACTURING COMPANY,10138,UTILITY TRAILER MANUFACTURER,26222,Utility Trailer Manufacturer,2013,,,6,UNITED STATES (USA),VIRGINIA,MARION,,,61,Trailer,,,,,5,Box or Van Enclosed Trailer,4,Straight Semi/Semi Trailer,48.000,,2,,
12,122064,2,1,1UYVS253*R2******,2025-06-27 04:48:03,0,6,TRAILER,10289,UTILITY TRAILER MANUFACTURING COMPANY,10138,UTILITY TRAILER MANUFACTURER,26222,Utility Trailer Manufacturer,2024,,,6,UNITED STATES (USA),UTAH,CLEARFIELD,,,61,Trailer,,,,,5,Box or Van Enclosed Trailer,4,Straight Semi/Semi Trailer,53.000,,2,,
12,122112,1,1,1TTF482A*K3******,2025-06-27 04:48:03,0,6,TRAILER,8231,TRANSCRAFT CORPORATION,12051,BENSON/WABASH,27664,Aluminium Flatbed,2019,,,6,UNITED STATES (USA),KENTUCKY,CADIZ,,,61,Trailer,,,,,6,Flatbed or Platform Trailer,6,Kingpin,48.000,,2,,
12,122121,2,1,1GRAA062*FW******,2025-06-27 04:48:03,0,6,TRAILER,1073,GREAT DANE TRAILERS,520,GREAT DANE TRAILERS,13436,Great Dane Trailers,2015,,,6,UNITED STATES (USA),NEBRASKA,WAYNE,,,61,Trailer,,,,,5,Box or Van Enclosed Trailer,4,Straight Semi/Semi Trailer,53.000,Dry Freight Van / Reefer Van / Insulated Van,2,,
12,122166,1,1,4X4TRLB2*KZ******,2025-06-27 04:48:03,0,6,TRAILER,1084,"FOREST RIVER, INC.",531,FOREST RIVER,2418,Real-lite / Rockwood Lite Weight Trailers,2019,,,6,UNITED STATES (USA),INDIANA,MILLERSBURG,,Manufacturing Plant Address: 666251 SR 13,61,Trailer,,,,,10,Camping or Travel Trailer,1,Ball Type Pull,26.000,Travel Trailer,2,,
12,122182,2,1,5C2BR28C*SM******,2025-06-27 04:48:03,"1,400",6,TRAILER,15683,"CLEMENT INDUSTRIES, INC.",5405,CLEMENT INDUSTRIES,13961,Clement,2025,,,6,UNITED STATES (USA),LOUISIANA,MINDEN,"Clement Industries, Inc",,61,Trailer,,,,,4,Dump Trailer,4,Straight Semi/Semi Trailer,28.000,Round Floor Trailer,3,,
12,122225,2,1,1JJV532D*KL******,2025-06-27 04:48:03,0,6,TRAILER,14508,WABASH NATIONAL CORPORATION,12319,WABASH VANS,10942,Dry Van Duraplate,2019,,,6,UNITED STATES (USA),INDIANA,LAFAYETTE,,,61,Trailer,,,,,5,Box or Van Enclosed Trailer,,,53.000,,2,,
12,122250,1,1,1GRAP062*DB******,2025-06-27 04:48:03,0,6,TRAILER,1073,GREAT DANE TRAILERS,520,GREAT DANE TRAILERS,13436,Great Dane Trailers,2013,,,6,UNITED STATES (USA),INDIANA,BRAZIL,,,61,Trailer,,,,,5,Box or Van Enclosed Trailer,4,Straight Semi/Semi Trailer,53.000,Dry Freight Van / Reefer Van / Insulated Van,2,,
12,122265,2,1,7PZBU202*PT******,2025-06-27 04:48:03,0,6,TRAILER,22631,RBJ TRAILERS INC,9913,GPS TRAILERS,25537,GPS Trailers,2023,,,6,UNITED STATES (USA),GEORGIA,THOMASVILLE,,,61,Trailer,,,,,16,Utility Trailer,1,Ball Type Pull,20.000,,2,,
12,122269,2,1,1RNF48A2*DR******,2025-06-27 04:48:03,0,6,TRAILER,3579,"REITNOUER, INC.",5594,REITNOUER INC,14493,Reitnouer Inc Trailers,2013,,,6,UNITED STATES (USA),PENNSYLVANIA,READING,,,61,Trailer,9,"Class 8: 33,001 lb and above (14,969 kg and above)",,,6,Flatbed or Platform Trailer,6,Kingpin,48.000,Airride,2,,
12,122277,1,1,1E9T8740*KE007***,2025-06-27 04:48:03,1,6,TRAILER,12434,E.D. ETNYRE & CO,9133,ETNYRE,23367,Etnyre,2019,,,6,UNITED STATES (USA),ILLINOIS,OREGON,,,61,Trailer,,,,,15,Tank Trailer,,,87.000,,4,,
12,122287,2,1,5HTSA442*L7******,2025-06-27 04:48:03,0,6,TRAILER,5564,"HEIL TRAILER INTERNATIONAL, CO",2365,HEIL TRAILER INTERNATIONAL,6142,Heil Trailer International,2020,,,6,UNITED STATES (USA),TENNESSEE,ATHENS,,,61,Trailer,,,,,15,Tank Trailer,4,Straight Semi/Semi Trailer,44.000,AL 306/406,2,,
12,122304,2,1,1GRAA561*1S******,2025-06-27 04:48:03,0,6,TRAILER,1073,GREAT DANE TRAILERS,520,GREAT DANE TRAILERS,13436,Great Dane Trailers,2001,,,6,UNITED STATES (USA),GEORGIA,SAVANNAH,,,61,Trailer,,,,,5,Box or Van Enclosed Trailer,4,Straight Semi/Semi Trailer,56.000,Dry Freight/ Reefer/ Insulated Van,1,,
12,122326,1,1,5JW1U202*M1******,2025-06-27 04:48:03,0,6,TRAILER,9916,NOVAE LLC,2410,SURE-TRAC,6193,Sure-Trac Trailers,2021,,,6,UNITED STATES (USA),INDIANA,MARKLE,,,61,Trailer,,,,,16,Utility Trailer,1,Ball Type Pull,20.000,Open Body,2,,
12,122389,1,1,13N1452C*Y1******,2025-06-27 04:48:03,0,6,TRAILER,12268,FONTAINE COMMERCIAL TRAILER INC.,1128,FONTAINE TRAILER CO.,4416,Fontaine Trailer Co.,2000,,,6,UNITED STATES (USA),ALABAMA,HALEYVILLE,,,61,Trailer,,,,,6,Flatbed or Platform Trailer,,,45.000,Optional Features: sliding suspension,2,,
12,122394,2,1,3PEA7532*P1******,2025-06-27 04:48:03,0,6,TRAILER,11213,OPERBUS S.A. DE C.V.,2460,OPERBUS S.A DE C.V.,6273,Operbus Model,2023,,,12,MEXICO,ESTADO DE MEXICO,TOLUCA,,,61,Trailer,,,,,5,Box or Van Enclosed Trailer,6,Kingpin,53.000,Kingpin Coupler,2,,
12,122398,1,1,1GR1P062*NT******,2025-06-27 04:48:03,0,6,TRAILER,1073,GREAT DANE TRAILERS,520,GREAT DANE TRAILERS,13436,Great Dane Trailers,2022,,,6,UNITED STATES (USA),INDIANA,TERRE HAUTE,,,61,Trailer,,,,,5,Box or Van Enclosed Trailer,6,Kingpin,53.000,"Semitrailer - Dry freight, Reefer, or Insulated van",2,,
12,122429,1,1,1JJV532D*JL******,2025-06-27 04:48:03,0,6,TRAILER,14508,WABASH NATIONAL CORPORATION,12319,WABASH VANS,10942,Dry Van Duraplate,2018,,,6,UNITED STATES (USA),INDIANA,LAFAYETTE,,,61,Trailer,,,,,5,Box or Van Enclosed Trailer,,,53.000,,2,,
12,122430,2,1,1GR1A062*SB******,2025-06-27 04:48:03,0,6,TRAILER,1073,GREAT DANE TRAILERS,520,GREAT DANE TRAILERS,13436,Great Dane Trailers,2025,,,6,UNITED STATES (USA),INDIANA,BRAZIL,,,61,Trailer,,,,,5,Box or Van Enclosed Trailer,6,Kingpin,53.000,"Semitrailer - Dry freight, Reefer, or Insulated van",2,,
12,122441,2,1,3H3V532K*PJ******,2025-06-27 04:48:03,0,6,TRAILER,14282,"HYUNDAI DE MEXICO, S.A. DE C.V.",4876,HYUNDAI TRANSLEAD TRAILERS,11496,Hyundai Translead Trailers,2023,,,12,MEXICO,BAJA CALIFORNIA,TIJUANA,,Body Type: SEMITRAILER,61,Trailer,,,,,5,Box or Van Enclosed Trailer,6,Kingpin,53.000,,2,,
12,122443,2,1,1GRAP062*9T******,2025-06-27 04:48:03,0,6,TRAILER,1073,GREAT DANE TRAILERS,520,GREAT DANE TRAILERS,13436,Great Dane Trailers,2009,,,6,UNITED STATES (USA),INDIANA,TERRE HAUTE,,Effective 03/01/00,61,Trailer,,,,,5,Box or Van Enclosed Trailer,4,Straight Semi/Semi Trailer,53.000,Platewall,2,,
12,122448,1,1,1PT011AH*W7******,2025-06-27 04:48:03,1,6,TRAILER,3233,TRAILMOBILE (PULLMAN INCORPORATED),6072,TRAILMOBILE,15904,Trailmobile Trailer,1998,Optimum,,6,UNITED STATES (USA),TEXAS,DENTON,,,61,Trailer,,,,,5,Box or Van Enclosed Trailer,,,,Straight Frame,,3,Tandem
12,122465,2,1,1UNSF423*PS******,2025-06-27 04:48:03,0,6,TRAILER,1739,"DRAGON PRODUCTS, LLC",1415,DRAGON ESP,4763,Dragon ESP,2023,,,6,UNITED STATES (USA),TEXAS,SILSBEE,,,61,Trailer,,,,,6,Flatbed or Platform Trailer,4,Straight Semi/Semi Trailer,42.000,,3,,
12,122467,2,1,5V8VC532*RT******,2025-06-27 04:48:03,0,6,TRAILER,16522,VANGUARD NATIONAL TRAILER CORPORTATION,6474,VANGUARD NATIONAL TRAILER CORPORATION (VNTC),17782,VANGUARD NATIONAL TRAILER CORPORATION (VNTC),2024,,,6,UNITED STATES (USA),GEORGIA,TRENTON,,,61,Trailer,,,,,5,Box or Van Enclosed Trailer,6,Kingpin,53.000,Dry Freight Trailer,,3,Tandem
12,122498,2,1,4YNBN162*CC******,2025-06-27 04:48:03,0,6,TRAILER,12057,ANDERSON MANUFACTURING INC.,826,ANDERSON MFG.,3996,Anderson Mfg.,2012,,,6,UNITED STATES (USA),GEORGIA,CAMILLA,,,61,Trailer,,,,,6,Flatbed or Platform Trailer,1,Ball Type Pull,16.000,,2,,
12,122499,2,1,1E9US292*MS589***,2025-06-27 04:48:03,0,6,TRAILER,19078,"EDGEWOOD WELDING & FABRICATION, INC.",9996,"EDGEWOOD WELDING & FABRICATION, INC.",25849,"Edgewood Welding & Fabrication, Inc.",2021,,,6,UNITED STATES (USA),PENNSYLVANIA,SOMERSET,,,61,Trailer,,,,,16,Utility Trailer,2,Pintle Hitch/Hook,29.000,Utility Pintle Hook Connection,2,,
12,122512,1,1,1E1H5Y28*JR******,2025-06-27 04:48:03,0,6,TRAILER,5338,EAST MANUFACTURING CORP.,1334,EAST MANUFACTURING CORP.,4686,East Manufacturing Corp,2018,,,6,UNITED STATES (USA),OHIO,RANDOLPH,,,61,Trailer,9,"Class 8: 33,001 lb and above (14,969 kg and above)",,,6,Flatbed or Platform Trailer,,,48.000,Standard Flat Bed Trailer,2,,
12,122512,2,1,5JYLP402*FP******,2025-06-27 04:48:03,0,6,TRAILER,2290,PITTS ENTERPRISES INC,2831,PITTS TRAILERS,6775,Pitts Trailers,2015,,,6,UNITED STATES (USA),ALABAMA,PITTSVIEW,,,61,Trailer,,,,,19,Logging Trailer,,,40.000,Plantation Trailer,2,,
12,122522,2,1,1LH330UG*61******,2025-06-27 04:48:03,0,6,TRAILER,3729,"LANDOLL COMPANY, LLC",2123,LANDOLL CORPORATION,5894,Landoll Corporation,2006,Model 330C,,6,UNITED STATES (USA),KANSAS,MARYSVILLE,Landoll Corporation,"Plant of Manufacture: Landoll Corporation   1900 North Street Marysville, KS, 66508 USA",61,Trailer,8,"Class 7: 26,001 - 33,000 lb (11,794 - 14,969 kg)",9,"Class 8: 33,001 lb and above (14,969 kg and above)",6,Flatbed or Platform Trailer,5,Fifth Wheel,,"Trailer Length (feet): 48, 49",1,,
12,122565,1,1,1UYVS253*EG******,2025-06-27 04:48:03,0,6,TRAILER,10289,UTILITY TRAILER MANUFACTURING COMPANY,10138,UTILITY TRAILER MANUFACTURER,26222,Utility Trailer Manufacturer,2014,,,6,UNITED STATES (USA),VIRGINIA,GLADE SPRING,,,61,Trailer,,,,,5,Box or Van Enclosed Trailer,4,Straight Semi/Semi Trailer,53.000,,2,,
12,122569,2,1,5E0AX174*DG******,2025-06-27 04:48:03,0,6,TRAILER,20895,"COTTRELL, INC.",12482,COTTRELL,32577,"CX-5303, CX-5304, CX-5308, C-5309",2013,,,6,UNITED STATES (USA),GEORGIA,GAINESVILLE,,,61,Trailer,,,,,58,Auto Transporter,5,Fifth Wheel,,Trailer Length (feet): > 50,2,3,Tandem
12,122580,1,1,5WSAWA22*1N******,2025-06-27 04:48:03,0,6,TRAILER,10142,WALKER STAINLESS EQUIPMENT CO,6978,WALKER,18560,DOT/TC-406,2001,,,6,UNITED STATES (USA),WISCONSIN,NEW LISBON,,,61,Trailer,,,,,15,Tank Trailer,,,,Trailer Material: Aluminum,2,,
12,122621,3,1,5E0AJ144*FG******,2025-06-27 04:48:03,0,6,TRAILER,20895,"COTTRELL, INC.",12482,COTTRELL,32571,"C-09, c-10, C-11, CX-09, CX-10, CX-11",2015,,,6,UNITED STATES (USA),GEORGIA,GAINESVILLE,,,61,Trailer,,,,,58,Auto Transporter,5,Fifth Wheel,,Trailer Length (feet): 44-46,2,3,Tandem
12,122656,1,1,3H3V532K*RJ******,2025-06-27 04:48:03,0,6,TRAILER,14282,"HYUNDAI DE MEXICO, S.A. DE C.V.",4876,HYUNDAI TRANSLEAD TRAILERS,11496,Hyundai Translead Trailers,2024,,,12,MEXICO,BAJA CALIFORNIA,TIJUANA,,Body Type: SEMITRAILER,61,Trailer,,,,,5,Box or Van Enclosed Trailer,6,Kingpin,53.000,,2,,
12,122676,2,1,5MADS243*FC******,2025-06-27 04:48:03,0,6,TRAILER,5950,"MAC TRAILER MFG, INC.",6826,MAC TRAILER MANUFACTURING,18288,MAC TRAILER MANUFACTURING,2015,,,6,UNITED STATES (USA),OHIO,ALLIANCE,,Commerce Street,61,Trailer,,,,,4,Dump Trailer,,,24.000,Steel Frame,3,,
12,122729,2,1,5V8VC532*LT******,2025-06-27 04:48:03,0,6,TRAILER,16522,VANGUARD NATIONAL TRAILER CORPORTATION,6474,VANGUARD NATIONAL TRAILER CORPORATION (VNTC),17782,VANGUARD NATIONAL TRAILER CORPORATION (VNTC),2020,,,6,UNITED STATES (USA),GEORGIA,TRENTON,,,61,Trailer,,,,,5,Box or Van Enclosed Trailer,6,Kingpin,53.000,Dry Freight Trailer,,3,Tandem
12,122761,1,1,3H3V532C*ET******,2025-06-27 04:48:03,0,6,TRAILER,14282,"HYUNDAI DE MEXICO, S.A. DE C.V.",4876,HYUNDAI TRANSLEAD TRAILERS,11496,Hyundai Translead Trailers,2014,,,12,MEXICO,BAJA CALIFORNIA,TIJUANA,,,61,Trailer,,,,,5,Box or Van Enclosed Trailer,,,53.000,Van Trailer,2,,
12,122780,1,1,5MADN392*FC******,2025-06-27 04:48:03,0,6,TRAILER,5950,"MAC TRAILER MFG, INC.",6826,MAC TRAILER MANUFACTURING,18288,MAC TRAILER MANUFACTURING,2015,,,6,UNITED STATES (USA),OHIO,ALLIANCE,,Commerce Street,61,Trailer,,,,,4,Dump Trailer,,,39.000,No Frame,2,,
12,122870,1,1,1JJV532D*KL******,2025-06-27 04:48:03,0,6,TRAILER,14508,WABASH NATIONAL CORPORATION,12319,WABASH VANS,10942,Dry Van Duraplate,2019,,,6,UNITED STATES (USA),INDIANA,LAFAYETTE,,,61,Trailer,,,,,5,Box or Van Enclosed Trailer,,,53.000,,2,,
12,122890,2,1,7H2BE121*ND******,2025-06-27 04:48:03,0,6,TRAILER,17148,"TJCW, INC.",8360,ROCK SOLID CARGO,22203,Rock Solid Cargo,2022,,,6,UNITED STATES (USA),GEORGIA,DOUGLAS,,,61,Trailer,,,,,5,Box or Van Enclosed Trailer,1,Ball Type Pull,12.000,,1,,
12,122916,2,1,1JJV532D*EL******,2025-06-27 04:48:03,0,6,TRAILER,14508,WABASH NATIONAL CORPORATION,12319,WABASH VANS,10942,Dry Van Duraplate,2014,,,6,UNITED STATES (USA),INDIANA,LAFAYETTE,,,61,Trailer,,,,,5,Box or Van Enclosed Trailer,,,53.000,,2,,
12,122920,2,1,1JJV532D*PL******,2025-06-27 04:48:03,0,6,TRAILER,14508,WABASH NATIONAL CORPORATION,12319,WABASH VANS,10942,Dry Van Duraplate,2023,,,6,UNITED STATES (USA),INDIANA,LAFAYETTE,,,61,Trailer,,,,,5,Box or Van Enclosed Trailer,6,Kingpin,53.000,,2,,
12,122932,3,1,1TDH4222*AB******,2025-06-27 04:48:03,0,6,TRAILER,8330,TIMPTE INC.,5331,"TIMPTE, INC",13636,Timpte,2010,,,6,UNITED STATES (USA),NEBRASKA,DAVID CITY,,"Seventh VIN position indicates the additional length of the trailer to the nearest inch up to 9 inches. If the additional length is 10 inches or more the seventh character is zero (0) and the sixth character will be increased to the next foot. For example : a 42ft 9in trailer will be represent in VIN position 5, 6 & 7 as ""429"" and a 42ft 10in. trailer will be represented in VIN position 5 , 6 & 7 as ""430"" respectively.",61,Trailer,,,,,180,"Grain, Chip, or Gravel Trailer",,,42.000,Dry Bulk-Bottom Hopper Trailer,2,,
12,122936,2,1,1GR1A062*MB******,2025-06-27 04:48:03,0,6,TRAILER,1073,GREAT DANE TRAILERS,520,GREAT DANE TRAILERS,13436,Great Dane Trailers,2021,,,6,UNITED STATES (USA),INDIANA,BRAZIL,,,61,Trailer,,,,,5,Box or Van Enclosed Trailer,6,Kingpin,53.000,"Semitrailer - Dry freight, Reefer, or Insulated van",2,,
12,122962,2,1,1GRAP062*CT******,2025-06-27 04:48:03,0,6,TRAILER,1073,GREAT DANE TRAILERS,520,GREAT DANE TRAILERS,13436,Great Dane Trailers,2012,,,6,UNITED STATES (USA),INDIANA,TERRE HAUTE,,,61,Trailer,,,,,5,Box or Van Enclosed Trailer,4,Straight Semi/Semi Trailer,53.000,Dry Freight Van / Reefer Van / Insulated Van,2,,
12,122998,2,1,4T91U182*LE352***,2025-06-27 04:48:03,1,6,TRAILER,19314,THE TRAILERSHOP INC,10083,TRAILERSHOP,26038,Trailershop,2020,,,6,UNITED STATES (USA),OHIO,EASTLAKE,,,61,Trailer,,,,,16,Utility Trailer,31,Ball Hitch,18.000,,2,,
12,123018,2,1,1DW1A532*3S******,2025-06-27 04:48:03,0,6,TRAILER,13506,"STOUGHTON TRAILERS, INC.",3414,STOUGHTON TRAILERS,7701,Stoughton trailers,2003,,,6,UNITED STATES (USA),WISCONSIN,STOUGHTON,"Stoughton Trailers, INC",,61,Trailer,,,,,5,Box or Van Enclosed Trailer,4,Straight Semi/Semi Trailer,53.000,Van Trailer,2,,
12,123024,2,1,5HTAB452*T7******,2025-06-27 04:48:03,0,6,TRAILER,5564,"HEIL TRAILER INTERNATIONAL, CO",2365,HEIL TRAILER INTERNATIONAL,6142,Heil Trailer International,1996,,,6,UNITED STATES (USA),TENNESSEE,ATHENS,,Body Shape: Straight Elliptical,61,Trailer,,,,,15,Tank Trailer,,,45.000,AL 306/406,2,,
16,160203,2,1,4Z411163*VP******,2025-06-27 04:48:03,0,6,TRAILER,3493,CPS TRAILER CO,6277,CPS TRAILER COMPANY,21211,Hopper Trailer,1997,Steel,,6,UNITED STATES (USA),MISSOURI,ORAN,,,61,Trailer,,,,,180,"Grain, Chip, or Gravel Trailer",,,,Over 36 ft,3,,
17,170039,2,1,1W1K5482*N6******,2025-06-27 04:48:03,0,6,TRAILER,11681,WILSON TRAILER CO.,10450,WILSON,27561,Wilson,2022,,,6,UNITED STATES (USA),MISSOURI,MOBERLY,,,61,Trailer,,,,,6,Flatbed or Platform Trailer,6,Kingpin,48.000,,2,,
17,170041,1,1,1GR1A062*LW******,2025-06-27 04:48:03,0,6,TRAILER,1073,GREAT DANE TRAILERS,520,GREAT DANE TRAILERS,13436,Great Dane Trailers,2020,,,6,UNITED STATES (USA),NEBRASKA,WAYNE,,,61,Trailer,,,,,5,Box or Van Enclosed Trailer,6,Kingpin,53.000,"Semitrailer - Dry freight, Reefer, or Insulated van",2,,
17,170055,1,1,1UYVS253*K3******,2025-06-27 04:48:03,0,6,TRAILER,10289,UTILITY TRAILER MANUFACTURING COMPANY,10138,UTILITY TRAILER MANUFACTURER,26222,Utility Trailer Manufacturer,2019,,,6,UNITED STATES (USA),ARKANSAS,PARAGOULD,,,61,Trailer,,,,,5,Box or Van Enclosed Trailer,4,Straight Semi/Semi Trailer,53.000,,2,,
17,170055,4,1,1UYVS253*K3******,2025-06-27 04:48:03,0,6,TRAILER,10289,UTILITY TRAILER MANUFACTURING COMPANY,10138,UTILITY TRAILER MANUFACTURER,26222,Utility Trailer Manufacturer,2019,,,6,UNITED STATES (USA),ARKANSAS,PARAGOULD,,,61,Trailer,,,,,5,Box or Van Enclosed Trailer,4,Straight Semi/Semi Trailer,53.000,,2,,
17,170060,2,1,3H3V532C*KT******,2025-06-27 04:48:03,0,6,TRAILER,14282,"HYUNDAI DE MEXICO, S.A. DE C.V.",4876,HYUNDAI TRANSLEAD TRAILERS,11496,Hyundai Translead Trailers,2019,,,12,MEXICO,BAJA CALIFORNIA,TIJUANA,,,61,Trailer,,,,,5,Box or Van Enclosed Trailer,,,53.000,Van Trailer,2,,
17,170065,2,1,1TDH4002*KB******,2025-06-27 04:48:03,0,6,TRAILER,8330,TIMPTE INC.,5331,"TIMPTE, INC",13636,Timpte,2019,,,6,UNITED STATES (USA),NEBRASKA,DAVID CITY,,"Seventh VIN position indicates the additional length of the trailer to the nearest inch up to 9 inches. If the additional length is 10 inches or more the seventh character is zero (0) and the sixth character will be increased to the next foot. For example : a 42ft 9in trailer will be represent in VIN position 5, 6 & 7 as ""429"" and a 42ft 10in. trailer will be represented in VIN position 5 , 6 & 7 as ""430"" respectively.",61,Trailer,,,,,180,"Grain, Chip, or Gravel Trailer",,,40.000,Dry Bulk-Bottom Hopper Trailer,2,,
17,170070,1,1,1GRAA062*8G******,2025-06-27 04:48:03,0,6,TRAILER,1073,GREAT DANE TRAILERS,520,GREAT DANE TRAILERS,13436,Great Dane Trailers,2008,,,6,UNITED STATES (USA),MISSISSIPPI,GREENVILLE,,Effective 01/01/00,61,Trailer,,,,,5,Box or Van Enclosed Trailer,4,Straight Semi/Semi Trailer,53.000,Dry Freight/ Reefer/ Insulated Van,2,,
17,170081,2,1,1RNF53A2*RR******,2025-06-27 04:48:03,0,6,TRAILER,3579,"REITNOUER, INC.",5594,REITNOUER INC,14493,Reitnouer Inc Trailers,2024,,,6,UNITED STATES (USA),PENNSYLVANIA,READING,,,61,Trailer,9,"Class 8: 33,001 lb and above (14,969 kg and above)",,,6,Flatbed or Platform Trailer,6,Kingpin,53.000,Airride,2,,
17,170082,2,1,3H3C412S*XT******,2025-06-27 04:48:03,0,6,TRAILER,14282,"HYUNDAI DE MEXICO, S.A. DE C.V.",4876,HYUNDAI TRANSLEAD TRAILERS,11496,Hyundai Translead Trailers,1999,,,12,MEXICO,BAJA CALIFORNIA,TIJUANA,,,61,Trailer,,,,,109,Intermodal Container Chassis or Trailer,,,41.000,Material: Steel,2,,
17,170107,2,1,5V8VA532*HM******,2025-06-27 04:48:03,0,6,TRAILER,16522,VANGUARD NATIONAL TRAILER CORPORTATION,6474,VANGUARD NATIONAL TRAILER CORPORATION (VNTC),17782,VANGUARD NATIONAL TRAILER CORPORATION (VNTC),2017,,,6,UNITED STATES (USA),INDIANA,MONON,,,61,Trailer,,,,,5,Box or Van Enclosed Trailer,6,Kingpin,53.000,"Interior Post Aluminum Sheet Trailer (VIP, MaxCube)",,3,Tandem
17,170122,1,1,3H3V281C*KT******,2025-06-27 04:48:03,0,6,TRAILER,14282,"HYUNDAI DE MEXICO, S.A. DE C.V.",4876,HYUNDAI TRANSLEAD TRAILERS,11496,Hyundai Translead Trailers,2019,,,12,MEXICO,BAJA CALIFORNIA,TIJUANA,,,61,Trailer,,,,,5,Box or Van Enclosed Trailer,,,28.000,Van Trailer,1,,
17,170122,1,2,1GRAA561*EB******,2025-06-27 04:48:03,0,6,TRAILER,1073,GREAT DANE TRAILERS,520,GREAT DANE TRAILERS,13436,Great Dane Trailers,2014,,,6,UNITED STATES (USA),INDIANA,BRAZIL,,,61,Trailer,,,,,5,Box or Van Enclosed Trailer,4,Straight Semi/Semi Trailer,28.000,Dry Freight Van / Reefer Van / Insulated Van,1,,
17,170164,2,1,1GR1P062*NK******,2025-06-27 04:48:03,0,6,TRAILER,1073,GREAT DANE TRAILERS,520,GREAT DANE TRAILERS,13436,Great Dane Trailers,2022,,,6,UNITED STATES (USA),ILLINOIS,KEWANEE,,,61,Trailer,,,,,5,Box or Van Enclosed Trailer,6,Kingpin,53.000,"Semitrailer - Dry freight, Reefer, or Insulated van",2,,
17,170171,2,1,1TTF502C*H3******,2025-06-27 04:48:03,0,6,TRAILER,8231,TRANSCRAFT CORPORATION,12050,TRANSCRAFT/WABASH,27663,Combo Steel/Alum Flatbed,2017,,,6,UNITED STATES (USA),KENTUCKY,CADIZ,,,61,Trailer,,,,,6,Flatbed or Platform Trailer,6,Kingpin,50.000,,2,,
17,170175,2,1,1JJV482D*HL******,2025-06-27 04:48:03,0,6,TRAILER,14508,WABASH NATIONAL CORPORATION,12319,WABASH VANS,10942,Dry Van Duraplate,2017,,,6,UNITED STATES (USA),INDIANA,LAFAYETTE,,,61,Trailer,,,,,5,Box or Van Enclosed Trailer,,,48.000,,2,,
17,170179,3,1,1GR1A062*NW******,2025-06-27 04:48:03,0,6,TRAILER,1073,GREAT DANE TRAILERS,520,GREAT DANE TRAILERS,13436,Great Dane Trailers,2022,,,6,UNITED STATES (USA),NEBRASKA,WAYNE,,,61,Trailer,,,,,5,Box or Van Enclosed Trailer,6,Kingpin,53.000,"Semitrailer - Dry freight, Reefer, or Insulated van",2,,
17,170180,2,1,1DW1A532*GS******,2025-06-27 04:48:03,0,6,TRAILER,13506,"STOUGHTON TRAILERS, INC.",3414,STOUGHTON TRAILERS,7701,Stoughton trailers,2016,,,6,UNITED STATES (USA),WISCONSIN,STOUGHTON,"Stoughton Trailers, INC",,61,Trailer,,,,,5,Box or Van Enclosed Trailer,4,Straight Semi/Semi Trailer,53.000,Van Trailer,2,,
17,170185,3,1,1B9SP382*4E601***,2025-06-27 04:48:03,0,6,TRAILER,13056,BLUEGRASS TANK & EQUIPMENT INC,7550,"BLUEGRASS TANK & EQUIPMENT CO, INC",20449,"Bluegrass Tank & Equipment Co, Inc Trailer",2004,,,6,UNITED STATES (USA),KENTUCKY,ELIZABETHTOWN,,,61,Trailer,,,,,15,Tank Trailer,,,38.000,Tanker Pick up,2,,
17,170212,2,1,1GRAA062*EW******,2025-06-27 04:48:03,0,6,TRAILER,1073,GREAT DANE TRAILERS,520,GREAT DANE TRAILERS,13436,Great Dane Trailers,2014,,,6,UNITED STATES (USA),NEBRASKA,WAYNE,,,61,Trailer,,,,,5,Box or Van Enclosed Trailer,4,Straight Semi/Semi Trailer,53.000,Dry Freight Van / Reefer Van / Insulated Van,2,,
17,170302,2,1,1TKJ0523*HM******,2025-06-27 04:48:03,0,6,TRAILER,13498,TRAIL KING INDUSTRIES,3251,TRAIL KING INDUSTRIES,7386,TRAIL KING INDUSTRIES,2017,,,6,UNITED STATES (USA),SOUTH DAKOTA,MITCHELL,,"Trailer Length: Inverted Hoist = Add 2FT (but leave the unit part # as is) / Extend Apron = Add 1 FT (if apron 14"" extended floor plate)",61,Trailer,,,,,6,Flatbed or Platform Trailer,,,52.000,"Front Loading (HDG, MDG, FG, MG, DGHT)",3,,
17,170335,1,1,1GR1A062*SK******,2025-06-27 04:48:03,0,6,TRAILER,1073,GREAT DANE TRAILERS,520,GREAT DANE TRAILERS,13436,Great Dane Trailers,2025,,,6,UNITED STATES (USA),ILLINOIS,KEWANEE,,,61,Trailer,,,,,5,Box or Van Enclosed Trailer,6,Kingpin,53.000,"Semitrailer - Dry freight, Reefer, or Insulated van",2,,
17,170336,2,1,3H3V532C*JR******,2025-06-27 04:48:03,0,6,TRAILER,14282,"HYUNDAI DE MEXICO, S.A. DE C.V.",4876,HYUNDAI TRANSLEAD TRAILERS,11496,Hyundai Translead Trailers,2018,,,12,MEXICO,BAJA CALIFORNIA,ROSARITO,,,61,Trailer,,,,,5,Box or Van Enclosed Trailer,,,53.000,Van Trailer,2,,
17,170371,1,1,1TTF5320*62******,2025-06-27 04:48:03,0,6,TRAILER,8231,TRANSCRAFT CORPORATION,10511,TRANSCRAFT,28401,Transcraft,2006,,,6,UNITED STATES (USA),KENTUCKY,MOUNT STERLING,,,61,Trailer,,,,,6,Flatbed or Platform Trailer,6,Kingpin,53.000,Platform,2,,
17,170397,1,1,1GR1A062*PB******,2025-06-27 04:48:03,0,6,TRAILER,1073,GREAT DANE TRAILERS,520,GREAT DANE TRAILERS,13436,Great Dane Trailers,2023,,,6,UNITED STATES (USA),INDIANA,BRAZIL,,,61,Trailer,,,,,5,Box or Van Enclosed Trailer,6,Kingpin,53.000,"Semitrailer - Dry freight, Reefer, or Insulated van",2,,
17,170423,1,1,1GRAA062*DK******,2025-06-27 04:48:03,0,6,TRAILER,1073,GREAT DANE TRAILERS,520,GREAT DANE TRAILERS,13436,Great Dane Trailers,2013,,,6,UNITED STATES (USA),ILLINOIS,KEWANEE,,,61,Trailer,,,,,5,Box or Van Enclosed Trailer,4,Straight Semi/Semi Trailer,53.000,Dry Freight Van / Reefer Van / Insulated Van,2,,
17,170432,2,1,1DW1A532*CS******,2025-06-27 04:48:03,0,6,TRAILER,13506,"STOUGHTON TRAILERS, INC.",3414,STOUGHTON TRAILERS,7701,Stoughton trailers,2012,,,6,UNITED STATES (USA),WISCONSIN,STOUGHTON,"Stoughton Trailers, INC",,61,Trailer,,,,,5,Box or Van Enclosed Trailer,4,Straight Semi/Semi Trailer,53.000,Van Trailer,2,,
17,170445,2,1,1DW1A532*LS******,2025-06-27 04:48:03,0,6,TRAILER,13506,"STOUGHTON TRAILERS, INC.",3414,STOUGHTON TRAILERS,7701,Stoughton trailers,2020,,,6,UNITED STATES (USA),WISCONSIN,STOUGHTON,"Stoughton Trailers, INC",,61,Trailer,,,,,5,Box or Van Enclosed Trailer,4,Straight Semi/Semi Trailer,53.000,Van Trailer,2,,
17,170448,1,1,LJRC2826*81******,2025-06-27 04:48:03,1,6,TRAILER,9950,"CIMC VEHICLES GROUP CO., LTD.",4101,CIMC VEHICLES GROUP CO,8811,CIMC VEHICLES GROUP CO,2008,,,8,CHINA,,SHENZHEN,,"GVWR = 30,000-34,990kg",61,Trailer,9,"Class 8: 33,001 lb and above (14,969 kg and above)",,,109,Intermodal Container Chassis or Trailer,,,28.000,,2,,
17,170449,2,1,1W1ZCF1A*9B******,2025-06-27 04:48:03,0,6,TRAILER,11681,WILSON TRAILER CO.,3855,WILSON TRAILER CO.,8390,Wilson Trailer Co.,2009,RIDGE STRAPS - ROLL TARP,,6,UNITED STATES (USA),IOWA,SIOUX CITY,PLANT 2,,61,Trailer,,,,,180,"Grain, Chip, or Gravel Trailer",,,43.000,Type of Trailer: DOUBLE WALL BELT TRAILER (DWBT),2,,
17,170450,2,1,5V8VC532*PT******,2025-06-27 04:48:03,0,6,TRAILER,16522,VANGUARD NATIONAL TRAILER CORPORTATION,6474,VANGUARD NATIONAL TRAILER CORPORATION (VNTC),17782,VANGUARD NATIONAL TRAILER CORPORATION (VNTC),2023,,,6,UNITED STATES (USA),GEORGIA,TRENTON,,,61,Trailer,,,,,5,Box or Van Enclosed Trailer,6,Kingpin,53.000,Dry Freight Trailer,,3,Tandem
17,170454,2,1,3H3X362S*TT******,2025-06-27 04:48:03,1,6,TRAILER,14282,"HYUNDAI DE MEXICO, S.A. DE C.V.",4876,HYUNDAI TRANSLEAD TRAILERS,11496,Hyundai Translead Trailers,1996,,,12,MEXICO,BAJA CALIFORNIA,TIJUANA,,,61,Trailer,,,,,46,Incomplete Trailer Chassis,,,36.000,Material: Steel,2,,
17,170471,1,1,1GRAP062*FK******,2025-06-27 04:48:03,0,6,TRAILER,1073,GREAT DANE TRAILERS,520,GREAT DANE TRAILERS,13436,Great Dane Trailers,2015,,,6,UNITED STATES (USA),ILLINOIS,KEWANEE,,,61,Trailer,,,,,5,Box or Van Enclosed Trailer,4,Straight Semi/Semi Trailer,53.000,Dry Freight Van / Reefer Van / Insulated Van,2,,
17,170471,2,1,1GRAA062*GJ******,2025-06-27 04:48:03,0,6,TRAILER,1073,GREAT DANE TRAILERS,520,GREAT DANE TRAILERS,13436,Great Dane Trailers,2016,,,6,UNITED STATES (USA),ARKANSAS,JONESBORO,,"Jacksonville Florida (ended 02/1988); Jonesboro, Arkansas (effective 09/03/02)",61,Trailer,,,,,5,Box or Van Enclosed Trailer,4,Straight Semi/Semi Trailer,53.000,Dry Freight Van / Reefer Van / Insulated Van,2,,
17,170474,2,1,1GRAA062*GW******,2025-06-27 04:48:03,0,6,TRAILER,1073,GREAT DANE TRAILERS,520,GREAT DANE TRAILERS,13436,Great Dane Trailers,2016,,,6,UNITED STATES (USA),NEBRASKA,WAYNE,,,61,Trailer,,,,,5,Box or Van Enclosed Trailer,4,Straight Semi/Semi Trailer,53.000,Dry Freight Van / Reefer Van / Insulated Van,2,,
17,170504,1,1,527SR532*NL******,2025-06-27 04:48:03,1,6,TRAILER,6703,VANGUARD REEFER TRAILER INC.,1561,"CIMC REEFER TRAILER,INC",4978,"CIMC REEFER TRAILER,INC.",2022,,,6,UNITED STATES (USA),CALIFORNIA,LOS ANGELES,"CIMC Reefer Trailer,Inc",,61,Trailer,,,,,5,Box or Van Enclosed Trailer,4,Straight Semi/Semi Trailer,53.000,Reefer Van Trailer,2,,
17,170520,2,1,1GRAP062*FT******,2025-06-27 04:48:03,0,6,TRAILER,1073,GREAT DANE TRAILERS,520,GREAT DANE TRAILERS,13436,Great Dane Trailers,2015,,,6,UNITED STATES (USA),INDIANA,TERRE HAUTE,,,61,Trailer,,,,,5,Box or Van Enclosed Trailer,4,Straight Semi/Semi Trailer,53.000,Dry Freight Van / Reefer Van / Insulated Van,2,,
17,170523,3,1,5V8VC532*PT******,2025-06-27 04:48:03,0,6,TRAILER,16522,VANGUARD NATIONAL TRAILER CORPORTATION,6474,VANGUARD NATIONAL TRAILER CORPORATION (VNTC),17782,VANGUARD NATIONAL TRAILER CORPORATION (VNTC),2023,,,6,UNITED STATES (USA),GEORGIA,TRENTON,,,61,Trailer,,,,,5,Box or Van Enclosed Trailer,6,Kingpin,53.000,Dry Freight Trailer,,3,Tandem
17,170536,2,1,1E1F9L28*VR******,2025-06-27 04:48:03,0,6,TRAILER,5338,EAST MANUFACTURING CORP.,1334,EAST MANUFACTURING CORP.,4686,East Manufacturing Corp,1997,,,6,UNITED STATES (USA),OHIO,RANDOLPH,,,61,Trailer,9,"Class 8: 33,001 lb and above (14,969 kg and above)",,,4,Dump Trailer,,,26.000,Frameless Trailer,2,,
17,170538,2,1,1TDH4002*HB******,2025-06-27 04:48:03,0,6,TRAILER,8330,TIMPTE INC.,5331,"TIMPTE, INC",13636,Timpte,2017,,,6,UNITED STATES (USA),NEBRASKA,DAVID CITY,,"Seventh VIN position indicates the additional length of the trailer to the nearest inch up to 9 inches. If the additional length is 10 inches or more the seventh character is zero (0) and the sixth character will be increased to the next foot. For example : a 42ft 9in trailer will be represent in VIN position 5, 6 & 7 as ""429"" and a 42ft 10in. trailer will be represented in VIN position 5 , 6 & 7 as ""430"" respectively.",61,Trailer,,,,,180,"Grain, Chip, or Gravel Trailer",,,40.000,Dry Bulk-Bottom Hopper Trailer,2,,
17,170550,1,1,1TTF482A*L3******,2025-06-27 04:48:03,0,6,TRAILER,8231,TRANSCRAFT CORPORATION,12051,BENSON/WABASH,27664,Aluminium Flatbed,2020,,,6,UNITED STATES (USA),KENTUCKY,CADIZ,,,61,Trailer,,,,,6,Flatbed or Platform Trailer,6,Kingpin,48.000,,2,,
17,170604,1,1,1JJV532D*GL******,2025-06-27 04:48:03,0,6,TRAILER,14508,WABASH NATIONAL CORPORATION,12319,WABASH VANS,10942,Dry Van Duraplate,2016,,,6,UNITED STATES (USA),INDIANA,LAFAYETTE,,,61,Trailer,,,,,5,Box or Van Enclosed Trailer,,,53.000,,2,,
17,170658,2,1,3H3V532C*KT******,2025-06-27 04:48:03,0,6,TRAILER,14282,"HYUNDAI DE MEXICO, S.A. DE C.V.",4876,HYUNDAI TRANSLEAD TRAILERS,11496,Hyundai Translead Trailers,2019,,,12,MEXICO,BAJA CALIFORNIA,TIJUANA,,,61,Trailer,,,,,5,Box or Van Enclosed Trailer,,,53.000,Van Trailer,2,,
17,170682,2,1,2TVWF482*ND******,2025-06-27 04:48:03,0,6,TRAILER,16573,TITAN TRAILERS INC.,6999,TITAN TRAILERS INC.,18621,Titan,2022,,,1,CANADA,ONTARIO,DELHI,,,61,Trailer,,,,,180,"Grain, Chip, or Gravel Trailer",6,Kingpin,48.000,Walking Floor Trailer,2,,
17,170686,4,1,1JJV462W*5L******,2025-06-27 04:48:03,0,6,TRAILER,14508,WABASH NATIONAL CORPORATION,4847,WABASH,13327,Wabash National Corporation,2005,,,6,UNITED STATES (USA),INDIANA,LAFAYETTE,,,61,Trailer,,,,,5,Box or Van Enclosed Trailer,,,46.000,,2,,
17,170701,2,1,1TDH4302*GB******,2025-06-27 04:48:03,0,6,TRAILER,8330,TIMPTE INC.,5331,"TIMPTE, INC",13636,Timpte,2016,,,6,UNITED STATES (USA),NEBRASKA,DAVID CITY,,"Seventh VIN position indicates the additional length of the trailer to the nearest inch up to 9 inches. If the additional length is 10 inches or more the seventh character is zero (0) and the sixth character will be increased to the next foot. For example : a 42ft 9in trailer will be represent in VIN position 5, 6 & 7 as ""429"" and a 42ft 10in. trailer will be represented in VIN position 5 , 6 & 7 as ""430"" respectively.",61,Trailer,,,,,180,"Grain, Chip, or Gravel Trailer",,,43.000,Dry Bulk-Bottom Hopper Trailer,2,,
17,170707,2,1,5MADA262*YC******,2025-06-27 04:48:03,0,6,TRAILER,5950,"MAC TRAILER MFG, INC.",6826,MAC TRAILER MANUFACTURING,18288,MAC TRAILER MANUFACTURING,2000,,,6,UNITED STATES (USA),OHIO,ALLIANCE,,Commerce Street,61,Trailer,,,,,4,Dump Trailer,,,26.000,Aluminum Frame,2,,
17,170731,2,1,1GRDM062*KH******,2025-06-27 04:48:03,0,6,TRAILER,1073,GREAT DANE TRAILERS,520,GREAT DANE TRAILERS,13436,Great Dane Trailers,1989,,,6,UNITED STATES (USA),TENNESSEE,HUNTSVILLE,,,61,Trailer,,,,,6,Flatbed or Platform Trailer,4,Straight Semi/Semi Trailer,6.000,Straight Deck / Drop Deck / Extendable,2,,
17,170753,1,1,1TDH4002*KB******,2025-06-27 04:48:03,0,6,TRAILER,8330,TIMPTE INC.,5331,"TIMPTE, INC",13636,Timpte,2019,,,6,UNITED STATES (USA),NEBRASKA,DAVID CITY,,"Seventh VIN position indicates the additional length of the trailer to the nearest inch up to 9 inches. If the additional length is 10 inches or more the seventh character is zero (0) and the sixth character will be increased to the next foot. For example : a 42ft 9in trailer will be represent in VIN position 5, 6 & 7 as ""429"" and a 42ft 10in. trailer will be represented in VIN position 5 , 6 & 7 as ""430"" respectively.",61,Trailer,,,,,180,"Grain, Chip, or Gravel Trailer",,,40.000,Dry Bulk-Bottom Hopper Trailer,2,,
17,170756,1,1,1RNF53A2*RR******,2025-06-27 04:48:03,0,6,TRAILER,3579,"REITNOUER, INC.",5594,REITNOUER INC,14493,Reitnouer Inc Trailers,2024,,,6,UNITED STATES (USA),PENNSYLVANIA,READING,,,61,Trailer,9,"Class 8: 33,001 lb and above (14,969 kg and above)",,,6,Flatbed or Platform Trailer,6,Kingpin,53.000,Airride,2,,
17,170756,4,1,3CXLC532*NM******,2025-06-27 04:48:03,0,6,TRAILER,11589,"TALLERES LOZANO, S.A. DE C.V.",9988,LOZANO TRAILER,25840,Lozano Trailer,2022,,,12,MEXICO,NUEVO LEON,CIUDAD BENITO JUAREZ,,,61,Trailer,,,,,5,Box or Van Enclosed Trailer,6,Kingpin,53.000,Dry Van and/or Refrigerated,2,,
17,170805,3,1,1GR1A062*PE******,2025-06-27 04:48:03,0,6,TRAILER,1073,GREAT DANE TRAILERS,520,GREAT DANE TRAILERS,13436,Great Dane Trailers,2023,,,6,UNITED STATES (USA),GEORGIA,STATESBORO,,,61,Trailer,,,,,5,Box or Van Enclosed Trailer,6,Kingpin,53.000,"Semitrailer - Dry freight, Reefer, or Insulated van",2,,
17,170833,2,1,13N15320*J1******,2025-06-27 04:48:03,0,6,TRAILER,12268,FONTAINE COMMERCIAL TRAILER INC.,1128,FONTAINE TRAILER CO.,4416,Fontaine Trailer Co.,2018,,,6,UNITED STATES (USA),ALABAMA,HALEYVILLE,,Optional Features: None,61,Trailer,,,,,6,Flatbed or Platform Trailer,,,53.000,,2,,
17,170863,2,1,1GR1P561*SK******,2025-06-27 04:48:03,0,6,TRAILER,1073,GREAT DANE TRAILERS,520,GREAT DANE TRAILERS,13436,Great Dane Trailers,2025,,,6,UNITED STATES (USA),ILLINOIS,KEWANEE,,,61,Trailer,,,,,5,Box or Van Enclosed Trailer,6,Kingpin,28.000,"Semitrailer - Dry freight, Reefer, or Insulated van",1,,
17,170863,2,2,3H3V281K*SJ******,2025-06-27 04:48:03,0,6,TRAILER,14282,"HYUNDAI DE MEXICO, S.A. DE C.V.",4876,HYUNDAI TRANSLEAD TRAILERS,11496,Hyundai Translead Trailers,2025,,,12,MEXICO,BAJA CALIFORNIA,TIJUANA,,Body Type: SEMITRAILER,61,Trailer,,,,,5,Box or Van Enclosed Trailer,6,Kingpin,28.000,,1,,
17,170873,3,1,1JJV532D*LL******,2025-06-27 04:48:03,0,6,TRAILER,14508,WABASH NATIONAL CORPORATION,12319,WABASH VANS,10942,Dry Van Duraplate,2020,,,6,UNITED STATES (USA),INDIANA,LAFAYETTE,,,61,Trailer,,,,,5,Box or Van Enclosed Trailer,,,53.000,,2,,
17,170877,2,1,5WSABB33*LN******,2025-06-27 04:48:03,0,6,TRAILER,10142,WALKER STAINLESS EQUIPMENT CO,6978,WALKER,32634,NON-DOT/TC Spec,2020,3A/Foodgrade/Water/Fertilizer/Septic/Dry Bulk/Etc.,,6,UNITED STATES (USA),WISCONSIN,NEW LISBON,,,61,Trailer,,,,,15,Tank Trailer,4,Straight Semi/Semi Trailer,,Length of Trailer: 40-49 feet,3,,
17,170880,2,1,3H4JS432*S3******,2025-06-27 04:48:03,0,6,TRAILER,5564,"HEIL TRAILER INTERNATIONAL, CO",5444,J&L,14160,J&L Trailers,2025,,,12,MEXICO,,JUAREZ,,,61,Trailer,,,,,15,Tank Trailer,4,Straight Semi/Semi Trailer,43.000,Dry Bulk Trailer AL PNEUMATIC,2,,
17,170919,2,1,1GRAA842*6B******,2025-06-27 04:48:03,0,6,TRAILER,1073,GREAT DANE TRAILERS,520,GREAT DANE TRAILERS,13436,Great Dane Trailers,2006,,,6,UNITED STATES (USA),INDIANA,BRAZIL,,,61,Trailer,,,,,5,Box or Van Enclosed Trailer,4,Straight Semi/Semi Trailer,84.000,Dry Freight/ Reefer/ Insulated Van,2,,
17,170934,2,1,5V8VC532*RM******,2025-06-27 04:48:03,0,6,TRAILER,16522,VANGUARD NATIONAL TRAILER CORPORTATION,6474,VANGUARD NATIONAL TRAILER CORPORATION (VNTC),17782,VANGUARD NATIONAL TRAILER CORPORATION (VNTC),2024,,,6,UNITED STATES (USA),INDIANA,MONON,,,61,Trailer,,,,,5,Box or Van Enclosed Trailer,6,Kingpin,53.000,Dry Freight Trailer,,3,Tandem
17,170964,1,1,1JJV532B*PL******,2025-06-27 04:48:03,0,6,TRAILER,14508,WABASH NATIONAL CORPORATION,12319,WABASH VANS,10945,Refrigerated Van,2023,,,6,UNITED STATES (USA),INDIANA,LAFAYETTE,,,61,Trailer,,,,,5,Box or Van Enclosed Trailer,6,Kingpin,53.000,,2,,
17,170970,2,1,1UYVS253*P3******,2025-06-27 04:48:03,0,6,TRAILER,10289,UTILITY TRAILER MANUFACTURING COMPANY,10138,UTILITY TRAILER MANUFACTURER,26222,Utility Trailer Manufacturer,2023,,,6,UNITED STATES (USA),ARKANSAS,PARAGOULD,,,61,Trailer,,,,,5,Box or Van Enclosed Trailer,4,Straight Semi/Semi Trailer,53.000,,2,,
17,170979,2,1,3H3V532C*LT******,2025-06-27 04:48:03,0,6,TRAILER,14282,"HYUNDAI DE MEXICO, S.A. DE C.V.",4876,HYUNDAI TRANSLEAD TRAILERS,11496,Hyundai Translead Trailers,2020,,,12,MEXICO,BAJA CALIFORNIA,TIJUANA,,,61,Trailer,,,,,5,Box or Van Enclosed Trailer,,,53.000,Van Trailer,2,,
17,171001,1,1,1KKVD281*HL******,2025-06-27 04:48:03,0,6,TRAILER,2340,KENTUCKY MANUFACTURING CO.,2048,KENTUCKY,30821,Drop Trailer,2017,,,6,UNITED STATES (USA),KENTUCKY,LOUISVILLE,Kentucky Manufacturing Co.,,61,Trailer,,,,,5,Box or Van Enclosed Trailer,,,28.000,Van Trailer,1,,
17,171036,2,1,1UYVS253*JM******,2025-06-27 04:48:03,0,6,TRAILER,10289,UTILITY TRAILER MANUFACTURING COMPANY,10138,UTILITY TRAILER MANUFACTURER,26222,Utility Trailer Manufacturer,2018,,,6,UNITED STATES (USA),VIRGINIA,MARION,,,61,Trailer,,,,,5,Box or Van Enclosed Trailer,4,Straight Semi/Semi Trailer,53.000,,2,,
17,171061,2,1,4YDFCGS2*N2******,2025-06-27 04:48:03,0,6,TRAILER,2347,KEYSTONE RV,11093,COUGAR,28927,Cougar,2022,,,6,UNITED STATES (USA),INDIANA,GOSHEN,Plant #2,Recreational Vehicles,61,Trailer,,,,,10,Camping or Travel Trailer,5,Fifth Wheel,40.000,Fifth Wheel Trailer,2,,
17,171069,2,1,1UYVS253*FM******,2025-06-27 04:48:03,0,6,TRAILER,10289,UTILITY TRAILER MANUFACTURING COMPANY,10138,UTILITY TRAILER MANUFACTURER,26222,Utility Trailer Manufacturer,2015,,,6,UNITED STATES (USA),VIRGINIA,MARION,,,61,Trailer,,,,,5,Box or Van Enclosed Trailer,4,Straight Semi/Semi Trailer,53.000,,2,,
17,171102,2,1,3H3V532K*SS******,2025-06-27 04:48:03,0,6,TRAILER,14282,"HYUNDAI DE MEXICO, S.A. DE C.V.",4876,HYUNDAI TRANSLEAD TRAILERS,11496,Hyundai Translead Trailers,2025,,,12,MEXICO,BAJA CALIFORNIA,ROSARITO,,Body Type: SEMITRAILER,61,Trailer,,,,,5,Box or Van Enclosed Trailer,6,Kingpin,53.000,,2,,
17,171104,2,1,1DA72T91*6C******,2025-06-27 04:48:03,0,6,TRAILER,1273,"TRAIL-EZE, INC",700,DAKOTA MANUFACTURING CO. / TRAIL-EZE,3829,Dakota Manufacturing Co.,2006,,,6,UNITED STATES (USA),SOUTH DAKOTA,CORSICA,,January,61,Trailer,,,,,6,Flatbed or Platform Trailer,5,Fifth Wheel,50.000,Tilt Trailer,2,,
17,171129,2,1,1TDH4002*PB******,2025-06-27 04:48:03,0,6,TRAILER,8330,TIMPTE INC.,5331,"TIMPTE, INC",13636,Timpte,2023,,,6,UNITED STATES (USA),NEBRASKA,DAVID CITY,,"Seventh VIN position indicates the additional length of the trailer to the nearest inch up to 9 inches. If the additional length is 10 inches or more the seventh character is zero (0) and the sixth character will be increased to the next foot. For example : a 42ft 9in trailer will be represent in VIN position 5, 6 & 7 as ""429"" and a 42ft 10in. trailer will be represented in VIN position 5 , 6 & 7 as ""430"" respectively.",61,Trailer,,,,,180,"Grain, Chip, or Gravel Trailer",,,40.000,Dry Bulk Bottom Hopper Trailer,2,,
18,180024,1,1,1GR1P062*NK******,2025-06-27 04:48:03,0,6,TRAILER,1073,GREAT DANE TRAILERS,520,GREAT DANE TRAILERS,13436,Great Dane Trailers,2022,,,6,UNITED STATES (USA),ILLINOIS,KEWANEE,,,61,Trailer,,,,,5,Box or Van Enclosed Trailer,6,Kingpin,53.000,"Semitrailer - Dry freight, Reefer, or Insulated van",2,,
18,180033,2,1,1GR1A802*LB******,2025-06-27 04:48:03,0,6,TRAILER,1073,GREAT DANE TRAILERS,520,GREAT DANE TRAILERS,13436,Great Dane Trailers,2020,,,6,UNITED STATES (USA),INDIANA,BRAZIL,,,61,Trailer,,,,,5,Box or Van Enclosed Trailer,6,Kingpin,40.000,"Semitrailer - Dry freight, Reefer, or Insulated van",2,,
18,180165,2,1,1V9DS442*DN062***,2025-06-27 04:48:03,0,6,TRAILER,10999,VIKING TRAILERS,5688,VIKING TRAILER,14907,Viking Trailer,2013,Single Drop,,6,UNITED STATES (USA),TEXAS,NACOGDOCHES,,,61,Trailer,,,,,13,Live Animal Trailer,,,44.000,Poultry Trailer,2,,
18,180200,2,1,1E9EB392*WL185***,2025-06-27 04:48:03,0,6,TRAILER,17082,"EVERLITE, INC",7438,"EVERLITE, INC",29822,"EverLite, Inc",1998,,,6,UNITED STATES (USA),TEXAS,LONGVIEW,,"Side Ht = 57""",61,Trailer,,,,,4,Dump Trailer,,,39.000,End Dump Trailer,2,,
18,180201,1,1,1JJV532D*HL******,2025-06-27 04:48:03,0,6,TRAILER,14508,WABASH NATIONAL CORPORATION,12319,WABASH VANS,10942,Dry Van Duraplate,2017,,,6,UNITED STATES (USA),INDIANA,LAFAYETTE,,,61,Trailer,,,,,5,Box or Van Enclosed Trailer,,,53.000,,2,,
18,180203,3,1,1JJV532D*KL******,2025-06-27 04:48:03,0,6,TRAILER,14508,WABASH NATIONAL CORPORATION,12319,WABASH VANS,10942,Dry Van Duraplate,2019,,,6,UNITED STATES (USA),INDIANA,LAFAYETTE,,,61,Trailer,,,,,5,Box or Van Enclosed Trailer,,,53.000,,2,,
18,180205,2,1,3H3V532C*KT******,2025-06-27 04:48:03,0,6,TRAILER,14282,"HYUNDAI DE MEXICO, S.A. DE C.V.",4876,HYUNDAI TRANSLEAD TRAILERS,11496,Hyundai Translead Trailers,2019,,,12,MEXICO,BAJA CALIFORNIA,TIJUANA,,,61,Trailer,,,,,5,Box or Van Enclosed Trailer,,,53.000,Van Trailer,2,,
18,180225,1,1,1UYVS253*GG******,2025-06-27 04:48:03,0,6,TRAILER,10289,UTILITY TRAILER MANUFACTURING COMPANY,10138,UTILITY TRAILER MANUFACTURER,26222,Utility Trailer Manufacturer,2016,,,6,UNITED STATES (USA),VIRGINIA,GLADE SPRING,,,61,Trailer,,,,,5,Box or Van Enclosed Trailer,4,Straight Semi/Semi Trailer,53.000,,2,,
18,180270,2,1,1UYVS253*M6******,2025-06-27 04:48:03,0,6,TRAILER,10289,UTILITY TRAILER MANUFACTURING COMPANY,10138,UTILITY TRAILER MANUFACTURER,26222,Utility Trailer Manufacturer,2021,,,6,UNITED STATES (USA),VIRGINIA,MARION,,,61,Trailer,,,,,5,Box or Van Enclosed Trailer,4,Straight Semi/Semi Trailer,53.000,,2,,
18,180288,2,1,3H3V532C*KT******,2025-06-27 04:48:03,0,6,TRAILER,14282,"HYUNDAI DE MEXICO, S.A. DE C.V.",4876,HYUNDAI TRANSLEAD TRAILERS,11496,Hyundai Translead Trailers,2019,,,12,MEXICO,BAJA CALIFORNIA,TIJUANA,,,61,Trailer,,,,,5,Box or Van Enclosed Trailer,,,53.000,Van Trailer,2,,
18,180295,1,1,5JW1U161*L2******,2025-06-27 04:48:03,0,6,TRAILER,9916,NOVAE LLC,2410,SURE-TRAC,6193,Sure-Trac Trailers,2020,,,6,UNITED STATES (USA),INDIANA,NORTH MANCHESTER,,,61,Trailer,,,,,16,Utility Trailer,1,Ball Type Pull,16.000,Open Body,1,,
18,180306,1,1,1JJV532D*PL******,2025-06-27 04:48:03,0,6,TRAILER,14508,WABASH NATIONAL CORPORATION,12319,WABASH VANS,10942,Dry Van Duraplate,2023,,,6,UNITED STATES (USA),INDIANA,LAFAYETTE,,,61,Trailer,,,,,5,Box or Van Enclosed Trailer,6,Kingpin,53.000,,2,,
18,180329,1,1,1JJV532D*BL******,2025-06-27 04:48:03,0,6,TRAILER,14508,WABASH NATIONAL CORPORATION,12319,WABASH VANS,10942,Dry Van Duraplate,2011,,,6,UNITED STATES (USA),INDIANA,LAFAYETTE,,,61,Trailer,,,,,5,Box or Van Enclosed Trailer,,,53.000,,2,,
18,180340,1,1,16VGX202*D2******,2025-06-27 04:48:03,0,6,TRAILER,9132,"BIG TEX TRAILER MANUFACTURING, LLC",1136,BIG TEX,5625,Big Tex,2013,,,6,UNITED STATES (USA),TEXAS,MOUNT PLEASANT,"Big Tex Trailer Manufacturing, Inc.",,61,Trailer,,,,,6,Flatbed or Platform Trailer,3,Gooseneck,20.000,Utility Trailer,2,,
18,180354,1,1,3H3V532K*PS******,2025-06-27 04:48:03,0,6,TRAILER,14282,"HYUNDAI DE MEXICO, S.A. DE C.V.",4876,HYUNDAI TRANSLEAD TRAILERS,11496,Hyundai Translead Trailers,2023,,,12,MEXICO,BAJA CALIFORNIA,ROSARITO,,Body Type: SEMITRAILER,61,Trailer,,,,,5,Box or Van Enclosed Trailer,6,Kingpin,53.000,,2,,
18,180361,3,1,3H3V532C*GT******,2025-06-27 04:48:03,0,6,TRAILER,14282,"HYUNDAI DE MEXICO, S.A. DE C.V.",4876,HYUNDAI TRANSLEAD TRAILERS,11496,Hyundai Translead Trailers,2016,,,12,MEXICO,BAJA CALIFORNIA,TIJUANA,,,61,Trailer,,,,,5,Box or Van Enclosed Trailer,,,53.000,Van Trailer,2,,
18,180365,2,1,1UYVS253*R3******,2025-06-27 04:48:03,0,6,TRAILER,10289,UTILITY TRAILER MANUFACTURING COMPANY,10138,UTILITY TRAILER MANUFACTURER,26222,Utility Trailer Manufacturer,2024,,,6,UNITED STATES (USA),ARKANSAS,PARAGOULD,,,61,Trailer,,,,,5,Box or Van Enclosed Trailer,4,Straight Semi/Semi Trailer,53.000,,2,,
18,180379,2,1,1UYVS253*L7******,2025-06-27 04:48:03,0,6,TRAILER,10289,UTILITY TRAILER MANUFACTURING COMPANY,10138,UTILITY TRAILER MANUFACTURER,26222,Utility Trailer Manufacturer,2020,,,6,UNITED STATES (USA),VIRGINIA,GLADE SPRING,,,61,Trailer,,,,,5,Box or Van Enclosed Trailer,4,Straight Semi/Semi Trailer,53.000,,2,,
18,180389,2,1,1TDH4002*CB******,2025-06-27 04:48:03,0,6,TRAILER,8330,TIMPTE INC.,5331,"TIMPTE, INC",13636,Timpte,2012,,,6,UNITED STATES (USA),NEBRASKA,DAVID CITY,,"Seventh VIN position indicates the additional length of the trailer to the nearest inch up to 9 inches. If the additional length is 10 inches or more the seventh character is zero (0) and the sixth character will be increased to the next foot. For example : a 42ft 9in trailer will be represent in VIN position 5, 6 & 7 as ""429"" and a 42ft 10in. trailer will be represented in VIN position 5 , 6 & 7 as ""430"" respectively.",61,Trailer,,,,,180,"Grain, Chip, or Gravel Trailer",,,40.000,Dry Bulk-Bottom Hopper Trailer,2,,
18,180442,2,1,1JJV532W*9L******,2025-06-27 04:48:03,0,6,TRAILER,14508,WABASH NATIONAL CORPORATION,4847,WABASH,13327,Wabash National Corporation,2009,,,6,UNITED STATES (USA),INDIANA,LAFAYETTE,,,61,Trailer,,,,,5,Box or Van Enclosed Trailer,,,53.000,,2,,
18,180476,2,1,1W9AA322*K1198***,2025-06-27 04:48:03,0,6,TRAILER,10333,"WARREN MANUFACTURING, INC.",6970,"WARREN MANUFACTURING, INC.",18541,"WARREN MANUFACTURING, INC.",2019,,,6,UNITED STATES (USA),ALABAMA,BIRMINGHAM,,,61,Trailer,,,,,15,Tank Trailer,,,32.000,Aluminum Construction,2,,
18,180499,2,1,112HDB34*PS******,2025-06-27 04:48:03,0,6,TRAILER,15467,"GENERAL ENGINES CO., INC",6198,EAGER BEAVER,20749,10HDB/12HDB/15HDB,2023,,,6,UNITED STATES (USA),FLORIDA,SEBRING,,"0= standard  length  , 2= 2ft 0"" longer than standard etc and letters will represent shorter deck length i.e A= 1 ft 0"" shorter, B = 2 ft shorter etc",61,Trailer,,,,,6,Flatbed or Platform Trailer,,,,"Tow behind; rear slope w/ramps; deck over wheels; dual tired axles; budd wheels(disc types); Trailer weight = 5800/6200/6300 lbs.; over-all length = 24ft 8inches/24ft 6inches/26ft 8inches; usable deck length = 20ft ; overall width = 96"" ; deck height = 33""/34""; Std. Tire Size = 8:75-16.5 E /9:00-14.5 F",3,,
18,180527,2,1,5HABE162*PN******,2025-06-27 04:48:03,0,6,TRAILER,12754,HOMESTEADER LLC,1570,HOMESTEADER,5676,Homesteader,2023,,,6,UNITED STATES (USA),TENNESSEE,NEW TAZEWELL,,,61,Trailer,,,,,5,Box or Van Enclosed Trailer,1,Ball Type Pull,16.000,Enclosed Trailer,2,,
18,180540,1,1,16VCX182*52******,2025-06-27 04:48:03,0,6,TRAILER,9132,"BIG TEX TRAILER MANUFACTURING, LLC",1136,BIG TEX,5625,Big Tex,2005,,,6,UNITED STATES (USA),TEXAS,MOUNT PLEASANT,"Big Tex Trailer Manufacturing, Inc.",,61,Trailer,,,,,3,Car Hauler Trailer,,,18.000,Utility Trailer,2,,
18,180570,2,1,4LF4S452*13******,2025-06-27 04:48:03,0,6,TRAILER,13015,FONTAINE SPECIALIZED,7461,FONTAINE SPECIALIZED INC,19891,Fontaine Specialized Inc,2001,,,6,UNITED STATES (USA),ALABAMA,SPRINGVILLE,,,61,Trailer,,,,,6,Flatbed or Platform Trailer,3,Gooseneck,45.000,Non-Ground-Bearing Trailer,2,,
18,180601,2,1,1E1F9U38*DR******,2025-06-27 04:48:03,1,6,TRAILER,5338,EAST MANUFACTURING CORP.,1334,EAST MANUFACTURING CORP.,4686,East Manufacturing Corp,2013,,,6,UNITED STATES (USA),OHIO,RANDOLPH,,,61,Trailer,9,"Class 8: 33,001 lb and above (14,969 kg and above)",,,4,Dump Trailer,,,40.000,Frameless Trailer,3,,
18,180611,1,1,4Z1UA162*MS******,2025-06-27 04:48:03,0,6,TRAILER,9165,GATOR MADE INC.,4039,GATOR MADE,8711,Gator Made Inc.,2021,,,6,UNITED STATES (USA),,SOMERSET,Gator Made Inc.,,61,Trailer,,,,,16,Utility Trailer,1,Ball Type Pull,16.000,"Utility 2"" Ball",2,,
18,180637,2,1,1JJV532D*CL******,2025-06-27 04:48:03,0,6,TRAILER,14508,WABASH NATIONAL CORPORATION,12319,WABASH VANS,10942,Dry Van Duraplate,2012,,,6,UNITED STATES (USA),INDIANA,LAFAYETTE,,,61,Trailer,,,,,5,Box or Van Enclosed Trailer,,,53.000,,2,,
18,180662,3,1,1T92P452*RB072***,2025-06-27 04:48:03,0,6,TRAILER,2767,"THE TRAILER COMPANY, INC.",10260,TTC,27056,TTC,2024,,,6,UNITED STATES (USA),CALIFORNIA,BAKERSFIELD,,,61,Trailer,,,,,180,"Grain, Chip, or Gravel Trailer",4,Straight Semi/Semi Trailer,45.000,Belt Trailer,2,,
18,180719,2,1,3H3V281C*FT******,2025-06-27 04:48:03,0,6,TRAILER,14282,"HYUNDAI DE MEXICO, S.A. DE C.V.",4876,HYUNDAI TRANSLEAD TRAILERS,11496,Hyundai Translead Trailers,2015,,,12,MEXICO,BAJA CALIFORNIA,TIJUANA,,,61,Trailer,,,,,5,Box or Van Enclosed Trailer,,,28.000,Van Trailer,1,,
18,180719,2,2,1KKVD281*FL******,2025-06-27 04:48:03,0,6,TRAILER,2340,KENTUCKY MANUFACTURING CO.,2048,KENTUCKY,30821,Drop Trailer,2015,,,6,UNITED STATES (USA),KENTUCKY,LOUISVILLE,Kentucky Manufacturing Co.,,61,Trailer,,,,,5,Box or Van Enclosed Trailer,,,28.000,Van Trailer,1,,
18,180729,1,1,3H3V532C*KR******,2025-06-27 04:48:03,0,6,TRAILER,14282,"HYUNDAI DE MEXICO, S.A. DE C.V.",4876,HYUNDAI TRANSLEAD TRAILERS,11496,Hyundai Translead Trailers,2019,,,12,MEXICO,BAJA CALIFORNIA,ROSARITO,,,61,Trailer,,,,,5,Box or Van Enclosed Trailer,,,53.000,Van Trailer,2,,
18,180736,1,1,2SWUW11A*7G******,2025-06-27 04:48:03,0,6,TRAILER,10656,1652344 ONTARIO LIMITED,2833,SNOWBEAR,6778,SnowBear Trailer,2007,,,1,CANADA,ONTARIO,GUELPH,,,61,Trailer,10,"Class 1A: 3,000 lb or less (1,360 kg or less)",,,16,Utility Trailer,,,10.000,Body Type: Welded Frame,1,,
18,180746,3,1,1UYVS253*P7******,2025-06-27 04:48:03,0,6,TRAILER,10289,UTILITY TRAILER MANUFACTURING COMPANY,10138,UTILITY TRAILER MANUFACTURER,26222,Utility Trailer Manufacturer,2023,,,6,UNITED STATES (USA),VIRGINIA,GLADE SPRING,,,61,Trailer,,,,,5,Box or Van Enclosed Trailer,4,Straight Semi/Semi Trailer,53.000,,2,,
18,180759,2,1,1RNF48A2*GR******,2025-06-27 04:48:03,0,6,TRAILER,3579,"REITNOUER, INC.",5594,REITNOUER INC,14493,Reitnouer Inc Trailers,2016,,,6,UNITED STATES (USA),PENNSYLVANIA,READING,,,61,Trailer,9,"Class 8: 33,001 lb and above (14,969 kg and above)",,,6,Flatbed or Platform Trailer,6,Kingpin,48.000,Airride,2,,
18,180804,1,1,1DW1A532*WS******,2025-06-27 04:48:03,0,6,TRAILER,13506,"STOUGHTON TRAILERS, INC.",3414,STOUGHTON TRAILERS,7701,Stoughton trailers,1998,,,6,UNITED STATES (USA),WISCONSIN,STOUGHTON,"Stoughton Trailers, INC",,61,Trailer,,,,,5,Box or Van Enclosed Trailer,4,Straight Semi/Semi Trailer,53.000,Van Trailer,2,,
18,180811,2,1,3H3V532K*PJ******,2025-06-27 04:48:03,0,6,TRAILER,14282,"HYUNDAI DE MEXICO, S.A. DE C.V.",4876,HYUNDAI TRANSLEAD TRAILERS,11496,Hyundai Translead Trailers,2023,,,12,MEXICO,BAJA CALIFORNIA,TIJUANA,,Body Type: SEMITRAILER,61,Trailer,,,,,5,Box or Van Enclosed Trailer,6,Kingpin,53.000,,2,,
18,180813,2,1,5NHUAS21*61******,2025-06-27 04:48:03,0,6,TRAILER,1084,"FOREST RIVER, INC.",531,FOREST RIVER,2503,Angle Steel,2006,,,6,UNITED STATES (USA),INDIANA,ELKHART,,Address: 55135 CR1,61,Trailer,,,,,16,Utility Trailer,,,12.000,,1,,
19,190009,1,1,1TDH5003*MB******,2025-06-27 04:48:03,0,6,TRAILER,8330,TIMPTE INC.,5331,"TIMPTE, INC",13636,Timpte,2021,,,6,UNITED STATES (USA),NEBRASKA,DAVID CITY,,"Seventh VIN position indicates the additional length of the trailer to the nearest inch up to 9 inches. If the additional length is 10 inches or more the seventh character is zero (0) and the sixth character will be increased to the next foot. For example : a 42ft 9in trailer will be represent in VIN position 5, 6 & 7 as ""429"" and a 42ft 10in. trailer will be represented in VIN position 5 , 6 & 7 as ""430"" respectively.",61,Trailer,,,,,180,"Grain, Chip, or Gravel Trailer",,,50.000,Dry Bulk Bottom Hopper Trailer,3,,
19,190009,2,1,3H3V532K*RJ******,2025-06-27 04:48:03,0,6,TRAILER,14282,"HYUNDAI DE MEXICO, S.A. DE C.V.",4876,HYUNDAI TRANSLEAD TRAILERS,11496,Hyundai Translead Trailers,2024,,,12,MEXICO,BAJA CALIFORNIA,TIJUANA,,Body Type: SEMITRAILER,61,Trailer,,,,,5,Box or Van Enclosed Trailer,6,Kingpin,53.000,,2,,
19,190009,3,1,3H3V532K*NS******,2025-06-27 04:48:03,0,6,TRAILER,14282,"HYUNDAI DE MEXICO, S.A. DE C.V.",4876,HYUNDAI TRANSLEAD TRAILERS,11496,Hyundai Translead Trailers,2022,,,12,MEXICO,BAJA CALIFORNIA,ROSARITO,,Body Type: SEMITRAILER,61,Trailer,,,,,5,Box or Van Enclosed Trailer,6,Kingpin,53.000,,2,,
19,190039,2,1,1TDH4002*RB******,2025-06-27 04:48:03,0,6,TRAILER,8330,TIMPTE INC.,5331,"TIMPTE, INC",13636,Timpte,2024,,,6,UNITED STATES (USA),NEBRASKA,DAVID CITY,,"Seventh VIN position indicates the additional length of the trailer to the nearest inch up to 9 inches. If the additional length is 10 inches or more the seventh character is zero (0) and the sixth character will be increased to the next foot. For example : a 42ft 9in trailer will be represent in VIN position 5, 6 & 7 as ""429"" and a 42ft 10in. trailer will be represented in VIN position 5 , 6 & 7 as ""430"" respectively.",61,Trailer,,,,,180,"Grain, Chip, or Gravel Trailer",,,40.000,Dry Bulk Bottom Hopper Trailer,2,,
19,190043,2,1,1E1D2U28*LR******,2025-06-27 04:48:03,0,6,TRAILER,5338,EAST MANUFACTURING CORP.,1334,EAST MANUFACTURING CORP.,4686,East Manufacturing Corp,2020,,,6,UNITED STATES (USA),OHIO,RANDOLPH,,,61,Trailer,9,"Class 8: 33,001 lb and above (14,969 kg and above)",,,4,Dump Trailer,,,40.000,Aluminum Body - Aluminum Frame,2,,
19,190059,2,1,1TDH4302*PB******,2025-06-27 04:48:03,0,6,TRAILER,8330,TIMPTE INC.,5331,"TIMPTE, INC",13636,Timpte,2023,,,6,UNITED STATES (USA),NEBRASKA,DAVID CITY,,"Seventh VIN position indicates the additional length of the trailer to the nearest inch up to 9 inches. If the additional length is 10 inches or more the seventh character is zero (0) and the sixth character will be increased to the next foot. For example : a 42ft 9in trailer will be represent in VIN position 5, 6 & 7 as ""429"" and a 42ft 10in. trailer will be represented in VIN position 5 , 6 & 7 as ""430"" respectively.",61,Trailer,,,,,180,"Grain, Chip, or Gravel Trailer",,,43.000,Dry Bulk Bottom Hopper Trailer,2,,
19,190066,1,1,4A2LD532*K3******,2025-06-27 04:48:03,0,6,TRAILER,5943,"M.H. EBY, INC.",5684,"M.H. EBY, INC",14899,"M.H. EBY, INC",2019,,,6,UNITED STATES (USA),IOWA,STORY CITY,,,61,Trailer,,,,,13,Live Animal Trailer,,,53.000,Possum Belly/Drop Floor Trailer,2,,
19,190070,2,1,1UYVS253*L6******,2025-06-27 04:48:03,0,6,TRAILER,10289,UTILITY TRAILER MANUFACTURING COMPANY,10138,UTILITY TRAILER MANUFACTURER,26222,Utility Trailer Manufacturer,2020,,,6,UNITED STATES (USA),VIRGINIA,MARION,,,61,Trailer,,,,,5,Box or Van Enclosed Trailer,4,Straight Semi/Semi Trailer,53.000,,2,,
19,190085,1,1,1DW1A281*JS******,2025-06-27 04:48:03,0,6,TRAILER,13506,"STOUGHTON TRAILERS, INC.",3414,STOUGHTON TRAILERS,7701,Stoughton trailers,2018,,,6,UNITED STATES (USA),WISCONSIN,STOUGHTON,"Stoughton Trailers, INC",,61,Trailer,,,,,5,Box or Van Enclosed Trailer,4,Straight Semi/Semi Trailer,28.000,Van Trailer,1,,
19,190093,2,1,1GR1P062*MJ******,2025-06-27 04:48:03,0,6,TRAILER,1073,GREAT DANE TRAILERS,520,GREAT DANE TRAILERS,13436,Great Dane Trailers,2021,,,6,UNITED STATES (USA),ARKANSAS,JONESBORO,,,61,Trailer,,,,,5,Box or Van Enclosed Trailer,6,Kingpin,53.000,"Semitrailer - Dry freight, Reefer, or Insulated van",2,,
19,190127,2,1,1M9AT9C2*LH355***,2025-06-27 04:48:03,0,6,TRAILER,19392,"MISSISSIPPI TANK AND MANUFACTURING COMPANY, DBA MISSISSIPPI TANK COMPANY",10147,MISSISSIPPI TANK COMPANY,26244,Mississippi Tank Company,2020,,,6,UNITED STATES (USA),ALABAMA,HATTIESBURG,,,61,Trailer,,,,,15,Tank Trailer,,,,Trailer Type: Quenched and Tempered,2,,
19,190140,1,1,1PMKR432*P1******,2025-06-27 04:48:03,0,6,TRAILER,6179,"POLAR TANK TRAILER, LLC",2921,POLAR TANK TRAILER,6874,Polar Tank Trailer,2023,SS NON SPEC.,,6,UNITED STATES (USA),MINNESOTA,OPOLE,,,61,Trailer,,,,,15,Tank Trailer,4,Straight Semi/Semi Trailer,43.000,,2,,
19,190161,2,1,473BF232*J1******,2025-06-27 04:48:03,0,6,TRAILER,1290,"CRONKHITE INDUSTRIES, INC.",717,CRONKHITE INDUSTRIES,5596,Cronkhite Industries,2018,,,6,UNITED STATES (USA),ILLINOIS,DANVILLE,,,61,Trailer,,,,,6,Flatbed or Platform Trailer,14,Bumper Pull,23.000,,2,,
19,190162,2,1,5RXTD312*D1******,2025-06-27 04:48:03,0,6,TRAILER,1104,CRUISER RV,13456,SHADOW CRUISER,35736,Shadow Cruiser,2013,,,6,UNITED STATES (USA),INDIANA,HOWE,,,61,Trailer,,,,,10,Camping or Travel Trailer,14,Bumper Pull,31.000,Travel Trailer - Recreational,2,,
19,190168,1,1,1GRDM962*CH******,2025-06-27 04:48:03,0,6,TRAILER,1073,GREAT DANE TRAILERS,520,GREAT DANE TRAILERS,13436,Great Dane Trailers,2012,,,6,UNITED STATES (USA),TENNESSEE,HUNTSVILLE,,,61,Trailer,,,,,6,Flatbed or Platform Trailer,4,Straight Semi/Semi Trailer,48.000,Platform Trailer,2,,
19,190194,1,1,3H3V532C*KT******,2025-06-27 04:48:03,0,6,TRAILER,14282,"HYUNDAI DE MEXICO, S.A. DE C.V.",4876,HYUNDAI TRANSLEAD TRAILERS,11496,Hyundai Translead Trailers,2019,,,12,MEXICO,BAJA CALIFORNIA,TIJUANA,,,61,Trailer,,,,,5,Box or Van Enclosed Trailer,,,53.000,Van Trailer,2,,
19,190210,2,1,4WW4432A*F7******,2025-06-27 04:48:03,0,6,TRAILER,11681,WILSON TRAILER CO.,3855,WILSON TRAILER CO.,8390,Wilson Trailer Co.,2015,,,6,UNITED STATES (USA),SOUTH DAKOTA,LENNOX,,Type of suspension: Air Ride,61,Trailer,,,,,180,"Grain, Chip, or Gravel Trailer",,,43.000,Grain Trailer,2,,
19,190234,1,1,1GRAA902*AB******,2025-06-27 04:48:03,0,6,TRAILER,1073,GREAT DANE TRAILERS,520,GREAT DANE TRAILERS,13436,Great Dane Trailers,2010,,,6,UNITED STATES (USA),INDIANA,BRAZIL,,,61,Trailer,,,,,5,Box or Van Enclosed Trailer,4,Straight Semi/Semi Trailer,45.000,Dry Freight/ Reefer/ Insulated Van,2,,
19,190237,1,1,1GRAP062*GJ******,2025-06-27 04:48:03,0,6,TRAILER,1073,GREAT DANE TRAILERS,520,GREAT DANE TRAILERS,13436,Great Dane Trailers,2016,,,6,UNITED STATES (USA),ARKANSAS,JONESBORO,,"Jacksonville Florida (ended 02/1988); Jonesboro, Arkansas (effective 09/03/02)",61,Trailer,,,,,5,Box or Van Enclosed Trailer,4,Straight Semi/Semi Trailer,53.000,Dry Freight Van / Reefer Van / Insulated Van,2,,
19,190268,2,1,1KKVE532*JL******,2025-06-27 04:48:03,0,6,TRAILER,2340,KENTUCKY MANUFACTURING CO.,2048,KENTUCKY,30822,Electronics Trailer,2018,,,6,UNITED STATES (USA),KENTUCKY,LOUISVILLE,Kentucky Manufacturing Co.,,61,Trailer,,,,,5,Box or Van Enclosed Trailer,,,53.000,Van Trailer,2,,
19,190270,2,1,5L3EY402*KL******,2025-06-27 04:48:03,0,6,TRAILER,3259,"TRAILERMAN TRAILERS, INC.",3345,"TRAILERMAN TRAILERS, INC.",7538,"TRAILERMAN TRAILERS, INC.",2019,,,6,UNITED STATES (USA),MISSOURI,LOUISIANA,,,61,Trailer,,,,,6,Flatbed or Platform Trailer,3,Gooseneck,40.000,Deckover Trailer,2,,
19,190277,3,1,1Z9M1AA2*GA448***,2025-06-27 04:48:03,0,6,TRAILER,1529,"IOWA STEEL FABRICATORS, LLC",1826,IOWA STEEL FABRICATION,5309,"Iowa Steel Fabrication, LLC.",2016,,,6,UNITED STATES (USA),IOWA,OSCEOLA,"Iowa Steel Fabrication, LLC.",,61,Trailer,,,,,15,Tank Trailer,5,Fifth Wheel,47.000,with Hitch,2,,
19,190279,1,1,1JJV532D*NL******,2025-06-27 04:48:03,0,6,TRAILER,14508,WABASH NATIONAL CORPORATION,12319,WABASH VANS,10942,Dry Van Duraplate,2022,,,6,UNITED STATES (USA),INDIANA,LAFAYETTE,,,61,Trailer,,,,,5,Box or Van Enclosed Trailer,6,Kingpin,53.000,,2,,
19,190285,2,1,1W16532A*J5******,2025-06-27 04:48:03,0,6,TRAILER,11681,WILSON TRAILER CO.,10450,WILSON,27561,Wilson,2018,,,6,UNITED STATES (USA),SOUTH DAKOTA,YANKTON,,Type of suspension: Air Ride,61,Trailer,,,,,13,Live Animal Trailer,,,53.000,,2,,
19,190303,2,1,1UYVS253*R3******,2025-06-27 04:48:03,0,6,TRAILER,10289,UTILITY TRAILER MANUFACTURING COMPANY,10138,UTILITY TRAILER MANUFACTURER,26222,Utility Trailer Manufacturer,2024,,,6,UNITED STATES (USA),ARKANSAS,PARAGOULD,,,61,Trailer,,,,,5,Box or Van Enclosed Trailer,4,Straight Semi/Semi Trailer,53.000,,2,,
19,190324,2,1,5WSABB23*NN******,2025-06-27 04:48:03,0,6,TRAILER,10142,WALKER STAINLESS EQUIPMENT CO,6978,WALKER,32634,NON-DOT/TC Spec,2022,3A/Foodgrade/Water/Fertilizer/Septic/Dry Bulk/Etc.,,6,UNITED STATES (USA),WISCONSIN,NEW LISBON,,,61,Trailer,,,,,15,Tank Trailer,4,Straight Semi/Semi Trailer,,Length of Trailer: 40-49 feet,2,,
19,190325,2,1,1W1K4412*S6******,2025-06-27 04:48:03,0,6,TRAILER,11681,WILSON TRAILER CO.,10450,WILSON,27561,Wilson,2025,,,6,UNITED STATES (USA),MISSOURI,MOBERLY,,,61,Trailer,,,,,180,"Grain, Chip, or Gravel Trailer",6,Kingpin,41.000,Grain Trailer,2,,
19,190325,3,1,1JJV532D*SL******,2025-06-27 04:48:03,0,6,TRAILER,14508,WABASH NATIONAL CORPORATION,12319,WABASH VANS,10942,Dry Van Duraplate,2025,,,6,UNITED STATES (USA),INDIANA,LAFAYETTE,,,61,Trailer,,,,,5,Box or Van Enclosed Trailer,6,Kingpin,53.000,Van Trailer,2,,
20,200004,1,1,5MKWG082*K0******,2025-06-27 04:48:03,0,6,TRAILER,4243,ELITE TRAILER MANUFACTURING LLC,1086,ELITE TRAILER MANUFACTURING,4366,Elite Trailer Manufacturing,2019,,,6,UNITED STATES (USA),OKLAHOMA,OKLAHOMA CITY,,,61,Trailer,,,,,13,Live Animal Trailer,3,Gooseneck,8.000,Welded Slat Construction,2,,
20,200004,2,1,1W1B5323*M5******,2025-06-27 04:48:03,0,6,TRAILER,11681,WILSON TRAILER CO.,10450,WILSON,27561,Wilson,2021,,,6,UNITED STATES (USA),SOUTH DAKOTA,YANKTON,,,61,Trailer,,,,,6,Flatbed or Platform Trailer,31,Ball Hitch,32.000,,3,,
20,200015,1,1,5DN15503*PB******,2025-06-27 04:48:03,0,6,TRAILER,8543,WESTERN TRAILER COMPANY,3808,WESTERN TRAILER COMPANY,8295,Western Trailer Company,2023,,,6,UNITED STATES (USA),IDAHO,BOISE,Western Trailer Company,,61,Trailer,,,,,180,"Grain, Chip, or Gravel Trailer",4,Straight Semi/Semi Trailer,50.000,Transfer (Express Belt),3,,
20,200041,2,1,1GRAA561*KK******,2025-06-27 04:48:03,0,6,TRAILER,1073,GREAT DANE TRAILERS,520,GREAT DANE TRAILERS,13436,Great Dane Trailers,1989,,,6,UNITED STATES (USA),ILLINOIS,KEWANEE,,Effective 01/01/00,61,Trailer,,,,,5,Box or Van Enclosed Trailer,4,Straight Semi/Semi Trailer,56.000,Dry Freight/ Reefer/ Insulated Van,1,,
20,200041,2,2,3H3V281C*JT******,2025-06-27 04:48:03,0,6,TRAILER,14282,"HYUNDAI DE MEXICO, S.A. DE C.V.",4876,HYUNDAI TRANSLEAD TRAILERS,11496,Hyundai Translead Trailers,2018,,,12,MEXICO,BAJA CALIFORNIA,TIJUANA,,,61,Trailer,,,,,5,Box or Van Enclosed Trailer,,,28.000,Van Trailer,1,,
20,200070,2,1,1TDH4002*YB******,2025-06-27 04:48:03,0,6,TRAILER,8330,TIMPTE INC.,5331,"TIMPTE, INC",13636,Timpte,2000,,,6,UNITED STATES (USA),NEBRASKA,DAVID CITY,,"Seventh VIN position indicates the additional length of the trailer to the nearest inch up to 9 inches. If the additional length is 10 inches or more the seventh character is zero (0) and the sixth character will be increased to the next foot. For example : a 42ft 9in trailer will be represent in VIN position 5, 6 & 7 as ""429"" and a 42ft 10in. trailer will be represented in VIN position 5 , 6 & 7 as ""430"" respectively.",61,Trailer,,,,,180,"Grain, Chip, or Gravel Trailer",,,40.000,Dry Bulk-Bottom Hopper Trailer,2,,
20,200082,2,1,1GR1P062*NK******,2025-06-27 04:48:03,0,6,TRAILER,1073,GREAT DANE TRAILERS,520,GREAT DANE TRAILERS,13436,Great Dane Trailers,2022,,,6,UNITED STATES (USA),ILLINOIS,KEWANEE,,,61,Trailer,,,,,5,Box or Van Enclosed Trailer,6,Kingpin,53.000,"Semitrailer - Dry freight, Reefer, or Insulated van",2,,
20,200087,2,1,1TDH4222*KB******,2025-06-27 04:48:03,0,6,TRAILER,8330,TIMPTE INC.,5331,"TIMPTE, INC",13636,Timpte,2019,,,6,UNITED STATES (USA),NEBRASKA,DAVID CITY,,"Seventh VIN position indicates the additional length of the trailer to the nearest inch up to 9 inches. If the additional length is 10 inches or more the seventh character is zero (0) and the sixth character will be increased to the next foot. For example : a 42ft 9in trailer will be represent in VIN position 5, 6 & 7 as ""429"" and a 42ft 10in. trailer will be represented in VIN position 5 , 6 & 7 as ""430"" respectively.",61,Trailer,,,,,180,"Grain, Chip, or Gravel Trailer",,,42.000,Dry Bulk-Bottom Hopper Trailer,2,,
20,200127,1,1,1E1D2M28*NR******,2025-06-27 04:48:03,0,6,TRAILER,5338,EAST MANUFACTURING CORP.,1334,EAST MANUFACTURING CORP.,4686,East Manufacturing Corp,2022,,,6,UNITED STATES (USA),OHIO,RANDOLPH,,,61,Trailer,9,"Class 8: 33,001 lb and above (14,969 kg and above)",,,4,Dump Trailer,,,28.000,Aluminum Body - Aluminum Frame,2,,
20,200129,2,1,1UYVS253*HM******,2025-06-27 04:48:03,0,6,TRAILER,10289,UTILITY TRAILER MANUFACTURING COMPANY,10138,UTILITY TRAILER MANUFACTURER,26222,Utility Trailer Manufacturer,2017,,,6,UNITED STATES (USA),VIRGINIA,MARION,,,61,Trailer,,,,,5,Box or Van Enclosed Trailer,4,Straight Semi/Semi Trailer,53.000,,2,,
20,200137,2,1,3PBA2862*N1******,2025-06-27 04:48:03,0,6,TRAILER,11213,OPERBUS S.A. DE C.V.,2460,OPERBUS S.A DE C.V.,6273,Operbus Model,2022,,,12,MEXICO,ESTADO DE MEXICO,TOLUCA,OPERBUS TOLUCA,,61,Trailer,,,,,5,Box or Van Enclosed Trailer,6,Kingpin,53.000,Dry Box Trailer,2,,
20,200142,2,1,1W1K8513*S2******,2025-06-27 04:48:03,0,6,TRAILER,11681,WILSON TRAILER CO.,10450,WILSON,27561,Wilson,2025,,,6,UNITED STATES (USA),IOWA,SIOUX CITY,,,61,Trailer,,,,,180,"Grain, Chip, or Gravel Trailer",6,Kingpin,51.000,Belt Trailer,3,,
20,200149,2,1,5HTSA442*N7******,2025-06-27 04:48:03,0,6,TRAILER,5564,"HEIL TRAILER INTERNATIONAL, CO",2365,HEIL TRAILER INTERNATIONAL,6142,Heil Trailer International,2022,,,6,UNITED STATES (USA),TENNESSEE,ATHENS,,,61,Trailer,,,,,15,Tank Trailer,4,Straight Semi/Semi Trailer,44.000,AL 306/406,2,,
20,200161,2,1,1G9CA452*4S139***,2025-06-27 04:48:03,0,6,TRAILER,18197,GREAT LAKES TRAILERS,9423,GREAT LAKES TRAILERS,23684,Great Lakes Trailers,2004,Economy,,6,UNITED STATES (USA),WISCONSIN,SURING,,,61,Trailer,,,,,,,,,45.000,Type of Trailer: Complete Trailer,2,,
20,200162,2,1,1GRAA062*5S******,2025-06-27 04:48:03,0,6,TRAILER,1073,GREAT DANE TRAILERS,520,GREAT DANE TRAILERS,13436,Great Dane Trailers,2005,,,6,UNITED STATES (USA),GEORGIA,SAVANNAH,,,61,Trailer,,,,,5,Box or Van Enclosed Trailer,4,Straight Semi/Semi Trailer,6.000,Dry Freight/ Reefer/ Insulated Van,2,,
20,200163,2,1,5JNGS382*PH******,2025-06-27 04:48:03,0,6,TRAILER,9287,"JET COMPANY, INC.",3052,JET COMPANY INC.,7075,Jet Company Inc.,2023,,,6,UNITED STATES (USA),IOWA,HUMBOLDT,,,61,Trailer,,,,,180,"Grain, Chip, or Gravel Trailer",,,38.000,Trailer Material: Steel,2,,
20,200165,2,1,1JJV532D*DL******,2025-06-27 04:48:03,0,6,TRAILER,14508,WABASH NATIONAL CORPORATION,12319,WABASH VANS,10942,Dry Van Duraplate,2013,,,6,UNITED STATES (USA),INDIANA,LAFAYETTE,,,61,Trailer,,,,,5,Box or Van Enclosed Trailer,,,53.000,,2,,
20,200178,1,1,1TDH4222*WB******,2025-06-27 04:48:03,0,6,TRAILER,8330,TIMPTE INC.,5331,"TIMPTE, INC",13636,Timpte,1998,,,6,UNITED STATES (USA),NEBRASKA,DAVID CITY,,"Seventh VIN position indicates the additional length of the trailer to the nearest inch up to 9 inches. If the additional length is 10 inches or more the seventh character is zero (0) and the sixth character will be increased to the next foot. For example : a 42ft 9in trailer will be represent in VIN position 5, 6 & 7 as ""429"" and a 42ft 10in. trailer will be represented in VIN position 5 , 6 & 7 as ""430"" respectively.",61,Trailer,,,,,180,"Grain, Chip, or Gravel Trailer",,,42.000,Dry Bulk-Bottom Hopper Trailer,2,,
20,200180,2,1,1JJV532D*LL******,2025-06-27 04:48:03,0,6,TRAILER,14508,WABASH NATIONAL CORPORATION,12319,WABASH VANS,10942,Dry Van Duraplate,2020,,,6,UNITED STATES (USA),INDIANA,LAFAYETTE,,,61,Trailer,,,,,5,Box or Van Enclosed Trailer,,,53.000,,2,,
20,200185,1,1,13N14820*J1******,2025-06-27 04:48:03,0,6,TRAILER,12268,FONTAINE COMMERCIAL TRAILER INC.,1128,FONTAINE TRAILER CO.,4416,Fontaine Trailer Co.,2018,,,6,UNITED STATES (USA),ALABAMA,HALEYVILLE,,Optional Features: None,61,Trailer,,,,,6,Flatbed or Platform Trailer,,,48.000,,2,,
20,200192,2,1,1GRAP062*GD******,2025-06-27 04:48:03,0,6,TRAILER,1073,GREAT DANE TRAILERS,520,GREAT DANE TRAILERS,13436,Great Dane Trailers,2016,,,6,UNITED STATES (USA),PENNSYLVANIA,DANVILLE,,,61,Trailer,,,,,5,Box or Van Enclosed Trailer,4,Straight Semi/Semi Trailer,53.000,Dry Freight Van / Reefer Van / Insulated Van,2,,
20,200212,2,1,1UYVS253*FU******,2025-06-27 04:48:03,0,6,TRAILER,10289,UTILITY TRAILER MANUFACTURING COMPANY,10138,UTILITY TRAILER MANUFACTURER,26222,Utility Trailer Manufacturer,2015,,,6,UNITED STATES (USA),UTAH,CLEARFIELD,,,61,Trailer,,,,,5,Box or Van Enclosed Trailer,4,Straight Semi/Semi Trailer,53.000,,2,,
20,200215,2,1,1UYVS253*BU******,2025-06-27 04:48:03,0,6,TRAILER,10289,UTILITY TRAILER MANUFACTURING COMPANY,10138,UTILITY TRAILER MANUFACTURER,26222,Utility Trailer Manufacturer,2011,,,6,UNITED STATES (USA),UTAH,CLEARFIELD,,,61,Trailer,,,,,5,Box or Van Enclosed Trailer,4,Straight Semi/Semi Trailer,53.000,,2,,
20,200241,1,1,1TDH3352*AB******,2025-06-27 04:48:03,0,6,TRAILER,8330,TIMPTE INC.,5331,"TIMPTE, INC",13636,Timpte,2010,,,6,UNITED STATES (USA),NEBRASKA,DAVID CITY,,"Seventh VIN position indicates the additional length of the trailer to the nearest inch up to 9 inches. If the additional length is 10 inches or more the seventh character is zero (0) and the sixth character will be increased to the next foot. For example : a 42ft 9in trailer will be represent in VIN position 5, 6 & 7 as ""429"" and a 42ft 10in. trailer will be represented in VIN position 5 , 6 & 7 as ""430"" respectively.",61,Trailer,,,,,180,"Grain, Chip, or Gravel Trailer",,,33.000,Dry Bulk-Bottom Hopper Trailer,2,,
20,200243,2,1,1JJV281D*DL******,2025-06-27 04:48:03,0,6,TRAILER,14508,WABASH NATIONAL CORPORATION,12319,WABASH VANS,10942,Dry Van Duraplate,2013,,,6,UNITED STATES (USA),INDIANA,LAFAYETTE,,,61,Trailer,,,,,5,Box or Van Enclosed Trailer,,,28.000,,1,,
20,200243,2,2,1JJV281D*LL******,2025-06-27 04:48:03,0,6,TRAILER,14508,WABASH NATIONAL CORPORATION,12319,WABASH VANS,10942,Dry Van Duraplate,2020,,,6,UNITED STATES (USA),INDIANA,LAFAYETTE,,,61,Trailer,,,,,5,Box or Van Enclosed Trailer,,,28.000,,1,,
20,200251,2,1,3H3V532C*LR******,2025-06-27 04:48:03,0,6,TRAILER,14282,"HYUNDAI DE MEXICO, S.A. DE C.V.",4876,HYUNDAI TRANSLEAD TRAILERS,11496,Hyundai Translead Trailers,2020,,,12,MEXICO,BAJA CALIFORNIA,ROSARITO,,,61,Trailer,,,,,5,Box or Van Enclosed Trailer,,,53.000,Van Trailer,2,,
20,200265,2,1,1DW1A532*SS******,2025-06-27 04:48:03,0,6,TRAILER,13506,"STOUGHTON TRAILERS, INC.",3414,STOUGHTON TRAILERS,7701,Stoughton trailers,2025,,,6,UNITED STATES (USA),WISCONSIN,STOUGHTON,"Stoughton Trailers, INC",,61,Trailer,,,,,5,Box or Van Enclosed Trailer,4,Straight Semi/Semi Trailer,53.000,Van Trailer,2,,
20,200275,1,1,4YDT2442*MB******,2025-06-27 04:48:03,0,6,TRAILER,2347,KEYSTONE RV,7615,KEYSTONE,20555,Keystone,2021,,,6,UNITED STATES (USA),INDIANA,GOSHEN,50,Recreational Vehicles,61,Trailer,,,,,10,Camping or Travel Trailer,14,Bumper Pull,24.000,Travel Trailer,2,,
20,200279,2,1,1JJV281D*RL******,2025-06-27 04:48:03,0,6,TRAILER,14508,WABASH NATIONAL CORPORATION,12319,WABASH VANS,10942,Dry Van Duraplate,2024,,,6,UNITED STATES (USA),INDIANA,LAFAYETTE,,,61,Trailer,,,,,5,Box or Van Enclosed Trailer,6,Kingpin,28.000,Van Trailer,1,,
20,200279,2,2,1JJV281D*KL******,2025-06-27 04:48:03,0,6,TRAILER,14508,WABASH NATIONAL CORPORATION,12319,WABASH VANS,10942,Dry Van Duraplate,2019,,,6,UNITED STATES (USA),INDIANA,LAFAYETTE,,,61,Trailer,,,,,5,Box or Van Enclosed Trailer,,,28.000,,1,,
20,200295,2,1,1MT2N532*PH******,2025-06-27 04:48:03,0,6,TRAILER,8092,MERRITT TRAILERS INC.,2353,MERRITT,29522,Merritt,2023,,,6,UNITED STATES (USA),COLORADO,HENDERSON,Merritt Equipment Co.,,61,Trailer,,,,,13,Live Animal Trailer,4,Straight Semi/Semi Trailer,53.000,,2,,
20,200302,2,1,1JJV532B*PL******,2025-06-27 04:48:03,0,6,TRAILER,14508,WABASH NATIONAL CORPORATION,12319,WABASH VANS,10945,Refrigerated Van,2023,,,6,UNITED STATES (USA),INDIANA,LAFAYETTE,,,61,Trailer,,,,,5,Box or Van Enclosed Trailer,6,Kingpin,53.000,,2,,
21,210182,1,1,3H3V532K*PS******,2025-06-27 04:48:03,0,6,TRAILER,14282,"HYUNDAI DE MEXICO, S.A. DE C.V.",4876,HYUNDAI TRANSLEAD TRAILERS,11496,Hyundai Translead Trailers,2023,,,12,MEXICO,BAJA CALIFORNIA,ROSARITO,,Body Type: SEMITRAILER,61,Trailer,,,,,5,Box or Van Enclosed Trailer,6,Kingpin,53.000,,2,,
21,210364,1,1,1GRAP062*BD******,2025-06-27 04:48:03,0,6,TRAILER,1073,GREAT DANE TRAILERS,520,GREAT DANE TRAILERS,13436,Great Dane Trailers,2011,,,6,UNITED STATES (USA),PENNSYLVANIA,DANVILLE,,Effective 12/01/01,61,Trailer,,,,,5,Box or Van Enclosed Trailer,4,Straight Semi/Semi Trailer,53.000,Platewall,2,,
22,220024,2,1,1JJV532W*8L******,2025-06-27 04:48:03,0,6,TRAILER,14508,WABASH NATIONAL CORPORATION,4847,WABASH,13327,Wabash National Corporation,2008,,,6,UNITED STATES (USA),INDIANA,LAFAYETTE,,,61,Trailer,,,,,5,Box or Van Enclosed Trailer,,,53.000,,2,,
22,220028,1,1,5JLSP432*55******,2025-06-27 04:48:03,0,6,TRAILER,5564,"HEIL TRAILER INTERNATIONAL, CO",2365,HEIL TRAILER INTERNATIONAL,6142,Heil Trailer International,2005,,,6,UNITED STATES (USA),TEXAS,RHOME,,Body Shape: Flo,61,Trailer,,,,,15,Tank Trailer,,,43.000,Bulker Trailer - Al Pneumatic,2,,
22,220038,2,1,5JYLP402*JP******,2025-06-27 04:48:03,0,6,TRAILER,2290,PITTS ENTERPRISES INC,2831,PITTS TRAILERS,6775,Pitts Trailers,2018,,,6,UNITED STATES (USA),ALABAMA,PITTSVIEW,,,61,Trailer,,,,,19,Logging Trailer,,,40.000,Plantation Trailer,2,,
22,220046,1,1,3H3V532K*PJ******,2025-06-27 04:48:03,0,6,TRAILER,14282,"HYUNDAI DE MEXICO, S.A. DE C.V.",4876,HYUNDAI TRANSLEAD TRAILERS,11496,Hyundai Translead Trailers,2023,,,12,MEXICO,BAJA CALIFORNIA,TIJUANA,,Body Type: SEMITRAILER,61,Trailer,,,,,5,Box or Van Enclosed Trailer,6,Kingpin,53.000,,2,,
22,220048,2,1,1UYVS253*R6******,2025-06-27 04:48:03,0,6,TRAILER,10289,UTILITY TRAILER MANUFACTURING COMPANY,10138,UTILITY TRAILER MANUFACTURER,26222,Utility Trailer Manufacturer,2024,,,6,UNITED STATES (USA),VIRGINIA,MARION,,,61,Trailer,,,,,5,Box or Van Enclosed Trailer,4,Straight Semi/Semi Trailer,53.000,,2,,
22,220065,3,1,1TTE532A*K3******,2025-06-27 04:48:03,0,6,TRAILER,8231,TRANSCRAFT CORPORATION,12051,BENSON/WABASH,27664,Aluminium Flatbed,2019,,,6,UNITED STATES (USA),KENTUCKY,CADIZ,,,61,Trailer,,,,,6,Flatbed or Platform Trailer,6,Kingpin,53.000,Drop Deck Trailer,2,,
22,220086,2,1,3H3V532K*PS******,2025-06-27 04:48:03,0,6,TRAILER,14282,"HYUNDAI DE MEXICO, S.A. DE C.V.",4876,HYUNDAI TRANSLEAD TRAILERS,11496,Hyundai Translead Trailers,2023,,,12,MEXICO,BAJA CALIFORNIA,ROSARITO,,Body Type: SEMITRAILER,61,Trailer,,,,,5,Box or Van Enclosed Trailer,6,Kingpin,53.000,,2,,
22,220088,1,1,1GR1A802*RK******,2025-06-27 04:48:03,0,6,TRAILER,1073,GREAT DANE TRAILERS,520,GREAT DANE TRAILERS,13436,Great Dane Trailers,2024,,,6,UNITED STATES (USA),ILLINOIS,KEWANEE,,,61,Trailer,,,,,5,Box or Van Enclosed Trailer,6,Kingpin,40.000,"Semitrailer - Dry freight, Reefer, or Insulated van",2,,
22,220114,2,1,1UYFS248*8A******,2025-06-27 04:48:03,0,6,TRAILER,10289,UTILITY TRAILER MANUFACTURING COMPANY,10138,UTILITY TRAILER MANUFACTURER,26222,Utility Trailer Manufacturer,2008,,,6,UNITED STATES (USA),ALABAMA,ENTERPRISE,,,61,Trailer,,,,,6,Flatbed or Platform Trailer,4,Straight Semi/Semi Trailer,48.000,,2,,
22,220121,2,1,1JJV532W*3L******,2025-06-27 04:48:03,0,6,TRAILER,14508,WABASH NATIONAL CORPORATION,4847,WABASH,13327,Wabash National Corporation,2003,,,6,UNITED STATES (USA),INDIANA,LAFAYETTE,,,61,Trailer,,,,,5,Box or Van Enclosed Trailer,,,53.000,,2,,
22,220178,1,1,1PMS4422*61******,2025-06-27 04:48:03,0,6,TRAILER,6179,"POLAR TANK TRAILER, LLC",2921,POLAR TANK TRAILER,6874,Polar Tank Trailer,2006,,,6,UNITED STATES (USA),MINNESOTA,OPOLE,,,61,Trailer,,,,,15,Tank Trailer,,,42.000,Vessel Code: DOT 412,2,,
22,220189,1,1,1GRAA062*GW******,2025-06-27 04:48:03,1,6,TRAILER,1073,GREAT DANE TRAILERS,520,GREAT DANE TRAILERS,13436,Great Dane Trailers,2016,,,6,UNITED STATES (USA),NEBRASKA,WAYNE,,,61,Trailer,,,,,5,Box or Van Enclosed Trailer,4,Straight Semi/Semi Trailer,53.000,Dry Freight Van / Reefer Van / Insulated Van,2,,
22,220202,1,1,5FTCE292*K1******,2025-06-27 04:48:03,0,6,TRAILER,6919,"FELLING TRAILERS, INC.",4771,FELLING TRAILERS,10467,Felling Trailers,2019,,,6,UNITED STATES (USA),MINNESOTA,SAUK CENTRE,,,61,Trailer,,,,,6,Flatbed or Platform Trailer,2,Pintle Hitch/Hook,29.000,Drop Deck,2,,
22,220202,2,1,5FTCE292*K1******,2025-06-27 04:48:03,0,6,TRAILER,6919,"FELLING TRAILERS, INC.",4771,FELLING TRAILERS,10467,Felling Trailers,2019,,,6,UNITED STATES (USA),MINNESOTA,SAUK CENTRE,,,61,Trailer,,,,,6,Flatbed or Platform Trailer,2,Pintle Hitch/Hook,29.000,Drop Deck,2,,
22,220203,2,1,1A9PA422*GD503***,2025-06-27 04:48:03,0,6,TRAILER,17223,ALLOY CUSTOM PRODUCTS LLC,7781,ALLOY CUSTOM PRODUCTS,20846,Alloy Custom Products,2016,,,6,UNITED STATES (USA),,DELPHI,,,61,Trailer,,,,,15,Tank Trailer,,,42.000,Cryogenic Trailer,2,,
22,220224,2,1,5VNBL162*PT******,2025-06-27 04:48:03,0,6,TRAILER,15894,C&M TRAILERS INC.,5439,C&M TRAILERS INC,14151,C&M Trailers,2023,,,6,UNITED STATES (USA),TEXAS,ENNIS,,,61,Trailer,,,,,17,Landscape Trailer,1,Ball Type Pull,16.000,,2,,
22,220228,1,1,1TTF502A*N3******,2025-06-27 04:48:03,0,6,TRAILER,8231,TRANSCRAFT CORPORATION,12051,BENSON/WABASH,27664,Aluminium Flatbed,2022,,,6,UNITED STATES (USA),KENTUCKY,CADIZ,,,61,Trailer,,,,,6,Flatbed or Platform Trailer,6,Kingpin,50.000,,2,,
22,220235,1,1,1UYVS253*P3******,2025-06-27 04:48:03,0,6,TRAILER,10289,UTILITY TRAILER MANUFACTURING COMPANY,10138,UTILITY TRAILER MANUFACTURER,26222,Utility Trailer Manufacturer,2023,,,6,UNITED STATES (USA),ARKANSAS,PARAGOULD,,,61,Trailer,,,,,5,Box or Van Enclosed Trailer,4,Straight Semi/Semi Trailer,53.000,,2,,
22,220241,1,1,16V3F482*P6******,2025-06-27 04:48:03,1,6,TRAILER,9132,"BIG TEX TRAILER MANUFACTURING, LLC",1136,BIG TEX,5625,Big Tex,2023,,,6,UNITED STATES (USA),TEXAS,WILLS POINT,"Big Tex Trailer Manufacturing, Inc.",,61,Trailer,,,,,6,Flatbed or Platform Trailer,3,Gooseneck,48.000,,2,,
22,220298,1,1,4R7BD162*NC******,2025-06-27 04:48:03,0,6,TRAILER,7387,"TOP HAT INDUSTRIES, INC.",5660,TOP HAT INDUSTRIES,14641,Top Hat Industries,2022,,,6,UNITED STATES (USA),TEXAS,COOKVILLE,,,61,Trailer,,,,,4,Dump Trailer,14,Bumper Pull,16.000,,2,,
22,220305,2,1,5JYLP402*FP******,2025-06-27 04:48:03,0,6,TRAILER,2290,PITTS ENTERPRISES INC,2831,PITTS TRAILERS,6775,Pitts Trailers,2015,,,6,UNITED STATES (USA),ALABAMA,PITTSVIEW,,,61,Trailer,,,,,19,Logging Trailer,,,40.000,Plantation Trailer,2,,
22,220306,2,1,4MWBT202*JN******,2025-06-27 04:48:03,0,6,TRAILER,17961,"DELTA MANUFACTURING, INC.",9203,"DELTA MANUFACTURING, INC.",23438,"Delta Manufacturing, Inc.",2018,,,6,UNITED STATES (USA),ARKANSAS,NEWPORT,,,61,Trailer,,,,,2,Boat Trailer,,,20.000,,2,,
22,220323,2,1,1UYVS253*M2******,2025-06-27 04:48:03,0,6,TRAILER,10289,UTILITY TRAILER MANUFACTURING COMPANY,10138,UTILITY TRAILER MANUFACTURER,26222,Utility Trailer Manufacturer,2021,,,6,UNITED STATES (USA),UTAH,CLEARFIELD,,,61,Trailer,,,,,5,Box or Van Enclosed Trailer,4,Straight Semi/Semi Trailer,53.000,,2,,
22,220329,3,1,1JJV482D*NL******,2025-06-27 04:48:03,0,6,TRAILER,14508,WABASH NATIONAL CORPORATION,12319,WABASH VANS,10942,Dry Van Duraplate,2022,,,6,UNITED STATES (USA),INDIANA,LAFAYETTE,,,61,Trailer,,,,,5,Box or Van Enclosed Trailer,6,Kingpin,48.000,,2,,
22,220329,4,1,1GR1A062*NB******,2025-06-27 04:48:03,0,6,TRAILER,1073,GREAT DANE TRAILERS,520,GREAT DANE TRAILERS,13436,Great Dane Trailers,2022,,,6,UNITED STATES (USA),INDIANA,BRAZIL,,,61,Trailer,,,,,5,Box or Van Enclosed Trailer,6,Kingpin,53.000,"Semitrailer - Dry freight, Reefer, or Insulated van",2,,
22,220360,2,1,1GRAA062*ED******,2025-06-27 04:48:03,0,6,TRAILER,1073,GREAT DANE TRAILERS,520,GREAT DANE TRAILERS,13436,Great Dane Trailers,2014,,,6,UNITED STATES (USA),PENNSYLVANIA,DANVILLE,,,61,Trailer,,,,,5,Box or Van Enclosed Trailer,4,Straight Semi/Semi Trailer,53.000,Dry Freight Van / Reefer Van / Insulated Van,2,,
22,220471,1,1,4R7BU162*CT******,2025-06-27 04:48:03,0,6,TRAILER,7387,"TOP HAT INDUSTRIES, INC.",5660,TOP HAT INDUSTRIES,14641,Top Hat Industries,2012,,,6,UNITED STATES (USA),TEXAS,NAPLES,,,61,Trailer,,,,,16,Utility Trailer,14,Bumper Pull,16.000,,2,,
22,220476,1,1,1M91H432*JA211***,2025-06-27 04:48:03,0,6,TRAILER,8901,"MERTZ MANUFACTURING, INC.",2354,MERTZ MANUFACTURING,6130,"Mertz Manufacturing, LLC",2018,,,6,UNITED STATES (USA),OKLAHOMA,PONCA CITY,"Mertz Manufacturing, LLC",,61,Trailer,,,,,101,Other Trailer,30,Other,43.000,Trailer Type - Energy Industries Equipment,2,,
22,220492,2,1,42ETGPK2*F1******,2025-06-27 04:48:03,0,6,TRAILER,4600,"ECONOLINE TRAILERS, INC.",1431,"ECONOLINE TRAILER, INC",4780,"Econoline Trailer, INC",2015,10 Ton/ Dual Tandem,,6,UNITED STATES (USA),ALABAMA,DOUBLE SPRINGS,,,61,Trailer,4,"Class 3: 10,001 - 14,000 lb (4,536 - 6,350 kg)",9,"Class 8: 33,001 lb and above (14,969 kg and above)",6,Flatbed or Platform Trailer,3,Gooseneck,29.000,Tilt Trailer,2,,
22,220499,2,1,4ZEGH362*H1******,2025-06-27 04:48:03,0,6,TRAILER,3684,LOAD TRAIL LLC,2111,LOAD TRAIL,5874,Load Trail,2017,,,6,UNITED STATES (USA),TEXAS,SUMNER,,,61,Trailer,,,,,6,Flatbed or Platform Trailer,3,Gooseneck,36.000,Heavy Duty Gooseneck,2,,
22,220504,1,1,1W14412A*E2******,2025-06-27 04:48:03,0,6,TRAILER,11681,WILSON TRAILER CO.,10450,WILSON,27561,Wilson,2014,,,6,UNITED STATES (USA),IOWA,SIOUX CITY,,,61,Trailer,,,,,180,"Grain, Chip, or Gravel Trailer",,,41.000,Type of suspension: Air Ride,2,,
22,220512,2,1,5JNDC533*CH******,2025-06-27 04:48:03,0,6,TRAILER,9287,"JET COMPANY, INC.",3052,JET COMPANY INC.,7075,Jet Company Inc.,2012,,,6,UNITED STATES (USA),IOWA,HUMBOLDT,,,61,Trailer,,,,,6,Flatbed or Platform Trailer,,,53.000,Trailer Material: Composite,3,,
22,220540,2,1,1RND53A2*FR******,2025-06-27 04:48:03,0,6,TRAILER,3579,"REITNOUER, INC.",5594,REITNOUER INC,14493,Reitnouer Inc Trailers,2015,,,6,UNITED STATES (USA),PENNSYLVANIA,READING,,,61,Trailer,9,"Class 8: 33,001 lb and above (14,969 kg and above)",,,6,Flatbed or Platform Trailer,6,Kingpin,53.000,Drop Deck Trailer,2,,
22,220543,2,1,1M5BA242*H1******,2025-06-27 04:48:03,0,6,TRAILER,13552,MAGIC TILT TRAILERS INC.,4228,MAGIC TILT TRAILERS,9005,Magic Tilt Trailers,2017,,,6,UNITED STATES (USA),FLORIDA,CLEARWATER,,,61,Trailer,,,,,2,Boat Trailer,,,24.000,Aluminum,2,,
22,220562,2,1,1PLE0482*JP******,2025-06-27 04:48:03,0,6,TRAILER,18041,PEERLESS CORPORATION,9288,PEERLESS,23523,Peerless,2018,,,6,UNITED STATES (USA),ARKANSAS,PARAGOULD,,,61,Trailer,,,,,180,"Grain, Chip, or Gravel Trailer",,,48.000,Chip Trailer,2,,
22,220574,2,1,5V8VC532*MT******,2025-06-27 04:48:03,0,6,TRAILER,16522,VANGUARD NATIONAL TRAILER CORPORTATION,6474,VANGUARD NATIONAL TRAILER CORPORATION (VNTC),17782,VANGUARD NATIONAL TRAILER CORPORATION (VNTC),2021,,,6,UNITED STATES (USA),GEORGIA,TRENTON,,,61,Trailer,,,,,5,Box or Van Enclosed Trailer,6,Kingpin,53.000,Dry Freight Trailer,,3,Tandem
22,220629,1,1,4J8T0422*AT******,2025-06-27 04:48:03,0,6,TRAILER,2695,"LBT, INC.",7990,LBT INC,21385,LBT INC TRAILER,2010,,,6,UNITED STATES (USA),NEBRASKA,OMAHA,,,61,Trailer,,,,,15,Tank Trailer,,,42.000,,2,,
22,220689,1,1,3H3V532K*SS******,2025-06-27 04:48:03,0,6,TRAILER,14282,"HYUNDAI DE MEXICO, S.A. DE C.V.",4876,HYUNDAI TRANSLEAD TRAILERS,11496,Hyundai Translead Trailers,2025,,,12,MEXICO,BAJA CALIFORNIA,ROSARITO,,Body Type: SEMITRAILER,61,Trailer,,,,,5,Box or Van Enclosed Trailer,6,Kingpin,53.000,,2,,
22,220689,3,1,13N14830*71******,2025-06-27 04:48:03,0,6,TRAILER,12268,FONTAINE COMMERCIAL TRAILER INC.,1128,FONTAINE TRAILER CO.,4416,Fontaine Trailer Co.,2007,,,6,UNITED STATES (USA),ALABAMA,HALEYVILLE,,Optional Features: None,61,Trailer,,,,,6,Flatbed or Platform Trailer,,,48.000,,3,,
23,230005,2,1,1RNF48A3*MR******,2025-06-27 04:48:03,0,6,TRAILER,3579,"REITNOUER, INC.",5594,REITNOUER INC,14493,Reitnouer Inc Trailers,2021,,,6,UNITED STATES (USA),PENNSYLVANIA,READING,,,61,Trailer,9,"Class 8: 33,001 lb and above (14,969 kg and above)",,,6,Flatbed or Platform Trailer,6,Kingpin,48.000,Airride,3,,
23,230018,3,1,1GR1A062*LE******,2025-06-27 04:48:03,0,6,TRAILER,1073,GREAT DANE TRAILERS,520,GREAT DANE TRAILERS,13436,Great Dane Trailers,2020,,,6,UNITED STATES (USA),GEORGIA,STATESBORO,,,61,Trailer,,,,,5,Box or Van Enclosed Trailer,6,Kingpin,53.000,"Semitrailer - Dry freight, Reefer, or Insulated van",2,,
23,230035,2,1,1JJV532D*RL******,2025-06-27 04:48:03,0,6,TRAILER,14508,WABASH NATIONAL CORPORATION,12319,WABASH VANS,10942,Dry Van Duraplate,2024,,,6,UNITED STATES (USA),INDIANA,LAFAYETTE,,,61,Trailer,,,,,5,Box or Van Enclosed Trailer,6,Kingpin,53.000,Van Trailer,2,,
23,230071,1,1,573TM342*N1******,2025-06-27 04:48:03,0,6,TRAILER,12235,"GRAND DESIGN RV, LLC",1336,GRAND DESIGN RECREATIONAL,18131,Momentum,2022,Wide Body,,6,UNITED STATES (USA),INDIANA,MIDDLEBURY,Plant 1,"11333 CR 2, Middlebury, IN 46540",61,Trailer,,,,,10,Camping or Travel Trailer,31,Ball Hitch,34.000,"Travel Trailer, Ball Hitch Coupler",2,,
23,230090,2,1,2M524146*S1******,2025-06-27 04:48:03,0,6,TRAILER,5771,THE CANAM MANAC GROUP INC,7933,MANAC,21215,Manac Trailer,2025,,,1,CANADA,QUEBEC,ST. GEORGES,,,61,Trailer,,,,,19,Logging Trailer,,,48.000,,4,,
23,230142,2,1,4A94T503*MS170***,2025-06-27 04:48:03,0,6,TRAILER,20231,AMERICAN TANK,10718,AMERICAN TANK,28160,American Tank,2021,,,6,UNITED STATES (USA),ARKANSAS,SULFUR SPRINGS,,,61,Trailer,,,,,15,Tank Trailer,6,Kingpin,50.000,,3,,
23,230175,1,1,1GR4M002*LH******,2025-06-27 04:48:03,0,6,TRAILER,1073,GREAT DANE TRAILERS,520,GREAT DANE TRAILERS,13436,Great Dane Trailers,2020,,,6,UNITED STATES (USA),TENNESSEE,HUNTSVILLE,,,61,Trailer,,,,,6,Flatbed or Platform Trailer,6,Kingpin,50.000,Semitrailer - Platform Trailer,2,,
24,240013,1,1,1RNF48A2*KR******,2025-06-27 04:48:03,0,6,TRAILER,3579,"REITNOUER, INC.",5594,REITNOUER INC,14493,Reitnouer Inc Trailers,2019,,,6,UNITED STATES (USA),PENNSYLVANIA,READING,,,61,Trailer,9,"Class 8: 33,001 lb and above (14,969 kg and above)",,,6,Flatbed or Platform Trailer,6,Kingpin,48.000,Airride,2,,
24,240031,2,1,1GRAA062*ET******,2025-06-27 04:48:03,0,6,TRAILER,1073,GREAT DANE TRAILERS,520,GREAT DANE TRAILERS,13436,Great Dane Trailers,2014,,,6,UNITED STATES (USA),INDIANA,TERRE HAUTE,,,61,Trailer,,,,,5,Box or Van Enclosed Trailer,4,Straight Semi/Semi Trailer,53.000,Dry Freight Van / Reefer Van / Insulated Van,2,,
24,240037,2,1,1UYVS253*L6******,2025-06-27 04:48:03,0,6,TRAILER,10289,UTILITY TRAILER MANUFACTURING COMPANY,10138,UTILITY TRAILER MANUFACTURER,26222,Utility Trailer Manufacturer,2020,,,6,UNITED STATES (USA),VIRGINIA,MARION,,,61,Trailer,,,,,5,Box or Van Enclosed Trailer,4,Straight Semi/Semi Trailer,53.000,,2,,
24,240046,1,1,5EF2GC40*MB******,2025-06-27 04:48:03,0,6,TRAILER,4094,CHEETAH CHASSIS CORPORATION,4029,CHEETAH CHASSIS,8699,CHEETAH CHASSIS,2021,,,6,UNITED STATES (USA),PENNSYLVANIA,BERWICK,,,61,Trailer,,,,,46,Incomplete Trailer Chassis,4,Straight Semi/Semi Trailer,40.000,Gooseneck Chassis,2,,
24,240069,1,1,1JJV532D*CL******,2025-06-27 04:48:03,0,6,TRAILER,14508,WABASH NATIONAL CORPORATION,12319,WABASH VANS,10942,Dry Van Duraplate,2012,,,6,UNITED STATES (USA),INDIANA,LAFAYETTE,,,61,Trailer,,,,,5,Box or Van Enclosed Trailer,,,53.000,,2,,
24,240082,1,1,5JYLT422*9P******,2025-06-27 04:48:03,0,6,TRAILER,2290,PITTS ENTERPRISES INC,2831,PITTS TRAILERS,6775,Pitts Trailers,2009,,,6,UNITED STATES (USA),ALABAMA,PITTSVIEW,,,61,Trailer,,,,,6,Flatbed or Platform Trailer,,,42.000,Straight Frame trailer,2,,
24,240091,2,1,1GR1A062*LW******,2025-06-27 04:48:03,0,6,TRAILER,1073,GREAT DANE TRAILERS,520,GREAT DANE TRAILERS,13436,Great Dane Trailers,2020,,,6,UNITED STATES (USA),NEBRASKA,WAYNE,,,61,Trailer,,,,,5,Box or Van Enclosed Trailer,6,Kingpin,53.000,"Semitrailer - Dry freight, Reefer, or Insulated van",2,,
24,240093,2,1,1E9AA532*K1588***,2025-06-27 04:48:03,0,6,TRAILER,15165,EXTREME TRAILERS LLC,5106,EXTREME TRAILERS LLC,12731,EXTREME TRAILERS LLC,2019,,,6,UNITED STATES (USA),OHIO,DOVER,,,61,Trailer,,,,,6,Flatbed or Platform Trailer,5,Fifth Wheel,53.000,,2,,
24,240133,2,1,1UYVS253*6U******,2025-06-27 04:48:03,0,6,TRAILER,10289,UTILITY TRAILER MANUFACTURING COMPANY,10138,UTILITY TRAILER MANUFACTURER,26222,Utility Trailer Manufacturer,2006,,,6,UNITED STATES (USA),UTAH,CLEARFIELD,,,61,Trailer,,,,,5,Box or Van Enclosed Trailer,4,Straight Semi/Semi Trailer,53.000,,2,,
24,240146,2,1,1JJV532D*CL******,2025-06-27 04:48:03,0,6,TRAILER,14508,WABASH NATIONAL CORPORATION,12319,WABASH VANS,10942,Dry Van Duraplate,2012,,,6,UNITED STATES (USA),INDIANA,LAFAYETTE,,,61,Trailer,,,,,5,Box or Van Enclosed Trailer,,,53.000,,2,,
24,240148,2,1,1JJV532B*BL******,2025-06-27 04:48:03,0,6,TRAILER,14508,WABASH NATIONAL CORPORATION,12319,WABASH VANS,10945,Refrigerated Van,2011,,,6,UNITED STATES (USA),INDIANA,LAFAYETTE,,,61,Trailer,,,,,5,Box or Van Enclosed Trailer,,,53.000,,2,,
24,240173,1,1,1UYVS253*CM******,2025-06-27 04:48:03,0,6,TRAILER,10289,UTILITY TRAILER MANUFACTURING COMPANY,10138,UTILITY TRAILER MANUFACTURER,26222,Utility Trailer Manufacturer,2012,,,6,UNITED STATES (USA),VIRGINIA,MARION,,,61,Trailer,,,,,5,Box or Van Enclosed Trailer,4,Straight Semi/Semi Trailer,53.000,,2,,
24,240176,2,1,5E0AU174*GG******,2025-06-27 04:48:03,0,6,TRAILER,20895,"COTTRELL, INC.",12482,COTTRELL,32576,CX-5307,2016,,,6,UNITED STATES (USA),GEORGIA,GAINESVILLE,,,61,Trailer,,,,,58,Auto Transporter,5,Fifth Wheel,,Trailer Length (feet): > 50,2,3,Tandem
24,240184,2,1,1T9TS482*LB540***,2025-06-27 04:48:03,0,6,TRAILER,3629,TXTX LLC,3225,TAKE 3 TRAILERS INC,7359,Take 3 Trailers Inc,2020,,,6,UNITED STATES (USA),TEXAS,BRENHAM,,,61,Trailer,,,,,3,Car Hauler Trailer,,,48.000,Body Type: Square Tubing,2,,
24,240224,2,1,1UYVS253*FG******,2025-06-27 04:48:03,0,6,TRAILER,10289,UTILITY TRAILER MANUFACTURING COMPANY,10138,UTILITY TRAILER MANUFACTURER,26222,Utility Trailer Manufacturer,2015,,,6,UNITED STATES (USA),VIRGINIA,GLADE SPRING,,,61,Trailer,,,,,5,Box or Van Enclosed Trailer,4,Straight Semi/Semi Trailer,53.000,,2,,
24,240232,2,1,3H3V532C*MR******,2025-06-27 04:48:03,0,6,TRAILER,14282,"HYUNDAI DE MEXICO, S.A. DE C.V.",4876,HYUNDAI TRANSLEAD TRAILERS,11496,Hyundai Translead Trailers,2021,,,12,MEXICO,BAJA CALIFORNIA,ROSARITO,,Trailer Type: SEMITRAILER,61,Trailer,,,,,5,Box or Van Enclosed Trailer,6,Kingpin,53.000,Material: ALUMINUM/STEEL,2,,
24,240254,2,1,5MYUU162*HB******,2025-06-27 04:48:03,0,6,TRAILER,15919,"TRIPLE CROWN TRAILERS GA, LLC",5483,DOWN TO EARTH,14218,Down to Earth Trailers,2017,,,6,UNITED STATES (USA),GEORGIA,BAXLEY,,,61,Trailer,,,,,16,Utility Trailer,1,Ball Type Pull,16.000,Angle Iron Frame,2,,
24,240357,2,1,1GR1A062*SK******,2025-06-27 04:48:03,0,6,TRAILER,1073,GREAT DANE TRAILERS,520,GREAT DANE TRAILERS,13436,Great Dane Trailers,2025,,,6,UNITED STATES (USA),ILLINOIS,KEWANEE,,,61,Trailer,,,,,5,Box or Van Enclosed Trailer,6,Kingpin,53.000,"Semitrailer - Dry freight, Reefer, or Insulated van",2,,
24,240370,1,1,1GRAA062*FT******,2025-06-27 04:48:03,0,6,TRAILER,1073,GREAT DANE TRAILERS,520,GREAT DANE TRAILERS,13436,Great Dane Trailers,2015,,,6,UNITED STATES (USA),INDIANA,TERRE HAUTE,,,61,Trailer,,,,,5,Box or Van Enclosed Trailer,4,Straight Semi/Semi Trailer,53.000,Dry Freight Van / Reefer Van / Insulated Van,2,,
24,240426,2,1,3H3V532C*JR******,2025-06-27 04:48:03,0,6,TRAILER,14282,"HYUNDAI DE MEXICO, S.A. DE C.V.",4876,HYUNDAI TRANSLEAD TRAILERS,11496,Hyundai Translead Trailers,2018,,,12,MEXICO,BAJA CALIFORNIA,ROSARITO,,,61,Trailer,,,,,5,Box or Van Enclosed Trailer,,,53.000,Van Trailer,2,,
24,240434,1,1,4ZECH202*H1******,2025-06-27 04:48:03,0,6,TRAILER,3684,LOAD TRAIL LLC,2111,LOAD TRAIL,5874,Load Trail,2017,,,6,UNITED STATES (USA),TEXAS,SUMNER,,,61,Trailer,,,,,3,Car Hauler Trailer,,,20.000,,2,,
24,240495,2,1,1JJV532D*PL******,2025-06-27 04:48:03,0,6,TRAILER,14508,WABASH NATIONAL CORPORATION,12319,WABASH VANS,10942,Dry Van Duraplate,2023,,,6,UNITED STATES (USA),INDIANA,LAFAYETTE,,,61,Trailer,,,,,5,Box or Van Enclosed Trailer,6,Kingpin,53.000,,2,,
24,240545,2,1,1GR1A062*MB******,2025-06-27 04:48:03,0,6,TRAILER,1073,GREAT DANE TRAILERS,520,GREAT DANE TRAILERS,13436,Great Dane Trailers,2021,,,6,UNITED STATES (USA),INDIANA,BRAZIL,,,61,Trailer,,,,,5,Box or Van Enclosed Trailer,6,Kingpin,53.000,"Semitrailer - Dry freight, Reefer, or Insulated van",2,,
25,250113,3,1,1E1H5Y28*GR******,2025-06-27 04:48:03,0,6,TRAILER,5338,EAST MANUFACTURING CORP.,1334,EAST MANUFACTURING CORP.,4686,East Manufacturing Corp,2016,,,6,UNITED STATES (USA),OHIO,RANDOLPH,,,61,Trailer,9,"Class 8: 33,001 lb and above (14,969 kg and above)",,,6,Flatbed or Platform Trailer,,,48.000,Standard Flat Bed Trailer,2,,
25,250158,2,1,5KTBS262*9F******,2025-06-27 04:48:03,0,6,TRAILER,10097,KARAVAN TRAILERS INC.,5044,KARAVAN TRAILER,12425,Karavan Trailer,2009,,,6,UNITED STATES (USA),WISCONSIN,FOX LAKE,,,61,Trailer,,,,,2,Boat Trailer,31,Ball Hitch,26.000,FRAME TYPE: Sq. Tube,2,,
25,250184,1,1,1UYVS253*DU******,2025-06-27 04:48:03,0,6,TRAILER,10289,UTILITY TRAILER MANUFACTURING COMPANY,10138,UTILITY TRAILER MANUFACTURER,26222,Utility Trailer Manufacturer,2013,,,6,UNITED STATES (USA),UTAH,CLEARFIELD,,,61,Trailer,,,,,5,Box or Van Enclosed Trailer,4,Straight Semi/Semi Trailer,53.000,,2,,
25,250253,2,1,4S8SZ161*KW******,2025-06-27 04:48:03,0,6,TRAILER,4756,"MORBARK, LLC",2711,MORBARK,6629,Morbark,2019,,,6,UNITED STATES (USA),MICHIGAN,WINN,,,61,Trailer,,,,,16,Utility Trailer,,,16.000,Trailer Type: Specialty Trailer,1,,
26,260047,1,1,1DW1A532*PS******,2025-06-27 04:48:03,0,6,TRAILER,13506,"STOUGHTON TRAILERS, INC.",3414,STOUGHTON TRAILERS,7701,Stoughton trailers,2023,,,6,UNITED STATES (USA),WISCONSIN,STOUGHTON,"Stoughton Trailers, INC",,61,Trailer,,,,,5,Box or Van Enclosed Trailer,4,Straight Semi/Semi Trailer,53.000,Van Trailer,2,,
26,260201,2,1,5MADA203*GC******,2025-06-27 04:48:03,0,6,TRAILER,5950,"MAC TRAILER MFG, INC.",6826,MAC TRAILER MANUFACTURING,18288,MAC TRAILER MANUFACTURING,2016,,,6,UNITED STATES (USA),OHIO,ALLIANCE,,Commerce Street,61,Trailer,,,,,4,Dump Trailer,,,20.000,Aluminum Frame,3,,
26,260216,2,1,1S12E953*5E******,2025-06-27 04:48:03,0,6,TRAILER,14956,"STRICK TRAILERS, LLC",4977,STRICK COMMERCIAL TRAILER,12176,Strick Commercial Trailer,2005,Smooth Side,,6,UNITED STATES (USA),,MONROE,,,61,Trailer,,,,,5,Box or Van Enclosed Trailer,4,Straight Semi/Semi Trailer,53.000,Dry Freight Van,2,3,Tandem
26,260315,1,1,1JJV532W*7L******,2025-06-27 04:48:03,0,6,TRAILER,14508,WABASH NATIONAL CORPORATION,4847,WABASH,13327,Wabash National Corporation,2007,,,6,UNITED STATES (USA),INDIANA,LAFAYETTE,,,61,Trailer,,,,,5,Box or Van Enclosed Trailer,,,53.000,,2,,
26,260329,1,1,1T9DS34C*R1066***,2025-06-27 04:48:03,1,6,TRAILER,15378,TRAILSTAR  MANUFACTURING CORPORATION,5946,TRAILSTAR,15642,TrailStar Manufacturing Corp,2024,,,6,UNITED STATES (USA),OHIO,ALLIANCE,,,61,Trailer,,,,,4,Dump Trailer,,,34.000,Steel Construction,3,,
26,260341,3,1,1JJV532D*HL******,2025-06-27 04:48:03,0,6,TRAILER,14508,WABASH NATIONAL CORPORATION,12319,WABASH VANS,10942,Dry Van Duraplate,2017,,,6,UNITED STATES (USA),INDIANA,LAFAYETTE,,,61,Trailer,,,,,5,Box or Van Enclosed Trailer,,,53.000,,2,,
26,260718,1,1,1E1H5Z88*GR******,2025-06-27 04:48:03,0,6,TRAILER,5338,EAST MANUFACTURING CORP.,1334,EAST MANUFACTURING CORP.,4686,East Manufacturing Corp,2016,,,6,UNITED STATES (USA),OHIO,RANDOLPH,,,61,Trailer,9,"Class 8: 33,001 lb and above (14,969 kg and above)",,,6,Flatbed or Platform Trailer,,,,Trailer Length 48 and above,8,,
26,260959,14,1,1GR1A062*PW******,2025-06-27 04:48:03,0,6,TRAILER,1073,GREAT DANE TRAILERS,520,GREAT DANE TRAILERS,13436,Great Dane Trailers,2023,,,6,UNITED STATES (USA),NEBRASKA,WAYNE,,,61,Trailer,,,,,5,Box or Van Enclosed Trailer,6,Kingpin,53.000,"Semitrailer - Dry freight, Reefer, or Insulated van",2,,
26,260961,2,1,1JJV532D*KL******,2025-06-27 04:48:03,0,6,TRAILER,14508,WABASH NATIONAL CORPORATION,12319,WABASH VANS,10942,Dry Van Duraplate,2019,,,6,UNITED STATES (USA),INDIANA,LAFAYETTE,,,61,Trailer,,,,,5,Box or Van Enclosed Trailer,,,53.000,,2,,
28,280016,1,1,1W1MAFYA*WA******,2025-06-27 04:48:03,0,6,TRAILER,11681,WILSON TRAILER CO.,3855,WILSON TRAILER CO.,8390,Wilson Trailer Co.,1998,RIDGE STRAPS - ROLL TARP,,6,UNITED STATES (USA),IOWA,SIOUX CITY,PLANT 2,,61,Trailer,,,,,180,"Grain, Chip, or Gravel Trailer",,,41.000,AXLES: TWO AIR-RIDE,2,,
28,280096,1,1,1W14412A*G2******,2025-06-27 04:48:03,0,6,TRAILER,11681,WILSON TRAILER CO.,10450,WILSON,27561,Wilson,2016,,,6,UNITED STATES (USA),IOWA,SIOUX CITY,,,61,Trailer,,,,,180,"Grain, Chip, or Gravel Trailer",,,41.000,Type of suspension: Air Ride,2,,
28,280103,2,1,1RNF48A2*JR******,2025-06-27 04:48:03,0,6,TRAILER,3579,"REITNOUER, INC.",5594,REITNOUER INC,14493,Reitnouer Inc Trailers,2018,,,6,UNITED STATES (USA),PENNSYLVANIA,READING,,,61,Trailer,9,"Class 8: 33,001 lb and above (14,969 kg and above)",,,6,Flatbed or Platform Trailer,6,Kingpin,48.000,Airride,2,,
28,280170,1,1,1UYVS253*L6******,2025-06-27 04:48:03,0,6,TRAILER,10289,UTILITY TRAILER MANUFACTURING COMPANY,10138,UTILITY TRAILER MANUFACTURER,26222,Utility Trailer Manufacturer,2020,,,6,UNITED STATES (USA),VIRGINIA,MARION,,,61,Trailer,,,,,5,Box or Van Enclosed Trailer,4,Straight Semi/Semi Trailer,53.000,,2,,
28,280175,1,1,1M9BA402*E1435***,2025-06-27 04:48:03,0,6,TRAILER,22478,"MAGNOLIA TRAILERS, INC.",12332,"MAGNOLIA TRAILERS, INC.",32132,"MAGNOLIA TRAILERS, INC.",2014,,,6,UNITED STATES (USA),MISSISSIPPI,LUCEDALE,,,61,Trailer,,,,,101,Other Trailer,5,Fifth Wheel,40.000,Bolster Trailer,2,,
28,280176,2,1,1UJBJ0BP*G1******,2025-06-27 04:48:03,0,6,TRAILER,9892,"JAYCO, INC.",4516,JAYCO,29071,Jayco,2016,,,6,UNITED STATES (USA),INDIANA,MIDDLEBURY,,,61,Trailer,,,,,10,Camping or Travel Trailer,14,Bumper Pull,32.000,Travel Trailer,2,3,Tandem
28,280206,1,1,1GRDM062*HH******,2025-06-27 04:48:03,0,6,TRAILER,1073,GREAT DANE TRAILERS,520,GREAT DANE TRAILERS,13436,Great Dane Trailers,2017,,,6,UNITED STATES (USA),TENNESSEE,HUNTSVILLE,,,61,Trailer,,,,,6,Flatbed or Platform Trailer,4,Straight Semi/Semi Trailer,53.000,Platform Trailer,2,,
28,280216,2,1,1UYFS253*N5******,2025-06-27 04:48:03,0,6,TRAILER,10289,UTILITY TRAILER MANUFACTURING COMPANY,10138,UTILITY TRAILER MANUFACTURER,26222,Utility Trailer Manufacturer,2022,,,6,UNITED STATES (USA),ALABAMA,ENTERPRISE,,,61,Trailer,,,,,6,Flatbed or Platform Trailer,4,Straight Semi/Semi Trailer,53.000,,2,,
28,280226,1,1,1K93H402*XF023***,2025-06-27 04:48:03,0,6,TRAILER,2333,KENT TRUCK-TRAILER SERVICE INC.,5062,KENT TRAILERS,12454,Kent Trailers,1999,,,6,UNITED STATES (USA),,FLUKER,,,61,Trailer,,,,,19,Logging Trailer,,,40.000,Log Transport Trailer,2,,
28,280232,2,1,1JJV532D*CL******,2025-06-27 04:48:03,0,6,TRAILER,14508,WABASH NATIONAL CORPORATION,12319,WABASH VANS,10942,Dry Van Duraplate,2012,,,6,UNITED STATES (USA),INDIANA,LAFAYETTE,,,61,Trailer,,,,,5,Box or Van Enclosed Trailer,,,53.000,,2,,
28,280235,3,1,1UYFS248*H5******,2025-06-27 04:48:03,0,6,TRAILER,10289,UTILITY TRAILER MANUFACTURING COMPANY,10138,UTILITY TRAILER MANUFACTURER,26222,Utility Trailer Manufacturer,2017,,,6,UNITED STATES (USA),ALABAMA,ENTERPRISE,,,61,Trailer,,,,,6,Flatbed or Platform Trailer,4,Straight Semi/Semi Trailer,48.000,,2,,
28,280251,2,1,4Z1GF302*RS******,2025-06-27 04:48:03,0,6,TRAILER,9165,GATOR MADE INC.,4039,GATOR MADE,8711,Gator Made Inc.,2024,,,6,UNITED STATES (USA),,SOMERSET,Gator Made Inc.,,61,Trailer,,,,,6,Flatbed or Platform Trailer,3,Gooseneck,30.000,Gooseneck,2,,
28,280277,1,1,1GRDM962*6H******,2025-06-27 04:48:03,0,6,TRAILER,1073,GREAT DANE TRAILERS,520,GREAT DANE TRAILERS,13436,Great Dane Trailers,2006,,,6,UNITED STATES (USA),TENNESSEE,HUNTSVILLE,,,61,Trailer,,,,,6,Flatbed or Platform Trailer,4,Straight Semi/Semi Trailer,96.000,Straight Deck / Drop Deck / Extendable,2,,
28,280286,1,1,1RZ19F2C*E2******,2025-06-27 04:48:03,0,6,TRAILER,6992,"CON-WAY MANUFACTURING, INC.",1881,CON-WAY MANUFACTURING,5385,CON-WAY MANUFACTURING,2014,,,6,UNITED STATES (USA),ARIZONA,SEARCY,,Body Construction = other,61,Trailer,,,,,5,Box or Van Enclosed Trailer,,,51.000,Truck Trailer,2,,
28,280287,1,1,1JJV532B*JL******,2025-06-27 04:48:03,0,6,TRAILER,14508,WABASH NATIONAL CORPORATION,12319,WABASH VANS,10945,Refrigerated Van,2018,,,6,UNITED STATES (USA),INDIANA,LAFAYETTE,,,61,Trailer,,,,,5,Box or Van Enclosed Trailer,,,53.000,,2,,
28,280287,2,1,1GR1A062*NB******,2025-06-27 04:48:03,0,6,TRAILER,1073,GREAT DANE TRAILERS,520,GREAT DANE TRAILERS,13436,Great Dane Trailers,2022,,,6,UNITED STATES (USA),INDIANA,BRAZIL,,,61,Trailer,,,,,5,Box or Van Enclosed Trailer,6,Kingpin,53.000,"Semitrailer - Dry freight, Reefer, or Insulated van",2,,
28,280316,1,1,1UYVS253*R3******,2025-06-27 04:48:03,0,6,TRAILER,10289,UTILITY TRAILER MANUFACTURING COMPANY,10138,UTILITY TRAILER MANUFACTURER,26222,Utility Trailer Manufacturer,2024,,,6,UNITED STATES (USA),ARKANSAS,PARAGOULD,,,61,Trailer,,,,,5,Box or Van Enclosed Trailer,4,Straight Semi/Semi Trailer,53.000,,2,,
28,280319,1,1,1M9BA402*E1435***,2025-06-27 04:48:03,0,6,TRAILER,22478,"MAGNOLIA TRAILERS, INC.",12332,"MAGNOLIA TRAILERS, INC.",32132,"MAGNOLIA TRAILERS, INC.",2014,,,6,UNITED STATES (USA),MISSISSIPPI,LUCEDALE,,,61,Trailer,,,,,101,Other Trailer,5,Fifth Wheel,40.000,Bolster Trailer,2,,
28,280336,2,1,1GR1A062*SL******,2025-06-27 04:48:03,0,6,TRAILER,1073,GREAT DANE TRAILERS,520,GREAT DANE TRAILERS,13436,Great Dane Trailers,2025,,,6,UNITED STATES (USA),PENNSYLVANIA,ELYSBURG,,,61,Trailer,,,,,5,Box or Van Enclosed Trailer,6,Kingpin,53.000,"Semitrailer - Dry freight, Reefer, or Insulated van",2,,
28,280342,1,1,1W9FP462*LR137***,2025-06-27 04:48:03,0,6,TRAILER,18292,WASTE PROCESSING EQUIPMENT,9540,MAX-PAK,23848,Max-Pak,2020,Special,,6,UNITED STATES (USA),ALABAMA,RAINSVILLE,,,61,Trailer,,,,,6,Flatbed or Platform Trailer,,,46.000,,2,,
28,280348,1,1,1JJV532Y*RL******,2025-06-27 04:48:03,0,6,TRAILER,14508,WABASH NATIONAL CORPORATION,4847,WABASH,10950,Chassis,2024,,,6,UNITED STATES (USA),INDIANA,LAFAYETTE,,,61,Trailer,,,,,5,Box or Van Enclosed Trailer,6,Kingpin,53.000,Van Trailer,2,,
28,280367,2,1,5HTSA452*N7******,2025-06-27 04:48:03,0,6,TRAILER,5564,"HEIL TRAILER INTERNATIONAL, CO",2365,HEIL TRAILER INTERNATIONAL,6142,Heil Trailer International,2022,,,6,UNITED STATES (USA),TENNESSEE,ATHENS,,,61,Trailer,,,,,15,Tank Trailer,4,Straight Semi/Semi Trailer,45.000,AL 306/406,2,,
28,280384,1,1,5JYLT402*RP******,2025-06-27 04:48:03,0,6,TRAILER,2290,PITTS ENTERPRISES INC,2831,PITTS TRAILERS,6775,Pitts Trailers,2024,,,6,UNITED STATES (USA),ALABAMA,PITTSVIEW,,,61,Trailer,,,,,6,Flatbed or Platform Trailer,,,40.000,Straight Frame trailer,2,,
28,280428,1,1,1UYVS253*K2******,2025-06-27 04:48:03,"1,400",6,TRAILER,10289,UTILITY TRAILER MANUFACTURING COMPANY,10138,UTILITY TRAILER MANUFACTURER,26222,Utility Trailer Manufacturer,2019,,,6,UNITED STATES (USA),UTAH,CLEARFIELD,,,61,Trailer,,,,,5,Box or Van Enclosed Trailer,4,Straight Semi/Semi Trailer,53.000,,2,,
28,280504,2,1,3H3V281C*LT******,2025-06-27 04:48:03,0,6,TRAILER,14282,"HYUNDAI DE MEXICO, S.A. DE C.V.",4876,HYUNDAI TRANSLEAD TRAILERS,11496,Hyundai Translead Trailers,2020,,,12,MEXICO,BAJA CALIFORNIA,TIJUANA,,,61,Trailer,,,,,5,Box or Van Enclosed Trailer,,,28.000,Van Trailer,1,,
28,280564,1,1,13N14820*N1******,2025-06-27 04:48:03,0,6,TRAILER,12268,FONTAINE COMMERCIAL TRAILER INC.,1128,FONTAINE TRAILER CO.,4416,Fontaine Trailer Co.,2022,,,6,UNITED STATES (USA),ALABAMA,HALEYVILLE,,Optional Features: None,61,Trailer,,,,,6,Flatbed or Platform Trailer,,,48.000,,2,,
28,280620,2,1,1JJV532D*HL******,2025-06-27 04:48:03,0,6,TRAILER,14508,WABASH NATIONAL CORPORATION,12319,WABASH VANS,10942,Dry Van Duraplate,2017,,,6,UNITED STATES (USA),INDIANA,LAFAYETTE,,,61,Trailer,,,,,5,Box or Van Enclosed Trailer,,,53.000,,2,,
28,280624,2,1,1GRAA062*EW******,2025-06-27 04:48:03,0,6,TRAILER,1073,GREAT DANE TRAILERS,520,GREAT DANE TRAILERS,13436,Great Dane Trailers,2014,,,6,UNITED STATES (USA),NEBRASKA,WAYNE,,,61,Trailer,,,,,5,Box or Van Enclosed Trailer,4,Straight Semi/Semi Trailer,53.000,Dry Freight Van / Reefer Van / Insulated Van,2,,
28,280626,1,1,1UYVS253*7U******,2025-06-27 04:48:03,0,6,TRAILER,10289,UTILITY TRAILER MANUFACTURING COMPANY,10138,UTILITY TRAILER MANUFACTURER,26222,Utility Trailer Manufacturer,2007,,,6,UNITED STATES (USA),UTAH,CLEARFIELD,,,61,Trailer,,,,,5,Box or Van Enclosed Trailer,4,Straight Semi/Semi Trailer,53.000,,2,,
28,280654,2,1,1JJV532D*EL******,2025-06-27 04:48:03,0,6,TRAILER,14508,WABASH NATIONAL CORPORATION,12319,WABASH VANS,10942,Dry Van Duraplate,2014,,,6,UNITED STATES (USA),INDIANA,LAFAYETTE,,,61,Trailer,,,,,5,Box or Van Enclosed Trailer,,,53.000,,2,,
29,290007,3,1,3H3V532C*LR******,2025-06-27 04:48:03,0,6,TRAILER,14282,"HYUNDAI DE MEXICO, S.A. DE C.V.",4876,HYUNDAI TRANSLEAD TRAILERS,11496,Hyundai Translead Trailers,2020,,,12,MEXICO,BAJA CALIFORNIA,ROSARITO,,,61,Trailer,,,,,5,Box or Van Enclosed Trailer,,,53.000,Van Trailer,2,,
29,290025,1,1,1JJV532D*KL******,2025-06-27 04:48:03,0,6,TRAILER,14508,WABASH NATIONAL CORPORATION,12319,WABASH VANS,10942,Dry Van Duraplate,2019,,,6,UNITED STATES (USA),INDIANA,LAFAYETTE,,,61,Trailer,,,,,5,Box or Van Enclosed Trailer,,,53.000,,2,,
29,290025,2,1,1JJV532D*ML******,2025-06-27 04:48:03,0,6,TRAILER,14508,WABASH NATIONAL CORPORATION,12319,WABASH VANS,10942,Dry Van Duraplate,2021,,,6,UNITED STATES (USA),INDIANA,LAFAYETTE,,,61,Trailer,,,,,5,Box or Van Enclosed Trailer,,,53.000,,2,,
29,290026,1,1,1JJV532D*KL******,2025-06-27 04:48:03,0,6,TRAILER,14508,WABASH NATIONAL CORPORATION,12319,WABASH VANS,10942,Dry Van Duraplate,2019,,,6,UNITED STATES (USA),INDIANA,LAFAYETTE,,,61,Trailer,,,,,5,Box or Van Enclosed Trailer,,,53.000,,2,,
29,290034,2,1,1UYVS253*CM******,2025-06-27 04:48:03,0,6,TRAILER,10289,UTILITY TRAILER MANUFACTURING COMPANY,10138,UTILITY TRAILER MANUFACTURER,26222,Utility Trailer Manufacturer,2012,,,6,UNITED STATES (USA),VIRGINIA,MARION,,,61,Trailer,,,,,5,Box or Van Enclosed Trailer,4,Straight Semi/Semi Trailer,53.000,,2,,
29,290036,2,1,1W1BCL8B*XK******,2025-06-27 04:48:03,0,6,TRAILER,11681,WILSON TRAILER CO.,3855,WILSON TRAILER CO.,8390,Wilson Trailer Co.,1999,12 FT FOLDING TAILGATE - SLIDING OUTRIGGERS,,6,UNITED STATES (USA),IOWA,SIOUX CITY,PLANT 2,,61,Trailer,,,,,6,Flatbed or Platform Trailer,,,50.000,OUTSIDE FRAME DROP DECK LOWBED,2,,
29,290045,1,1,1JJV532B*LL******,2025-06-27 04:48:03,0,6,TRAILER,14508,WABASH NATIONAL CORPORATION,12319,WABASH VANS,10945,Refrigerated Van,2020,,,6,UNITED STATES (USA),INDIANA,LAFAYETTE,,,61,Trailer,,,,,5,Box or Van Enclosed Trailer,,,53.000,,2,,
29,290045,2,1,1D9BV532*G1609***,2025-06-27 04:48:03,0,6,TRAILER,11391,"DOONAN SPECIALIZED TRAILER, LLC",1335,DOONAN SPECIALIZED TRAILER,4689,Doonan Specialized Trailer,2016,,,6,UNITED STATES (USA),KANSAS,GREAT BEND,,,61,Trailer,,,,,6,Flatbed or Platform Trailer,,,53.000,Platform Trailer,2,,
29,290051,1,1,1DW1A532*PS******,2025-06-27 04:48:03,0,6,TRAILER,13506,"STOUGHTON TRAILERS, INC.",3414,STOUGHTON TRAILERS,7701,Stoughton trailers,2023,,,6,UNITED STATES (USA),WISCONSIN,STOUGHTON,"Stoughton Trailers, INC",,61,Trailer,,,,,5,Box or Van Enclosed Trailer,4,Straight Semi/Semi Trailer,53.000,Van Trailer,2,,
29,290057,2,1,1PLE0482*KP******,2025-06-27 04:48:03,0,6,TRAILER,18041,PEERLESS CORPORATION,9288,PEERLESS,23523,Peerless,2019,,,6,UNITED STATES (USA),ARKANSAS,PARAGOULD,,,61,Trailer,,,,,180,"Grain, Chip, or Gravel Trailer",,,48.000,Chip Trailer,2,,
29,290065,2,1,3UTVS253*R8******,2025-06-27 04:48:03,0,6,TRAILER,10289,UTILITY TRAILER MANUFACTURING COMPANY,10138,UTILITY TRAILER MANUFACTURER,26222,Utility Trailer Manufacturer,2024,,,12,MEXICO,,PIEDRAS NEGRAS,,,61,Trailer,,,,,5,Box or Van Enclosed Trailer,4,Straight Semi/Semi Trailer,53.000,,2,,
29,290074,1,1,53FBE162*HF******,2025-06-27 04:48:03,0,6,TRAILER,7521,COVERED WAGON TRAILERS LLC.,6356,COVERED WAGON TRAILERS,17587,Covered Wagon Trailers,2017,,,6,UNITED STATES (USA),GEORGIA,FITZGERALD,,,61,Trailer,,,,,5,Box or Van Enclosed Trailer,14,Bumper Pull,16.000,Enclosed - General Cargo,2,,
29,290074,2,1,LJRR5326*D6******,2025-06-27 04:48:03,0,6,TRAILER,9950,"CIMC VEHICLES GROUP CO., LTD.",4101,CIMC VEHICLES GROUP CO,8811,CIMC VEHICLES GROUP CO,2013,,,8,CHINA,,QINGDAO,,"GVWR = 30,000-34,990kg",61,Trailer,9,"Class 8: 33,001 lb and above (14,969 kg and above)",,,5,Box or Van Enclosed Trailer,,,53.000,Reefer Trailer,2,,
29,290082,2,1,1GRAA062*KK******,2025-06-27 04:48:03,0,6,TRAILER,1073,GREAT DANE TRAILERS,520,GREAT DANE TRAILERS,13436,Great Dane Trailers,1989,,,6,UNITED STATES (USA),ILLINOIS,KEWANEE,,Effective 01/01/00,61,Trailer,,,,,5,Box or Van Enclosed Trailer,4,Straight Semi/Semi Trailer,6.000,Dry Freight/ Reefer/ Insulated Van,2,,
29,290096,1,1,1GRAA062*GW******,2025-06-27 04:48:03,0,6,TRAILER,1073,GREAT DANE TRAILERS,520,GREAT DANE TRAILERS,13436,Great Dane Trailers,2016,,,6,UNITED STATES (USA),NEBRASKA,WAYNE,,,61,Trailer,,,,,5,Box or Van Enclosed Trailer,4,Straight Semi/Semi Trailer,53.000,Dry Freight Van / Reefer Van / Insulated Van,2,,
29,290096,2,1,1GRAP062*JJ******,2025-06-27 04:48:03,0,6,TRAILER,1073,GREAT DANE TRAILERS,520,GREAT DANE TRAILERS,13436,Great Dane Trailers,1988,,,6,UNITED STATES (USA),FLORIDA,JACKSONVILLE,,,61,Trailer,,,,,5,Box or Van Enclosed Trailer,4,Straight Semi/Semi Trailer,6.000,Platewall,2,,
29,290096,3,1,1TTF482C*L3******,2025-06-27 04:48:03,0,6,TRAILER,8231,TRANSCRAFT CORPORATION,12050,TRANSCRAFT/WABASH,27663,Combo Steel/Alum Flatbed,2020,,,6,UNITED STATES (USA),KENTUCKY,CADIZ,,,61,Trailer,,,,,6,Flatbed or Platform Trailer,6,Kingpin,48.000,,2,,
29,290101,2,1,4A9E1DE2*MS073***,2025-06-27 04:48:03,0,6,TRAILER,12109,"ARMOR LITE TRAILER MFG, LLC",9669,"ARMOR LITE EXCEL, LLC",24497,End Dump,2021,,,6,UNITED STATES (USA),MISSOURI,SIKESTON,,,61,Trailer,,,,,4,Dump Trailer,4,Straight Semi/Semi Trailer,35.000,,2,,
29,290116,2,1,1W14412A*J2******,2025-06-27 04:48:03,0,6,TRAILER,11681,WILSON TRAILER CO.,10450,WILSON,27561,Wilson,2018,,,6,UNITED STATES (USA),IOWA,SIOUX CITY,,Type of suspension: Air Ride,61,Trailer,,,,,180,"Grain, Chip, or Gravel Trailer",,,41.000,Grain Trailer,2,,
29,290139,3,1,1GR1P062*LK******,2025-06-27 04:48:03,0,6,TRAILER,1073,GREAT DANE TRAILERS,520,GREAT DANE TRAILERS,13436,Great Dane Trailers,2020,,,6,UNITED STATES (USA),ILLINOIS,KEWANEE,,,61,Trailer,,,,,5,Box or Van Enclosed Trailer,6,Kingpin,53.000,"Semitrailer - Dry freight, Reefer, or Insulated van",2,,
29,290152,1,1,1GRAP062*GT******,2025-06-27 04:48:03,0,6,TRAILER,1073,GREAT DANE TRAILERS,520,GREAT DANE TRAILERS,13436,Great Dane Trailers,2016,,,6,UNITED STATES (USA),INDIANA,TERRE HAUTE,,,61,Trailer,,,,,5,Box or Van Enclosed Trailer,4,Straight Semi/Semi Trailer,53.000,Dry Freight Van / Reefer Van / Insulated Van,2,,
29,290173,1,1,1DW1C532*RS******,2025-06-27 04:48:03,0,6,TRAILER,13506,"STOUGHTON TRAILERS, INC.",3414,STOUGHTON TRAILERS,7701,Stoughton trailers,2024,,,6,UNITED STATES (USA),WISCONSIN,STOUGHTON,"Stoughton Trailers, INC",,61,Trailer,,,,,46,Incomplete Trailer Chassis,4,Straight Semi/Semi Trailer,53.000,,2,,
29,290193,2,1,1UYFS248*M5******,2025-06-27 04:48:03,0,6,TRAILER,10289,UTILITY TRAILER MANUFACTURING COMPANY,10138,UTILITY TRAILER MANUFACTURER,26222,Utility Trailer Manufacturer,2021,,,6,UNITED STATES (USA),ALABAMA,ENTERPRISE,,,61,Trailer,,,,,6,Flatbed or Platform Trailer,4,Straight Semi/Semi Trailer,48.000,,2,,
29,290233,2,1,5R8CH202*8M******,2025-06-27 04:48:03,0,6,TRAILER,10758,"MAXEY TRAILERS MFG., INC.",8628,MAXEY TRAILERS MFG,22643,Maxey Trailers MFG,2008,,,6,UNITED STATES (USA),TEXAS,SUMNER,Maxey Trailers,,61,Trailer,,,,,3,Car Hauler Trailer,,,20.000,Carhauler,2,,
29,290234,1,1,48X1F392*H1******,2025-06-27 04:48:03,0,6,TRAILER,10839,"TRAVIS BODY & TRAILER, INC.",3520,"TRAVIS BODY & TRAILER, INC.",7868,"TRAVIS BODY & TRAILER, INC.",2017,,,6,UNITED STATES (USA),TEXAS,HOUSTON,,,61,Trailer,,,,,4,Dump Trailer,30,Other,39.000,Tumer ARx43,2,,
29,290259,1,1,1JJE452W*1F******,2025-06-27 04:48:03,0,6,TRAILER,14508,WABASH NATIONAL CORPORATION,4847,WABASH,13327,Wabash National Corporation,2001,,,6,UNITED STATES (USA),IOWA,FORT MADISON,,,61,Trailer,,,,,5,Box or Van Enclosed Trailer,,,45.000,Reefer Trailer,2,,
29,290311,2,1,1GR4M062*PH******,2025-06-27 04:48:03,0,6,TRAILER,1073,GREAT DANE TRAILERS,520,GREAT DANE TRAILERS,13436,Great Dane Trailers,2023,,,6,UNITED STATES (USA),TENNESSEE,HUNTSVILLE,,,61,Trailer,,,,,6,Flatbed or Platform Trailer,6,Kingpin,53.000,Semitrailer - Platform Trailer,2,,
29,290338,2,1,5V8VA532*PM******,2025-06-27 04:48:03,0,6,TRAILER,16522,VANGUARD NATIONAL TRAILER CORPORTATION,6474,VANGUARD NATIONAL TRAILER CORPORATION (VNTC),17782,VANGUARD NATIONAL TRAILER CORPORATION (VNTC),2023,,,6,UNITED STATES (USA),INDIANA,MONON,,,61,Trailer,,,,,5,Box or Van Enclosed Trailer,6,Kingpin,53.000,"Interior Post Aluminum Sheet Trailer (VIP, MaxCube)",,3,Tandem
29,290394,2,1,4A9E1DK2*RS073***,2025-06-27 04:48:03,0,6,TRAILER,12109,"ARMOR LITE TRAILER MFG, LLC",9669,"ARMOR LITE EXCEL, LLC",24497,End Dump,2024,,,6,UNITED STATES (USA),MISSOURI,SIKESTON,,,61,Trailer,,,,,4,Dump Trailer,4,Straight Semi/Semi Trailer,40.000,,2,,
29,290399,1,1,5WUBU141*LF******,2025-06-27 04:48:03,0,6,TRAILER,10304,"LAWRIMORE MANUFACTURING, INC",2273,LAWRIMORE MANUFACTURING,6085,Lawrimore Manufacturing,2020,,,6,UNITED STATES (USA),ALABAMA,FALKVILLE,,,61,Trailer,,,,,16,Utility Trailer,1,Ball Type Pull,14.000,,1,,
29,290460,1,1,1UYVS253*R3******,2025-06-27 04:48:03,0,6,TRAILER,10289,UTILITY TRAILER MANUFACTURING COMPANY,10138,UTILITY TRAILER MANUFACTURER,26222,Utility Trailer Manufacturer,2024,,,6,UNITED STATES (USA),ARKANSAS,PARAGOULD,,,61,Trailer,,,,,5,Box or Van Enclosed Trailer,4,Straight Semi/Semi Trailer,53.000,,2,,
29,290464,2,1,5HTSN472*X7******,2025-06-27 04:48:03,0,6,TRAILER,5564,"HEIL TRAILER INTERNATIONAL, CO",2365,HEIL TRAILER INTERNATIONAL,6142,Heil Trailer International,1999,,,6,UNITED STATES (USA),TENNESSEE,ATHENS,,Body Shape: Jet,61,Trailer,,,,,15,Tank Trailer,,,47.000,Bulker Trailer - Al Pneumatic,2,,
29,290499,2,1,1GR1P062*PJ******,2025-06-27 04:48:03,0,6,TRAILER,1073,GREAT DANE TRAILERS,520,GREAT DANE TRAILERS,13436,Great Dane Trailers,2023,,,6,UNITED STATES (USA),ARKANSAS,JONESBORO,,,61,Trailer,,,,,5,Box or Van Enclosed Trailer,6,Kingpin,53.000,"Semitrailer - Dry freight, Reefer, or Insulated van",2,,
29,290507,1,1,1GR4M062*LH******,2025-06-27 04:48:03,0,6,TRAILER,1073,GREAT DANE TRAILERS,520,GREAT DANE TRAILERS,13436,Great Dane Trailers,2020,,,6,UNITED STATES (USA),TENNESSEE,HUNTSVILLE,,,61,Trailer,,,,,6,Flatbed or Platform Trailer,6,Kingpin,53.000,Semitrailer - Platform Trailer,2,,
29,290507,2,1,1GR1P062*LT******,2025-06-27 04:48:03,0,6,TRAILER,1073,GREAT DANE TRAILERS,520,GREAT DANE TRAILERS,13436,Great Dane Trailers,2020,,,6,UNITED STATES (USA),INDIANA,TERRE HAUTE,,,61,Trailer,,,,,5,Box or Van Enclosed Trailer,6,Kingpin,53.000,"Semitrailer - Dry freight, Reefer, or Insulated van",2,,
29,290507,4,1,1UYVS253*GU******,2025-06-27 04:48:03,0,6,TRAILER,10289,UTILITY TRAILER MANUFACTURING COMPANY,10138,UTILITY TRAILER MANUFACTURER,26222,Utility Trailer Manufacturer,2016,,,6,UNITED STATES (USA),UTAH,CLEARFIELD,,,61,Trailer,,,,,5,Box or Van Enclosed Trailer,4,Straight Semi/Semi Trailer,53.000,,2,,
29,290518,1,1,1JJV532D*GL******,2025-06-27 04:48:03,0,6,TRAILER,14508,WABASH NATIONAL CORPORATION,12319,WABASH VANS,10942,Dry Van Duraplate,2016,,,6,UNITED STATES (USA),INDIANA,LAFAYETTE,,,61,Trailer,,,,,5,Box or Van Enclosed Trailer,,,53.000,,2,,
29,290532,3,1,1S9GE242*R1870***,2025-06-27 04:48:03,0,6,TRAILER,5917,SHARP MANUFACTURING LLC,4379,SHARP MFG.,9189,Sharp MFG. LLC.,2024,,,6,UNITED STATES (USA),KANSAS,BLUE RAPIDS,,,61,Trailer,,,,,5,Box or Van Enclosed Trailer,3,Gooseneck,24.000,,2,,
29,290542,3,1,3H3V532C*LR******,2025-06-27 04:48:03,0,6,TRAILER,14282,"HYUNDAI DE MEXICO, S.A. DE C.V.",4876,HYUNDAI TRANSLEAD TRAILERS,11496,Hyundai Translead Trailers,2020,,,12,MEXICO,BAJA CALIFORNIA,ROSARITO,,,61,Trailer,,,,,5,Box or Van Enclosed Trailer,,,53.000,Van Trailer,2,,
29,290560,1,1,1JJV281D*SL******,2025-06-27 04:48:03,0,6,TRAILER,14508,WABASH NATIONAL CORPORATION,12319,WABASH VANS,10942,Dry Van Duraplate,2025,,,6,UNITED STATES (USA),INDIANA,LAFAYETTE,,,61,Trailer,,,,,5,Box or Van Enclosed Trailer,6,Kingpin,28.000,Van Trailer,1,,
29,290560,1,2,1JJV281W*6L******,2025-06-27 04:48:03,0,6,TRAILER,14508,WABASH NATIONAL CORPORATION,4847,WABASH,13327,Wabash National Corporation,2006,,,6,UNITED STATES (USA),INDIANA,LAFAYETTE,,,61,Trailer,,,,,5,Box or Van Enclosed Trailer,,,28.000,,1,,
29,290561,2,1,1UYVS248*K2******,2025-06-27 04:48:03,0,6,TRAILER,10289,UTILITY TRAILER MANUFACTURING COMPANY,10138,UTILITY TRAILER MANUFACTURER,26222,Utility Trailer Manufacturer,2019,,,6,UNITED STATES (USA),UTAH,CLEARFIELD,,,61,Trailer,,,,,5,Box or Van Enclosed Trailer,4,Straight Semi/Semi Trailer,48.000,,2,,
29,290581,2,1,1GRAA062*EE******,2025-06-27 04:48:03,0,6,TRAILER,1073,GREAT DANE TRAILERS,520,GREAT DANE TRAILERS,13436,Great Dane Trailers,2014,,,6,UNITED STATES (USA),GEORGIA,STATESBORO,,,61,Trailer,,,,,5,Box or Van Enclosed Trailer,4,Straight Semi/Semi Trailer,53.000,Dry Freight Van / Reefer Van / Insulated Van,2,,
29,290590,2,1,5HTSA452*R7******,2025-06-27 04:48:03,0,6,TRAILER,5564,"HEIL TRAILER INTERNATIONAL, CO",2365,HEIL TRAILER INTERNATIONAL,6142,Heil Trailer International,2024,,,6,UNITED STATES (USA),TENNESSEE,ATHENS,,,61,Trailer,,,,,15,Tank Trailer,4,Straight Semi/Semi Trailer,45.000,AL 306/406,2,,
29,290604,3,1,1GR1P062*NT******,2025-06-27 04:48:03,0,6,TRAILER,1073,GREAT DANE TRAILERS,520,GREAT DANE TRAILERS,13436,Great Dane Trailers,2022,,,6,UNITED STATES (USA),INDIANA,TERRE HAUTE,,,61,Trailer,,,,,5,Box or Van Enclosed Trailer,6,Kingpin,53.000,"Semitrailer - Dry freight, Reefer, or Insulated van",2,,
29,290610,2,1,1T9SC422*JB656***,2025-06-27 04:48:03,0,6,TRAILER,2304,"TRINITY TRAILER MFG., INC.",3552,"TRINITY TRAILER MFG., INC.",7903,"TRINITY TRAILER MFG., INC.",2018,,,6,UNITED STATES (USA),IDAHO,BOISE,,,61,Trailer,,,,,180,"Grain, Chip, or Gravel Trailer",4,Straight Semi/Semi Trailer,42.000,Commodity Body Trailer,2,,
29,290631,1,1,1GRAA962*5W******,2025-06-27 04:48:03,0,6,TRAILER,1073,GREAT DANE TRAILERS,520,GREAT DANE TRAILERS,13436,Great Dane Trailers,2005,,,6,UNITED STATES (USA),NEBRASKA,WAYNE,,,61,Trailer,,,,,5,Box or Van Enclosed Trailer,4,Straight Semi/Semi Trailer,96.000,Dry Freight/ Reefer/ Insulated Van,2,,
29,290645,1,1,1TDH4002*4B******,2025-06-27 04:48:03,0,6,TRAILER,8330,TIMPTE INC.,5331,"TIMPTE, INC",13636,Timpte,2004,,,6,UNITED STATES (USA),NEBRASKA,DAVID CITY,,"Seventh VIN position indicates the additional length of the trailer to the nearest inch up to 9 inches. If the additional length is 10 inches or more the seventh character is zero (0) and the sixth character will be increased to the next foot. For example : a 42ft 9in trailer will be represent in VIN position 5, 6 & 7 as ""429"" and a 42ft 10in. trailer will be represented in VIN position 5 , 6 & 7 as ""430"" respectively.",61,Trailer,,,,,180,"Grain, Chip, or Gravel Trailer",,,40.000,Dry Bulk-Bottom Hopper Trailer,2,,
29,290647,3,1,1TDH4002*FB******,2025-06-27 04:48:03,0,6,TRAILER,8330,TIMPTE INC.,5331,"TIMPTE, INC",13636,Timpte,2015,,,6,UNITED STATES (USA),NEBRASKA,DAVID CITY,,"Seventh VIN position indicates the additional length of the trailer to the nearest inch up to 9 inches. If the additional length is 10 inches or more the seventh character is zero (0) and the sixth character will be increased to the next foot. For example : a 42ft 9in trailer will be represent in VIN position 5, 6 & 7 as ""429"" and a 42ft 10in. trailer will be represented in VIN position 5 , 6 & 7 as ""430"" respectively.",61,Trailer,,,,,180,"Grain, Chip, or Gravel Trailer",,,40.000,Dry Bulk-Bottom Hopper Trailer,2,,
29,290651,1,1,1E9EB392*2L185***,2025-06-27 04:48:03,0,6,TRAILER,17082,"EVERLITE, INC",7438,"EVERLITE, INC",29822,"EverLite, Inc",2002,,,6,UNITED STATES (USA),TEXAS,LONGVIEW,,"Side Ht = 57""",61,Trailer,,,,,4,Dump Trailer,,,39.000,End Dump Trailer,2,,
29,290665,2,1,1DW1A402*FS******,2025-06-27 04:48:03,0,6,TRAILER,13506,"STOUGHTON TRAILERS, INC.",3414,STOUGHTON TRAILERS,7701,Stoughton trailers,2015,,,6,UNITED STATES (USA),WISCONSIN,STOUGHTON,"Stoughton Trailers, INC",,61,Trailer,,,,,5,Box or Van Enclosed Trailer,4,Straight Semi/Semi Trailer,40.000,Van Trailer,2,,
29,290681,1,1,3H3J201S*HT******,2025-06-27 04:48:03,0,6,TRAILER,14282,"HYUNDAI DE MEXICO, S.A. DE C.V.",4876,HYUNDAI TRANSLEAD TRAILERS,11496,Hyundai Translead Trailers,2017,,,12,MEXICO,BAJA CALIFORNIA,TIJUANA,,,61,Trailer,,,,,45,Dolly,,,20.000,Material: Steel,1,,
29,290700,3,1,1GRAP062*GJ******,2025-06-27 04:48:03,0,6,TRAILER,1073,GREAT DANE TRAILERS,520,GREAT DANE TRAILERS,13436,Great Dane Trailers,2016,,,6,UNITED STATES (USA),ARKANSAS,JONESBORO,,"Jacksonville Florida (ended 02/1988); Jonesboro, Arkansas (effective 09/03/02)",61,Trailer,,,,,5,Box or Van Enclosed Trailer,4,Straight Semi/Semi Trailer,53.000,Dry Freight Van / Reefer Van / Insulated Van,2,,
29,290704,1,1,1TDH4222*5B******,2025-06-27 04:48:03,1,6,TRAILER,8330,TIMPTE INC.,5331,"TIMPTE, INC",13636,Timpte,2005,,,6,UNITED STATES (USA),NEBRASKA,DAVID CITY,,"Seventh VIN position indicates the additional length of the trailer to the nearest inch up to 9 inches. If the additional length is 10 inches or more the seventh character is zero (0) and the sixth character will be increased to the next foot. For example : a 42ft 9in trailer will be represent in VIN position 5, 6 & 7 as ""429"" and a 42ft 10in. trailer will be represented in VIN position 5 , 6 & 7 as ""430"" respectively.",61,Trailer,,,,,180,"Grain, Chip, or Gravel Trailer",,,42.000,Dry Bulk-Bottom Hopper Trailer,2,,
29,290704,3,1,1JJV532D*RL******,2025-06-27 04:48:03,0,6,TRAILER,14508,WABASH NATIONAL CORPORATION,12319,WABASH VANS,10942,Dry Van Duraplate,2024,,,6,UNITED STATES (USA),INDIANA,LAFAYETTE,,,61,Trailer,,,,,5,Box or Van Enclosed Trailer,6,Kingpin,53.000,Van Trailer,2,,
29,290712,2,1,1JJV532D*GL******,2025-06-27 04:48:03,0,6,TRAILER,14508,WABASH NATIONAL CORPORATION,12319,WABASH VANS,10942,Dry Van Duraplate,2016,,,6,UNITED STATES (USA),INDIANA,LAFAYETTE,,,61,Trailer,,,,,5,Box or Van Enclosed Trailer,,,53.000,,2,,
29,290750,4,1,5EF2GC43*SB******,2025-06-27 04:48:03,0,6,TRAILER,4094,CHEETAH CHASSIS CORPORATION,4029,CHEETAH CHASSIS,8699,CHEETAH CHASSIS,2025,,,6,UNITED STATES (USA),PENNSYLVANIA,BERWICK,,,61,Trailer,,,,,46,Incomplete Trailer Chassis,4,Straight Semi/Semi Trailer,43.000,Semi-Trailer/Gooseneck Chassis,2,,
29,290762,1,1,1DW1A532*PS******,2025-06-27 04:48:03,0,6,TRAILER,13506,"STOUGHTON TRAILERS, INC.",3414,STOUGHTON TRAILERS,7701,Stoughton trailers,2023,,,6,UNITED STATES (USA),WISCONSIN,STOUGHTON,"Stoughton Trailers, INC",,61,Trailer,,,,,5,Box or Van Enclosed Trailer,4,Straight Semi/Semi Trailer,53.000,Van Trailer,2,,
29,290764,2,1,5HABE202*SN******,2025-06-27 04:48:03,0,6,TRAILER,12754,HOMESTEADER LLC,1570,HOMESTEADER,5676,Homesteader,2025,,,6,UNITED STATES (USA),TENNESSEE,NEW TAZEWELL,,,61,Trailer,,,,,5,Box or Van Enclosed Trailer,1,Ball Type Pull,20.000,Enclosed Trailer,2,,
29,290765,2,1,4A2LD532*G3******,2025-06-27 04:48:03,0,6,TRAILER,5943,"M.H. EBY, INC.",5684,"M.H. EBY, INC",14899,"M.H. EBY, INC",2016,,,6,UNITED STATES (USA),IOWA,STORY CITY,,,61,Trailer,,,,,13,Live Animal Trailer,,,53.000,Possum Belly/Drop Floor Trailer,2,,
29,290769,1,1,1UYVS248*S6******,2025-06-27 04:48:03,0,6,TRAILER,10289,UTILITY TRAILER MANUFACTURING COMPANY,10138,UTILITY TRAILER MANUFACTURER,26222,Utility Trailer Manufacturer,2025,,,6,UNITED STATES (USA),VIRGINIA,MARION,,,61,Trailer,,,,,5,Box or Van Enclosed Trailer,4,Straight Semi/Semi Trailer,48.000,,2,,
29,290770,1,1,1UYVS253*BG******,2025-06-27 04:48:03,0,6,TRAILER,10289,UTILITY TRAILER MANUFACTURING COMPANY,10138,UTILITY TRAILER MANUFACTURER,26222,Utility Trailer Manufacturer,2011,,,6,UNITED STATES (USA),VIRGINIA,GLADE SPRING,,,61,Trailer,,,,,5,Box or Van Enclosed Trailer,4,Straight Semi/Semi Trailer,53.000,,2,,
29,290772,3,1,1DW1A532*CS******,2025-06-27 04:48:03,0,6,TRAILER,13506,"STOUGHTON TRAILERS, INC.",3414,STOUGHTON TRAILERS,7701,Stoughton trailers,2012,,,6,UNITED STATES (USA),WISCONSIN,STOUGHTON,"Stoughton Trailers, INC",,61,Trailer,,,,,5,Box or Van Enclosed Trailer,4,Straight Semi/Semi Trailer,53.000,Van Trailer,2,,
29,290773,3,1,1JJV532D*RL******,2025-06-27 04:48:03,0,6,TRAILER,14508,WABASH NATIONAL CORPORATION,12319,WABASH VANS,10942,Dry Van Duraplate,2024,,,6,UNITED STATES (USA),INDIANA,LAFAYETTE,,,61,Trailer,,,,,5,Box or Van Enclosed Trailer,6,Kingpin,53.000,Van Trailer,2,,
29,290791,3,1,5V8VA532*MT******,2025-06-27 04:48:03,0,6,TRAILER,16522,VANGUARD NATIONAL TRAILER CORPORTATION,6474,VANGUARD NATIONAL TRAILER CORPORATION (VNTC),17782,VANGUARD NATIONAL TRAILER CORPORATION (VNTC),2021,,,6,UNITED STATES (USA),GEORGIA,TRENTON,,,61,Trailer,,,,,5,Box or Van Enclosed Trailer,6,Kingpin,53.000,"Interior Post Aluminum Sheet Trailer (VIP, MaxCube)",,3,Tandem
29,290803,2,1,1UYVS253*FM******,2025-06-27 04:48:03,0,6,TRAILER,10289,UTILITY TRAILER MANUFACTURING COMPANY,10138,UTILITY TRAILER MANUFACTURER,26222,Utility Trailer Manufacturer,2015,,,6,UNITED STATES (USA),VIRGINIA,MARION,,,61,Trailer,,,,,5,Box or Van Enclosed Trailer,4,Straight Semi/Semi Trailer,53.000,,2,,
29,290830,2,1,1DW3C532*RS******,2025-06-27 04:48:03,1,6,TRAILER,13506,"STOUGHTON TRAILERS, INC.",3414,STOUGHTON TRAILERS,7701,Stoughton trailers,2024,,,6,UNITED STATES (USA),WISCONSIN,STOUGHTON,"Stoughton Trailers, INC",,61,Trailer,,,,,46,Incomplete Trailer Chassis,30,Other,53.000,Dolly,2,,
29,290833,1,1,1W1K6522*N5******,2025-06-27 04:48:03,0,6,TRAILER,11681,WILSON TRAILER CO.,10450,WILSON,27561,Wilson,2022,,,6,UNITED STATES (USA),SOUTH DAKOTA,YANKTON,,,61,Trailer,,,,,13,Live Animal Trailer,6,Kingpin,52.000,,2,,
29,290844,2,1,5HTAM432*37******,2025-06-27 04:48:03,0,6,TRAILER,5564,"HEIL TRAILER INTERNATIONAL, CO",2365,HEIL TRAILER INTERNATIONAL,6142,Heil Trailer International,2003,,,6,UNITED STATES (USA),TENNESSEE,ATHENS,,,61,Trailer,,,,,15,Tank Trailer,,,43.000,AL 306/406,2,,
29,290878,1,1,1JJV532D*RL******,2025-06-27 04:48:03,0,6,TRAILER,14508,WABASH NATIONAL CORPORATION,12319,WABASH VANS,10942,Dry Van Duraplate,2024,,,6,UNITED STATES (USA),INDIANA,LAFAYETTE,,,61,Trailer,,,,,5,Box or Van Enclosed Trailer,6,Kingpin,53.000,Van Trailer,2,,
30,300012,2,1,1JJV532B*HL******,2025-06-27 04:48:03,0,6,TRAILER,14508,WABASH NATIONAL CORPORATION,12319,WABASH VANS,10945,Refrigerated Van,2017,,,6,UNITED STATES (USA),INDIANA,LAFAYETTE,,,61,Trailer,,,,,5,Box or Van Enclosed Trailer,,,53.000,,2,,
30,300012,3,1,1GR1A062*LK******,2025-06-27 04:48:03,0,6,TRAILER,1073,GREAT DANE TRAILERS,520,GREAT DANE TRAILERS,13436,Great Dane Trailers,2020,,,6,UNITED STATES (USA),ILLINOIS,KEWANEE,,,61,Trailer,,,,,5,Box or Van Enclosed Trailer,6,Kingpin,53.000,"Semitrailer - Dry freight, Reefer, or Insulated van",2,,
30,300021,2,1,1W14483A*C2******,2025-06-27 04:48:03,0,6,TRAILER,11681,WILSON TRAILER CO.,10450,WILSON,27561,Wilson,2012,,,6,UNITED STATES (USA),IOWA,SIOUX CITY,,,61,Trailer,,,,,180,"Grain, Chip, or Gravel Trailer",,,48.000,Type of suspension: Air Ride,3,,
30,300026,1,1,3H3V532C*JT******,2025-06-27 04:48:03,0,6,TRAILER,14282,"HYUNDAI DE MEXICO, S.A. DE C.V.",4876,HYUNDAI TRANSLEAD TRAILERS,11496,Hyundai Translead Trailers,2018,,,12,MEXICO,BAJA CALIFORNIA,TIJUANA,,,61,Trailer,,,,,5,Box or Van Enclosed Trailer,,,53.000,Van Trailer,2,,
30,300029,2,1,5DN11402*LB******,2025-06-27 04:48:03,0,6,TRAILER,8543,WESTERN TRAILER COMPANY,3808,WESTERN TRAILER COMPANY,8295,Western Trailer Company,2020,,,6,UNITED STATES (USA),IDAHO,BOISE,Western Trailer Company,,61,Trailer,,,,,6,Flatbed or Platform Trailer,4,Straight Semi/Semi Trailer,40.000,"Flatbed (Classic, Elite, Hopper, Flat)",2,,
30,300029,2,2,16V1C252*R4******,2025-06-27 04:48:03,0,6,TRAILER,9132,"BIG TEX TRAILER MANUFACTURING, LLC",1136,BIG TEX,5625,Big Tex,2024,,,6,UNITED STATES (USA),IDAHO,CALDWELL,"Big Tex Trailer Manufacturing, Inc.",,61,Trailer,,,,,3,Car Hauler Trailer,14,Bumper Pull,25.000,,2,,
30,300034,1,1,4P53F492*P1******,2025-06-27 04:48:03,0,6,TRAILER,16013,"PJ TRAILERS MANUFACTURING, INC.",6060,PJ,28324,PJ,2023,,,6,UNITED STATES (USA),TEXAS,SUMNER,,,61,Trailer,,,,,6,Flatbed or Platform Trailer,3,Gooseneck,49.000,,2,,
30,300034,5,1,5WFBC242*MB******,2025-06-27 04:48:03,0,6,TRAILER,11136,ALCOM HOLDING COMPANY LLC,1296,ALCOM LLC,4626,Alcom LLC,2021,,,6,UNITED STATES (USA),MONTANA,BONNER,,,61,Trailer,,,,,5,Box or Van Enclosed Trailer,1,Ball Type Pull,24.000,Enclosed Car Hauler,2,,
30,300034,6,1,1GRAP062*GJ******,2025-06-27 04:48:03,0,6,TRAILER,1073,GREAT DANE TRAILERS,520,GREAT DANE TRAILERS,13436,Great Dane Trailers,2016,,,6,UNITED STATES (USA),ARKANSAS,JONESBORO,,"Jacksonville Florida (ended 02/1988); Jonesboro, Arkansas (effective 09/03/02)",61,Trailer,,,,,5,Box or Van Enclosed Trailer,4,Straight Semi/Semi Trailer,53.000,Dry Freight Van / Reefer Van / Insulated Van,2,,
30,300043,1,1,4ZECH222*C1******,2025-06-27 04:48:03,0,6,TRAILER,3684,LOAD TRAIL LLC,2111,LOAD TRAIL,5874,Load Trail,2012,,,6,UNITED STATES (USA),TEXAS,SUMNER,,,61,Trailer,,,,,3,Car Hauler Trailer,,,22.000,,2,,
30,300048,2,1,46UFU202*N1******,2025-06-27 04:48:03,0,6,TRAILER,16231,"ROADCLIPPER ENTERPRISES, INC.",9987,"ROADCLIPPER ENTERPRISES, INC.",25839,"Roadclipper Enterprises, Inc.",2022,,,6,UNITED STATES (USA),TEXAS,MT. PLEASANT,,,61,Trailer,,,,,16,Utility Trailer,3,Gooseneck,20.000,Gooseneck - 5th Wheel or Pin,2,,
30,300054,2,1,16V1C272*M4******,2025-06-27 04:48:03,0,6,TRAILER,9132,"BIG TEX TRAILER MANUFACTURING, LLC",1136,BIG TEX,5625,Big Tex,2021,,,6,UNITED STATES (USA),IDAHO,CALDWELL,"Big Tex Trailer Manufacturing, Inc.",,61,Trailer,,,,,3,Car Hauler Trailer,14,Bumper Pull,27.000,,2,,
30,300065,2,1,1MDBE8R1*SA******,2025-06-27 04:48:03,0,6,TRAILER,3805,MIDWEST INDUSTRIES INC,6317,SHORELAND'R,24784,ShoreLand'r,1995,R1821/24,,6,UNITED STATES (USA),IOWA,IDA GROVE,,,61,Trailer,,,,,2,Boat Trailer,,,20.000,"NO.1 - 2630 MAX GAWR, B78X13-C TIRE SIZE, 13X4.5 J RIM SIZE, 50 PSI  NO.2 - 2960 MAX GAWR, ST185/80D13C TIRE SIZE, 13X4.5 J RIM SIZE, 50 PSI",1,,
30,300082,1,1,4X4TRLY2*AD******,2025-06-27 04:48:03,0,6,TRAILER,1084,"FOREST RIVER, INC.",531,FOREST RIVER,3158,Rockwood Lite Weight Trailers,2010,,,6,UNITED STATES (USA),INDIANA,MILLERSBURG,,Address: 201 W. Elm & 66135 SR 13,61,Trailer,,,,,10,Camping or Travel Trailer,,,23.000,Travel Trailer,2,,
30,300085,1,1,5WSAWB34*6N******,2025-06-27 04:48:03,0,6,TRAILER,10142,WALKER STAINLESS EQUIPMENT CO,6978,WALKER,18560,DOT/TC-406,2006,,,6,UNITED STATES (USA),WISCONSIN,NEW LISBON,,,61,Trailer,,,,,15,Tank Trailer,,,,Trailer Material: Aluminum,3,,
30,300112,2,1,4YMKK101*FC******,2025-06-27 04:48:03,1,6,TRAILER,13315,"CARRY-ON TRAILER, INC.",4933,CARRY-ON TRAILER,21268,Kit Trailer,2015,,,6,UNITED STATES (USA),VIRGINIA,CALLAO,,,61,Trailer,,,,,16,Utility Trailer,3,Gooseneck,10.000,,1,,
30,300114,2,1,1RNF53A3*FR******,2025-06-27 04:48:03,0,6,TRAILER,3579,"REITNOUER, INC.",5594,REITNOUER INC,14493,Reitnouer Inc Trailers,2015,,,6,UNITED STATES (USA),PENNSYLVANIA,READING,,,61,Trailer,9,"Class 8: 33,001 lb and above (14,969 kg and above)",,,6,Flatbed or Platform Trailer,6,Kingpin,53.000,Airride,3,,
30,300116,2,1,1RNF48A2*7R******,2025-06-27 04:48:03,0,6,TRAILER,3579,"REITNOUER, INC.",5594,REITNOUER INC,14493,Reitnouer Inc Trailers,2007,,,6,UNITED STATES (USA),PENNSYLVANIA,READING,,,61,Trailer,9,"Class 8: 33,001 lb and above (14,969 kg and above)",,,6,Flatbed or Platform Trailer,6,Kingpin,48.000,Airride,2,,
30,300136,2,1,5NHUNS01*NU******,2025-06-27 04:48:03,0,6,TRAILER,1084,"FOREST RIVER, INC.",531,FOREST RIVER,3029,Sunshine,2022,,,6,UNITED STATES (USA),GEORGIA,OCILLA,,Address: 193 Industrial Drive,61,Trailer,,,,,16,Utility Trailer,1,Ball Type Pull,10.000,,1,,
30,300153,2,1,1DST722L*K1******,2025-06-27 04:48:03,0,6,TRAILER,12855,CHARLES MACHINE WORKS,1527,DITCH WITCH,24797,VT20,2019,,,6,UNITED STATES (USA),OKLAHOMA,PERRY,,,61,Trailer,,,,,15,Tank Trailer,2,Pintle Hitch/Hook,21.000,,2,,
30,300154,1,1,3H3V532K*PS******,2025-06-27 04:48:03,0,6,TRAILER,14282,"HYUNDAI DE MEXICO, S.A. DE C.V.",4876,HYUNDAI TRANSLEAD TRAILERS,11496,Hyundai Translead Trailers,2023,,,12,MEXICO,BAJA CALIFORNIA,ROSARITO,,Body Type: SEMITRAILER,61,Trailer,,,,,5,Box or Van Enclosed Trailer,6,Kingpin,53.000,,2,,
30,300164,2,1,1UYVS128*EU******,2025-06-27 04:48:03,0,6,TRAILER,10289,UTILITY TRAILER MANUFACTURING COMPANY,10138,UTILITY TRAILER MANUFACTURER,26222,Utility Trailer Manufacturer,2014,,,6,UNITED STATES (USA),UTAH,CLEARFIELD,,,61,Trailer,,,,,5,Box or Van Enclosed Trailer,4,Straight Semi/Semi Trailer,28.000,,1,,
30,300164,2,2,1UYVS248*FU******,2025-06-27 04:48:03,0,6,TRAILER,10289,UTILITY TRAILER MANUFACTURING COMPANY,10138,UTILITY TRAILER MANUFACTURER,26222,Utility Trailer Manufacturer,2015,,,6,UNITED STATES (USA),UTAH,CLEARFIELD,,,61,Trailer,,,,,5,Box or Van Enclosed Trailer,4,Straight Semi/Semi Trailer,48.000,,2,,
30,300176,2,1,2C9SBU3W*MM183***,2025-06-27 04:48:03,0,6,TRAILER,12176,5274398 MANITOBA LTD,11958,CROSS COUNTRY MFG.,30894,Cross Country Mfg.,2021,,,1,CANADA,MANITOBA,MORDEN,,,61,Trailer,9,"Class 8: 33,001 lb and above (14,969 kg and above)",,,4,Dump Trailer,,,,Steel Body + Chassis,3,,
30,300176,2,2,2C9SBG2S*MM183***,2025-06-27 04:48:03,0,6,TRAILER,12176,5274398 MANITOBA LTD,11958,CROSS COUNTRY MFG.,30894,Cross Country Mfg.,2021,,,1,CANADA,MANITOBA,MORDEN,,,61,Trailer,9,"Class 8: 33,001 lb and above (14,969 kg and above)",,,4,Dump Trailer,,,,Steel Body + Chassis,2,,
30,300187,1,1,1GR1A062*JW******,2025-06-27 04:48:03,0,6,TRAILER,1073,GREAT DANE TRAILERS,520,GREAT DANE TRAILERS,13436,Great Dane Trailers,2018,,,6,UNITED STATES (USA),NEBRASKA,WAYNE,,,61,Trailer,,,,,5,Box or Van Enclosed Trailer,6,Kingpin,53.000,"Semitrailer - Dry freight, Reefer, or Insulated van",2,,
31,310007,1,1,1UYVS253*R3******,2025-06-27 04:48:03,0,6,TRAILER,10289,UTILITY TRAILER MANUFACTURING COMPANY,10138,UTILITY TRAILER MANUFACTURER,26222,Utility Trailer Manufacturer,2024,,,6,UNITED STATES (USA),ARKANSAS,PARAGOULD,,,61,Trailer,,,,,5,Box or Van Enclosed Trailer,4,Straight Semi/Semi Trailer,53.000,,2,,
31,310013,1,1,4HUTA442*SG******,2025-06-27 04:48:03,0,6,TRAILER,5897,TEXAS TRAILER SERVICE,6822,TEXAS TRAILER SERVICE,18284,TEXAS TRAILER SERVICE,2025,,,6,UNITED STATES (USA),TEXAS,GAINESVILLE,,,61,Trailer,,,,,15,Tank Trailer,,,44.000,LPG/NH3,2,,
31,310014,3,1,1UYVS253*N2******,2025-06-27 04:48:03,0,6,TRAILER,10289,UTILITY TRAILER MANUFACTURING COMPANY,10138,UTILITY TRAILER MANUFACTURER,26222,Utility Trailer Manufacturer,2022,,,6,UNITED STATES (USA),UTAH,CLEARFIELD,,,61,Trailer,,,,,5,Box or Van Enclosed Trailer,4,Straight Semi/Semi Trailer,53.000,,2,,
31,310057,1,1,5WSABB23*LN******,2025-06-27 04:48:03,0,6,TRAILER,10142,WALKER STAINLESS EQUIPMENT CO,6978,WALKER,32634,NON-DOT/TC Spec,2020,3A/Foodgrade/Water/Fertilizer/Septic/Dry Bulk/Etc.,,6,UNITED STATES (USA),WISCONSIN,NEW LISBON,,,61,Trailer,,,,,15,Tank Trailer,4,Straight Semi/Semi Trailer,,Length of Trailer: 40-49 feet,2,,
31,310060,1,1,1H95D523*NA733***,2025-06-27 04:48:03,0,6,TRAILER,18987,HOGAN MFG INC. DBA MURRAY TRAILERS,9951,MURRAY TRAILERS,25734,Murray Trailers,2022,,,6,UNITED STATES (USA),CALIFORNIA,STOCKTON,,,61,Trailer,,,,,6,Flatbed or Platform Trailer,6,Kingpin,52.000,12 Tire Lowbed Double Drop,3,,
31,310061,1,1,1TTF532A*G3******,2025-06-27 04:48:03,0,6,TRAILER,8231,TRANSCRAFT CORPORATION,12051,BENSON/WABASH,27664,Aluminium Flatbed,2016,,,6,UNITED STATES (USA),KENTUCKY,CADIZ,,,61,Trailer,,,,,6,Flatbed or Platform Trailer,6,Kingpin,53.000,,2,,
31,310061,2,1,3UTVS253*P8******,2025-06-27 04:48:03,0,6,TRAILER,10289,UTILITY TRAILER MANUFACTURING COMPANY,10138,UTILITY TRAILER MANUFACTURER,26222,Utility Trailer Manufacturer,2023,,,12,MEXICO,,PIEDRAS NEGRAS,,,61,Trailer,,,,,5,Box or Van Enclosed Trailer,4,Straight Semi/Semi Trailer,53.000,,2,,
31,310062,2,1,1JJV532W*8L******,2025-06-27 04:48:03,0,6,TRAILER,14508,WABASH NATIONAL CORPORATION,4847,WABASH,13327,Wabash National Corporation,2008,,,6,UNITED STATES (USA),INDIANA,LAFAYETTE,,,61,Trailer,,,,,5,Box or Van Enclosed Trailer,,,53.000,,2,,
31,310072,1,1,5MAPA482*LA******,2025-06-27 04:48:03,0,6,TRAILER,5950,"MAC TRAILER MFG, INC.",6826,MAC TRAILER MANUFACTURING,18288,MAC TRAILER MANUFACTURING,2020,,,6,UNITED STATES (USA),,SALEM,ALLEN ROAD 20,,61,Trailer,,,,,6,Flatbed or Platform Trailer,6,Kingpin,48.000,Body with Aluminum Frame,2,,
31,310079,1,1,1W16FF5B*9A******,2025-06-27 04:48:03,0,6,TRAILER,11681,WILSON TRAILER CO.,3855,WILSON TRAILER CO.,8390,Wilson Trailer Co.,2009,RIDGE STRAPS - ROLL TARP,,6,UNITED STATES (USA),IOWA,SIOUX CITY,PLANT 2,,61,Trailer,,,,,180,"Grain, Chip, or Gravel Trailer",,,47.000,Type of Trailer: ALUMINUM DOUBLE WALL GRAIN -WALKING FLOOR (DWG-W),2,,
31,310082,2,1,1W14483A*G2******,2025-06-27 04:48:03,0,6,TRAILER,11681,WILSON TRAILER CO.,10450,WILSON,27561,Wilson,2016,,,6,UNITED STATES (USA),IOWA,SIOUX CITY,,,61,Trailer,,,,,180,"Grain, Chip, or Gravel Trailer",,,48.000,Type of suspension: Air Ride,3,,
31,310108,2,1,1UYVS253*M7******,2025-06-27 04:48:03,0,6,TRAILER,10289,UTILITY TRAILER MANUFACTURING COMPANY,10138,UTILITY TRAILER MANUFACTURER,26222,Utility Trailer Manufacturer,2021,,,6,UNITED STATES (USA),VIRGINIA,GLADE SPRING,,,61,Trailer,,,,,5,Box or Van Enclosed Trailer,4,Straight Semi/Semi Trailer,53.000,,2,,
31,310112,1,1,7KYDF532*PE******,2025-06-27 04:48:03,0,6,TRAILER,5550,DORSEY TRAILER LLC,11972,DORSEY,30932,Dorsey,2023,,,6,UNITED STATES (USA),ALABAMA,ELBA,,Label of the trailer: DORSEY,61,Trailer,,,,,6,Flatbed or Platform Trailer,6,Kingpin,53.000,Drop Flatbed,2,,
31,310113,2,1,1PLX0533*FP******,2025-06-27 04:48:03,0,6,TRAILER,18041,PEERLESS CORPORATION,9288,PEERLESS,23523,Peerless,2015,,,6,UNITED STATES (USA),ARKANSAS,PARAGOULD,,,61,Trailer,,,,,,,,,53.000,Rubbish Type,3,,
31,310117,1,1,5V8VC532*LT******,2025-06-27 04:48:03,0,6,TRAILER,16522,VANGUARD NATIONAL TRAILER CORPORTATION,6474,VANGUARD NATIONAL TRAILER CORPORATION (VNTC),17782,VANGUARD NATIONAL TRAILER CORPORATION (VNTC),2020,,,6,UNITED STATES (USA),GEORGIA,TRENTON,,,61,Trailer,,,,,5,Box or Van Enclosed Trailer,6,Kingpin,53.000,Dry Freight Trailer,,3,Tandem
31,310138,2,1,1TDH4803*SB******,2025-06-27 04:48:03,0,6,TRAILER,8330,TIMPTE INC.,5331,"TIMPTE, INC",13636,Timpte,2025,,,6,UNITED STATES (USA),NEBRASKA,DAVID CITY,,"Seventh VIN position indicates the additional length of the trailer to the nearest inch up to 9 inches. If the additional length is 10 inches or more the seventh character is zero (0) and the sixth character will be increased to the next foot. For example : a 42ft 9in trailer will be represent in VIN position 5, 6 & 7 as ""429"" and a 42ft 10in. trailer will be represented in VIN position 5 , 6 & 7 as ""430"" respectively.",61,Trailer,,,,,180,"Grain, Chip, or Gravel Trailer",,,48.000,Dry Bulk Bottom Hopper Trailer,3,,
31,310145,2,1,1GR1A062*SL******,2025-06-27 04:48:03,0,6,TRAILER,1073,GREAT DANE TRAILERS,520,GREAT DANE TRAILERS,13436,Great Dane Trailers,2025,,,6,UNITED STATES (USA),PENNSYLVANIA,ELYSBURG,,,61,Trailer,,,,,5,Box or Van Enclosed Trailer,6,Kingpin,53.000,"Semitrailer - Dry freight, Reefer, or Insulated van",2,,
31,310159,2,1,1GR1A062*LW******,2025-06-27 04:48:03,0,6,TRAILER,1073,GREAT DANE TRAILERS,520,GREAT DANE TRAILERS,13436,Great Dane Trailers,2020,,,6,UNITED STATES (USA),NEBRASKA,WAYNE,,,61,Trailer,,,,,5,Box or Van Enclosed Trailer,6,Kingpin,53.000,"Semitrailer - Dry freight, Reefer, or Insulated van",2,,
31,310160,2,1,1JJV532W*2L******,2025-06-27 04:48:03,0,6,TRAILER,14508,WABASH NATIONAL CORPORATION,4847,WABASH,13327,Wabash National Corporation,2002,,,6,UNITED STATES (USA),INDIANA,LAFAYETTE,,,61,Trailer,,,,,5,Box or Van Enclosed Trailer,,,53.000,,2,,
31,310194,1,1,1RNF48A2*GR******,2025-06-27 04:48:03,0,6,TRAILER,3579,"REITNOUER, INC.",5594,REITNOUER INC,14493,Reitnouer Inc Trailers,2016,,,6,UNITED STATES (USA),PENNSYLVANIA,READING,,,61,Trailer,9,"Class 8: 33,001 lb and above (14,969 kg and above)",,,6,Flatbed or Platform Trailer,6,Kingpin,48.000,Airride,2,,
31,310205,2,1,3H3C532S*KT******,2025-06-27 04:48:03,0,6,TRAILER,14282,"HYUNDAI DE MEXICO, S.A. DE C.V.",4876,HYUNDAI TRANSLEAD TRAILERS,11496,Hyundai Translead Trailers,2019,,,12,MEXICO,BAJA CALIFORNIA,TIJUANA,,,61,Trailer,,,,,109,Intermodal Container Chassis or Trailer,,,53.000,Material: Steel,2,,
31,310221,1,1,1UYVS253*K2******,2025-06-27 04:48:03,0,6,TRAILER,10289,UTILITY TRAILER MANUFACTURING COMPANY,10138,UTILITY TRAILER MANUFACTURER,26222,Utility Trailer Manufacturer,2019,,,6,UNITED STATES (USA),UTAH,CLEARFIELD,,,61,Trailer,,,,,5,Box or Van Enclosed Trailer,4,Straight Semi/Semi Trailer,53.000,,2,,
32,320056,1,1,5V8VC532*PT******,2025-06-27 04:48:03,0,6,TRAILER,16522,VANGUARD NATIONAL TRAILER CORPORTATION,6474,VANGUARD NATIONAL TRAILER CORPORATION (VNTC),17782,VANGUARD NATIONAL TRAILER CORPORATION (VNTC),2023,,,6,UNITED STATES (USA),GEORGIA,TRENTON,,,61,Trailer,,,,,5,Box or Van Enclosed Trailer,6,Kingpin,53.000,Dry Freight Trailer,,3,Tandem
32,320062,2,1,1KKVA452*3L******,2025-06-27 04:48:03,0,6,TRAILER,2340,KENTUCKY MANUFACTURING CO.,2048,KENTUCKY,5803,Dry Freight Trailer,2003,,,6,UNITED STATES (USA),KENTUCKY,LOUISVILLE,Kentucky Manufacturing Co.,,61,Trailer,,,,,5,Box or Van Enclosed Trailer,,,45.000,Van Trailer,2,,
32,320075,1,1,1JJV532B*JL******,2025-06-27 04:48:03,0,6,TRAILER,14508,WABASH NATIONAL CORPORATION,12319,WABASH VANS,10945,Refrigerated Van,2018,,,6,UNITED STATES (USA),INDIANA,LAFAYETTE,,,61,Trailer,,,,,5,Box or Van Enclosed Trailer,,,53.000,,2,,
32,320091,2,1,1UYVS253*L6******,2025-06-27 04:48:03,0,6,TRAILER,10289,UTILITY TRAILER MANUFACTURING COMPANY,10138,UTILITY TRAILER MANUFACTURER,26222,Utility Trailer Manufacturer,2020,,,6,UNITED STATES (USA),VIRGINIA,MARION,,,61,Trailer,,,,,5,Box or Van Enclosed Trailer,4,Straight Semi/Semi Trailer,53.000,,2,,
32,320098,2,1,1UYVS253*K2******,2025-06-27 04:48:03,0,6,TRAILER,10289,UTILITY TRAILER MANUFACTURING COMPANY,10138,UTILITY TRAILER MANUFACTURER,26222,Utility Trailer Manufacturer,2019,,,6,UNITED STATES (USA),UTAH,CLEARFIELD,,,61,Trailer,,,,,5,Box or Van Enclosed Trailer,4,Straight Semi/Semi Trailer,53.000,,2,,
32,320124,2,1,1GR1A062*MW******,2025-06-27 04:48:03,0,6,TRAILER,1073,GREAT DANE TRAILERS,520,GREAT DANE TRAILERS,13436,Great Dane Trailers,2021,,,6,UNITED STATES (USA),NEBRASKA,WAYNE,,,61,Trailer,,,,,5,Box or Van Enclosed Trailer,6,Kingpin,53.000,"Semitrailer - Dry freight, Reefer, or Insulated van",2,,
32,320169,2,1,5DN16462*8B******,2025-06-27 04:48:03,0,6,TRAILER,8543,WESTERN TRAILER COMPANY,3808,WESTERN TRAILER COMPANY,8295,Western Trailer Company,2008,,,6,UNITED STATES (USA),IDAHO,BOISE,Western Trailer Company,,61,Trailer,,,,,6,Flatbed or Platform Trailer,4,Straight Semi/Semi Trailer,46.000,"Curtain Side Trailer (Elite, Classic, Supervan)",2,,
32,320192,2,1,1Z9W8LR2*LY397***,2025-06-27 04:48:03,0,6,TRAILER,1711,ORCHARD MACHINERY CORPORATION,2485,WESCO,6308,WESCO,2020,,,6,UNITED STATES (USA),CALIFORNIA,YUBA CITY,,,61,Trailer,,,,,180,"Grain, Chip, or Gravel Trailer",14,Bumper Pull,36.000,CRO Transfer Trailer,2,,
32,320192,2,2,1WRFH328*VW******,2025-06-27 04:48:03,0,6,TRAILER,11666,WESCO TRAILER SALES,8897,WESCO TRAILER SALES,23004,Wesco Trailer Sales,1997,,,6,UNITED STATES (USA),CALIFORNIA,WOODLAND,,,61,Trailer,9,"Class 8: 33,001 lb and above (14,969 kg and above)",,,46,Incomplete Trailer Chassis,,,,Type: Full Trailer (Pull),2,,
32,320217,1,1,527SR532*LL******,2025-06-27 04:48:03,0,6,TRAILER,6703,VANGUARD REEFER TRAILER INC.,1561,"CIMC REEFER TRAILER,INC",4978,"CIMC REEFER TRAILER,INC.",2020,,,6,UNITED STATES (USA),CALIFORNIA,LOS ANGELES,"CIMC Reefer Trailer,Inc",,61,Trailer,,,,,5,Box or Van Enclosed Trailer,4,Straight Semi/Semi Trailer,53.000,Reefer Van Trailer,2,,
32,320249,2,1,1JJV532D*DL******,2025-06-27 04:48:03,0,6,TRAILER,14508,WABASH NATIONAL CORPORATION,12319,WABASH VANS,10942,Dry Van Duraplate,2013,,,6,UNITED STATES (USA),INDIANA,LAFAYETTE,,,61,Trailer,,,,,5,Box or Van Enclosed Trailer,,,53.000,,2,,
32,320254,3,1,1KKVE482*LL******,2025-06-27 04:48:03,0,6,TRAILER,2340,KENTUCKY MANUFACTURING CO.,2048,KENTUCKY,30822,Electronics Trailer,2020,,,6,UNITED STATES (USA),KENTUCKY,LOUISVILLE,Kentucky Manufacturing Co.,,61,Trailer,,,,,5,Box or Van Enclosed Trailer,,,48.000,Van Trailer,2,,
32,320265,2,1,1T9AZ1P3*X1030***,2025-06-27 04:48:03,0,6,TRAILER,16339,TUFF BOY SALES INC,6231,TUFF BOY SALES,17296,Tuff Boy Sales,1999,,,6,UNITED STATES (USA),CALIFORNIA,MANTECA,,,61,Trailer,,,,,6,Flatbed or Platform Trailer,6,Kingpin,22.000,"Tire & Rim Combination: 11 x 20 w/8.25"" Rim",1,,
32,320265,2,2,1T9AZ1P4*X1030***,2025-06-27 04:48:03,0,6,TRAILER,16339,TUFF BOY SALES INC,6231,TUFF BOY SALES,17296,Tuff Boy Sales,1999,,,6,UNITED STATES (USA),CALIFORNIA,MANTECA,,,61,Trailer,,,,,6,Flatbed or Platform Trailer,6,Kingpin,22.000,"Tire & Rim Combination: 11 x 20 w/8.25"" Rim",2,,
32,320316,2,1,1TTE4820*M1******,2025-06-27 04:48:03,0,6,TRAILER,8231,TRANSCRAFT CORPORATION,10511,TRANSCRAFT,28401,Transcraft,1991,,,6,UNITED STATES (USA),ILLINOIS,ANNA,,,61,Trailer,,,,,6,Flatbed or Platform Trailer,6,Kingpin,48.000,Drop Deck Trailer,2,,
32,320329,2,1,16V1C252*L4******,2025-06-27 04:48:03,0,6,TRAILER,9132,"BIG TEX TRAILER MANUFACTURING, LLC",1136,BIG TEX,5625,Big Tex,2020,,,6,UNITED STATES (USA),IDAHO,CALDWELL,"Big Tex Trailer Manufacturing, Inc.",,61,Trailer,,,,,3,Car Hauler Trailer,14,Bumper Pull,25.000,,2,,
32,320333,3,1,1JJV532W*7L******,2025-06-27 04:48:03,0,6,TRAILER,14508,WABASH NATIONAL CORPORATION,4847,WABASH,13327,Wabash National Corporation,2007,,,6,UNITED STATES (USA),INDIANA,LAFAYETTE,,,61,Trailer,,,,,5,Box or Van Enclosed Trailer,,,53.000,,2,,
32,320335,1,1,1BN2P332*SK******,2025-06-27 04:48:03,0,6,TRAILER,4571,"BEALL MANUFACTURING, INC.",4862,BEALL TRAILERS,11201,Beall Trailers,2025,,,6,UNITED STATES (USA),WASHINGTON,KENT,,,61,Trailer,,,,,4,Dump Trailer,4,Straight Semi/Semi Trailer,33.000,,2,,
32,320338,2,1,1GRAA062*EB******,2025-06-27 04:48:03,0,6,TRAILER,1073,GREAT DANE TRAILERS,520,GREAT DANE TRAILERS,13436,Great Dane Trailers,2014,,,6,UNITED STATES (USA),INDIANA,BRAZIL,,,61,Trailer,,,,,5,Box or Van Enclosed Trailer,4,Straight Semi/Semi Trailer,53.000,Dry Freight Van / Reefer Van / Insulated Van,2,,
32,320348,2,1,5MADN402*RK******,2025-06-27 04:48:03,0,6,TRAILER,5950,"MAC TRAILER MFG, INC.",6826,MAC TRAILER MANUFACTURING,18288,MAC TRAILER MANUFACTURING,2024,,,6,UNITED STATES (USA),OKLAHOMA,DAVIS,,Sub Contract,61,Trailer,,,,,4,Dump Trailer,6,Kingpin,40.000,FRAMELESS BODY,2,,
32,320366,1,1,4N11K172*G0******,2025-06-27 04:48:03,0,6,TRAILER,11494,"NORTHWOOD MANUFACTURING, INC.",8202,NASH,21872,Northwood Investments Corporation,2016,,,6,UNITED STATES (USA),OREGON,LA GRANDE,,,61,Trailer,,,,,10,Camping or Travel Trailer,,,17.000,Standard Travel Trailer,2,,
33,330052,1,1,2M533146*91******,2025-06-27 04:48:03,0,6,TRAILER,5771,THE CANAM MANAC GROUP INC,7933,MANAC,21215,Manac Trailer,2009,,,1,CANADA,QUEBEC,ST. GEORGES,,,61,Trailer,,,,,111,Specialty Trailer,,,48.000,Wood Chips,3,,
33,330071,1,1,3H3V532K*RS******,2025-06-27 04:48:03,0,6,TRAILER,14282,"HYUNDAI DE MEXICO, S.A. DE C.V.",4876,HYUNDAI TRANSLEAD TRAILERS,11496,Hyundai Translead Trailers,2024,,,12,MEXICO,BAJA CALIFORNIA,ROSARITO,,Body Type: SEMITRAILER,61,Trailer,,,,,5,Box or Van Enclosed Trailer,6,Kingpin,53.000,,2,,
33,330086,2,1,16VCX162*52******,2025-06-27 04:48:03,0,6,TRAILER,9132,"BIG TEX TRAILER MANUFACTURING, LLC",1136,BIG TEX,5625,Big Tex,2005,,,6,UNITED STATES (USA),TEXAS,MOUNT PLEASANT,"Big Tex Trailer Manufacturing, Inc.",,61,Trailer,,,,,3,Car Hauler Trailer,,,16.000,Utility Trailer,2,,
34,340016,2,1,3H3V532C*HT******,2025-06-27 04:48:03,0,6,TRAILER,14282,"HYUNDAI DE MEXICO, S.A. DE C.V.",4876,HYUNDAI TRANSLEAD TRAILERS,11496,Hyundai Translead Trailers,2017,,,12,MEXICO,BAJA CALIFORNIA,TIJUANA,,,61,Trailer,,,,,5,Box or Van Enclosed Trailer,,,53.000,Van Trailer,2,,
34,340035,2,1,3H3V532C*KR******,2025-06-27 04:48:03,0,6,TRAILER,14282,"HYUNDAI DE MEXICO, S.A. DE C.V.",4876,HYUNDAI TRANSLEAD TRAILERS,11496,Hyundai Translead Trailers,2019,,,12,MEXICO,BAJA CALIFORNIA,ROSARITO,,,61,Trailer,,,,,5,Box or Van Enclosed Trailer,,,53.000,Van Trailer,2,,
34,340065,2,1,5E0AA144*CG******,2025-06-27 04:48:03,0,6,TRAILER,20895,"COTTRELL, INC.",12482,COTTRELL,32567,"C-09, C-11, CS-10, CS-12M3, CX-09, CX-5LSCH, CX-AK7, CX-LSFA-TRI",2012,,,6,UNITED STATES (USA),GEORGIA,GAINESVILLE,,,61,Trailer,,,,,58,Auto Transporter,5,Fifth Wheel,,Trailer Length (feet): 44-46,2,3,Tandem
34,340081,1,1,3H3V532C*LR******,2025-06-27 04:48:03,0,6,TRAILER,14282,"HYUNDAI DE MEXICO, S.A. DE C.V.",4876,HYUNDAI TRANSLEAD TRAILERS,11496,Hyundai Translead Trailers,2020,,,12,MEXICO,BAJA CALIFORNIA,ROSARITO,,,61,Trailer,,,,,5,Box or Van Enclosed Trailer,,,53.000,Van Trailer,2,,
34,340091,2,1,1UYVS253*R7******,2025-06-27 04:48:03,0,6,TRAILER,10289,UTILITY TRAILER MANUFACTURING COMPANY,10138,UTILITY TRAILER MANUFACTURER,26222,Utility Trailer Manufacturer,2024,,,6,UNITED STATES (USA),VIRGINIA,GLADE SPRING,,,61,Trailer,,,,,5,Box or Van Enclosed Trailer,4,Straight Semi/Semi Trailer,53.000,,2,,
34,340097,1,1,5MAMN482*LW******,2025-06-27 04:48:03,0,6,TRAILER,5950,"MAC TRAILER MFG, INC.",6826,MAC TRAILER MANUFACTURING,18288,MAC TRAILER MANUFACTURING,2020,,,6,UNITED STATES (USA),,ALLIANCE,MAIN STREET 70,,61,Trailer,,,,,180,"Grain, Chip, or Gravel Trailer",6,Kingpin,48.000,TRANSFER REFUSE TRAILERS (MOVER OR TIPPER STYLE),2,,
34,340106,2,1,5EF2GC40*HB******,2025-06-27 04:48:03,0,6,TRAILER,4094,CHEETAH CHASSIS CORPORATION,4029,CHEETAH CHASSIS,8699,CHEETAH CHASSIS,2017,,,6,UNITED STATES (USA),PENNSYLVANIA,BERWICK,,,61,Trailer,,,,,46,Incomplete Trailer Chassis,4,Straight Semi/Semi Trailer,40.000,Gooseneck Chassis,2,3,Tandem
34,340133,1,1,7LXBE162*NA******,2025-06-27 04:48:03,0,6,TRAILER,19450,ALFA CARGO LLC,10178,ALFA CARGO LLC,26495,Alfa Cargo LLC,2022,,,6,UNITED STATES (USA),GEORGIA,ALMA,,,61,Trailer,,,,,5,Box or Van Enclosed Trailer,1,Ball Type Pull,16.000,,2,,
34,340171,2,1,1GR1A062*LW******,2025-06-27 04:48:03,0,6,TRAILER,1073,GREAT DANE TRAILERS,520,GREAT DANE TRAILERS,13436,Great Dane Trailers,2020,,,6,UNITED STATES (USA),NEBRASKA,WAYNE,,,61,Trailer,,,,,5,Box or Van Enclosed Trailer,6,Kingpin,53.000,"Semitrailer - Dry freight, Reefer, or Insulated van",2,,
34,340231,1,1,1GRAA062*JW******,2025-06-27 04:48:03,0,6,TRAILER,1073,GREAT DANE TRAILERS,520,GREAT DANE TRAILERS,13436,Great Dane Trailers,1988,,,6,UNITED STATES (USA),NEBRASKA,WAYNE,,,61,Trailer,,,,,5,Box or Van Enclosed Trailer,4,Straight Semi/Semi Trailer,6.000,Dry Freight / Reefer / Insulated Van Trailer,2,,
34,340253,1,1,1UYVS255*5A******,2025-06-27 04:48:03,1,6,TRAILER,10289,UTILITY TRAILER MANUFACTURING COMPANY,10138,UTILITY TRAILER MANUFACTURER,26222,Utility Trailer Manufacturer,2005,,,6,UNITED STATES (USA),ALABAMA,ENTERPRISE,,,61,Trailer,,,,,5,Box or Van Enclosed Trailer,4,Straight Semi/Semi Trailer,55.000,,2,,
34,340380,1,1,1GRAA962*KB******,2025-06-27 04:48:03,0,6,TRAILER,1073,GREAT DANE TRAILERS,520,GREAT DANE TRAILERS,13436,Great Dane Trailers,1989,,,6,UNITED STATES (USA),INDIANA,BRAZIL,,,61,Trailer,,,,,5,Box or Van Enclosed Trailer,4,Straight Semi/Semi Trailer,96.000,Dry Freight/ Reefer/ Insulated Van,2,,
34,340522,2,1,3H3C462S*7T******,2025-06-27 04:48:03,0,6,TRAILER,14282,"HYUNDAI DE MEXICO, S.A. DE C.V.",4876,HYUNDAI TRANSLEAD TRAILERS,11496,Hyundai Translead Trailers,2007,,,12,MEXICO,BAJA CALIFORNIA,TIJUANA,,,61,Trailer,,,,,109,Intermodal Container Chassis or Trailer,,,46.000,Material: Steel,2,,
34,340603,2,1,3H3V532K*PJ******,2025-06-27 04:48:03,0,6,TRAILER,14282,"HYUNDAI DE MEXICO, S.A. DE C.V.",4876,HYUNDAI TRANSLEAD TRAILERS,11496,Hyundai Translead Trailers,2023,,,12,MEXICO,BAJA CALIFORNIA,TIJUANA,,Body Type: SEMITRAILER,61,Trailer,,,,,5,Box or Van Enclosed Trailer,6,Kingpin,53.000,,2,,
34,340623,1,1,1RBH6573*MA******,2025-06-27 04:48:03,0,6,TRAILER,3009,ROGERS BROTHERS CORPORATION,10226,ROGERS,26859,ROGERS,2021,,,6,UNITED STATES (USA),PENNSYLVANIA,ALBION,,,61,Trailer,,,,,6,Flatbed or Platform Trailer,6,Kingpin,57.000,Platform Deck (Removable GN - Fixed Rear Frame),3,,
34,340641,1,1,1JJV532D*KL******,2025-06-27 04:48:03,0,6,TRAILER,14508,WABASH NATIONAL CORPORATION,12319,WABASH VANS,10942,Dry Van Duraplate,2019,,,6,UNITED STATES (USA),INDIANA,LAFAYETTE,,,61,Trailer,,,,,5,Box or Van Enclosed Trailer,,,53.000,,2,,
35,350044,2,1,1GRAA062*VB******,2025-06-27 04:48:03,0,6,TRAILER,1073,GREAT DANE TRAILERS,520,GREAT DANE TRAILERS,13436,Great Dane Trailers,1997,,,6,UNITED STATES (USA),INDIANA,BRAZIL,,,61,Trailer,,,,,5,Box or Van Enclosed Trailer,4,Straight Semi/Semi Trailer,6.000,Dry Freight/ Reefer/ Insulated Van,2,,
35,350055,1,1,1PLE0452*EP******,2025-06-27 04:48:03,0,6,TRAILER,18041,PEERLESS CORPORATION,9288,PEERLESS,23523,Peerless,2014,,,6,UNITED STATES (USA),ARKANSAS,PARAGOULD,,,61,Trailer,,,,,180,"Grain, Chip, or Gravel Trailer",,,45.000,Chip Trailer,2,,
35,350116,1,1,1GRAP062*ET******,2025-06-27 04:48:03,0,6,TRAILER,1073,GREAT DANE TRAILERS,520,GREAT DANE TRAILERS,13436,Great Dane Trailers,2014,,,6,UNITED STATES (USA),INDIANA,TERRE HAUTE,,,61,Trailer,,,,,5,Box or Van Enclosed Trailer,4,Straight Semi/Semi Trailer,53.000,Dry Freight Van / Reefer Van / Insulated Van,2,,
36,360106,1,1,1JJV452W*2L******,2025-06-27 04:48:03,0,6,TRAILER,14508,WABASH NATIONAL CORPORATION,4847,WABASH,13327,Wabash National Corporation,2002,,,6,UNITED STATES (USA),INDIANA,LAFAYETTE,,,61,Trailer,,,,,5,Box or Van Enclosed Trailer,,,45.000,,2,,
36,360183,1,1,1A9UT202*91668***,2025-06-27 04:48:03,0,6,TRAILER,1256,"AMERICAN MANUFACTURING OPERATIONS, INC.",684,AMERICAN MANUFACTURING OPERATIONS,3807,American Manufacturing Operations,2009,,,6,UNITED STATES (USA),OHIO,TOLEDO,,,61,Trailer,,,,,6,Flatbed or Platform Trailer,1,Ball Type Pull,20.000,Universal Ball,2,,
36,360185,1,1,1JJV532W*3L******,2025-06-27 04:48:03,0,6,TRAILER,14508,WABASH NATIONAL CORPORATION,4847,WABASH,13327,Wabash National Corporation,2003,,,6,UNITED STATES (USA),INDIANA,LAFAYETTE,,,61,Trailer,,,,,5,Box or Van Enclosed Trailer,,,53.000,,2,,
36,360375,2,1,7KA1E162*NP******,2025-06-27 04:48:03,0,6,TRAILER,22033,"AMERICAN CARGO GROUP TRAILERS, LLC",6062,WELLS CARGO,15857,Wells Cargo Trailer,2022,,,6,UNITED STATES (USA),PENNSYLVANIA,MCADOO,,,61,Trailer,,,,,5,Box or Van Enclosed Trailer,14,Bumper Pull,16.000,,2,,
36,360495,2,1,1UYVS245*P2******,2025-06-27 04:48:03,0,6,TRAILER,10289,UTILITY TRAILER MANUFACTURING COMPANY,10138,UTILITY TRAILER MANUFACTURER,26222,Utility Trailer Manufacturer,2023,,,6,UNITED STATES (USA),UTAH,CLEARFIELD,,,61,Trailer,,,,,5,Box or Van Enclosed Trailer,4,Straight Semi/Semi Trailer,45.000,,2,,
36,360563,1,1,1JJV452W*6L******,2025-06-27 04:48:03,0,6,TRAILER,14508,WABASH NATIONAL CORPORATION,4847,WABASH,13327,Wabash National Corporation,2006,,,6,UNITED STATES (USA),INDIANA,LAFAYETTE,,,61,Trailer,,,,,5,Box or Van Enclosed Trailer,,,45.000,,2,,
36,360801,5,1,4YMBU121*NV******,2025-06-27 04:48:03,0,6,TRAILER,13315,"CARRY-ON TRAILER, INC.",4933,CARRY-ON TRAILER,12040,Carry-On Trailer,2022,,,6,UNITED STATES (USA),VIRGINIA,MONTROSS,,,61,Trailer,,,,,6,Flatbed or Platform Trailer,1,Ball Type Pull,12.000,Open Bed Trailer,1,,
37,370345,1,1,3H3V482K*RJ******,2025-06-27 04:48:03,0,6,TRAILER,14282,"HYUNDAI DE MEXICO, S.A. DE C.V.",4876,HYUNDAI TRANSLEAD TRAILERS,11496,Hyundai Translead Trailers,2024,,,12,MEXICO,BAJA CALIFORNIA,TIJUANA,,Body Type: SEMITRAILER,61,Trailer,,,,,5,Box or Van Enclosed Trailer,6,Kingpin,48.000,,2,,
37,371288,1,1,1JJV532D*RL******,2025-06-27 04:48:03,0,6,TRAILER,14508,WABASH NATIONAL CORPORATION,12319,WABASH VANS,10942,Dry Van Duraplate,2024,,,6,UNITED STATES (USA),INDIANA,LAFAYETTE,,,61,Trailer,,,,,5,Box or Van Enclosed Trailer,6,Kingpin,53.000,Van Trailer,2,,
37,371431,1,1,5WKBE162*H1******,2025-06-27 04:48:03,0,6,TRAILER,9286,"FREEDOM TRAILERS, LLC",1220,"FREEDOM TRAILERS, LLC",4541,"Freedom Trailers, LLC",2017,,,6,UNITED STATES (USA),GEORGIA,WILLACOOCHEE,"Freedom Trailers, LLC",,61,Trailer,,,,,5,Box or Van Enclosed Trailer,1,Ball Type Pull,16.000,Enclosed Trailer,2,,
38,380005,1,1,1P9CD382*JN343***,2025-06-27 04:48:03,0,6,TRAILER,8027,PRATT INDUSTRIES (US) LLC,3015,PRATT INDUSTRIES,7027,Pratt Industries,2018,,,6,UNITED STATES (USA),MICHIGAN,NILES,,,61,Trailer,,,,,109,Intermodal Container Chassis or Trailer,4,Straight Semi/Semi Trailer,38.000,Double Drop Body,2,,
38,380020,1,1,1TDH4803*8B******,2025-06-27 04:48:03,0,6,TRAILER,8330,TIMPTE INC.,5331,"TIMPTE, INC",13636,Timpte,2008,,,6,UNITED STATES (USA),NEBRASKA,DAVID CITY,,"Seventh VIN position indicates the additional length of the trailer to the nearest inch up to 9 inches. If the additional length is 10 inches or more the seventh character is zero (0) and the sixth character will be increased to the next foot. For example : a 42ft 9in trailer will be represent in VIN position 5, 6 & 7 as ""429"" and a 42ft 10in. trailer will be represented in VIN position 5 , 6 & 7 as ""430"" respectively.",61,Trailer,,,,,180,"Grain, Chip, or Gravel Trailer",,,48.000,Dry Bulk-Bottom Hopper Trailer,3,,
38,380021,2,1,5HTAB483*Y7******,2025-06-27 04:48:03,0,6,TRAILER,5564,"HEIL TRAILER INTERNATIONAL, CO",2365,HEIL TRAILER INTERNATIONAL,6142,Heil Trailer International,2000,,,6,UNITED STATES (USA),TENNESSEE,ATHENS,,Body Shape: Straight Elliptical,61,Trailer,,,,,15,Tank Trailer,,,48.000,AL 306/406,3,,
38,380025,2,1,1GRAA062*BT******,2025-06-27 04:48:03,0,6,TRAILER,1073,GREAT DANE TRAILERS,520,GREAT DANE TRAILERS,13436,Great Dane Trailers,2011,,,6,UNITED STATES (USA),INDIANA,TERRE HAUTE,,Effective 03/01/00,61,Trailer,,,,,5,Box or Van Enclosed Trailer,4,Straight Semi/Semi Trailer,53.000,Dry Freight/ Reefer/ Insulated Van,2,,
39,390029,1,1,1UYVS253*GU******,2025-06-27 04:48:03,0,6,TRAILER,10289,UTILITY TRAILER MANUFACTURING COMPANY,10138,UTILITY TRAILER MANUFACTURER,26222,Utility Trailer Manufacturer,2016,,,6,UNITED STATES (USA),UTAH,CLEARFIELD,,,61,Trailer,,,,,5,Box or Van Enclosed Trailer,4,Straight Semi/Semi Trailer,53.000,,2,,
39,390031,2,1,1JJV532W*5L******,2025-06-27 04:48:03,0,6,TRAILER,14508,WABASH NATIONAL CORPORATION,4847,WABASH,13327,Wabash National Corporation,2005,,,6,UNITED STATES (USA),INDIANA,LAFAYETTE,,,61,Trailer,,,,,5,Box or Van Enclosed Trailer,,,53.000,,2,,
39,390096,2,1,1JJV532W*4L******,2025-06-27 04:48:03,0,6,TRAILER,14508,WABASH NATIONAL CORPORATION,4847,WABASH,13327,Wabash National Corporation,2004,,,6,UNITED STATES (USA),INDIANA,LAFAYETTE,,,61,Trailer,,,,,5,Box or Van Enclosed Trailer,,,53.000,,2,,
39,390097,2,1,1DW1A532*JS******,2025-06-27 04:48:03,0,6,TRAILER,13506,"STOUGHTON TRAILERS, INC.",3414,STOUGHTON TRAILERS,7701,Stoughton trailers,2018,,,6,UNITED STATES (USA),WISCONSIN,STOUGHTON,"Stoughton Trailers, INC",,61,Trailer,,,,,5,Box or Van Enclosed Trailer,4,Straight Semi/Semi Trailer,53.000,Van Trailer,2,,
39,390102,1,1,1GRAA641*MB******,2025-06-27 04:48:03,0,6,TRAILER,1073,GREAT DANE TRAILERS,520,GREAT DANE TRAILERS,13436,Great Dane Trailers,1991,,,6,UNITED STATES (USA),INDIANA,BRAZIL,,,61,Trailer,,,,,5,Box or Van Enclosed Trailer,4,Straight Semi/Semi Trailer,64.000,Dry Freight/ Reefer/ Insulated Van,1,,
39,390104,2,1,5MAPA482*NA******,2025-06-27 04:48:03,0,6,TRAILER,5950,"MAC TRAILER MFG, INC.",6826,MAC TRAILER MANUFACTURING,18288,MAC TRAILER MANUFACTURING,2022,,,6,UNITED STATES (USA),OHIO,SALEM,ALLEN ROAD 20,,61,Trailer,,,,,6,Flatbed or Platform Trailer,6,Kingpin,48.000,ALUMINUM FRAME,2,,
39,390163,1,1,5V8VC532*NM******,2025-06-27 04:48:03,0,6,TRAILER,16522,VANGUARD NATIONAL TRAILER CORPORTATION,6474,VANGUARD NATIONAL TRAILER CORPORATION (VNTC),17782,VANGUARD NATIONAL TRAILER CORPORATION (VNTC),2022,,,6,UNITED STATES (USA),INDIANA,MONON,,,61,Trailer,,,,,5,Box or Van Enclosed Trailer,6,Kingpin,53.000,Dry Freight Trailer,,3,Tandem
39,390200,1,1,1GRAP062*GJ******,2025-06-27 04:48:03,0,6,TRAILER,1073,GREAT DANE TRAILERS,520,GREAT DANE TRAILERS,13436,Great Dane Trailers,2016,,,6,UNITED STATES (USA),ARKANSAS,JONESBORO,,"Jacksonville Florida (ended 02/1988); Jonesboro, Arkansas (effective 09/03/02)",61,Trailer,,,,,5,Box or Van Enclosed Trailer,4,Straight Semi/Semi Trailer,53.000,Dry Freight Van / Reefer Van / Insulated Van,2,,
39,390248,1,1,1TDH4002*HB******,2025-06-27 04:48:03,0,6,TRAILER,8330,TIMPTE INC.,5331,"TIMPTE, INC",13636,Timpte,2017,,,6,UNITED STATES (USA),NEBRASKA,DAVID CITY,,"Seventh VIN position indicates the additional length of the trailer to the nearest inch up to 9 inches. If the additional length is 10 inches or more the seventh character is zero (0) and the sixth character will be increased to the next foot. For example : a 42ft 9in trailer will be represent in VIN position 5, 6 & 7 as ""429"" and a 42ft 10in. trailer will be represented in VIN position 5 , 6 & 7 as ""430"" respectively.",61,Trailer,,,,,180,"Grain, Chip, or Gravel Trailer",,,40.000,Dry Bulk-Bottom Hopper Trailer,2,,
39,390267,2,1,1JJV532D*GL******,2025-06-27 04:48:03,0,6,TRAILER,14508,WABASH NATIONAL CORPORATION,12319,WABASH VANS,10942,Dry Van Duraplate,2016,,,6,UNITED STATES (USA),INDIANA,LAFAYETTE,,,61,Trailer,,,,,5,Box or Van Enclosed Trailer,,,53.000,,2,,
39,390294,1,1,5WSAWA02*7N******,2025-06-27 04:48:03,0,6,TRAILER,10142,WALKER STAINLESS EQUIPMENT CO,6978,WALKER,18560,DOT/TC-406,2007,,,6,UNITED STATES (USA),WISCONSIN,NEW LISBON,,,61,Trailer,,,,,15,Tank Trailer,,,,Trailer Material: Aluminum,0,,
39,390314,2,1,1E1D2N38*JR******,2025-06-27 04:48:03,0,6,TRAILER,5338,EAST MANUFACTURING CORP.,1334,EAST MANUFACTURING CORP.,4686,East Manufacturing Corp,2018,,,6,UNITED STATES (USA),OHIO,RANDOLPH,,,61,Trailer,9,"Class 8: 33,001 lb and above (14,969 kg and above)",,,4,Dump Trailer,,,30.000,Aluminum Body - Aluminum Frame,3,,
39,390323,1,1,1GR1A062*NK******,2025-06-27 04:48:03,0,6,TRAILER,1073,GREAT DANE TRAILERS,520,GREAT DANE TRAILERS,13436,Great Dane Trailers,2022,,,6,UNITED STATES (USA),ILLINOIS,KEWANEE,,,61,Trailer,,,,,5,Box or Van Enclosed Trailer,6,Kingpin,53.000,"Semitrailer - Dry freight, Reefer, or Insulated van",2,,
39,390323,3,1,3H3V532C*GT******,2025-06-27 04:48:03,0,6,TRAILER,14282,"HYUNDAI DE MEXICO, S.A. DE C.V.",4876,HYUNDAI TRANSLEAD TRAILERS,11496,Hyundai Translead Trailers,2016,,,12,MEXICO,BAJA CALIFORNIA,TIJUANA,,,61,Trailer,,,,,5,Box or Van Enclosed Trailer,,,53.000,Van Trailer,2,,
39,390332,3,1,1UYVS253*HU******,2025-06-27 04:48:03,0,6,TRAILER,10289,UTILITY TRAILER MANUFACTURING COMPANY,10138,UTILITY TRAILER MANUFACTURER,26222,Utility Trailer Manufacturer,2017,,,6,UNITED STATES (USA),UTAH,CLEARFIELD,,,61,Trailer,,,,,5,Box or Van Enclosed Trailer,4,Straight Semi/Semi Trailer,53.000,,2,,
39,390346,2,1,3H3V532C*GT******,2025-06-27 04:48:03,0,6,TRAILER,14282,"HYUNDAI DE MEXICO, S.A. DE C.V.",4876,HYUNDAI TRANSLEAD TRAILERS,11496,Hyundai Translead Trailers,2016,,,12,MEXICO,BAJA CALIFORNIA,TIJUANA,,,61,Trailer,,,,,5,Box or Van Enclosed Trailer,,,53.000,Van Trailer,2,,
39,390393,1,1,1TKU0101*DM******,2025-06-27 04:48:03,0,6,TRAILER,13498,TRAIL KING INDUSTRIES,3251,TRAIL KING INDUSTRIES,7386,TRAIL KING INDUSTRIES,2013,,,6,UNITED STATES (USA),SOUTH DAKOTA,MITCHELL,,"Trailer Length: Inverted Hoist = Add 2FT (but leave the unit part # as is) / Extend Apron = Add 1 FT (if apron 14"" extended floor plate)",61,Trailer,,,,,16,Utility Trailer,,,10.000,"TK6U-18u,TKT10U-TKT16U",1,,
39,390396,4,1,1JJV532D*LL******,2025-06-27 04:48:03,0,6,TRAILER,14508,WABASH NATIONAL CORPORATION,12319,WABASH VANS,10942,Dry Van Duraplate,2020,,,6,UNITED STATES (USA),INDIANA,LAFAYETTE,,,61,Trailer,,,,,5,Box or Van Enclosed Trailer,,,53.000,,2,,
39,390462,1,1,5CUAJ201*FA******,2025-06-27 04:48:03,0,6,TRAILER,10634,"BIL-JAX, INC.",1170,BIL-JAX,5630,Bil-Jax,2015,,4527A,6,UNITED STATES (USA),OHIO,ARCHBOLD,,,61,Trailer,,,,,101,Other Trailer,,,20.000,Articulating Trailer-Mounted Boom,1,,
39,390462,4,1,1TDH4002*MB******,2025-06-27 04:48:03,0,6,TRAILER,8330,TIMPTE INC.,5331,"TIMPTE, INC",13636,Timpte,2021,,,6,UNITED STATES (USA),NEBRASKA,DAVID CITY,,"Seventh VIN position indicates the additional length of the trailer to the nearest inch up to 9 inches. If the additional length is 10 inches or more the seventh character is zero (0) and the sixth character will be increased to the next foot. For example : a 42ft 9in trailer will be represent in VIN position 5, 6 & 7 as ""429"" and a 42ft 10in. trailer will be represented in VIN position 5 , 6 & 7 as ""430"" respectively.",61,Trailer,,,,,180,"Grain, Chip, or Gravel Trailer",,,40.000,Dry Bulk Bottom Hopper Trailer,2,,
39,390468,2,1,5JYLT422*GP******,2025-06-27 04:48:03,0,6,TRAILER,2290,PITTS ENTERPRISES INC,2831,PITTS TRAILERS,6775,Pitts Trailers,2016,,,6,UNITED STATES (USA),ALABAMA,PITTSVIEW,,,61,Trailer,,,,,6,Flatbed or Platform Trailer,,,42.000,Straight Frame trailer,2,,
39,390471,2,1,1KKVE502*VL******,2025-06-27 04:48:03,0,6,TRAILER,2340,KENTUCKY MANUFACTURING CO.,2048,KENTUCKY,30822,Electronics Trailer,1997,,,6,UNITED STATES (USA),KENTUCKY,LOUISVILLE,Kentucky Manufacturing Co.,,61,Trailer,,,,,5,Box or Van Enclosed Trailer,,,50.000,Van Trailer,2,,
39,390486,1,1,5CNGD403*2C******,2025-06-27 04:48:03,0,6,TRAILER,12666,CENTRAL TRAILER CORP.,8171,CENTRAL TRAILER CORP,21814,Central Trailer Corp,2002,,,6,UNITED STATES (USA),OKLAHOMA,CHICKASHA,,,61,Trailer,,,,,6,Flatbed or Platform Trailer,3,Gooseneck,40.000,Dovetail Trailer,3,,
39,390506,2,1,527SR532*HM******,2025-06-27 04:48:03,0,6,TRAILER,6703,VANGUARD REEFER TRAILER INC.,1561,"CIMC REEFER TRAILER,INC",4978,"CIMC REEFER TRAILER,INC.",2017,,,6,UNITED STATES (USA),INDIANA,MONON,"CIMC Reefer Trailer,Inc",,61,Trailer,,,,,5,Box or Van Enclosed Trailer,4,Straight Semi/Semi Trailer,53.000,Reefer Van Trailer,2,,
39,390550,3,1,1GR1A062*NW******,2025-06-27 04:48:03,0,6,TRAILER,1073,GREAT DANE TRAILERS,520,GREAT DANE TRAILERS,13436,Great Dane Trailers,2022,,,6,UNITED STATES (USA),NEBRASKA,WAYNE,,,61,Trailer,,,,,5,Box or Van Enclosed Trailer,6,Kingpin,53.000,"Semitrailer - Dry freight, Reefer, or Insulated van",2,,
39,390558,2,1,1E1D2T28*MR******,2025-06-27 04:48:03,0,6,TRAILER,5338,EAST MANUFACTURING CORP.,1334,EAST MANUFACTURING CORP.,4686,East Manufacturing Corp,2021,,,6,UNITED STATES (USA),OHIO,RANDOLPH,,,61,Trailer,9,"Class 8: 33,001 lb and above (14,969 kg and above)",,,4,Dump Trailer,,,38.000,Aluminum Body - Aluminum Frame,2,,
39,390566,3,1,1JJV532D*PL******,2025-06-27 04:48:03,0,6,TRAILER,14508,WABASH NATIONAL CORPORATION,12319,WABASH VANS,10942,Dry Van Duraplate,2023,,,6,UNITED STATES (USA),INDIANA,LAFAYETTE,,,61,Trailer,,,,,5,Box or Van Enclosed Trailer,6,Kingpin,53.000,,2,,
39,390620,1,1,1E1D2S28*2R******,2025-06-27 04:48:03,0,6,TRAILER,5338,EAST MANUFACTURING CORP.,1334,EAST MANUFACTURING CORP.,4686,East Manufacturing Corp,2002,,,6,UNITED STATES (USA),OHIO,RANDOLPH,,,61,Trailer,9,"Class 8: 33,001 lb and above (14,969 kg and above)",,,4,Dump Trailer,,,36.000,Aluminum Body - Aluminum Frame,2,,
39,390620,3,1,3H3V532C*FT******,2025-06-27 04:48:03,0,6,TRAILER,14282,"HYUNDAI DE MEXICO, S.A. DE C.V.",4876,HYUNDAI TRANSLEAD TRAILERS,11496,Hyundai Translead Trailers,2015,,,12,MEXICO,BAJA CALIFORNIA,TIJUANA,,,61,Trailer,,,,,5,Box or Van Enclosed Trailer,,,53.000,Van Trailer,2,,
39,390640,1,1,1JJV532D*PL******,2025-06-27 04:48:03,0,6,TRAILER,14508,WABASH NATIONAL CORPORATION,12319,WABASH VANS,10942,Dry Van Duraplate,2023,,,6,UNITED STATES (USA),INDIANA,LAFAYETTE,,,61,Trailer,,,,,5,Box or Van Enclosed Trailer,6,Kingpin,53.000,,2,,
39,390640,2,1,1UYVS253*K3******,2025-06-27 04:48:03,0,6,TRAILER,10289,UTILITY TRAILER MANUFACTURING COMPANY,10138,UTILITY TRAILER MANUFACTURER,26222,Utility Trailer Manufacturer,2019,,,6,UNITED STATES (USA),ARKANSAS,PARAGOULD,,,61,Trailer,,,,,5,Box or Van Enclosed Trailer,4,Straight Semi/Semi Trailer,53.000,,2,,
39,390679,1,1,1GR1P062*MT******,2025-06-27 04:48:03,0,6,TRAILER,1073,GREAT DANE TRAILERS,520,GREAT DANE TRAILERS,13436,Great Dane Trailers,2021,,,6,UNITED STATES (USA),INDIANA,TERRE HAUTE,,,61,Trailer,,,,,5,Box or Van Enclosed Trailer,6,Kingpin,53.000,"Semitrailer - Dry freight, Reefer, or Insulated van",2,,
39,390679,2,1,4Z1GF402*HS******,2025-06-27 04:48:03,0,6,TRAILER,9165,GATOR MADE INC.,4039,GATOR MADE,8711,Gator Made Inc.,2017,,,6,UNITED STATES (USA),,SOMERSET,Gator Made Inc.,,61,Trailer,,,,,6,Flatbed or Platform Trailer,3,Gooseneck,40.000,Gooseneck,2,,
39,390679,5,1,1GRAP561*FK******,2025-06-27 04:48:03,0,6,TRAILER,1073,GREAT DANE TRAILERS,520,GREAT DANE TRAILERS,13436,Great Dane Trailers,2015,,,6,UNITED STATES (USA),ILLINOIS,KEWANEE,,,61,Trailer,,,,,5,Box or Van Enclosed Trailer,4,Straight Semi/Semi Trailer,28.000,Dry Freight Van / Reefer Van / Insulated Van,1,,
39,390679,5,2,3H3V281C*KT******,2025-06-27 04:48:03,0,6,TRAILER,14282,"HYUNDAI DE MEXICO, S.A. DE C.V.",4876,HYUNDAI TRANSLEAD TRAILERS,11496,Hyundai Translead Trailers,2019,,,12,MEXICO,BAJA CALIFORNIA,TIJUANA,,,61,Trailer,,,,,5,Box or Van Enclosed Trailer,,,28.000,Van Trailer,1,,
39,390689,2,1,1GRAM062*DT******,2025-06-27 04:48:03,0,6,TRAILER,1073,GREAT DANE TRAILERS,520,GREAT DANE TRAILERS,13436,Great Dane Trailers,2013,,,6,UNITED STATES (USA),INDIANA,TERRE HAUTE,,,61,Trailer,,,,,5,Box or Van Enclosed Trailer,4,Straight Semi/Semi Trailer,53.000,Dry Freight Van / Reefer Van / Insulated Van,2,,
39,390710,1,1,4X4FWCD2*6V******,2025-06-27 04:48:03,0,6,TRAILER,1084,"FOREST RIVER, INC.",531,FOREST RIVER,2452,Wildcat,2006,,,6,UNITED STATES (USA),INDIANA,ELKHART,,Address: 57475 CR 3,61,Trailer,,,,,10,Camping or Travel Trailer,5,Fifth Wheel,28.000,,2,,
39,390728,1,1,1JJV532D*NL******,2025-06-27 04:48:03,1,6,TRAILER,14508,WABASH NATIONAL CORPORATION,12319,WABASH VANS,10942,Dry Van Duraplate,2022,,,6,UNITED STATES (USA),INDIANA,LAFAYETTE,,,61,Trailer,,,,,5,Box or Van Enclosed Trailer,6,Kingpin,53.000,,2,,
39,390728,2,1,5WSABB23*RN******,2025-06-27 04:48:03,0,6,TRAILER,10142,WALKER STAINLESS EQUIPMENT CO,12518,WABASH TANKS,32629,NON-DOT/TC Spec,2024,,,6,UNITED STATES (USA),WISCONSIN,NEW LISBON,,,61,Trailer,,,,,15,Tank Trailer,4,Straight Semi/Semi Trailer,,Trailer Length (feet): 40-49,,3,Tandem
39,390728,3,1,1TDH4302*NB******,2025-06-27 04:48:03,0,6,TRAILER,8330,TIMPTE INC.,5331,"TIMPTE, INC",13636,Timpte,2022,,,6,UNITED STATES (USA),NEBRASKA,DAVID CITY,,"Seventh VIN position indicates the additional length of the trailer to the nearest inch up to 9 inches. If the additional length is 10 inches or more the seventh character is zero (0) and the sixth character will be increased to the next foot. For example : a 42ft 9in trailer will be represent in VIN position 5, 6 & 7 as ""429"" and a 42ft 10in. trailer will be represented in VIN position 5 , 6 & 7 as ""430"" respectively.",61,Trailer,,,,,180,"Grain, Chip, or Gravel Trailer",,,43.000,Dry Bulk Bottom Hopper Trailer,2,,
39,390770,2,1,1E9E5GE2*GA505***,2025-06-27 04:48:03,0,6,TRAILER,7751,"E-PAK MANUFACTURING, LLC",1270,E-PAK MANUFACTURING,4605,E-PAK MANUFACTURING,2016,,,6,UNITED STATES (USA),OHIO,WOOSTER,,,61,Trailer,,,,,180,"Grain, Chip, or Gravel Trailer",5,Fifth Wheel,34.000,Gondola Trailer,2,,
39,390794,1,1,1UYVS253*HU******,2025-06-27 04:48:03,0,6,TRAILER,10289,UTILITY TRAILER MANUFACTURING COMPANY,10138,UTILITY TRAILER MANUFACTURER,26222,Utility Trailer Manufacturer,2017,,,6,UNITED STATES (USA),UTAH,CLEARFIELD,,,61,Trailer,,,,,5,Box or Van Enclosed Trailer,4,Straight Semi/Semi Trailer,53.000,,2,,
39,390794,2,1,1JJV532D*HL******,2025-06-27 04:48:03,0,6,TRAILER,14508,WABASH NATIONAL CORPORATION,12319,WABASH VANS,10942,Dry Van Duraplate,2017,,,6,UNITED STATES (USA),INDIANA,LAFAYETTE,,,61,Trailer,,,,,5,Box or Van Enclosed Trailer,,,53.000,,2,,
39,390794,3,1,3H3V532C*GT******,2025-06-27 04:48:03,0,6,TRAILER,14282,"HYUNDAI DE MEXICO, S.A. DE C.V.",4876,HYUNDAI TRANSLEAD TRAILERS,11496,Hyundai Translead Trailers,2016,,,12,MEXICO,BAJA CALIFORNIA,TIJUANA,,,61,Trailer,,,,,5,Box or Van Enclosed Trailer,,,53.000,Van Trailer,2,,
39,390796,1,1,1JJV532D*PL******,2025-06-27 04:48:03,0,6,TRAILER,14508,WABASH NATIONAL CORPORATION,12319,WABASH VANS,10942,Dry Van Duraplate,2023,,,6,UNITED STATES (USA),INDIANA,LAFAYETTE,,,61,Trailer,,,,,5,Box or Van Enclosed Trailer,6,Kingpin,53.000,,2,,
39,390797,2,1,1GRAA962*WS******,2025-06-27 04:48:03,0,6,TRAILER,1073,GREAT DANE TRAILERS,520,GREAT DANE TRAILERS,13436,Great Dane Trailers,1998,,,6,UNITED STATES (USA),GEORGIA,SAVANNAH,,,61,Trailer,,,,,5,Box or Van Enclosed Trailer,4,Straight Semi/Semi Trailer,96.000,Dry Freight/ Reefer/ Insulated Van,2,,
39,390848,1,1,1JJV632D*JL******,2025-06-27 04:48:03,1,6,TRAILER,14508,WABASH NATIONAL CORPORATION,12319,WABASH VANS,10942,Dry Van Duraplate,2018,,,6,UNITED STATES (USA),INDIANA,LAFAYETTE,,,61,Trailer,,,,,5,Box or Van Enclosed Trailer,,,63.000,,2,,
39,390850,2,1,1GRAA062*GW******,2025-06-27 04:48:03,0,6,TRAILER,1073,GREAT DANE TRAILERS,520,GREAT DANE TRAILERS,13436,Great Dane Trailers,2016,,,6,UNITED STATES (USA),NEBRASKA,WAYNE,,,61,Trailer,,,,,5,Box or Van Enclosed Trailer,4,Straight Semi/Semi Trailer,53.000,Dry Freight Van / Reefer Van / Insulated Van,2,,
39,390875,2,1,5N6200D1*A1******,2025-06-27 04:48:03,0,6,TRAILER,7831,AMERICAN HAULER INC,3920,AMERICAN HAULER,8549,American Hauler,2010,,,6,UNITED STATES (USA),INDIANA,ELKHART,,,61,Trailer,,,,,,,14,Bumper Pull,,Trailer Length (feet): 10' to less than 12',1,,
39,390875,4,1,3H3V281S*7R******,2025-06-27 04:48:03,0,6,TRAILER,14282,"HYUNDAI DE MEXICO, S.A. DE C.V.",4876,HYUNDAI TRANSLEAD TRAILERS,11496,Hyundai Translead Trailers,2007,,,12,MEXICO,BAJA CALIFORNIA,ROSARITO,,,61,Trailer,,,,,5,Box or Van Enclosed Trailer,,,28.000,Van Trailer,1,,
39,390880,2,1,1JJV532D*FL******,2025-06-27 04:48:03,0,6,TRAILER,14508,WABASH NATIONAL CORPORATION,12319,WABASH VANS,10942,Dry Van Duraplate,2015,,,6,UNITED STATES (USA),INDIANA,LAFAYETTE,,,61,Trailer,,,,,5,Box or Van Enclosed Trailer,,,53.000,,2,,
39,390896,2,1,3H3V532K*NS******,2025-06-27 04:48:03,0,6,TRAILER,14282,"HYUNDAI DE MEXICO, S.A. DE C.V.",4876,HYUNDAI TRANSLEAD TRAILERS,11496,Hyundai Translead Trailers,2022,,,12,MEXICO,BAJA CALIFORNIA,ROSARITO,,Body Type: SEMITRAILER,61,Trailer,,,,,5,Box or Van Enclosed Trailer,6,Kingpin,53.000,,2,,
39,390925,2,1,1E1D2L38*5R******,2025-06-27 04:48:03,1,6,TRAILER,5338,EAST MANUFACTURING CORP.,1334,EAST MANUFACTURING CORP.,4686,East Manufacturing Corp,2005,,,6,UNITED STATES (USA),OHIO,RANDOLPH,,,61,Trailer,9,"Class 8: 33,001 lb and above (14,969 kg and above)",,,4,Dump Trailer,,,26.000,Aluminum Body - Aluminum Frame,3,,
39,390928,1,1,5ZT2PUZB*S4******,2025-06-27 04:48:03,0,6,TRAILER,1084,"FOREST RIVER, INC.",531,FOREST RIVER,20364,Puma,2025,,,6,UNITED STATES (USA),INDIANA,LIGONIER,,"Plant address: 710 Gerber Street, Ligonier",61,Trailer,,,,,10,Camping or Travel Trailer,1,Ball Type Pull,34.000,Travel Trailer,,3,Tandem
39,390928,3,1,1E9AA482*N1588***,2025-06-27 04:48:03,0,6,TRAILER,15165,EXTREME TRAILERS LLC,5106,EXTREME TRAILERS LLC,12731,EXTREME TRAILERS LLC,2022,,,6,UNITED STATES (USA),OHIO,DOVER,,,61,Trailer,,,,,6,Flatbed or Platform Trailer,5,Fifth Wheel,48.000,,2,,
39,390931,2,1,1UNST422*BL******,2025-06-27 04:48:03,0,6,TRAILER,1739,"DRAGON PRODUCTS, LLC",956,DRAGON PRODUCTS,4976,Dragon Products,2011,,,6,UNITED STATES (USA),TEXAS,LAPORTE,,,61,Trailer,,,,,15,Tank Trailer,4,Straight Semi/Semi Trailer,42.000,,2,,
39,390949,2,1,5MC43532*C5******,2025-06-27 04:48:03,0,6,TRAILER,5772,"MANAC TRAILERS USA, INC.",3896,MANAC TRAILERS USA,8528,Manac,2012,,,6,UNITED STATES (USA),MISSOURI,KENNETT,"Manac Trailers USA, Inc.",,61,Trailer,,,,,4,Dump Trailer,2,Pintle Hitch/Hook,53.000,,3,,
39,390963,2,1,1GRAP062*JJ******,2025-06-27 04:48:03,0,6,TRAILER,1073,GREAT DANE TRAILERS,520,GREAT DANE TRAILERS,13436,Great Dane Trailers,1988,,,6,UNITED STATES (USA),FLORIDA,JACKSONVILLE,,,61,Trailer,,,,,5,Box or Van Enclosed Trailer,4,Straight Semi/Semi Trailer,6.000,Platewall,2,,
39,390964,1,1,1GR1A062*LK******,2025-06-27 04:48:03,0,6,TRAILER,1073,GREAT DANE TRAILERS,520,GREAT DANE TRAILERS,13436,Great Dane Trailers,2020,,,6,UNITED STATES (USA),ILLINOIS,KEWANEE,,,61,Trailer,,,,,5,Box or Van Enclosed Trailer,6,Kingpin,53.000,"Semitrailer - Dry freight, Reefer, or Insulated van",2,,
39,390992,1,1,5V8VC532*MT******,2025-06-27 04:48:03,0,6,TRAILER,16522,VANGUARD NATIONAL TRAILER CORPORTATION,6474,VANGUARD NATIONAL TRAILER CORPORATION (VNTC),17782,VANGUARD NATIONAL TRAILER CORPORATION (VNTC),2021,,,6,UNITED STATES (USA),GEORGIA,TRENTON,,,61,Trailer,,,,,5,Box or Van Enclosed Trailer,6,Kingpin,53.000,Dry Freight Trailer,,3,Tandem
39,391034,4,1,1DW1A532*NS******,2025-06-27 04:48:03,0,6,TRAILER,13506,"STOUGHTON TRAILERS, INC.",3414,STOUGHTON TRAILERS,7701,Stoughton trailers,2022,,,6,UNITED STATES (USA),WISCONSIN,STOUGHTON,"Stoughton Trailers, INC",,61,Trailer,,,,,5,Box or Van Enclosed Trailer,4,Straight Semi/Semi Trailer,53.000,Van Trailer,2,,
39,391037,2,1,1JJV532B*EL******,2025-06-27 04:48:03,1,6,TRAILER,14508,WABASH NATIONAL CORPORATION,12319,WABASH VANS,10945,Refrigerated Van,2014,,,6,UNITED STATES (USA),INDIANA,LAFAYETTE,,,61,Trailer,,,,,5,Box or Van Enclosed Trailer,,,53.000,,2,,
39,391067,1,1,1UYVS253*P7******,2025-06-27 04:48:03,0,6,TRAILER,10289,UTILITY TRAILER MANUFACTURING COMPANY,10138,UTILITY TRAILER MANUFACTURER,26222,Utility Trailer Manufacturer,2023,,,6,UNITED STATES (USA),VIRGINIA,GLADE SPRING,,,61,Trailer,,,,,5,Box or Van Enclosed Trailer,4,Straight Semi/Semi Trailer,53.000,,2,,
39,391067,2,1,1DW1A532*JS******,2025-06-27 04:48:03,0,6,TRAILER,13506,"STOUGHTON TRAILERS, INC.",3414,STOUGHTON TRAILERS,7701,Stoughton trailers,2018,,,6,UNITED STATES (USA),WISCONSIN,STOUGHTON,"Stoughton Trailers, INC",,61,Trailer,,,,,5,Box or Van Enclosed Trailer,4,Straight Semi/Semi Trailer,53.000,Van Trailer,2,,
39,391097,1,1,LJRC4126*JC******,2025-06-27 04:48:03,0,6,TRAILER,9950,"CIMC VEHICLES GROUP CO., LTD.",4101,CIMC VEHICLES GROUP CO,8811,CIMC VEHICLES GROUP CO,2018,,,8,CHINA,,QINGDAO,QCTE,"GVWR = 30,000-34,990kg",61,Trailer,9,"Class 8: 33,001 lb and above (14,969 kg and above)",,,109,Intermodal Container Chassis or Trailer,,,41.000,,2,,
40,400016,2,1,1DW1A532*MS******,2025-06-27 04:48:03,0,6,TRAILER,13506,"STOUGHTON TRAILERS, INC.",3414,STOUGHTON TRAILERS,7701,Stoughton trailers,2021,,,6,UNITED STATES (USA),WISCONSIN,STOUGHTON,"Stoughton Trailers, INC",,61,Trailer,,,,,5,Box or Van Enclosed Trailer,4,Straight Semi/Semi Trailer,53.000,Van Trailer,2,,
40,400085,2,1,4PGBV151*PL******,2025-06-27 04:48:03,0,6,TRAILER,8923,"MID-AMERICA TRAILER MFG., LLC",7363,HANSEN MFG. COMPANY,19721,Hansen Mfg. Company,2023,,,6,UNITED STATES (USA),MISSOURI,LEBANON,"Mid-America Trailer MFG., LLC",,61,Trailer,,,,,,,1,Ball Type Pull,15.000,Body Type - Modified Vee,1,,
40,400097,2,1,1GR4M062*PH******,2025-06-27 04:48:03,0,6,TRAILER,1073,GREAT DANE TRAILERS,520,GREAT DANE TRAILERS,13436,Great Dane Trailers,2023,,,6,UNITED STATES (USA),TENNESSEE,HUNTSVILLE,,,61,Trailer,,,,,6,Flatbed or Platform Trailer,6,Kingpin,53.000,Semitrailer - Platform Trailer,2,,
40,400098,2,1,1GR4M062*PH******,2025-06-27 04:48:03,0,6,TRAILER,1073,GREAT DANE TRAILERS,520,GREAT DANE TRAILERS,13436,Great Dane Trailers,2023,,,6,UNITED STATES (USA),TENNESSEE,HUNTSVILLE,,,61,Trailer,,,,,6,Flatbed or Platform Trailer,6,Kingpin,53.000,Semitrailer - Platform Trailer,2,,
40,400117,2,1,1UYVS253*EG******,2025-06-27 04:48:03,0,6,TRAILER,10289,UTILITY TRAILER MANUFACTURING COMPANY,10138,UTILITY TRAILER MANUFACTURER,26222,Utility Trailer Manufacturer,2014,,,6,UNITED STATES (USA),VIRGINIA,GLADE SPRING,,,61,Trailer,,,,,5,Box or Van Enclosed Trailer,4,Straight Semi/Semi Trailer,53.000,,2,,
40,400141,2,1,3B9TS71E*DG007***,2025-06-27 04:48:03,0,6,TRAILER,11798,BULK TANK INTERNATIONAL S DE RL DE CV,1092,BULK TANK INTERNATIONAL,4372,Bulk Tank International,2013,,,12,MEXICO,GUANAJUATO,SAN JOSE ITURBIDE,,,61,Trailer,,,,,,,,,,Vessel Material: Stainless Steel,,,
40,400151,1,1,1M9MK322*G1435***,2025-06-27 04:48:03,0,6,TRAILER,22478,"MAGNOLIA TRAILERS, INC.",12332,"MAGNOLIA TRAILERS, INC.",32132,"MAGNOLIA TRAILERS, INC.",2016,,,6,UNITED STATES (USA),MISSISSIPPI,LUCEDALE,,,61,Trailer,,,,,101,Other Trailer,30,Other,32.000,"Chassis, Gooseneck: TrailerFifth Wheel, Gooseneck: Connection",2,,
41,410001,2,1,51W14322*G1******,2025-06-27 04:48:03,0,6,TRAILER,6409,OUTDOORS RV MNUFACTURING INC.,2412,OUTDOORS RV,6198,WindRiver,2016,,,6,UNITED STATES (USA),OREGON,LA GRANDE,,,61,Trailer,,,,,10,Camping or Travel Trailer,,,32.000,Standard Travel Trailer,2,,
41,410007,2,1,1JJV533B*HL******,2025-06-27 04:48:03,0,6,TRAILER,14508,WABASH NATIONAL CORPORATION,12319,WABASH VANS,10945,Refrigerated Van,2017,,,6,UNITED STATES (USA),INDIANA,LAFAYETTE,,,61,Trailer,,,,,5,Box or Van Enclosed Trailer,,,53.000,,3,,
41,410010,2,1,1UYVS253*6U******,2025-06-27 04:48:03,0,6,TRAILER,10289,UTILITY TRAILER MANUFACTURING COMPANY,10138,UTILITY TRAILER MANUFACTURER,26222,Utility Trailer Manufacturer,2006,,,6,UNITED STATES (USA),UTAH,CLEARFIELD,,,61,Trailer,,,,,5,Box or Van Enclosed Trailer,4,Straight Semi/Semi Trailer,53.000,,2,,
41,410025,1,1,1GRAA561*9B******,2025-06-27 04:48:03,0,6,TRAILER,1073,GREAT DANE TRAILERS,520,GREAT DANE TRAILERS,13436,Great Dane Trailers,2009,,,6,UNITED STATES (USA),INDIANA,BRAZIL,,,61,Trailer,,,,,5,Box or Van Enclosed Trailer,4,Straight Semi/Semi Trailer,28.000,Dry Freight/ Reefer/ Insulated Van,1,,
41,410025,1,2,1GRAA561*BB******,2025-06-27 04:48:03,0,6,TRAILER,1073,GREAT DANE TRAILERS,520,GREAT DANE TRAILERS,13436,Great Dane Trailers,2011,,,6,UNITED STATES (USA),INDIANA,BRAZIL,,,61,Trailer,,,,,5,Box or Van Enclosed Trailer,4,Straight Semi/Semi Trailer,28.000,Dry Freight/ Reefer/ Insulated Van,1,,
41,410050,1,1,1UYTS253*9A******,2025-06-27 04:48:03,0,6,TRAILER,10289,UTILITY TRAILER MANUFACTURING COMPANY,10138,UTILITY TRAILER MANUFACTURER,26222,Utility Trailer Manufacturer,2009,,,6,UNITED STATES (USA),ALABAMA,ENTERPRISE,,,61,Trailer,,,,,,,4,Straight Semi/Semi Trailer,53.000,Body Type: Tautliner,2,,
41,410050,2,1,3H3V362C*LT******,2025-06-27 04:48:03,0,6,TRAILER,14282,"HYUNDAI DE MEXICO, S.A. DE C.V.",4876,HYUNDAI TRANSLEAD TRAILERS,11496,Hyundai Translead Trailers,2020,,,12,MEXICO,BAJA CALIFORNIA,TIJUANA,,,61,Trailer,,,,,5,Box or Van Enclosed Trailer,,,36.000,Van Trailer,2,,
41,410062,1,1,1GRAA062*GK******,2025-06-27 04:48:03,0,6,TRAILER,1073,GREAT DANE TRAILERS,520,GREAT DANE TRAILERS,13436,Great Dane Trailers,2016,,,6,UNITED STATES (USA),ILLINOIS,KEWANEE,,,61,Trailer,,,,,5,Box or Van Enclosed Trailer,4,Straight Semi/Semi Trailer,53.000,Dry Freight Van / Reefer Van / Insulated Van,2,,
41,410079,2,1,1UYVS132*H3******,2025-06-27 04:48:03,0,6,TRAILER,10289,UTILITY TRAILER MANUFACTURING COMPANY,10138,UTILITY TRAILER MANUFACTURER,26222,Utility Trailer Manufacturer,2017,,,6,UNITED STATES (USA),ARKANSAS,PARAGOULD,,,61,Trailer,,,,,5,Box or Van Enclosed Trailer,4,Straight Semi/Semi Trailer,32.000,,1,,
41,410085,2,1,5E0AA164*PG******,2025-06-27 04:48:03,0,6,TRAILER,20895,"COTTRELL, INC.",12482,COTTRELL,32567,"C-09, C-11, CS-10, CS-12M3, CX-09, CX-5LSCH, CX-AK7, CX-LSFA-TRI",2023,,,6,UNITED STATES (USA),GEORGIA,GAINESVILLE,,,61,Trailer,,,,,58,Auto Transporter,5,Fifth Wheel,,Trailer Length (feet): 48-50,2,3,Tandem
41,410094,1,1,5DN14503*LB******,2025-06-27 04:48:03,0,6,TRAILER,8543,WESTERN TRAILER COMPANY,3808,WESTERN TRAILER COMPANY,8295,Western Trailer Company,2020,,,6,UNITED STATES (USA),IDAHO,BOISE,Western Trailer Company,,61,Trailer,,,,,180,"Grain, Chip, or Gravel Trailer",4,Straight Semi/Semi Trailer,50.000,Transfer (Express Floor),3,,
41,410177,1,1,1RNF48A2*FR******,2025-06-27 04:48:03,0,6,TRAILER,3579,"REITNOUER, INC.",5594,REITNOUER INC,14493,Reitnouer Inc Trailers,2015,,,6,UNITED STATES (USA),PENNSYLVANIA,READING,,,61,Trailer,9,"Class 8: 33,001 lb and above (14,969 kg and above)",,,6,Flatbed or Platform Trailer,6,Kingpin,48.000,Airride,2,,
41,410195,2,1,1T9SC534*LB656***,2025-06-27 04:48:03,0,6,TRAILER,2304,"TRINITY TRAILER MFG., INC.",3552,"TRINITY TRAILER MFG., INC.",7903,"TRINITY TRAILER MFG., INC.",2020,,,6,UNITED STATES (USA),IDAHO,BOISE,,,61,Trailer,,,,,180,"Grain, Chip, or Gravel Trailer",4,Straight Semi/Semi Trailer,53.000,Commodity Body Trailer,4,,
41,410217,3,1,4N15E292*50******,2025-06-27 04:48:03,0,6,TRAILER,11494,"NORTHWOOD MANUFACTURING, INC.",8202,NASH,21872,Northwood Investments Corporation,2005,,,6,UNITED STATES (USA),OREGON,LA GRANDE,,,61,Trailer,,,,,10,Camping or Travel Trailer,,,29.000,Fifth Wheel Travel Trailer,2,,
41,410277,3,1,5DN12534*RB******,2025-06-27 04:48:03,0,6,TRAILER,8543,WESTERN TRAILER COMPANY,3808,WESTERN TRAILER COMPANY,8295,Western Trailer Company,2024,,,6,UNITED STATES (USA),IDAHO,BOISE,Western Trailer Company,,61,Trailer,,,,,180,"Grain, Chip, or Gravel Trailer",4,Straight Semi/Semi Trailer,53.000,"Chip Trailer (Drop Center, Flat Floor)",4,,
41,410307,1,1,1GRAA062*FW******,2025-06-27 04:48:03,0,6,TRAILER,1073,GREAT DANE TRAILERS,520,GREAT DANE TRAILERS,13436,Great Dane Trailers,2015,,,6,UNITED STATES (USA),NEBRASKA,WAYNE,,,61,Trailer,,,,,5,Box or Van Enclosed Trailer,4,Straight Semi/Semi Trailer,53.000,Dry Freight Van / Reefer Van / Insulated Van,2,,
41,410307,2,1,3H3V532K*RJ******,2025-06-27 04:48:03,0,6,TRAILER,14282,"HYUNDAI DE MEXICO, S.A. DE C.V.",4876,HYUNDAI TRANSLEAD TRAILERS,11496,Hyundai Translead Trailers,2024,,,12,MEXICO,BAJA CALIFORNIA,TIJUANA,,Body Type: SEMITRAILER,61,Trailer,,,,,5,Box or Van Enclosed Trailer,6,Kingpin,53.000,,2,,
41,410309,2,1,5DN16534*PB******,2025-06-27 04:48:03,0,6,TRAILER,8543,WESTERN TRAILER COMPANY,3808,WESTERN TRAILER COMPANY,8295,Western Trailer Company,2023,,,6,UNITED STATES (USA),IDAHO,BOISE,Western Trailer Company,,61,Trailer,,,,,6,Flatbed or Platform Trailer,4,Straight Semi/Semi Trailer,53.000,"Curtain Side Trailer (Elite, Classic, Supervan)",4,,
41,410329,1,1,527SR532*PM******,2025-06-27 04:48:03,0,6,TRAILER,6703,VANGUARD REEFER TRAILER INC.,1561,"CIMC REEFER TRAILER,INC",4978,"CIMC REEFER TRAILER,INC.",2023,,,6,UNITED STATES (USA),INDIANA,MONON,"CIMC Reefer Trailer,Inc",,61,Trailer,,,,,5,Box or Van Enclosed Trailer,4,Straight Semi/Semi Trailer,53.000,Reefer Van Trailer,2,,
41,410340,2,1,1GR1P062*PK******,2025-06-27 04:48:03,0,6,TRAILER,1073,GREAT DANE TRAILERS,520,GREAT DANE TRAILERS,13436,Great Dane Trailers,2023,,,6,UNITED STATES (USA),ILLINOIS,KEWANEE,,,61,Trailer,,,,,5,Box or Van Enclosed Trailer,6,Kingpin,53.000,"Semitrailer - Dry freight, Reefer, or Insulated van",2,,
41,410377,1,1,4P5GN302*51******,2025-06-27 04:48:03,0,6,TRAILER,16013,"PJ TRAILERS MANUFACTURING, INC.",6060,PJ,28324,PJ,2005,,,6,UNITED STATES (USA),TEXAS,SUMNER,,,61,Trailer,,,,,101,Other Trailer,30,Other,30.000,Variable HITCH based on Size/Type of Trailer,2,,
41,410404,3,1,1T9SC493*AB656***,2025-06-27 04:48:03,0,6,TRAILER,2304,"TRINITY TRAILER MFG., INC.",3552,"TRINITY TRAILER MFG., INC.",7903,"TRINITY TRAILER MFG., INC.",2010,,,6,UNITED STATES (USA),IDAHO,BOISE,,,61,Trailer,,,,,180,"Grain, Chip, or Gravel Trailer",4,Straight Semi/Semi Trailer,49.000,Commodity Body Trailer,3,,
41,410416,1,1,1JJV532D*PL******,2025-06-27 04:48:03,0,6,TRAILER,14508,WABASH NATIONAL CORPORATION,12319,WABASH VANS,10942,Dry Van Duraplate,2023,,,6,UNITED STATES (USA),INDIANA,LAFAYETTE,,,61,Trailer,,,,,5,Box or Van Enclosed Trailer,6,Kingpin,53.000,,2,,
41,410443,2,1,4KNBD212*KL******,2025-06-27 04:48:03,0,6,TRAILER,16566,"MONROE TOWMASTER, LLC",6972,MONROE TOWMASTER,18543,Monroe Towmaster,2019,,,6,UNITED STATES (USA),MINNESOTA,LITCHFIELD,,,61,Trailer,,,,,4,Dump Trailer,14,Bumper Pull,21.000,Open-Dump trailer,2,,
41,410477,1,1,1UYVS253*R2******,2025-06-27 04:48:03,0,6,TRAILER,10289,UTILITY TRAILER MANUFACTURING COMPANY,10138,UTILITY TRAILER MANUFACTURER,26222,Utility Trailer Manufacturer,2024,,,6,UNITED STATES (USA),UTAH,CLEARFIELD,,,61,Trailer,,,,,5,Box or Van Enclosed Trailer,4,Straight Semi/Semi Trailer,53.000,,2,,
41,410477,2,1,527SR532*RM******,2025-06-27 04:48:03,0,6,TRAILER,6703,VANGUARD REEFER TRAILER INC.,1561,"CIMC REEFER TRAILER,INC",4978,"CIMC REEFER TRAILER,INC.",2024,,,6,UNITED STATES (USA),INDIANA,MONON,"CIMC Reefer Trailer,Inc",,61,Trailer,,,,,5,Box or Van Enclosed Trailer,4,Straight Semi/Semi Trailer,53.000,Reefer Van Trailer,2,,
41,410486,1,1,1UYVS353*K2******,2025-06-27 04:48:03,0,6,TRAILER,10289,UTILITY TRAILER MANUFACTURING COMPANY,10138,UTILITY TRAILER MANUFACTURER,26222,Utility Trailer Manufacturer,2019,,,6,UNITED STATES (USA),UTAH,CLEARFIELD,,,61,Trailer,,,,,5,Box or Van Enclosed Trailer,4,Straight Semi/Semi Trailer,53.000,,3,,
41,410494,1,1,1TTF534C*F3******,2025-06-27 04:48:03,0,6,TRAILER,8231,TRANSCRAFT CORPORATION,12050,TRANSCRAFT/WABASH,27663,Combo Steel/Alum Flatbed,2015,,,6,UNITED STATES (USA),KENTUCKY,CADIZ,,,61,Trailer,,,,,6,Flatbed or Platform Trailer,6,Kingpin,53.000,,4,,
41,410496,2,1,5DN12534*MB******,2025-06-27 04:48:03,0,6,TRAILER,8543,WESTERN TRAILER COMPANY,3808,WESTERN TRAILER COMPANY,8295,Western Trailer Company,2021,,,6,UNITED STATES (USA),IDAHO,BOISE,Western Trailer Company,,61,Trailer,,,,,180,"Grain, Chip, or Gravel Trailer",4,Straight Semi/Semi Trailer,53.000,"Chip Trailer (Drop Center, Flat Floor)",4,,
41,410496,3,1,558MTBB4*EB******,2025-06-27 04:48:03,0,6,TRAILER,7785,"MAC LTT, INC.",2552,MAC,6384,MAC,2014,,,6,UNITED STATES (USA),MONTANA,BILLINGS,,Connection Type: Straight-Semi with Fifth Wheel & Kingpin,61,Trailer,,,,,15,Tank Trailer,4,Straight Semi/Semi Trailer,32.000,Straight-Semi Trailer with Fifth Wheel & Kingpin,4,,
41,410512,1,1,5V8VA532*MM******,2025-06-27 04:48:03,0,6,TRAILER,16522,VANGUARD NATIONAL TRAILER CORPORTATION,6474,VANGUARD NATIONAL TRAILER CORPORATION (VNTC),17782,VANGUARD NATIONAL TRAILER CORPORATION (VNTC),2021,,,6,UNITED STATES (USA),INDIANA,MONON,,,61,Trailer,,,,,5,Box or Van Enclosed Trailer,6,Kingpin,53.000,"Interior Post Aluminum Sheet Trailer (VIP, MaxCube)",,3,Tandem
42,420016,1,1,1GRDM802*GH******,2025-06-27 04:48:03,0,6,TRAILER,1073,GREAT DANE TRAILERS,520,GREAT DANE TRAILERS,13436,Great Dane Trailers,2016,,,6,UNITED STATES (USA),TENNESSEE,HUNTSVILLE,,,61,Trailer,,,,,6,Flatbed or Platform Trailer,4,Straight Semi/Semi Trailer,40.000,Platform Trailer,2,,
42,420029,2,1,1GRAA062*EK******,2025-06-27 04:48:03,0,6,TRAILER,1073,GREAT DANE TRAILERS,520,GREAT DANE TRAILERS,13436,Great Dane Trailers,2014,,,6,UNITED STATES (USA),ILLINOIS,KEWANEE,,,61,Trailer,,,,,5,Box or Van Enclosed Trailer,4,Straight Semi/Semi Trailer,53.000,Dry Freight Van / Reefer Van / Insulated Van,2,,
42,420034,2,1,1TTE4820*51******,2025-06-27 04:48:03,0,6,TRAILER,8231,TRANSCRAFT CORPORATION,10511,TRANSCRAFT,28401,Transcraft,2005,,,6,UNITED STATES (USA),ILLINOIS,ANNA,,,61,Trailer,,,,,6,Flatbed or Platform Trailer,6,Kingpin,48.000,Drop Deck Trailer,2,,
42,420048,2,1,1UYVS253*P6******,2025-06-27 04:48:03,0,6,TRAILER,10289,UTILITY TRAILER MANUFACTURING COMPANY,10138,UTILITY TRAILER MANUFACTURER,26222,Utility Trailer Manufacturer,2023,,,6,UNITED STATES (USA),VIRGINIA,MARION,,,61,Trailer,,,,,5,Box or Van Enclosed Trailer,4,Straight Semi/Semi Trailer,53.000,,2,,
42,420063,2,1,LJRR5326*E6******,2025-06-27 04:48:03,0,6,TRAILER,9950,"CIMC VEHICLES GROUP CO., LTD.",4101,CIMC VEHICLES GROUP CO,8811,CIMC VEHICLES GROUP CO,2014,,,8,CHINA,,QINGDAO,,"GVWR = 30,000-34,990kg",61,Trailer,9,"Class 8: 33,001 lb and above (14,969 kg and above)",,,5,Box or Van Enclosed Trailer,,,53.000,Reefer Trailer,2,,
42,420066,2,1,5V8VC532*9M******,2025-06-27 04:48:03,0,6,TRAILER,16522,VANGUARD NATIONAL TRAILER CORPORTATION,6474,VANGUARD NATIONAL TRAILER CORPORATION (VNTC),17782,VANGUARD NATIONAL TRAILER CORPORATION (VNTC),2009,,,6,UNITED STATES (USA),INDIANA,MONON,,,61,Trailer,,,,,5,Box or Van Enclosed Trailer,,,53.000,Dry Freight Van,2,3,Tandem
42,420097,2,1,1L9BE182*PG639***,2025-06-27 04:48:03,0,6,TRAILER,21064,LUXE MFG. LLC,11990,LUXE MFG. LLC,31096,LUXE MFG. LLC,2023,,,6,UNITED STATES (USA),GEORGIA,OCILLA,,,61,Trailer,,,,,5,Box or Van Enclosed Trailer,1,Ball Type Pull,18.000,,2,,
42,420099,2,1,1JJV281D*DL******,2025-06-27 04:48:03,0,6,TRAILER,14508,WABASH NATIONAL CORPORATION,12319,WABASH VANS,10942,Dry Van Duraplate,2013,,,6,UNITED STATES (USA),INDIANA,LAFAYETTE,,,61,Trailer,,,,,5,Box or Van Enclosed Trailer,,,28.000,,1,,
42,420099,2,2,1JJV281W*8L******,2025-06-27 04:48:03,0,6,TRAILER,14508,WABASH NATIONAL CORPORATION,4847,WABASH,13327,Wabash National Corporation,2008,,,6,UNITED STATES (USA),INDIANA,LAFAYETTE,,,61,Trailer,,,,,5,Box or Van Enclosed Trailer,,,28.000,,1,,
42,420110,1,1,3H3V532C*GT******,2025-06-27 04:48:03,0,6,TRAILER,14282,"HYUNDAI DE MEXICO, S.A. DE C.V.",4876,HYUNDAI TRANSLEAD TRAILERS,11496,Hyundai Translead Trailers,2016,,,12,MEXICO,BAJA CALIFORNIA,TIJUANA,,,61,Trailer,,,,,5,Box or Van Enclosed Trailer,,,53.000,Van Trailer,2,,
42,420131,2,1,5HTAB432*X7******,2025-06-27 04:48:03,0,6,TRAILER,5564,"HEIL TRAILER INTERNATIONAL, CO",2365,HEIL TRAILER INTERNATIONAL,6142,Heil Trailer International,1999,,,6,UNITED STATES (USA),TENNESSEE,ATHENS,,Body Shape: Straight Elliptical,61,Trailer,,,,,15,Tank Trailer,,,43.000,AL 306/406,2,,
42,420133,2,1,4ZEGP322*E1******,2025-06-27 04:48:03,0,6,TRAILER,3684,LOAD TRAIL LLC,2111,LOAD TRAIL,5874,Load Trail,2014,,,6,UNITED STATES (USA),TEXAS,SUMNER,,,61,Trailer,,,,,6,Flatbed or Platform Trailer,3,Gooseneck,32.000,Low Profile,2,,
42,420142,1,1,MP7GC402*NT******,2025-06-27 04:48:03,0,6,TRAILER,21230,"PANUS ASSEMBLY CO., LTD.",11526,PANUS,29783,PANUS,2022,,,30,THAILAND,CHONBURI,PANUSNIKOM,,,61,Trailer,,,,,109,Intermodal Container Chassis or Trailer,3,Gooseneck,40.000,Container Chassis,2,,
42,420175,2,1,1GRAA962*9B******,2025-06-27 04:48:03,0,6,TRAILER,1073,GREAT DANE TRAILERS,520,GREAT DANE TRAILERS,13436,Great Dane Trailers,2009,,,6,UNITED STATES (USA),INDIANA,BRAZIL,,,61,Trailer,,,,,5,Box or Van Enclosed Trailer,4,Straight Semi/Semi Trailer,48.000,Dry Freight/ Reefer/ Insulated Van,2,,
42,420188,3,1,5V8VC532*GM******,2025-06-27 04:48:03,0,6,TRAILER,16522,VANGUARD NATIONAL TRAILER CORPORTATION,6474,VANGUARD NATIONAL TRAILER CORPORATION (VNTC),17782,VANGUARD NATIONAL TRAILER CORPORATION (VNTC),2016,,,6,UNITED STATES (USA),INDIANA,MONON,,,61,Trailer,,,,,5,Box or Van Enclosed Trailer,6,Kingpin,53.000,Dry Freight Trailer,,3,Tandem
42,420188,4,1,1UYVS253*GU******,2025-06-27 04:48:03,0,6,TRAILER,10289,UTILITY TRAILER MANUFACTURING COMPANY,10138,UTILITY TRAILER MANUFACTURER,26222,Utility Trailer Manufacturer,2016,,,6,UNITED STATES (USA),UTAH,CLEARFIELD,,,61,Trailer,,,,,5,Box or Van Enclosed Trailer,4,Straight Semi/Semi Trailer,53.000,,2,,
42,420188,5,1,1UYVS253*N7******,2025-06-27 04:48:03,0,6,TRAILER,10289,UTILITY TRAILER MANUFACTURING COMPANY,10138,UTILITY TRAILER MANUFACTURER,26222,Utility Trailer Manufacturer,2022,,,6,UNITED STATES (USA),VIRGINIA,GLADE SPRING,,,61,Trailer,,,,,5,Box or Van Enclosed Trailer,4,Straight Semi/Semi Trailer,53.000,,2,,
42,420188,6,1,527SR532*PM******,2025-06-27 04:48:03,0,6,TRAILER,6703,VANGUARD REEFER TRAILER INC.,1561,"CIMC REEFER TRAILER,INC",4978,"CIMC REEFER TRAILER,INC.",2023,,,6,UNITED STATES (USA),INDIANA,MONON,"CIMC Reefer Trailer,Inc",,61,Trailer,,,,,5,Box or Van Enclosed Trailer,4,Straight Semi/Semi Trailer,53.000,Reefer Van Trailer,2,,
42,420188,7,1,3UTVS253*P8******,2025-06-27 04:48:03,0,6,TRAILER,10289,UTILITY TRAILER MANUFACTURING COMPANY,10138,UTILITY TRAILER MANUFACTURER,26222,Utility Trailer Manufacturer,2023,,,12,MEXICO,,PIEDRAS NEGRAS,,,61,Trailer,,,,,5,Box or Van Enclosed Trailer,4,Straight Semi/Semi Trailer,53.000,,2,,
42,420188,10,1,1UYVS253*EU******,2025-06-27 04:48:03,0,6,TRAILER,10289,UTILITY TRAILER MANUFACTURING COMPANY,10138,UTILITY TRAILER MANUFACTURER,26222,Utility Trailer Manufacturer,2014,,,6,UNITED STATES (USA),UTAH,CLEARFIELD,,,61,Trailer,,,,,5,Box or Van Enclosed Trailer,4,Straight Semi/Semi Trailer,53.000,,2,,
42,420213,1,1,1UYVS253*L3******,2025-06-27 04:48:03,0,6,TRAILER,10289,UTILITY TRAILER MANUFACTURING COMPANY,10138,UTILITY TRAILER MANUFACTURER,26222,Utility Trailer Manufacturer,2020,,,6,UNITED STATES (USA),ARKANSAS,PARAGOULD,,,61,Trailer,,,,,5,Box or Van Enclosed Trailer,4,Straight Semi/Semi Trailer,53.000,,2,,
42,420213,2,1,1UYVS253*K6******,2025-06-27 04:48:03,0,6,TRAILER,10289,UTILITY TRAILER MANUFACTURING COMPANY,10138,UTILITY TRAILER MANUFACTURER,26222,Utility Trailer Manufacturer,2019,,,6,UNITED STATES (USA),VIRGINIA,MARION,,,61,Trailer,,,,,5,Box or Van Enclosed Trailer,4,Straight Semi/Semi Trailer,53.000,,2,,
42,420215,2,1,1GRAA962*EB******,2025-06-27 04:48:03,0,6,TRAILER,1073,GREAT DANE TRAILERS,520,GREAT DANE TRAILERS,13436,Great Dane Trailers,2014,,,6,UNITED STATES (USA),INDIANA,BRAZIL,,,61,Trailer,,,,,5,Box or Van Enclosed Trailer,4,Straight Semi/Semi Trailer,48.000,Dry Freight Van / Reefer Van / Insulated Van,2,,
42,420218,2,1,1JJV532D*PL******,2025-06-27 04:48:03,0,6,TRAILER,14508,WABASH NATIONAL CORPORATION,12319,WABASH VANS,10942,Dry Van Duraplate,2023,,,6,UNITED STATES (USA),INDIANA,LAFAYETTE,,,61,Trailer,,,,,5,Box or Van Enclosed Trailer,6,Kingpin,53.000,,2,,
42,420260,2,1,4FGL1820*RA******,2025-06-27 04:48:03,0,6,TRAILER,13341,"FEATHERLITE TRAILER MANUFACTURING, LLC",997,FEATHERLITE TRAILERS,4226,Featherlite Trailers,1994,,,6,UNITED STATES (USA),MINNESOTA,GRAND MEADOW,,,61,Trailer,,,,,13,Live Animal Trailer,,,18.000,Horse,2,,
42,420321,2,1,5WSAWA52*GN******,2025-06-27 04:48:03,0,6,TRAILER,10142,WALKER STAINLESS EQUIPMENT CO,6978,WALKER,18560,DOT/TC-406,2016,,,6,UNITED STATES (USA),WISCONSIN,NEW LISBON,,,61,Trailer,,,,,15,Tank Trailer,,,,Trailer Material: Aluminum,5,,
42,420323,2,1,2TLFC443*LB******,2025-06-27 04:48:03,0,6,TRAILER,19927,TREMCAR INC.,10984,TREMCAR,22049,Farm-Pick Up,2020,,,1,CANADA,,,TREMCAR INC.,,61,Trailer,,,,,15,Tank Trailer,30,Other,26.000,STEEL,3,,
42,420424,3,1,5HABE242*GN******,2025-06-27 04:48:03,0,6,TRAILER,12754,HOMESTEADER LLC,1570,HOMESTEADER,5676,Homesteader,2016,,,6,UNITED STATES (USA),TENNESSEE,NEW TAZEWELL,,,61,Trailer,,,,,5,Box or Van Enclosed Trailer,1,Ball Type Pull,24.000,Enclosed Trailer,2,,
42,420431,1,1,1RNF48A2*FR******,2025-06-27 04:48:03,0,6,TRAILER,3579,"REITNOUER, INC.",5594,REITNOUER INC,14493,Reitnouer Inc Trailers,2015,,,6,UNITED STATES (USA),PENNSYLVANIA,READING,,,61,Trailer,9,"Class 8: 33,001 lb and above (14,969 kg and above)",,,6,Flatbed or Platform Trailer,6,Kingpin,48.000,Airride,2,,
42,420444,2,1,3H3V532C*MR******,2025-06-27 04:48:03,0,6,TRAILER,14282,"HYUNDAI DE MEXICO, S.A. DE C.V.",4876,HYUNDAI TRANSLEAD TRAILERS,11496,Hyundai Translead Trailers,2021,,,12,MEXICO,BAJA CALIFORNIA,ROSARITO,,Trailer Type: SEMITRAILER,61,Trailer,,,,,5,Box or Van Enclosed Trailer,6,Kingpin,53.000,Material: ALUMINUM/STEEL,2,,
42,420448,1,1,1JJF532A*RC******,2025-06-27 04:48:03,0,6,TRAILER,14508,WABASH NATIONAL CORPORATION,12320,WABASH PLATFORMS,31158,Aluminum Platform,2024,,,6,UNITED STATES (USA),KENTUCKY,CADIZ,,"FLCVBAL (524, 724 Flatbed) / FLDPBAL (524 Drop Deck)",61,Trailer,,,,,6,Flatbed or Platform Trailer,6,Kingpin,53.000,,2,,
42,420451,2,1,40FSK533*K1******,2025-06-27 04:48:03,0,6,TRAILER,15360,TALBERT MANUFACTURING INC.,5932,TALBERT,18136,TALBERT,2019,,,6,UNITED STATES (USA),INDIANA,RENSSELAER,,,61,Trailer,,,,,6,Flatbed or Platform Trailer,6,Kingpin,53.000,"Semi-Trailer, Drop Deck",3,,
42,420471,1,1,1JJV532D*JL******,2025-06-27 04:48:03,0,6,TRAILER,14508,WABASH NATIONAL CORPORATION,12319,WABASH VANS,10942,Dry Van Duraplate,2018,,,6,UNITED STATES (USA),INDIANA,LAFAYETTE,,,61,Trailer,,,,,5,Box or Van Enclosed Trailer,,,53.000,,2,,
42,420493,1,1,1JJV532W*5L******,2025-06-27 04:48:03,0,6,TRAILER,14508,WABASH NATIONAL CORPORATION,4847,WABASH,13327,Wabash National Corporation,2005,,,6,UNITED STATES (USA),INDIANA,LAFAYETTE,,,61,Trailer,,,,,5,Box or Van Enclosed Trailer,,,53.000,,2,,
42,420517,2,1,2W9HA402*HG001***,2025-06-27 04:48:03,0,6,TRAILER,10140,"WALINGA, INC.",6967,"WALINGA, INC.",18536,"WALINGA, INC.",2017,,,1,CANADA,,GUELPH,,,61,Trailer,,,,,15,Tank Trailer,,,40.000,Hopper Tank & Auger,2,,
42,420549,2,1,3H3V281C*HT******,2025-06-27 04:48:03,0,6,TRAILER,14282,"HYUNDAI DE MEXICO, S.A. DE C.V.",4876,HYUNDAI TRANSLEAD TRAILERS,11496,Hyundai Translead Trailers,2017,,,12,MEXICO,BAJA CALIFORNIA,TIJUANA,,,61,Trailer,,,,,5,Box or Van Enclosed Trailer,,,28.000,Van Trailer,1,,
42,420549,2,2,1GRAA561*HB******,2025-06-27 04:48:03,0,6,TRAILER,1073,GREAT DANE TRAILERS,520,GREAT DANE TRAILERS,13436,Great Dane Trailers,2017,,,6,UNITED STATES (USA),INDIANA,BRAZIL,,,61,Trailer,,,,,5,Box or Van Enclosed Trailer,4,Straight Semi/Semi Trailer,28.000,Dry Freight Van / Reefer Van / Insulated Van,1,,
42,420558,2,1,2M592162*N1******,2025-06-27 04:48:03,1,6,TRAILER,5771,THE CANAM MANAC GROUP INC,7933,MANAC,21215,Manac Trailer,2022,,,1,CANADA,QUEBEC,ST. GEORGES,,,61,Trailer,,,,,5,Box or Van Enclosed Trailer,,,53.000,"Van (Dry, Furniture & Electronic Reefers)",2,,
42,420577,2,1,5V8VC532*RT******,2025-06-27 04:48:03,0,6,TRAILER,16522,VANGUARD NATIONAL TRAILER CORPORTATION,6474,VANGUARD NATIONAL TRAILER CORPORATION (VNTC),17782,VANGUARD NATIONAL TRAILER CORPORATION (VNTC),2024,,,6,UNITED STATES (USA),GEORGIA,TRENTON,,,61,Trailer,,,,,5,Box or Van Enclosed Trailer,6,Kingpin,53.000,Dry Freight Trailer,,3,Tandem
42,420583,2,1,3H3V532K*NS******,2025-06-27 04:48:03,0,6,TRAILER,14282,"HYUNDAI DE MEXICO, S.A. DE C.V.",4876,HYUNDAI TRANSLEAD TRAILERS,11496,Hyundai Translead Trailers,2022,,,12,MEXICO,BAJA CALIFORNIA,ROSARITO,,Body Type: SEMITRAILER,61,Trailer,,,,,5,Box or Van Enclosed Trailer,6,Kingpin,53.000,,2,,
42,420583,3,1,1GR1P062*PK******,2025-06-27 04:48:03,0,6,TRAILER,1073,GREAT DANE TRAILERS,520,GREAT DANE TRAILERS,13436,Great Dane Trailers,2023,,,6,UNITED STATES (USA),ILLINOIS,KEWANEE,,,61,Trailer,,,,,5,Box or Van Enclosed Trailer,6,Kingpin,53.000,"Semitrailer - Dry freight, Reefer, or Insulated van",2,,
42,420608,3,1,5E0AC144*EG******,2025-06-27 04:48:03,0,6,TRAILER,20895,"COTTRELL, INC.",12482,COTTRELL,32568,"C-10, C-11, C-12, C-14, C-5008, C-5307, C-5309, C-7510, C-7512, C-8ENC, CS-12, CS-5304, CS-6SD, CS-8504, CX-5304, CX-6, CX-7, EZ-5307, 31M",2014,,,6,UNITED STATES (USA),GEORGIA,GAINESVILLE,,,61,Trailer,,,,,58,Auto Transporter,5,Fifth Wheel,,Trailer Length (feet): 44-46,2,3,Tandem
42,420624,3,1,5HABD122*GN******,2025-06-27 04:48:03,0,6,TRAILER,12754,HOMESTEADER LLC,1570,HOMESTEADER,5676,Homesteader,2016,,,6,UNITED STATES (USA),TENNESSEE,NEW TAZEWELL,,,61,Trailer,,,,,4,Dump Trailer,1,Ball Type Pull,12.000,,2,,
42,420638,1,1,1RZ1KC1A*T2******,2025-06-27 04:48:03,0,6,TRAILER,6992,"CON-WAY MANUFACTURING, INC.",1881,CON-WAY MANUFACTURING,5385,CON-WAY MANUFACTURING,2026,,,6,UNITED STATES (USA),ARIZONA,SEARCY,,Body Construction = Smooth-side Aluminum,61,Trailer,,,,,5,Box or Van Enclosed Trailer,,,28.000,Truck Trailer,1,,
42,420644,1,1,1S12E953*FE******,2025-06-27 04:48:03,0,6,TRAILER,14956,"STRICK TRAILERS, LLC",4977,STRICK COMMERCIAL TRAILER,12176,Strick Commercial Trailer,2015,Smooth Side,,6,UNITED STATES (USA),,MONROE,,,61,Trailer,,,,,5,Box or Van Enclosed Trailer,4,Straight Semi/Semi Trailer,53.000,Semi-Trailer/Dry Freight Van,2,3,Tandem
42,420644,2,1,1TTF482A*G3******,2025-06-27 04:48:03,0,6,TRAILER,8231,TRANSCRAFT CORPORATION,12051,BENSON/WABASH,27664,Aluminium Flatbed,2016,,,6,UNITED STATES (USA),KENTUCKY,CADIZ,,,61,Trailer,,,,,6,Flatbed or Platform Trailer,6,Kingpin,48.000,,2,,
42,420658,1,1,1K9FR051*PB367***,2025-06-27 04:48:03,0,6,TRAILER,17217,"KAUFMAN TRAILERS OF SC, INC.",7749,KAUFMAN TRAILERS OF SC,20800,KAUFMAN TRAILERS OF SC,2023,,,6,UNITED STATES (USA),SOUTH CAROLINA,BENNETTSVILLE,,,61,Trailer,,,,,6,Flatbed or Platform Trailer,,,5.000,Detachable Flatbed,1,,
42,420689,3,1,1UYVS128*GM******,2025-06-27 04:48:03,0,6,TRAILER,10289,UTILITY TRAILER MANUFACTURING COMPANY,10138,UTILITY TRAILER MANUFACTURER,26222,Utility Trailer Manufacturer,2016,,,6,UNITED STATES (USA),VIRGINIA,MARION,,,61,Trailer,,,,,5,Box or Van Enclosed Trailer,4,Straight Semi/Semi Trailer,28.000,,1,,
42,420694,2,1,1JJV532B*HL******,2025-06-27 04:48:03,0,6,TRAILER,14508,WABASH NATIONAL CORPORATION,12319,WABASH VANS,10945,Refrigerated Van,2017,,,6,UNITED STATES (USA),INDIANA,LAFAYETTE,,,61,Trailer,,,,,5,Box or Van Enclosed Trailer,,,53.000,,2,,
42,420713,2,1,5V8VA532*6M******,2025-06-27 04:48:03,0,6,TRAILER,16522,VANGUARD NATIONAL TRAILER CORPORTATION,6474,VANGUARD NATIONAL TRAILER CORPORATION (VNTC),17782,VANGUARD NATIONAL TRAILER CORPORATION (VNTC),2006,,,6,UNITED STATES (USA),INDIANA,MONON,,,61,Trailer,,,,,5,Box or Van Enclosed Trailer,,,53.000,Interior Post Aluminum Semi Trailer,2,3,Tandem
42,420718,1,1,5JYLT422*EP******,2025-06-27 04:48:03,0,6,TRAILER,2290,PITTS ENTERPRISES INC,2831,PITTS TRAILERS,6775,Pitts Trailers,2014,,,6,UNITED STATES (USA),ALABAMA,PITTSVIEW,,,61,Trailer,,,,,6,Flatbed or Platform Trailer,,,42.000,Straight Frame trailer,2,,
42,420741,2,1,1JJV532D*AL******,2025-06-27 04:48:03,0,6,TRAILER,14508,WABASH NATIONAL CORPORATION,12319,WABASH VANS,10942,Dry Van Duraplate,2010,,,6,UNITED STATES (USA),INDIANA,LAFAYETTE,,,61,Trailer,,,,,5,Box or Van Enclosed Trailer,,,53.000,,2,,
42,420767,2,1,1UYVS253*GM******,2025-06-27 04:48:03,0,6,TRAILER,10289,UTILITY TRAILER MANUFACTURING COMPANY,10138,UTILITY TRAILER MANUFACTURER,26222,Utility Trailer Manufacturer,2016,,,6,UNITED STATES (USA),VIRGINIA,MARION,,,61,Trailer,,,,,5,Box or Van Enclosed Trailer,4,Straight Semi/Semi Trailer,53.000,,2,,
42,420771,1,1,1JJF3926*PL******,2025-06-27 04:48:03,0,6,TRAILER,14508,WABASH NATIONAL CORPORATION,4847,WABASH,22489,"96"" Wide",1993,,,6,UNITED STATES (USA),INDIANA,LAFAYETTE,,,61,Trailer,,,,,6,Flatbed or Platform Trailer,,,39.000,,2,,
42,420783,4,1,1TTF4820*42******,2025-06-27 04:48:03,0,6,TRAILER,8231,TRANSCRAFT CORPORATION,10511,TRANSCRAFT,28401,Transcraft,2004,,,6,UNITED STATES (USA),KENTUCKY,MOUNT STERLING,,,61,Trailer,,,,,6,Flatbed or Platform Trailer,6,Kingpin,48.000,Platform,2,,
42,420791,1,1,1GRAP062*4B******,2025-06-27 04:48:03,0,6,TRAILER,1073,GREAT DANE TRAILERS,520,GREAT DANE TRAILERS,13436,Great Dane Trailers,2004,,,6,UNITED STATES (USA),INDIANA,BRAZIL,,,61,Trailer,,,,,5,Box or Van Enclosed Trailer,4,Straight Semi/Semi Trailer,6.000,Platewall,2,,
42,420811,2,1,1GR1A062*RW******,2025-06-27 04:48:03,0,6,TRAILER,1073,GREAT DANE TRAILERS,520,GREAT DANE TRAILERS,13436,Great Dane Trailers,2024,,,6,UNITED STATES (USA),NEBRASKA,WAYNE,,,61,Trailer,,,,,5,Box or Van Enclosed Trailer,6,Kingpin,53.000,"Semitrailer - Dry freight, Reefer, or Insulated van",2,,
42,420836,2,1,5RVFC222*JP******,2025-06-27 04:48:03,0,6,TRAILER,8916,LAMAR TRAILERS INC.,6413,LAMAR TRAILERS,17669,LAMAR TRAILERS,2018,,,6,UNITED STATES (USA),TEXAS,SUMNER,,,61,Trailer,,,,,3,Car Hauler Trailer,3,Gooseneck,22.000,,2,,
42,420852,1,1,1UYVS253*R3******,2025-06-27 04:48:03,0,6,TRAILER,10289,UTILITY TRAILER MANUFACTURING COMPANY,10138,UTILITY TRAILER MANUFACTURER,26222,Utility Trailer Manufacturer,2024,,,6,UNITED STATES (USA),ARKANSAS,PARAGOULD,,,61,Trailer,,,,,5,Box or Van Enclosed Trailer,4,Straight Semi/Semi Trailer,53.000,,2,,
42,420872,2,1,3H3V532C*8T******,2025-06-27 04:48:03,0,6,TRAILER,14282,"HYUNDAI DE MEXICO, S.A. DE C.V.",4876,HYUNDAI TRANSLEAD TRAILERS,11496,Hyundai Translead Trailers,2008,,,12,MEXICO,BAJA CALIFORNIA,TIJUANA,,,61,Trailer,,,,,5,Box or Van Enclosed Trailer,,,53.000,Van Trailer,2,,
42,420875,2,1,1GRAA062*7J******,2025-06-27 04:48:03,0,6,TRAILER,1073,GREAT DANE TRAILERS,520,GREAT DANE TRAILERS,13436,Great Dane Trailers,2007,,,6,UNITED STATES (USA),ARKANSAS,JONESBORO,,,61,Trailer,,,,,5,Box or Van Enclosed Trailer,4,Straight Semi/Semi Trailer,6.000,Dry Freight/ Reefer/ Insulated Van,2,,
42,420882,1,1,3H3V532K*NS******,2025-06-27 04:48:03,0,6,TRAILER,14282,"HYUNDAI DE MEXICO, S.A. DE C.V.",4876,HYUNDAI TRANSLEAD TRAILERS,11496,Hyundai Translead Trailers,2022,,,12,MEXICO,BAJA CALIFORNIA,ROSARITO,,Body Type: SEMITRAILER,61,Trailer,,,,,5,Box or Van Enclosed Trailer,6,Kingpin,53.000,,2,,
42,420882,3,1,1GR4M962*RH******,2025-06-27 04:48:03,0,6,TRAILER,1073,GREAT DANE TRAILERS,520,GREAT DANE TRAILERS,13436,Great Dane Trailers,2024,,,6,UNITED STATES (USA),TENNESSEE,HUNTSVILLE,,,61,Trailer,,,,,6,Flatbed or Platform Trailer,6,Kingpin,48.000,Semitrailer - Platform Trailer,2,,
42,420897,2,1,1UNST422*8L******,2025-06-27 04:48:03,0,6,TRAILER,1739,"DRAGON PRODUCTS, LLC",956,DRAGON PRODUCTS,4976,Dragon Products,2008,,,6,UNITED STATES (USA),TEXAS,LAPORTE,,,61,Trailer,,,,,15,Tank Trailer,4,Straight Semi/Semi Trailer,42.000,,2,,
42,420905,2,1,3H3V482K*SJ******,2025-06-27 04:48:03,0,6,TRAILER,14282,"HYUNDAI DE MEXICO, S.A. DE C.V.",4876,HYUNDAI TRANSLEAD TRAILERS,11496,Hyundai Translead Trailers,2025,,,12,MEXICO,BAJA CALIFORNIA,TIJUANA,,Body Type: SEMITRAILER,61,Trailer,,,,,5,Box or Van Enclosed Trailer,6,Kingpin,48.000,,2,,
42,420913,2,1,5MAMN482*7C******,2025-06-27 04:48:03,0,6,TRAILER,5950,"MAC TRAILER MFG, INC.",6826,MAC TRAILER MANUFACTURING,18288,MAC TRAILER MANUFACTURING,2007,,,6,UNITED STATES (USA),OHIO,ALLIANCE,,Commerce Street,61,Trailer,,,,,180,"Grain, Chip, or Gravel Trailer",,,48.000,No Frame,2,,
42,420926,2,1,1JJV532D*KL******,2025-06-27 04:48:03,0,6,TRAILER,14508,WABASH NATIONAL CORPORATION,12319,WABASH VANS,10942,Dry Van Duraplate,2019,,,6,UNITED STATES (USA),INDIANA,LAFAYETTE,,,61,Trailer,,,,,5,Box or Van Enclosed Trailer,,,53.000,,2,,
42,420930,1,1,5V8VA532*JM******,2025-06-27 04:48:03,0,6,TRAILER,16522,VANGUARD NATIONAL TRAILER CORPORTATION,6474,VANGUARD NATIONAL TRAILER CORPORATION (VNTC),17782,VANGUARD NATIONAL TRAILER CORPORATION (VNTC),2018,,,6,UNITED STATES (USA),INDIANA,MONON,,,61,Trailer,,,,,5,Box or Van Enclosed Trailer,6,Kingpin,53.000,"Interior Post Aluminum Sheet Trailer (VIP, MaxCube)",,3,Tandem
42,420935,1,1,1GR1A062*NE******,2025-06-27 04:48:03,0,6,TRAILER,1073,GREAT DANE TRAILERS,520,GREAT DANE TRAILERS,13436,Great Dane Trailers,2022,,,6,UNITED STATES (USA),GEORGIA,STATESBORO,,,61,Trailer,,,,,5,Box or Van Enclosed Trailer,6,Kingpin,53.000,"Semitrailer - Dry freight, Reefer, or Insulated van",2,,
42,420935,2,1,5V8VA532*GM******,2025-06-27 04:48:03,0,6,TRAILER,16522,VANGUARD NATIONAL TRAILER CORPORTATION,6474,VANGUARD NATIONAL TRAILER CORPORATION (VNTC),17782,VANGUARD NATIONAL TRAILER CORPORATION (VNTC),2016,,,6,UNITED STATES (USA),INDIANA,MONON,,,61,Trailer,,,,,5,Box or Van Enclosed Trailer,6,Kingpin,53.000,"Interior Post Aluminum Sheet Trailer (VIP, MaxCube)",,3,Tandem
42,420937,2,1,1UYFS248*5A******,2025-06-27 04:48:03,0,6,TRAILER,10289,UTILITY TRAILER MANUFACTURING COMPANY,10138,UTILITY TRAILER MANUFACTURER,26222,Utility Trailer Manufacturer,2005,,,6,UNITED STATES (USA),ALABAMA,ENTERPRISE,,,61,Trailer,,,,,6,Flatbed or Platform Trailer,4,Straight Semi/Semi Trailer,48.000,,2,,
42,420954,1,1,3H3V532K*NS******,2025-06-27 04:48:03,0,6,TRAILER,14282,"HYUNDAI DE MEXICO, S.A. DE C.V.",4876,HYUNDAI TRANSLEAD TRAILERS,11496,Hyundai Translead Trailers,2022,,,12,MEXICO,BAJA CALIFORNIA,ROSARITO,,Body Type: SEMITRAILER,61,Trailer,,,,,5,Box or Van Enclosed Trailer,6,Kingpin,53.000,,2,,
42,420956,2,1,431FS081*M1******,2025-06-27 04:48:03,0,6,TRAILER,1252,"CROSS COUNTRY MFG., INC.",680,CROSS COUNTRY,3798,Cross Country,2021,,,6,UNITED STATES (USA),NEW YORK,GREENE,Plant #1 (Route 206),,61,Trailer,,,,,6,Flatbed or Platform Trailer,,,8.000,Standard,1,,
42,420957,1,1,1UYVS253*GU******,2025-06-27 04:48:03,0,6,TRAILER,10289,UTILITY TRAILER MANUFACTURING COMPANY,10138,UTILITY TRAILER MANUFACTURER,26222,Utility Trailer Manufacturer,2016,,,6,UNITED STATES (USA),UTAH,CLEARFIELD,,,61,Trailer,,,,,5,Box or Van Enclosed Trailer,4,Straight Semi/Semi Trailer,53.000,,2,,
42,420993,1,1,1UYVS248*BM******,2025-06-27 04:48:03,0,6,TRAILER,10289,UTILITY TRAILER MANUFACTURING COMPANY,10138,UTILITY TRAILER MANUFACTURER,26222,Utility Trailer Manufacturer,2011,,,6,UNITED STATES (USA),VIRGINIA,MARION,,,61,Trailer,,,,,5,Box or Van Enclosed Trailer,4,Straight Semi/Semi Trailer,48.000,,2,,
42,420993,2,1,1JJV532D*KL******,2025-06-27 04:48:03,0,6,TRAILER,14508,WABASH NATIONAL CORPORATION,12319,WABASH VANS,10942,Dry Van Duraplate,2019,,,6,UNITED STATES (USA),INDIANA,LAFAYETTE,,,61,Trailer,,,,,5,Box or Van Enclosed Trailer,,,53.000,,2,,
42,421023,2,1,1GRAP062*HT******,2025-06-27 04:48:03,0,6,TRAILER,1073,GREAT DANE TRAILERS,520,GREAT DANE TRAILERS,13436,Great Dane Trailers,2017,,,6,UNITED STATES (USA),INDIANA,TERRE HAUTE,,,61,Trailer,,,,,5,Box or Van Enclosed Trailer,4,Straight Semi/Semi Trailer,53.000,Dry Freight Van / Reefer Van / Insulated Van,2,,
42,421038,2,1,1JJV532D*CL******,2025-06-27 04:48:03,0,6,TRAILER,14508,WABASH NATIONAL CORPORATION,12319,WABASH VANS,10942,Dry Van Duraplate,2012,,,6,UNITED STATES (USA),INDIANA,LAFAYETTE,,,61,Trailer,,,,,5,Box or Van Enclosed Trailer,,,53.000,,2,,
42,421042,2,1,58CB3EH2*NC******,2025-06-27 04:48:03,0,6,TRAILER,7342,"BWISE MANUFACTURING, LLC",4746,BWISE MANUFACTURING,10040,Bwise Manufacturing LLC,2022,,,6,UNITED STATES (USA),PUERTO RICO,CHAMBERSBURG,Bwise Manufacturing,,61,Trailer,,,,,23,Equipment Trailer,31,Ball Hitch,24.000,Gooseneck Ball Hitch,2,,
46,460005,2,1,1T9SC534*RB656***,2025-06-27 04:48:03,0,6,TRAILER,2304,"TRINITY TRAILER MFG., INC.",3552,"TRINITY TRAILER MFG., INC.",7903,"TRINITY TRAILER MFG., INC.",2024,,,6,UNITED STATES (USA),IDAHO,BOISE,,,61,Trailer,,,,,180,"Grain, Chip, or Gravel Trailer",4,Straight Semi/Semi Trailer,53.000,Commodity Body Trailer,4,,
46,460007,1,1,1S9SS493*BL476***,2025-06-27 04:48:03,0,6,TRAILER,8211,SMITHCO MANUFACTURING,6887,SMITHCO MANUFACTURING,18396,SMITHCO MANUFACTURING,2011,,,6,UNITED STATES (USA),IOWA,LE MARS,,,61,Trailer,,,,,4,Dump Trailer,,,49.000,Side Dump Trailer,3,,
46,460013,2,1,1GR1A062*LW******,2025-06-27 04:48:03,0,6,TRAILER,1073,GREAT DANE TRAILERS,520,GREAT DANE TRAILERS,13436,Great Dane Trailers,2020,,,6,UNITED STATES (USA),NEBRASKA,WAYNE,,,61,Trailer,,,,,5,Box or Van Enclosed Trailer,6,Kingpin,53.000,"Semitrailer - Dry freight, Reefer, or Insulated van",2,,
46,460043,2,1,1W1K8543*R2******,2025-06-27 04:48:03,0,6,TRAILER,11681,WILSON TRAILER CO.,10450,WILSON,27561,Wilson,2024,,,6,UNITED STATES (USA),IOWA,SIOUX CITY,,,61,Trailer,,,,,180,"Grain, Chip, or Gravel Trailer",6,Kingpin,54.000,Belt Trailer,3,,
46,460049,1,1,1GRAA062*6S******,2025-06-27 04:48:03,0,6,TRAILER,1073,GREAT DANE TRAILERS,520,GREAT DANE TRAILERS,13436,Great Dane Trailers,2006,,,6,UNITED STATES (USA),GEORGIA,SAVANNAH,,,61,Trailer,,,,,5,Box or Van Enclosed Trailer,4,Straight Semi/Semi Trailer,6.000,Dry Freight/ Reefer/ Insulated Van,2,,
46,460058,2,1,4J8B0432*1T******,2025-06-27 04:48:03,0,6,TRAILER,2695,"LBT, INC.",7990,LBT INC,21385,LBT INC TRAILER,2001,,,6,UNITED STATES (USA),NEBRASKA,OMAHA,,,61,Trailer,,,,,15,Tank Trailer,,,43.000,Closed Dry Bulk Trailer,2,,
46,460093,2,1,1GR1A062*NB******,2025-06-27 04:48:03,0,6,TRAILER,1073,GREAT DANE TRAILERS,520,GREAT DANE TRAILERS,13436,Great Dane Trailers,2022,,,6,UNITED STATES (USA),INDIANA,BRAZIL,,,61,Trailer,,,,,5,Box or Van Enclosed Trailer,6,Kingpin,53.000,"Semitrailer - Dry freight, Reefer, or Insulated van",2,,
46,460099,3,1,1W1UCS25*8D******,2025-06-27 04:48:03,0,6,TRAILER,11681,WILSON TRAILER CO.,3855,WILSON TRAILER CO.,8390,Wilson Trailer Co.,2008,STYLE A LH LOAD - SOLID PAN - FULL RAMP,,6,UNITED STATES (USA),SOUTH DAKOTA,YANKTON,PLANT 5,,61,Trailer,,,,,13,Live Animal Trailer,,,53.000,Type of Trailer: PUNCHSIDE DROP CTR LVSK (PSDCL) W/ DOGHOUSE,3,,
46,460100,2,1,1RND53A2*LR******,2025-06-27 04:48:03,0,6,TRAILER,3579,"REITNOUER, INC.",5594,REITNOUER INC,14493,Reitnouer Inc Trailers,2020,,,6,UNITED STATES (USA),PENNSYLVANIA,READING,,,61,Trailer,9,"Class 8: 33,001 lb and above (14,969 kg and above)",,,6,Flatbed or Platform Trailer,6,Kingpin,53.000,Drop Deck Trailer,2,,
46,460127,2,1,1UYVS253*N2******,2025-06-27 04:48:03,0,6,TRAILER,10289,UTILITY TRAILER MANUFACTURING COMPANY,10138,UTILITY TRAILER MANUFACTURER,26222,Utility Trailer Manufacturer,2022,,,6,UNITED STATES (USA),UTAH,CLEARFIELD,,,61,Trailer,,,,,5,Box or Van Enclosed Trailer,4,Straight Semi/Semi Trailer,53.000,,2,,
47,470003,2,1,3H3V532C*JT******,2025-06-27 04:48:03,0,6,TRAILER,14282,"HYUNDAI DE MEXICO, S.A. DE C.V.",4876,HYUNDAI TRANSLEAD TRAILERS,11496,Hyundai Translead Trailers,2018,,,12,MEXICO,BAJA CALIFORNIA,TIJUANA,,,61,Trailer,,,,,5,Box or Van Enclosed Trailer,,,53.000,Van Trailer,2,,
47,470022,2,1,1UYVS253*M3******,2025-06-27 04:48:03,0,6,TRAILER,10289,UTILITY TRAILER MANUFACTURING COMPANY,10138,UTILITY TRAILER MANUFACTURER,26222,Utility Trailer Manufacturer,2021,,,6,UNITED STATES (USA),ARKANSAS,PARAGOULD,,,61,Trailer,,,,,5,Box or Van Enclosed Trailer,4,Straight Semi/Semi Trailer,53.000,,2,,
47,470030,2,1,1S12E953*6E******,2025-06-27 04:48:03,0,6,TRAILER,14956,"STRICK TRAILERS, LLC",4977,STRICK COMMERCIAL TRAILER,12176,Strick Commercial Trailer,2006,Smooth Side,,6,UNITED STATES (USA),,MONROE,,,61,Trailer,,,,,5,Box or Van Enclosed Trailer,4,Straight Semi/Semi Trailer,53.000,Dry Freight Van,2,3,Tandem
47,470055,2,1,5V8VA532*KT******,2025-06-27 04:48:03,0,6,TRAILER,16522,VANGUARD NATIONAL TRAILER CORPORTATION,6474,VANGUARD NATIONAL TRAILER CORPORATION (VNTC),17782,VANGUARD NATIONAL TRAILER CORPORATION (VNTC),2019,,,6,UNITED STATES (USA),GEORGIA,TRENTON,,,61,Trailer,,,,,5,Box or Van Enclosed Trailer,6,Kingpin,53.000,"Interior Post Aluminum Sheet Trailer (VIP, MaxCube)",,3,Tandem
47,470056,2,1,1E1H5Z28*RR******,2025-06-27 04:48:03,0,6,TRAILER,5338,EAST MANUFACTURING CORP.,1334,EAST MANUFACTURING CORP.,4686,East Manufacturing Corp,2024,,,6,UNITED STATES (USA),OHIO,RANDOLPH,,,61,Trailer,9,"Class 8: 33,001 lb and above (14,969 kg and above)",,,6,Flatbed or Platform Trailer,,,,Trailer Length 48 and above,2,,
47,470088,1,1,1JJV532D*KL******,2025-06-27 04:48:03,0,6,TRAILER,14508,WABASH NATIONAL CORPORATION,12319,WABASH VANS,10942,Dry Van Duraplate,2019,,,6,UNITED STATES (USA),INDIANA,LAFAYETTE,,,61,Trailer,,,,,5,Box or Van Enclosed Trailer,,,53.000,,2,,
47,470088,2,1,4U3J0482*RL******,2025-06-27 04:48:03,0,6,TRAILER,9213,"BULL MOOSE HEAVY HAUL, INC",6869,X-L SPECIALIZED TRAILERS INC,18367,X-L SPECIALIZED TRAILERS INC,2024,,,6,UNITED STATES (USA),IOWA,MANCHESTER,,,61,Trailer,,,,,6,Flatbed or Platform Trailer,,,48.000,"Front-loading Detachable/Non-Rigid Neck (MFG, MDE, HDG, HDE, Folding Goose Neck)",2,,
47,470094,2,1,1GRAA062*7B******,2025-06-27 04:48:03,0,6,TRAILER,1073,GREAT DANE TRAILERS,520,GREAT DANE TRAILERS,13436,Great Dane Trailers,2007,,,6,UNITED STATES (USA),INDIANA,BRAZIL,,,61,Trailer,,,,,5,Box or Van Enclosed Trailer,4,Straight Semi/Semi Trailer,6.000,Dry Freight/ Reefer/ Insulated Van,2,,
47,470106,2,1,3H3V532K*NS******,2025-06-27 04:48:03,0,6,TRAILER,14282,"HYUNDAI DE MEXICO, S.A. DE C.V.",4876,HYUNDAI TRANSLEAD TRAILERS,11496,Hyundai Translead Trailers,2022,,,12,MEXICO,BAJA CALIFORNIA,ROSARITO,,Body Type: SEMITRAILER,61,Trailer,,,,,5,Box or Van Enclosed Trailer,6,Kingpin,53.000,,2,,
47,470114,2,1,3H3V532C*LT******,2025-06-27 04:48:03,0,6,TRAILER,14282,"HYUNDAI DE MEXICO, S.A. DE C.V.",4876,HYUNDAI TRANSLEAD TRAILERS,11496,Hyundai Translead Trailers,2020,,,12,MEXICO,BAJA CALIFORNIA,TIJUANA,,,61,Trailer,,,,,5,Box or Van Enclosed Trailer,,,53.000,Van Trailer,2,,
47,470115,1,1,1JJV532D*KL******,2025-06-27 04:48:03,0,6,TRAILER,14508,WABASH NATIONAL CORPORATION,12319,WABASH VANS,10942,Dry Van Duraplate,2019,,,6,UNITED STATES (USA),INDIANA,LAFAYETTE,,,61,Trailer,,,,,5,Box or Van Enclosed Trailer,,,53.000,,2,,
47,470127,1,1,1R1F2482*5K******,2025-06-27 04:48:03,0,6,TRAILER,9670,FONTAINE TRAILER COMPANY,7854,FONTAINE TRAILER,21047,Fontaine Trailer,2005,"96"" Phantom",,6,UNITED STATES (USA),OHIO,KENT,,,61,Trailer,,,,,6,Flatbed or Platform Trailer,,,48.000,,2,,
47,470128,1,1,1JJF532M*RC******,2025-06-27 04:48:03,0,6,TRAILER,14508,WABASH NATIONAL CORPORATION,12320,WABASH PLATFORMS,31157,Combo Steel / Alum Platform,2024,,,6,UNITED STATES (USA),KENTUCKY,CADIZ,,FLCVTCM (Eagle Flatbed) / FLC1TCM (Eagle II Flatbed) / FLDPTCM (D-Eagle Drop Deck) / FLD1TCM (D-Eagle II Drop Deck),61,Trailer,,,,,6,Flatbed or Platform Trailer,6,Kingpin,53.000,,2,,
47,470129,2,1,1JJV532D*FL******,2025-06-27 04:48:03,0,6,TRAILER,14508,WABASH NATIONAL CORPORATION,12319,WABASH VANS,10942,Dry Van Duraplate,2015,,,6,UNITED STATES (USA),INDIANA,LAFAYETTE,,,61,Trailer,,,,,5,Box or Van Enclosed Trailer,,,53.000,,2,,
47,470142,1,1,1UYVS253*L3******,2025-06-27 04:48:03,0,6,TRAILER,10289,UTILITY TRAILER MANUFACTURING COMPANY,10138,UTILITY TRAILER MANUFACTURER,26222,Utility Trailer Manufacturer,2020,,,6,UNITED STATES (USA),ARKANSAS,PARAGOULD,,,61,Trailer,,,,,5,Box or Van Enclosed Trailer,4,Straight Semi/Semi Trailer,53.000,,2,,
47,470146,2,1,1UYVS253*P2******,2025-06-27 04:48:03,0,6,TRAILER,10289,UTILITY TRAILER MANUFACTURING COMPANY,10138,UTILITY TRAILER MANUFACTURER,26222,Utility Trailer Manufacturer,2023,,,6,UNITED STATES (USA),UTAH,CLEARFIELD,,,61,Trailer,,,,,5,Box or Van Enclosed Trailer,4,Straight Semi/Semi Trailer,53.000,,2,,
47,470157,1,1,1LH343RG*H1******,2025-06-27 04:48:03,0,6,TRAILER,3729,"LANDOLL COMPANY, LLC",2123,LANDOLL CORPORATION,5894,Landoll Corporation,2017,Model 343A,,6,UNITED STATES (USA),KANSAS,MARYSVILLE,Landoll Corporation,Axle Type: dual wheels,61,Trailer,8,"Class 7: 26,001 - 33,000 lb (11,794 - 14,969 kg)",9,"Class 8: 33,001 lb and above (14,969 kg and above)",6,Flatbed or Platform Trailer,5,Fifth Wheel,,"Trailer Length (feet): 42, 43",1,,
47,470167,1,1,1UYVS248*TM******,2025-06-27 04:48:03,0,6,TRAILER,10289,UTILITY TRAILER MANUFACTURING COMPANY,10138,UTILITY TRAILER MANUFACTURER,26222,Utility Trailer Manufacturer,2026,,,6,UNITED STATES (USA),VIRGINIA,MARION,,,61,Trailer,,,,,5,Box or Van Enclosed Trailer,4,Straight Semi/Semi Trailer,48.000,,2,,
47,470174,2,1,5V8VC532*KT******,2025-06-27 04:48:03,0,6,TRAILER,16522,VANGUARD NATIONAL TRAILER CORPORTATION,6474,VANGUARD NATIONAL TRAILER CORPORATION (VNTC),17782,VANGUARD NATIONAL TRAILER CORPORATION (VNTC),2019,,,6,UNITED STATES (USA),GEORGIA,TRENTON,,,61,Trailer,,,,,5,Box or Van Enclosed Trailer,6,Kingpin,53.000,Dry Freight Trailer,,3,Tandem
47,470175,1,1,1DW1A532*4S******,2025-06-27 04:48:03,0,6,TRAILER,13506,"STOUGHTON TRAILERS, INC.",3414,STOUGHTON TRAILERS,7701,Stoughton trailers,2004,,,6,UNITED STATES (USA),WISCONSIN,STOUGHTON,"Stoughton Trailers, INC",,61,Trailer,,,,,5,Box or Van Enclosed Trailer,4,Straight Semi/Semi Trailer,53.000,Van Trailer,2,,
47,470216,1,1,1TKC0283*6B******,2025-06-27 04:48:03,0,6,TRAILER,13498,TRAIL KING INDUSTRIES,3251,TRAIL KING INDUSTRIES,7386,TRAIL KING INDUSTRIES,2006,,,6,UNITED STATES (USA),PENNSYLVANIA,BROOKVILLE,,"Trailer Length: Inverted Hoist = Add 2FT (but leave the unit part # as is) / Extend Apron = Add 1 FT (if apron 14"" extended floor plate)",61,Trailer,,,,,101,Other Trailer,,,28.000,"Light Industrial (TAG, TILT, Small HT, RB)",3,,
47,470257,2,1,1JJV532D*KL******,2025-06-27 04:48:03,0,6,TRAILER,14508,WABASH NATIONAL CORPORATION,12319,WABASH VANS,10942,Dry Van Duraplate,2019,,,6,UNITED STATES (USA),INDIANA,LAFAYETTE,,,61,Trailer,,,,,5,Box or Van Enclosed Trailer,,,53.000,,2,,
47,470295,1,1,5MC12481*G3******,2025-06-27 04:48:03,0,6,TRAILER,5772,"MANAC TRAILERS USA, INC.",3896,MANAC TRAILERS USA,8528,Manac,2016,,,6,UNITED STATES (USA),MISSOURI,ORAN,"Manac Trailers USA, Inc.",,61,Trailer,,,,,6,Flatbed or Platform Trailer,4,Straight Semi/Semi Trailer,48.000,Platform,2,,
47,470299,2,1,1GRAA062*FB******,2025-06-27 04:48:03,0,6,TRAILER,1073,GREAT DANE TRAILERS,520,GREAT DANE TRAILERS,13436,Great Dane Trailers,2015,,,6,UNITED STATES (USA),INDIANA,BRAZIL,,,61,Trailer,,,,,5,Box or Van Enclosed Trailer,4,Straight Semi/Semi Trailer,53.000,Dry Freight Van / Reefer Van / Insulated Van,2,,
47,470337,2,1,1UYVS253*P3******,2025-06-27 04:48:03,0,6,TRAILER,10289,UTILITY TRAILER MANUFACTURING COMPANY,10138,UTILITY TRAILER MANUFACTURER,26222,Utility Trailer Manufacturer,2023,,,6,UNITED STATES (USA),ARKANSAS,PARAGOULD,,,61,Trailer,,,,,5,Box or Van Enclosed Trailer,4,Straight Semi/Semi Trailer,53.000,,2,,
47,470361,1,1,1UYVS248*J6******,2025-06-27 04:48:03,0,6,TRAILER,10289,UTILITY TRAILER MANUFACTURING COMPANY,10138,UTILITY TRAILER MANUFACTURER,26222,Utility Trailer Manufacturer,2018,,,6,UNITED STATES (USA),VIRGINIA,MARION,,,61,Trailer,,,,,5,Box or Van Enclosed Trailer,4,Straight Semi/Semi Trailer,48.000,,2,,
47,470366,2,1,5EF2DF43*RB******,2025-06-27 04:48:03,0,6,TRAILER,4094,CHEETAH CHASSIS CORPORATION,4029,CHEETAH CHASSIS,8699,CHEETAH CHASSIS,2024,,,6,UNITED STATES (USA),PENNSYLVANIA,BERWICK,,,61,Trailer,,,,,46,Incomplete Trailer Chassis,4,Straight Semi/Semi Trailer,43.000,Semi-Trailer/Drop Frame Chassis,2,,
47,470402,2,1,1JJV532D*JL******,2025-06-27 04:48:03,0,6,TRAILER,14508,WABASH NATIONAL CORPORATION,12319,WABASH VANS,10942,Dry Van Duraplate,2018,,,6,UNITED STATES (USA),INDIANA,LAFAYETTE,,,61,Trailer,,,,,5,Box or Van Enclosed Trailer,,,53.000,,2,,
47,470434,2,1,1UYVS253*CM******,2025-06-27 04:48:03,0,6,TRAILER,10289,UTILITY TRAILER MANUFACTURING COMPANY,10138,UTILITY TRAILER MANUFACTURER,26222,Utility Trailer Manufacturer,2012,,,6,UNITED STATES (USA),VIRGINIA,MARION,,,61,Trailer,,,,,5,Box or Van Enclosed Trailer,4,Straight Semi/Semi Trailer,53.000,,2,,
47,470435,1,1,1UYVS253*4M******,2025-06-27 04:48:03,0,6,TRAILER,10289,UTILITY TRAILER MANUFACTURING COMPANY,10138,UTILITY TRAILER MANUFACTURER,26222,Utility Trailer Manufacturer,2004,,,6,UNITED STATES (USA),VIRGINIA,MARION,,,61,Trailer,,,,,5,Box or Van Enclosed Trailer,4,Straight Semi/Semi Trailer,53.000,,2,,
47,470439,2,1,1UYVS253*L3******,2025-06-27 04:48:03,0,6,TRAILER,10289,UTILITY TRAILER MANUFACTURING COMPANY,10138,UTILITY TRAILER MANUFACTURER,26222,Utility Trailer Manufacturer,2020,,,6,UNITED STATES (USA),ARKANSAS,PARAGOULD,,,61,Trailer,,,,,5,Box or Van Enclosed Trailer,4,Straight Semi/Semi Trailer,53.000,,2,,
47,470447,3,1,1UYVS253*GG******,2025-06-27 04:48:03,0,6,TRAILER,10289,UTILITY TRAILER MANUFACTURING COMPANY,10138,UTILITY TRAILER MANUFACTURER,26222,Utility Trailer Manufacturer,2016,,,6,UNITED STATES (USA),VIRGINIA,GLADE SPRING,,,61,Trailer,,,,,5,Box or Van Enclosed Trailer,4,Straight Semi/Semi Trailer,53.000,,2,,
47,470497,1,1,1JJV532D*KL******,2025-06-27 04:48:03,0,6,TRAILER,14508,WABASH NATIONAL CORPORATION,12319,WABASH VANS,10942,Dry Van Duraplate,2019,,,6,UNITED STATES (USA),INDIANA,LAFAYETTE,,,61,Trailer,,,,,5,Box or Van Enclosed Trailer,,,53.000,,2,,
47,470509,1,1,5HTAB432*77******,2025-06-27 04:48:03,0,6,TRAILER,5564,"HEIL TRAILER INTERNATIONAL, CO",2365,HEIL TRAILER INTERNATIONAL,6142,Heil Trailer International,2007,,,6,UNITED STATES (USA),TENNESSEE,ATHENS,,Body Shape: Straight Elliptical,61,Trailer,,,,,15,Tank Trailer,,,43.000,AL 306/406,2,,
47,470554,4,1,3H3V532C*KR******,2025-06-27 04:48:03,0,6,TRAILER,14282,"HYUNDAI DE MEXICO, S.A. DE C.V.",4876,HYUNDAI TRANSLEAD TRAILERS,11496,Hyundai Translead Trailers,2019,,,12,MEXICO,BAJA CALIFORNIA,ROSARITO,,,61,Trailer,,,,,5,Box or Van Enclosed Trailer,,,53.000,Van Trailer,2,,
47,470556,2,1,13N14820*F1******,2025-06-27 04:48:03,0,6,TRAILER,12268,FONTAINE COMMERCIAL TRAILER INC.,1128,FONTAINE TRAILER CO.,4416,Fontaine Trailer Co.,2015,,,6,UNITED STATES (USA),ALABAMA,HALEYVILLE,,Optional Features: None,61,Trailer,,,,,6,Flatbed or Platform Trailer,,,48.000,,2,,
47,470578,1,1,1UYVS253*K3******,2025-06-27 04:48:03,0,6,TRAILER,10289,UTILITY TRAILER MANUFACTURING COMPANY,10138,UTILITY TRAILER MANUFACTURER,26222,Utility Trailer Manufacturer,2019,,,6,UNITED STATES (USA),ARKANSAS,PARAGOULD,,,61,Trailer,,,,,5,Box or Van Enclosed Trailer,4,Straight Semi/Semi Trailer,53.000,,2,,
47,470583,1,1,3H3V532K*RS******,2025-06-27 04:48:03,0,6,TRAILER,14282,"HYUNDAI DE MEXICO, S.A. DE C.V.",4876,HYUNDAI TRANSLEAD TRAILERS,11496,Hyundai Translead Trailers,2024,,,12,MEXICO,BAJA CALIFORNIA,ROSARITO,,Body Type: SEMITRAILER,61,Trailer,,,,,5,Box or Van Enclosed Trailer,6,Kingpin,53.000,,2,,
47,470587,2,1,1UYVS253*K2******,2025-06-27 04:48:03,0,6,TRAILER,10289,UTILITY TRAILER MANUFACTURING COMPANY,10138,UTILITY TRAILER MANUFACTURER,26222,Utility Trailer Manufacturer,2019,,,6,UNITED STATES (USA),UTAH,CLEARFIELD,,,61,Trailer,,,,,5,Box or Van Enclosed Trailer,4,Straight Semi/Semi Trailer,53.000,,2,,
47,470588,2,1,5V8VA532*7M******,2025-06-27 04:48:03,0,6,TRAILER,16522,VANGUARD NATIONAL TRAILER CORPORTATION,6474,VANGUARD NATIONAL TRAILER CORPORATION (VNTC),17782,VANGUARD NATIONAL TRAILER CORPORATION (VNTC),2007,,,6,UNITED STATES (USA),INDIANA,MONON,,,61,Trailer,,,,,5,Box or Van Enclosed Trailer,,,53.000,Interior Post Aluminum Semi Trailer,2,3,Tandem
47,470595,2,1,1E1J9U28*GR******,2025-06-27 04:48:03,0,6,TRAILER,5338,EAST MANUFACTURING CORP.,1334,EAST MANUFACTURING CORP.,4686,East Manufacturing Corp,2016,,,6,UNITED STATES (USA),OHIO,RANDOLPH,,,61,Trailer,9,"Class 8: 33,001 lb and above (14,969 kg and above)",,,101,Other Trailer,,,40.000,Hybrid Trailer,2,,
47,470596,1,1,1JJV281D*ML******,2025-06-27 04:48:03,0,6,TRAILER,14508,WABASH NATIONAL CORPORATION,12319,WABASH VANS,10942,Dry Van Duraplate,2021,,,6,UNITED STATES (USA),INDIANA,LAFAYETTE,,,61,Trailer,,,,,5,Box or Van Enclosed Trailer,,,28.000,,1,,
47,470596,1,2,1JJV281W*9L******,2025-06-27 04:48:03,0,6,TRAILER,14508,WABASH NATIONAL CORPORATION,4847,WABASH,13327,Wabash National Corporation,2009,,,6,UNITED STATES (USA),INDIANA,LAFAYETTE,,,61,Trailer,,,,,5,Box or Van Enclosed Trailer,,,28.000,,1,,
47,470610,1,1,3H3V532K*PS******,2025-06-27 04:48:03,0,6,TRAILER,14282,"HYUNDAI DE MEXICO, S.A. DE C.V.",4876,HYUNDAI TRANSLEAD TRAILERS,11496,Hyundai Translead Trailers,2023,,,12,MEXICO,BAJA CALIFORNIA,ROSARITO,,Body Type: SEMITRAILER,61,Trailer,,,,,5,Box or Van Enclosed Trailer,6,Kingpin,53.000,,2,,
47,470627,2,1,1JJV532D*GL******,2025-06-27 04:48:03,0,6,TRAILER,14508,WABASH NATIONAL CORPORATION,12319,WABASH VANS,10942,Dry Van Duraplate,2016,,,6,UNITED STATES (USA),INDIANA,LAFAYETTE,,,61,Trailer,,,,,5,Box or Van Enclosed Trailer,,,53.000,,2,,
47,470634,1,1,1JJV532D*PL******,2025-06-27 04:48:03,0,6,TRAILER,14508,WABASH NATIONAL CORPORATION,12319,WABASH VANS,10942,Dry Van Duraplate,2023,,,6,UNITED STATES (USA),INDIANA,LAFAYETTE,,,61,Trailer,,,,,5,Box or Van Enclosed Trailer,6,Kingpin,53.000,,2,,
47,470634,2,1,3H3V532C*DT******,2025-06-27 04:48:03,0,6,TRAILER,14282,"HYUNDAI DE MEXICO, S.A. DE C.V.",4876,HYUNDAI TRANSLEAD TRAILERS,11496,Hyundai Translead Trailers,2013,,,12,MEXICO,BAJA CALIFORNIA,TIJUANA,,,61,Trailer,,,,,5,Box or Van Enclosed Trailer,,,53.000,Van Trailer,2,,
47,470636,2,1,1GR1P062*PD******,2025-06-27 04:48:03,0,6,TRAILER,1073,GREAT DANE TRAILERS,520,GREAT DANE TRAILERS,13436,Great Dane Trailers,2023,,,6,UNITED STATES (USA),PENNSYLVANIA,DANVILLE,,,61,Trailer,,,,,5,Box or Van Enclosed Trailer,6,Kingpin,53.000,"Semitrailer - Dry freight, Reefer, or Insulated van",2,,
47,470690,1,1,1JJV532W*9L******,2025-06-27 04:48:03,0,6,TRAILER,14508,WABASH NATIONAL CORPORATION,4847,WABASH,13327,Wabash National Corporation,2009,,,6,UNITED STATES (USA),INDIANA,LAFAYETTE,,,61,Trailer,,,,,5,Box or Van Enclosed Trailer,,,53.000,,2,,
47,470690,4,1,1JJV532D*NL******,2025-06-27 04:48:03,0,6,TRAILER,14508,WABASH NATIONAL CORPORATION,12319,WABASH VANS,10942,Dry Van Duraplate,2022,,,6,UNITED STATES (USA),INDIANA,LAFAYETTE,,,61,Trailer,,,,,5,Box or Van Enclosed Trailer,6,Kingpin,53.000,,2,,
47,470691,2,1,1GRAA561*HK******,2025-06-27 04:48:03,0,6,TRAILER,1073,GREAT DANE TRAILERS,520,GREAT DANE TRAILERS,13436,Great Dane Trailers,2017,,,6,UNITED STATES (USA),ILLINOIS,KEWANEE,,,61,Trailer,,,,,5,Box or Van Enclosed Trailer,4,Straight Semi/Semi Trailer,28.000,Dry Freight Van / Reefer Van / Insulated Van,1,,
47,470691,3,1,3H3V281C*JT******,2025-06-27 04:48:03,0,6,TRAILER,14282,"HYUNDAI DE MEXICO, S.A. DE C.V.",4876,HYUNDAI TRANSLEAD TRAILERS,11496,Hyundai Translead Trailers,2018,,,12,MEXICO,BAJA CALIFORNIA,TIJUANA,,,61,Trailer,,,,,5,Box or Van Enclosed Trailer,,,28.000,Van Trailer,1,,
47,470694,2,1,13N1532C*G1******,2025-06-27 04:48:03,0,6,TRAILER,12268,FONTAINE COMMERCIAL TRAILER INC.,1128,FONTAINE TRAILER CO.,4416,Fontaine Trailer Co.,2016,,,6,UNITED STATES (USA),ALABAMA,HALEYVILLE,,Optional Features: Sliding Suspension,61,Trailer,,,,,6,Flatbed or Platform Trailer,,,53.000,,2,,
47,470701,1,1,5V8VC532*RM******,2025-06-27 04:48:03,0,6,TRAILER,16522,VANGUARD NATIONAL TRAILER CORPORTATION,6474,VANGUARD NATIONAL TRAILER CORPORATION (VNTC),17782,VANGUARD NATIONAL TRAILER CORPORATION (VNTC),2024,,,6,UNITED STATES (USA),INDIANA,MONON,,,61,Trailer,,,,,5,Box or Van Enclosed Trailer,6,Kingpin,53.000,Dry Freight Trailer,,3,Tandem
47,470727,2,1,1UYVS253*J6******,2025-06-27 04:48:03,0,6,TRAILER,10289,UTILITY TRAILER MANUFACTURING COMPANY,10138,UTILITY TRAILER MANUFACTURER,26222,Utility Trailer Manufacturer,2018,,,6,UNITED STATES (USA),VIRGINIA,MARION,,,61,Trailer,,,,,5,Box or Van Enclosed Trailer,4,Straight Semi/Semi Trailer,53.000,,2,,
47,470735,2,1,3H3V532K*PS******,2025-06-27 04:48:03,0,6,TRAILER,14282,"HYUNDAI DE MEXICO, S.A. DE C.V.",4876,HYUNDAI TRANSLEAD TRAILERS,11496,Hyundai Translead Trailers,2023,,,12,MEXICO,BAJA CALIFORNIA,ROSARITO,,Body Type: SEMITRAILER,61,Trailer,,,,,5,Box or Van Enclosed Trailer,6,Kingpin,53.000,,2,,
47,470774,2,1,1GRAA902*4K******,2025-06-27 04:48:03,0,6,TRAILER,1073,GREAT DANE TRAILERS,520,GREAT DANE TRAILERS,13436,Great Dane Trailers,2004,,,6,UNITED STATES (USA),ILLINOIS,KEWANEE,,Effective 01/01/00,61,Trailer,,,,,5,Box or Van Enclosed Trailer,4,Straight Semi/Semi Trailer,90.000,Dry Freight/ Reefer/ Insulated Van,2,,
47,470793,1,1,1JJV532D*KL******,2025-06-27 04:48:03,0,6,TRAILER,14508,WABASH NATIONAL CORPORATION,12319,WABASH VANS,10942,Dry Van Duraplate,2019,,,6,UNITED STATES (USA),INDIANA,LAFAYETTE,,,61,Trailer,,,,,5,Box or Van Enclosed Trailer,,,53.000,,2,,
47,470819,1,1,5V8VC532*GM******,2025-06-27 04:48:03,0,6,TRAILER,16522,VANGUARD NATIONAL TRAILER CORPORTATION,6474,VANGUARD NATIONAL TRAILER CORPORATION (VNTC),17782,VANGUARD NATIONAL TRAILER CORPORATION (VNTC),2016,,,6,UNITED STATES (USA),INDIANA,MONON,,,61,Trailer,,,,,5,Box or Van Enclosed Trailer,6,Kingpin,53.000,Dry Freight Trailer,,3,Tandem
47,470828,2,1,3H3C402S*MT******,2025-06-27 04:48:03,0,6,TRAILER,14282,"HYUNDAI DE MEXICO, S.A. DE C.V.",4876,HYUNDAI TRANSLEAD TRAILERS,11496,Hyundai Translead Trailers,2021,,,12,MEXICO,BAJA CALIFORNIA,TIJUANA,,Trailer Type: SEMITRAILER,61,Trailer,,,,,109,Intermodal Container Chassis or Trailer,6,Kingpin,40.000,Material: STEEL,2,,
47,470830,2,1,1E1J9U28*SR******,2025-06-27 04:48:03,0,6,TRAILER,5338,EAST MANUFACTURING CORP.,1334,EAST MANUFACTURING CORP.,4686,East Manufacturing Corp,2025,,,6,UNITED STATES (USA),OHIO,RANDOLPH,,,61,Trailer,9,"Class 8: 33,001 lb and above (14,969 kg and above)",,,101,Other Trailer,,,40.000,Hybrid Trailer,2,,
47,470853,2,1,3H3V532K*RS******,2025-06-27 04:48:03,0,6,TRAILER,14282,"HYUNDAI DE MEXICO, S.A. DE C.V.",4876,HYUNDAI TRANSLEAD TRAILERS,11496,Hyundai Translead Trailers,2024,,,12,MEXICO,BAJA CALIFORNIA,ROSARITO,,Body Type: SEMITRAILER,61,Trailer,,,,,5,Box or Van Enclosed Trailer,6,Kingpin,53.000,,2,,
47,470893,2,1,1JJV532D*CL******,2025-06-27 04:48:03,0,6,TRAILER,14508,WABASH NATIONAL CORPORATION,12319,WABASH VANS,10942,Dry Van Duraplate,2012,,,6,UNITED STATES (USA),INDIANA,LAFAYETTE,,,61,Trailer,,,,,5,Box or Van Enclosed Trailer,,,53.000,,2,,
47,470947,2,1,13N24830*51******,2025-06-27 04:48:03,0,6,TRAILER,12268,FONTAINE COMMERCIAL TRAILER INC.,1128,FONTAINE TRAILER CO.,4416,Fontaine Trailer Co.,2005,,,6,UNITED STATES (USA),ALABAMA,HALEYVILLE,,,61,Trailer,,,,,6,Flatbed or Platform Trailer,,,48.000,"Tandem Axles, Spread",2,,
47,470948,2,1,1GRAA062*JT******,2025-06-27 04:48:03,0,6,TRAILER,1073,GREAT DANE TRAILERS,520,GREAT DANE TRAILERS,13436,Great Dane Trailers,1988,,,6,UNITED STATES (USA),INDIANA,TERRE HAUTE,,Effective 03/01/00,61,Trailer,,,,,5,Box or Van Enclosed Trailer,4,Straight Semi/Semi Trailer,6.000,Dry Freight / Reefer / Insulated Van Trailer,2,,
47,470951,1,1,1JJV532D*KL******,2025-06-27 04:48:03,0,6,TRAILER,14508,WABASH NATIONAL CORPORATION,12319,WABASH VANS,10942,Dry Van Duraplate,2019,,,6,UNITED STATES (USA),INDIANA,LAFAYETTE,,,61,Trailer,,,,,5,Box or Van Enclosed Trailer,,,53.000,,2,,
47,470964,2,1,1UYVS253*DU******,2025-06-27 04:48:03,0,6,TRAILER,10289,UTILITY TRAILER MANUFACTURING COMPANY,10138,UTILITY TRAILER MANUFACTURER,26222,Utility Trailer Manufacturer,2013,,,6,UNITED STATES (USA),UTAH,CLEARFIELD,,,61,Trailer,,,,,5,Box or Van Enclosed Trailer,4,Straight Semi/Semi Trailer,53.000,,2,,
47,471001,2,1,1UYVS253*CP******,2025-06-27 04:48:03,0,6,TRAILER,10289,UTILITY TRAILER MANUFACTURING COMPANY,10138,UTILITY TRAILER MANUFACTURER,26222,Utility Trailer Manufacturer,2012,,,6,UNITED STATES (USA),ARKANSAS,PARAGOULD,,,61,Trailer,,,,,5,Box or Van Enclosed Trailer,4,Straight Semi/Semi Trailer,53.000,,2,,
47,471027,1,1,1W9PH452*CM350***,2025-06-27 04:48:03,0,6,TRAILER,11452,WESTMOR INDUSTRIES,3806,WESTMOR INDUSTRIES,8296,Westmor Industries,2012,10501-11000 gallons,,6,UNITED STATES (USA),MINNESOTA,MORRIS,,,61,Trailer,,,,,,,,,45.000,Pressure Trailer,2,,
47,471056,1,1,1UYVS253*N2******,2025-06-27 04:48:03,0,6,TRAILER,10289,UTILITY TRAILER MANUFACTURING COMPANY,10138,UTILITY TRAILER MANUFACTURER,26222,Utility Trailer Manufacturer,2022,,,6,UNITED STATES (USA),UTAH,CLEARFIELD,,,61,Trailer,,,,,5,Box or Van Enclosed Trailer,4,Straight Semi/Semi Trailer,53.000,,2,,
47,471072,3,1,1GR1P062*NT******,2025-06-27 04:48:03,0,6,TRAILER,1073,GREAT DANE TRAILERS,520,GREAT DANE TRAILERS,13436,Great Dane Trailers,2022,,,6,UNITED STATES (USA),INDIANA,TERRE HAUTE,,,61,Trailer,,,,,5,Box or Van Enclosed Trailer,6,Kingpin,53.000,"Semitrailer - Dry freight, Reefer, or Insulated van",2,,
47,471165,1,1,1GR1A062*LB******,2025-06-27 04:48:03,0,6,TRAILER,1073,GREAT DANE TRAILERS,520,GREAT DANE TRAILERS,13436,Great Dane Trailers,2020,,,6,UNITED STATES (USA),INDIANA,BRAZIL,,,61,Trailer,,,,,5,Box or Van Enclosed Trailer,6,Kingpin,53.000,"Semitrailer - Dry freight, Reefer, or Insulated van",2,,
48,480027,2,1,4ZEGC202*F1******,2025-06-27 04:48:03,0,6,TRAILER,3684,LOAD TRAIL LLC,2111,LOAD TRAIL,5874,Load Trail,2015,,,6,UNITED STATES (USA),TEXAS,SUMNER,,,61,Trailer,,,,,3,Car Hauler Trailer,3,Gooseneck,20.000,,2,,
48,480041,5,1,13N14830*51******,2025-06-27 04:48:03,0,6,TRAILER,12268,FONTAINE COMMERCIAL TRAILER INC.,1128,FONTAINE TRAILER CO.,4416,Fontaine Trailer Co.,2005,,,6,UNITED STATES (USA),ALABAMA,HALEYVILLE,,,61,Trailer,,,,,6,Flatbed or Platform Trailer,,,48.000,"Tandem Axles, Spread",2,,
48,480047,2,1,1UYVS253*GU******,2025-06-27 04:48:03,0,6,TRAILER,10289,UTILITY TRAILER MANUFACTURING COMPANY,10138,UTILITY TRAILER MANUFACTURER,26222,Utility Trailer Manufacturer,2016,,,6,UNITED STATES (USA),UTAH,CLEARFIELD,,,61,Trailer,,,,,5,Box or Van Enclosed Trailer,4,Straight Semi/Semi Trailer,53.000,,2,,
48,480049,2,1,1GRAP062*GT******,2025-06-27 04:48:03,0,6,TRAILER,1073,GREAT DANE TRAILERS,520,GREAT DANE TRAILERS,13436,Great Dane Trailers,2016,,,6,UNITED STATES (USA),INDIANA,TERRE HAUTE,,,61,Trailer,,,,,5,Box or Van Enclosed Trailer,4,Straight Semi/Semi Trailer,53.000,Dry Freight Van / Reefer Van / Insulated Van,2,,
48,480052,1,1,1Z924152*81258***,2025-06-27 04:48:03,0,6,TRAILER,11283,OVERLAND TANK INC.,2492,OVERLAND TANK,6314,Overland Tank,2008,Vacuum,,6,UNITED STATES (USA),TEXAS,ABILENE,,,61,Trailer,,,,,15,Tank Trailer,4,Straight Semi/Semi Trailer,50.000,Trailer Length: 41-50,2,3,Tandem
48,480074,1,1,3ELA6RX2*NG******,2025-06-27 04:48:03,0,6,TRAILER,18817,COMERCIALIZADORA NIMMKA SA DE CV,9883,ATRO,25411,ATRO,2022,,,12,MEXICO,NUEVO LEON,GARCÍA,,,61,Trailer,,,,,5,Box or Van Enclosed Trailer,6,Kingpin,53.000,Dry Van Trailer,2,,
48,480084,1,1,50FT1C72*NA******,2025-06-27 04:48:03,0,6,TRAILER,13601,TEXOMA TRAILERS,4582,TEXOMA TRAILERS,9742,Texoma Trailers,2022,,,6,UNITED STATES (USA),OKLAHOMA,ARDMORE,Texoma Trailers,,61,Trailer,,,,,3,Car Hauler Trailer,1,Ball Type Pull,7.000,,2,,
48,480088,1,1,1UYFS248*CA******,2025-06-27 04:48:03,0,6,TRAILER,10289,UTILITY TRAILER MANUFACTURING COMPANY,10138,UTILITY TRAILER MANUFACTURER,26222,Utility Trailer Manufacturer,2012,,,6,UNITED STATES (USA),ALABAMA,ENTERPRISE,,,61,Trailer,,,,,6,Flatbed or Platform Trailer,4,Straight Semi/Semi Trailer,48.000,,2,,
48,480094,2,1,5MADA402*LC******,2025-06-27 04:48:03,0,6,TRAILER,5950,"MAC TRAILER MFG, INC.",6826,MAC TRAILER MANUFACTURING,18288,MAC TRAILER MANUFACTURING,2020,,,6,UNITED STATES (USA),,ALLIANCE,CORPORATE 10,,61,Trailer,,,,,4,Dump Trailer,6,Kingpin,40.000,Body with Aluminum Frame,2,,
48,480111,2,1,3CV1C252*N2******,2025-06-27 04:48:03,0,6,TRAILER,20774,"PJ TRAILERS COMPANY, S.A. DE C.V.",11137,"PJ TRAILERS COMPANY, S.A. DE C.V.",29057,"PJ TRAILERS COMPANY, S.A. DE C.V.",2022,,,12,MEXICO,CHIHUAHUA,CUAUHTEMOC,,,61,Trailer,,,,,3,Car Hauler Trailer,14,Bumper Pull,25.000,,2,,
48,480142,2,1,4B9BKDB2*HH054***,2025-06-27 04:48:03,1,6,TRAILER,15004,BRAZOS TRAILER MANUFACTURING LLC,4962,BRAZOS,12121,Brazos,2017,,,6,UNITED STATES (USA),TEXAS,WILLS POINT,,,61,Trailer,,,,,4,Dump Trailer,6,Kingpin,22.000,,2,,
48,480143,2,1,5V8VA532*NT******,2025-06-27 04:48:03,0,6,TRAILER,16522,VANGUARD NATIONAL TRAILER CORPORTATION,6474,VANGUARD NATIONAL TRAILER CORPORATION (VNTC),17782,VANGUARD NATIONAL TRAILER CORPORATION (VNTC),2022,,,6,UNITED STATES (USA),GEORGIA,TRENTON,,,61,Trailer,,,,,5,Box or Van Enclosed Trailer,6,Kingpin,53.000,"Interior Post Aluminum Sheet Trailer (VIP, MaxCube)",,3,Tandem
48,480144,1,1,1UYVS253*L2******,2025-06-27 04:48:03,0,6,TRAILER,10289,UTILITY TRAILER MANUFACTURING COMPANY,10138,UTILITY TRAILER MANUFACTURER,26222,Utility Trailer Manufacturer,2020,,,6,UNITED STATES (USA),UTAH,CLEARFIELD,,,61,Trailer,,,,,5,Box or Van Enclosed Trailer,4,Straight Semi/Semi Trailer,53.000,,2,,
48,480160,2,1,5WSABB23*MN******,2025-06-27 04:48:03,0,6,TRAILER,10142,WALKER STAINLESS EQUIPMENT CO,6978,WALKER,32634,NON-DOT/TC Spec,2021,3A/Foodgrade/Water/Fertilizer/Septic/Dry Bulk/Etc.,,6,UNITED STATES (USA),WISCONSIN,NEW LISBON,,,61,Trailer,,,,,15,Tank Trailer,4,Straight Semi/Semi Trailer,,Length of Trailer: 40-49 feet,2,,
48,480166,1,1,1JJV532D*GL******,2025-06-27 04:48:03,0,6,TRAILER,14508,WABASH NATIONAL CORPORATION,12319,WABASH VANS,10942,Dry Van Duraplate,2016,,,6,UNITED STATES (USA),INDIANA,LAFAYETTE,,,61,Trailer,,,,,5,Box or Van Enclosed Trailer,,,53.000,,2,,
48,480167,1,1,1RNF48A2*JR******,2025-06-27 04:48:03,0,6,TRAILER,3579,"REITNOUER, INC.",5594,REITNOUER INC,14493,Reitnouer Inc Trailers,2018,,,6,UNITED STATES (USA),PENNSYLVANIA,READING,,,61,Trailer,9,"Class 8: 33,001 lb and above (14,969 kg and above)",,,6,Flatbed or Platform Trailer,6,Kingpin,48.000,Airride,2,,
48,480167,2,1,13N15320*J1******,2025-06-27 04:48:03,0,6,TRAILER,12268,FONTAINE COMMERCIAL TRAILER INC.,1128,FONTAINE TRAILER CO.,4416,Fontaine Trailer Co.,2018,,,6,UNITED STATES (USA),ALABAMA,HALEYVILLE,,Optional Features: None,61,Trailer,,,,,6,Flatbed or Platform Trailer,,,53.000,,2,,
48,480168,2,1,5HTSN412*X7******,2025-06-27 04:48:03,0,6,TRAILER,5564,"HEIL TRAILER INTERNATIONAL, CO",2365,HEIL TRAILER INTERNATIONAL,6142,Heil Trailer International,1999,,,6,UNITED STATES (USA),TENNESSEE,ATHENS,,Body Shape: Jet,61,Trailer,,,,,15,Tank Trailer,,,41.000,Bulker Trailer - Al Pneumatic,2,,
48,480172,2,1,1UYVS253*J3******,2025-06-27 04:48:03,0,6,TRAILER,10289,UTILITY TRAILER MANUFACTURING COMPANY,10138,UTILITY TRAILER MANUFACTURER,26222,Utility Trailer Manufacturer,2018,,,6,UNITED STATES (USA),ARKANSAS,PARAGOULD,,,61,Trailer,,,,,5,Box or Van Enclosed Trailer,4,Straight Semi/Semi Trailer,53.000,,2,,
48,480203,1,1,1RND53A2*DR******,2025-06-27 04:48:03,0,6,TRAILER,3579,"REITNOUER, INC.",5594,REITNOUER INC,14493,Reitnouer Inc Trailers,2013,,,6,UNITED STATES (USA),PENNSYLVANIA,READING,,,61,Trailer,9,"Class 8: 33,001 lb and above (14,969 kg and above)",,,6,Flatbed or Platform Trailer,6,Kingpin,53.000,Drop Deck Trailer,2,,
48,480203,2,1,3H3V532C*GT******,2025-06-27 04:48:03,0,6,TRAILER,14282,"HYUNDAI DE MEXICO, S.A. DE C.V.",4876,HYUNDAI TRANSLEAD TRAILERS,11496,Hyundai Translead Trailers,2016,,,12,MEXICO,BAJA CALIFORNIA,TIJUANA,,,61,Trailer,,,,,5,Box or Van Enclosed Trailer,,,53.000,Van Trailer,2,,
48,480211,1,1,3M9KS402*LL084***,2025-06-27 04:48:03,0,6,TRAILER,15203,MAXXIM INDUSTRIES II S. DE R.L DE C.V.,9593,MAXXIM,23998,Maxxim,2020,,,12,MEXICO,CHIHUAHUA,CUAUHTEMOC,,,61,Trailer,,,,,180,"Grain, Chip, or Gravel Trailer",6,Kingpin,40.000,Sand Hopper Trailer,2,,
48,480218,1,1,3H3V532K*PJ******,2025-06-27 04:48:03,0,6,TRAILER,14282,"HYUNDAI DE MEXICO, S.A. DE C.V.",4876,HYUNDAI TRANSLEAD TRAILERS,11496,Hyundai Translead Trailers,2023,,,12,MEXICO,BAJA CALIFORNIA,TIJUANA,,Body Type: SEMITRAILER,61,Trailer,,,,,5,Box or Van Enclosed Trailer,6,Kingpin,53.000,,2,,
48,480219,2,1,7S3BP162*NC******,2025-06-27 04:48:03,0,6,TRAILER,20908,"TIGERTX, LLC",11227,TIGERTX,29242,TIGERTX,2022,,,6,UNITED STATES (USA),TEXAS,COOKVILLE,,,61,Trailer,,,,,16,Utility Trailer,1,Ball Type Pull,16.000,Pipe Top Trailer,2,3,Tandem
48,480229,1,1,3E9G148H*PT034***,2025-06-27 04:48:03,0,6,TRAILER,7905,EXA INDUSTRIAL S.A. DE C.V.,881,EXA INDUSTRIAL,4056,EXA Industrial,2023,,,12,MEXICO,COAHUILA,MATAMOROS,EXA Industrial,Material: Steel,61,Trailer,,,,,6,Flatbed or Platform Trailer,,,48.000,Lowboy Trailer,2,,
48,480231,2,1,1TTF482C*D3******,2025-06-27 04:48:03,0,6,TRAILER,8231,TRANSCRAFT CORPORATION,12050,TRANSCRAFT/WABASH,27663,Combo Steel/Alum Flatbed,2013,,,6,UNITED STATES (USA),KENTUCKY,CADIZ,,,61,Trailer,,,,,6,Flatbed or Platform Trailer,6,Kingpin,48.000,,2,,
48,480241,1,1,1UYVS253*FM******,2025-06-27 04:48:03,0,6,TRAILER,10289,UTILITY TRAILER MANUFACTURING COMPANY,10138,UTILITY TRAILER MANUFACTURER,26222,Utility Trailer Manufacturer,2015,,,6,UNITED STATES (USA),VIRGINIA,MARION,,,61,Trailer,,,,,5,Box or Van Enclosed Trailer,4,Straight Semi/Semi Trailer,53.000,,2,,
48,480244,1,1,1UYVS253*FM******,2025-06-27 04:48:03,0,6,TRAILER,10289,UTILITY TRAILER MANUFACTURING COMPANY,10138,UTILITY TRAILER MANUFACTURER,26222,Utility Trailer Manufacturer,2015,,,6,UNITED STATES (USA),VIRGINIA,MARION,,,61,Trailer,,,,,5,Box or Van Enclosed Trailer,4,Straight Semi/Semi Trailer,53.000,,2,,
48,480250,3,1,1GRAA962*EB******,2025-06-27 04:48:03,0,6,TRAILER,1073,GREAT DANE TRAILERS,520,GREAT DANE TRAILERS,13436,Great Dane Trailers,2014,,,6,UNITED STATES (USA),INDIANA,BRAZIL,,,61,Trailer,,,,,5,Box or Van Enclosed Trailer,4,Straight Semi/Semi Trailer,48.000,Dry Freight Van / Reefer Van / Insulated Van,2,,
48,480255,2,1,1JJV532D*LL******,2025-06-27 04:48:03,0,6,TRAILER,14508,WABASH NATIONAL CORPORATION,12319,WABASH VANS,10942,Dry Van Duraplate,2020,,,6,UNITED STATES (USA),INDIANA,LAFAYETTE,,,61,Trailer,,,,,5,Box or Van Enclosed Trailer,,,53.000,,2,,
48,480273,2,1,16V1U202*N2******,2025-06-27 04:48:03,0,6,TRAILER,9132,"BIG TEX TRAILER MANUFACTURING, LLC",1136,BIG TEX,5625,Big Tex,2022,,,6,UNITED STATES (USA),TEXAS,MOUNT PLEASANT,"Big Tex Trailer Manufacturing, Inc.",,61,Trailer,,,,,16,Utility Trailer,14,Bumper Pull,20.000,,2,,
48,480276,1,1,1GRAA561*BB******,2025-06-27 04:48:03,0,6,TRAILER,1073,GREAT DANE TRAILERS,520,GREAT DANE TRAILERS,13436,Great Dane Trailers,2011,,,6,UNITED STATES (USA),INDIANA,BRAZIL,,,61,Trailer,,,,,5,Box or Van Enclosed Trailer,4,Straight Semi/Semi Trailer,28.000,Dry Freight/ Reefer/ Insulated Van,1,,
48,480276,1,2,3H3V281C*KT******,2025-06-27 04:48:03,0,6,TRAILER,14282,"HYUNDAI DE MEXICO, S.A. DE C.V.",4876,HYUNDAI TRANSLEAD TRAILERS,11496,Hyundai Translead Trailers,2019,,,12,MEXICO,BAJA CALIFORNIA,TIJUANA,,,61,Trailer,,,,,5,Box or Van Enclosed Trailer,,,28.000,Van Trailer,1,,
48,480276,2,1,1TKR0172*JM******,2025-06-27 04:48:03,0,6,TRAILER,13498,TRAIL KING INDUSTRIES,3251,TRAIL KING INDUSTRIES,7386,TRAIL KING INDUSTRIES,2018,,,6,UNITED STATES (USA),SOUTH DAKOTA,MITCHELL,,"Trailer Length: Inverted Hoist = Add 2FT (but leave the unit part # as is) / Extend Apron = Add 1 FT (if apron 14"" extended floor plate)",61,Trailer,,,,,45,Dolly,,,17.000,"Miscellaneous (Jeeps, Boosters, Flip axles, Convertor Dollies)",2,,
48,480277,1,1,1F9F1ET2*KL494***,2025-06-27 04:48:03,0,6,TRAILER,18598,"FRYFOGLE MANUFACTURING, INC.",9763,"FRYFOGLE MANUFACTURING, INC.",24982,"Fryfogle Manufacturing, Inc.",2019,,,6,UNITED STATES (USA),MISSISSIPPI,LUCEDALE,,,61,Trailer,,,,,91,Pole Trailer,5,Fifth Wheel,,Pole Steer,2,,
48,480321,1,1,3EVGF402*R1******,2025-06-27 04:48:03,0,6,TRAILER,17123,RAWMAXX S.A. DE C.V.,7580,RAWMAXX,20514,Rawmaxx,2024,,,12,MEXICO,CHIHUAHUA,CUAUHTEMOC,,,61,Trailer,,,,,6,Flatbed or Platform Trailer,3,Gooseneck,40.000,,2,,
48,480321,2,1,1JJV532D*FL******,2025-06-27 04:48:03,0,6,TRAILER,14508,WABASH NATIONAL CORPORATION,12319,WABASH VANS,10942,Dry Van Duraplate,2015,,,6,UNITED STATES (USA),INDIANA,LAFAYETTE,,,61,Trailer,,,,,5,Box or Van Enclosed Trailer,,,53.000,,2,,
48,480323,2,1,5E0AA144*EG******,2025-06-27 04:48:03,0,6,TRAILER,20895,"COTTRELL, INC.",12482,COTTRELL,32567,"C-09, C-11, CS-10, CS-12M3, CX-09, CX-5LSCH, CX-AK7, CX-LSFA-TRI",2014,,,6,UNITED STATES (USA),GEORGIA,GAINESVILLE,,,61,Trailer,,,,,58,Auto Transporter,5,Fifth Wheel,,Trailer Length (feet): 44-46,2,3,Tandem
48,480328,1,1,5NHUEH42*PN******,2025-06-27 04:48:03,0,6,TRAILER,1084,"FOREST RIVER, INC.",531,FOREST RIVER,2520,Economy Hauler,2023,,,6,UNITED STATES (USA),INDIANA,ELKHART,,29618 C.R. 12,61,Trailer,,,,,16,Utility Trailer,1,Ball Type Pull,14.000,,2,,
48,480344,1,1,46UFU262*M1******,2025-06-27 04:48:03,0,6,TRAILER,16231,"ROADCLIPPER ENTERPRISES, INC.",9987,"ROADCLIPPER ENTERPRISES, INC.",25839,"Roadclipper Enterprises, Inc.",2021,,,6,UNITED STATES (USA),TEXAS,MT. PLEASANT,,,61,Trailer,,,,,16,Utility Trailer,3,Gooseneck,26.000,Gooseneck - 5th Wheel or Pin,2,,
48,480347,2,1,1JJV532D*LL******,2025-06-27 04:48:03,0,6,TRAILER,14508,WABASH NATIONAL CORPORATION,12319,WABASH VANS,10942,Dry Van Duraplate,2020,,,6,UNITED STATES (USA),INDIANA,LAFAYETTE,,,61,Trailer,,,,,5,Box or Van Enclosed Trailer,,,53.000,,2,,
48,480373,2,1,5V8VA532*NT******,2025-06-27 04:48:03,0,6,TRAILER,16522,VANGUARD NATIONAL TRAILER CORPORTATION,6474,VANGUARD NATIONAL TRAILER CORPORATION (VNTC),17782,VANGUARD NATIONAL TRAILER CORPORATION (VNTC),2022,,,6,UNITED STATES (USA),GEORGIA,TRENTON,,,61,Trailer,,,,,5,Box or Van Enclosed Trailer,6,Kingpin,53.000,"Interior Post Aluminum Sheet Trailer (VIP, MaxCube)",,3,Tandem
48,480375,1,1,4E7HA422*FA******,2025-06-27 04:48:03,0,6,TRAILER,10534,VANTAGE TRAILERS INC,3363,VANTAGE TRAILERS,34865,Vantage Trailers,2015,,,6,UNITED STATES (USA),TEXAS,KATHY,Vantage Trailers Inc,,61,Trailer,,,,,15,Tank Trailer,,,42.000,Hydrocarbon (crude),2,,
48,480389,2,1,1LH930UH*E1******,2025-06-27 04:48:03,0,6,TRAILER,3729,"LANDOLL COMPANY, LLC",2123,LANDOLL CORPORATION,5894,Landoll Corporation,2014,Model 930D,,6,UNITED STATES (USA),KANSAS,MARYSVILLE,Landoll Corporation,Axle Type: dual wheels,61,Trailer,9,"Class 8: 33,001 lb and above (14,969 kg and above)",,,6,Flatbed or Platform Trailer,5,Fifth Wheel,,"Trailer Length (feet): 48, 49",2,3,Tandem
48,480393,1,1,4YMBU202*RT******,2025-06-27 04:48:03,0,6,TRAILER,13315,"CARRY-ON TRAILER, INC.",4933,CARRY-ON TRAILER,12040,Carry-On Trailer,2024,,,6,UNITED STATES (USA),TEXAS,MEXIA,,,61,Trailer,,,,,16,Utility Trailer,1,Ball Type Pull,20.000,Open Trailer,2,,
48,480397,2,1,1UYVS253*GU******,2025-06-27 04:48:03,0,6,TRAILER,10289,UTILITY TRAILER MANUFACTURING COMPANY,10138,UTILITY TRAILER MANUFACTURER,26222,Utility Trailer Manufacturer,2016,,,6,UNITED STATES (USA),UTAH,CLEARFIELD,,,61,Trailer,,,,,5,Box or Van Enclosed Trailer,4,Straight Semi/Semi Trailer,53.000,,2,,
48,480408,1,1,16V3F332*M6******,2025-06-27 04:48:03,0,6,TRAILER,9132,"BIG TEX TRAILER MANUFACTURING, LLC",1136,BIG TEX,5625,Big Tex,2021,,,6,UNITED STATES (USA),TEXAS,WILLS POINT,"Big Tex Trailer Manufacturing, Inc.",,61,Trailer,,,,,6,Flatbed or Platform Trailer,3,Gooseneck,33.000,,2,,
48,480408,2,1,1E9UG202*JH037***,2025-06-27 04:48:03,1,6,TRAILER,15481,"EASLEY TRAILER SERVICE, INC",6030,EASLEY,15804,Easley Trailer,2018,,,6,UNITED STATES (USA),TEXAS,HEREFORD,,,61,Trailer,,,,,16,Utility Trailer,3,Gooseneck,20.000,,2,,
48,480422,2,1,573FR372*M9******,2025-06-27 04:48:03,0,6,TRAILER,12235,"GRAND DESIGN RV, LLC",1336,GRAND DESIGN RECREATIONAL,18130,Reflection,2021,Narrow Body,,6,UNITED STATES (USA),INDIANA,MIDDLEBURY,Plant 9,"11450 CR 2, Middlebury, IN 46540",61,Trailer,,,,,10,Camping or Travel Trailer,5,Fifth Wheel,37.000,Fifth Wheel Hitch,2,,
48,480426,1,1,5MC42401*N3******,2025-06-27 04:48:03,0,6,TRAILER,5772,"MANAC TRAILERS USA, INC.",3896,MANAC TRAILERS USA,8528,Manac,2022,,,6,UNITED STATES (USA),MISSOURI,ORAN,"Manac Trailers USA, Inc.",,61,Trailer,,,,,4,Dump Trailer,4,Straight Semi/Semi Trailer,40.000,Kingpin,2,,
48,480453,1,1,13N14820*F1******,2025-06-27 04:48:03,0,6,TRAILER,12268,FONTAINE COMMERCIAL TRAILER INC.,1128,FONTAINE TRAILER CO.,4416,Fontaine Trailer Co.,2015,,,6,UNITED STATES (USA),ALABAMA,HALEYVILLE,,Optional Features: None,61,Trailer,,,,,6,Flatbed or Platform Trailer,,,48.000,,2,,
48,480464,2,1,13N14820*P1******,2025-06-27 04:48:03,0,6,TRAILER,12268,FONTAINE COMMERCIAL TRAILER INC.,1128,FONTAINE TRAILER CO.,4416,Fontaine Trailer Co.,1993,,,6,UNITED STATES (USA),ALABAMA,HALEYVILLE,,,61,Trailer,,,,,6,Flatbed or Platform Trailer,,,48.000,Optional Features: none,2,,
48,480472,1,1,5JYLP402*DP******,2025-06-27 04:48:03,0,6,TRAILER,2290,PITTS ENTERPRISES INC,2831,PITTS TRAILERS,6775,Pitts Trailers,2013,,,6,UNITED STATES (USA),ALABAMA,PITTSVIEW,,,61,Trailer,,,,,19,Logging Trailer,,,40.000,Plantation Trailer,2,,
48,480472,4,1,17XFP202*R1******,2025-06-27 04:48:03,0,6,TRAILER,3035,DOUG BRAGG INC.DBA TEXAS BRAGG ENTERPRISES,8265,TEXAS BRAGG ENTERPRISES,22008,Texas Bragg Enterprises,2024,Pipe,,6,UNITED STATES (USA),TEXAS,MOUNT PLESANT,,,61,Trailer,,,,,6,Flatbed or Platform Trailer,,,20.000,,2,,
48,480472,5,1,48X1F303*M1******,2025-06-27 04:48:03,0,6,TRAILER,10839,"TRAVIS BODY & TRAILER, INC.",3520,"TRAVIS BODY & TRAILER, INC.",7868,"TRAVIS BODY & TRAILER, INC.",2021,,,6,UNITED STATES (USA),TEXAS,HOUSTON,,,61,Trailer,,,,,4,Dump Trailer,30,Other,30.000,Tumer ARx43,3,,
48,480484,2,1,3UTVS253*N8******,2025-06-27 04:48:03,0,6,TRAILER,10289,UTILITY TRAILER MANUFACTURING COMPANY,10138,UTILITY TRAILER MANUFACTURER,26222,Utility Trailer Manufacturer,2022,,,12,MEXICO,,PIEDRAS NEGRAS,,,61,Trailer,,,,,5,Box or Van Enclosed Trailer,4,Straight Semi/Semi Trailer,53.000,,2,,
48,480493,2,1,1E1H5Y28*KR******,2025-06-27 04:48:03,0,6,TRAILER,5338,EAST MANUFACTURING CORP.,1334,EAST MANUFACTURING CORP.,4686,East Manufacturing Corp,2019,,,6,UNITED STATES (USA),OHIO,RANDOLPH,,,61,Trailer,9,"Class 8: 33,001 lb and above (14,969 kg and above)",,,6,Flatbed or Platform Trailer,,,48.000,Standard Flat Bed Trailer,2,,
48,480495,2,1,3S9L5M2N*PM032***,2025-06-27 04:48:03,0,6,TRAILER,20881,SR NURDIN JULIAN RAMIREZ,11192,NURMAN,29192,Nurman,2023,,,12,MEXICO,COAHUILA,MONCLOVA,,,61,Trailer,,,,,6,Flatbed or Platform Trailer,6,Kingpin,45.000,Lowboy Trailer,2,,
48,480511,2,1,48X2E264*61******,2025-06-27 04:48:03,0,6,TRAILER,10839,"TRAVIS BODY & TRAILER, INC.",3520,"TRAVIS BODY & TRAILER, INC.",7868,"TRAVIS BODY & TRAILER, INC.",2006,,,6,UNITED STATES (USA),TEXAS,HOUSTON,,,61,Trailer,,,,,4,Dump Trailer,30,Other,26.000,Tumer ARx37,4,,
48,480551,2,1,1GRAA062*GB******,2025-06-27 04:48:03,0,6,TRAILER,1073,GREAT DANE TRAILERS,520,GREAT DANE TRAILERS,13436,Great Dane Trailers,2016,,,6,UNITED STATES (USA),INDIANA,BRAZIL,,,61,Trailer,,,,,5,Box or Van Enclosed Trailer,4,Straight Semi/Semi Trailer,53.000,Dry Freight Van / Reefer Van / Insulated Van,2,,
48,480567,1,1,1JJV532D*JL******,2025-06-27 04:48:03,0,6,TRAILER,14508,WABASH NATIONAL CORPORATION,12319,WABASH VANS,10942,Dry Van Duraplate,2018,,,6,UNITED STATES (USA),INDIANA,LAFAYETTE,,,61,Trailer,,,,,5,Box or Van Enclosed Trailer,,,53.000,,2,,
48,480567,2,1,1UYVS253*K6******,2025-06-27 04:48:03,0,6,TRAILER,10289,UTILITY TRAILER MANUFACTURING COMPANY,10138,UTILITY TRAILER MANUFACTURER,26222,Utility Trailer Manufacturer,2019,,,6,UNITED STATES (USA),VIRGINIA,MARION,,,61,Trailer,,,,,5,Box or Van Enclosed Trailer,4,Straight Semi/Semi Trailer,53.000,,2,,
48,480567,3,1,1JJV532D*NL******,2025-06-27 04:48:03,0,6,TRAILER,14508,WABASH NATIONAL CORPORATION,12319,WABASH VANS,10942,Dry Van Duraplate,2022,,,6,UNITED STATES (USA),INDIANA,LAFAYETTE,,,61,Trailer,,,,,5,Box or Van Enclosed Trailer,6,Kingpin,53.000,,2,,
48,480573,1,1,1UYFS248*FA******,2025-06-27 04:48:03,0,6,TRAILER,10289,UTILITY TRAILER MANUFACTURING COMPANY,10138,UTILITY TRAILER MANUFACTURER,26222,Utility Trailer Manufacturer,2015,,,6,UNITED STATES (USA),ALABAMA,ENTERPRISE,,,61,Trailer,,,,,6,Flatbed or Platform Trailer,4,Straight Semi/Semi Trailer,48.000,,2,,
48,480573,2,1,3H3V532C*HT******,2025-06-27 04:48:03,0,6,TRAILER,14282,"HYUNDAI DE MEXICO, S.A. DE C.V.",4876,HYUNDAI TRANSLEAD TRAILERS,11496,Hyundai Translead Trailers,2017,,,12,MEXICO,BAJA CALIFORNIA,TIJUANA,,,61,Trailer,,,,,5,Box or Van Enclosed Trailer,,,53.000,Van Trailer,2,,
48,480586,1,1,3H3V532C*KT******,2025-06-27 04:48:03,0,6,TRAILER,14282,"HYUNDAI DE MEXICO, S.A. DE C.V.",4876,HYUNDAI TRANSLEAD TRAILERS,11496,Hyundai Translead Trailers,2019,,,12,MEXICO,BAJA CALIFORNIA,TIJUANA,,,61,Trailer,,,,,5,Box or Van Enclosed Trailer,,,53.000,Van Trailer,2,,
48,480591,2,1,1JJV532W*4L******,2025-06-27 04:48:03,0,6,TRAILER,14508,WABASH NATIONAL CORPORATION,4847,WABASH,13327,Wabash National Corporation,2004,,,6,UNITED STATES (USA),INDIANA,LAFAYETTE,,,61,Trailer,,,,,5,Box or Van Enclosed Trailer,,,53.000,,2,,
48,480637,1,1,1UYVS242*P7******,2025-06-27 04:48:03,0,6,TRAILER,10289,UTILITY TRAILER MANUFACTURING COMPANY,10138,UTILITY TRAILER MANUFACTURER,26222,Utility Trailer Manufacturer,2023,,,6,UNITED STATES (USA),VIRGINIA,GLADE SPRING,,,61,Trailer,,,,,5,Box or Van Enclosed Trailer,4,Straight Semi/Semi Trailer,42.000,,2,,
48,480637,2,1,3F8KT342*S1******,2025-06-27 04:48:03,0,6,TRAILER,14842,"PRO FAB US, S.A. DE C.V.",4996,DURAHAUL,12253,DuraHaul,2025,,,12,MEXICO,CHIHUAHUA,CUAUHTEMOC,,,61,Trailer,,,,,15,Tank Trailer,6,Kingpin,34.000,,2,,
48,480640,1,1,49TCB142*T1******,2025-06-27 04:48:03,0,6,TRAILER,3943,"CONTRACT MANUFACTURER, LLC",1871,CONTRACT MANUFACTURER,5360,CONTRACT MANUFACTURER,1996,,,6,UNITED STATES (USA),OKLAHOMA,MADILL,,,61,Trailer,,,,,5,Box or Van Enclosed Trailer,14,Bumper Pull,14.000,Cargo Trailer,2,,
48,480640,2,1,1UYVS253*GU******,2025-06-27 04:48:03,0,6,TRAILER,10289,UTILITY TRAILER MANUFACTURING COMPANY,10138,UTILITY TRAILER MANUFACTURER,26222,Utility Trailer Manufacturer,2016,,,6,UNITED STATES (USA),UTAH,CLEARFIELD,,,61,Trailer,,,,,5,Box or Van Enclosed Trailer,4,Straight Semi/Semi Trailer,53.000,,2,,
48,480677,2,1,1GRDM962*TM******,2025-06-27 04:48:03,0,6,TRAILER,1073,GREAT DANE TRAILERS,520,GREAT DANE TRAILERS,13436,Great Dane Trailers,1996,,,6,UNITED STATES (USA),TENNESSEE,MEMPHIS,,,61,Trailer,,,,,6,Flatbed or Platform Trailer,4,Straight Semi/Semi Trailer,96.000,Straight Deck / Drop Deck / Extendable,2,,
48,480681,1,1,3A9SC362*FM216***,2025-06-27 04:48:03,0,6,TRAILER,7658,INDUSTRIAS MET GRI SA DE CV,1700,INDUSTRIAS MET GRI SA DE CV,5712,Industrias Met GRI SA de CV,2015,,,12,MEXICO,CHIHUAHUA,NAMIQUIPA,,,61,Trailer,,,,,15,Tank Trailer,6,Kingpin,36.000,Silo Trailer,2,,
48,480690,1,1,1DW1A532*6S******,2025-06-27 04:48:03,0,6,TRAILER,13506,"STOUGHTON TRAILERS, INC.",3414,STOUGHTON TRAILERS,7701,Stoughton trailers,2006,,,6,UNITED STATES (USA),WISCONSIN,STOUGHTON,"Stoughton Trailers, INC",,61,Trailer,,,,,5,Box or Van Enclosed Trailer,4,Straight Semi/Semi Trailer,53.000,Van Trailer,2,,
48,480728,4,1,1TTE532A*P3******,2025-06-27 04:48:03,0,6,TRAILER,8231,TRANSCRAFT CORPORATION,12051,BENSON/WABASH,27664,Aluminium Flatbed,2023,,,6,UNITED STATES (USA),KENTUCKY,CADIZ,,,61,Trailer,,,,,6,Flatbed or Platform Trailer,6,Kingpin,53.000,Drop Deck Trailer,2,,
48,480732,2,1,48X1N372*N1******,2025-06-27 04:48:03,0,6,TRAILER,10839,"TRAVIS BODY & TRAILER, INC.",3520,"TRAVIS BODY & TRAILER, INC.",7868,"TRAVIS BODY & TRAILER, INC.",2022,,,6,UNITED STATES (USA),TEXAS,HOUSTON,,,61,Trailer,,,,,4,Dump Trailer,30,Other,37.000,Other Air Ride,2,,
48,480744,1,1,1DW1A532*4S******,2025-06-27 04:48:03,0,6,TRAILER,13506,"STOUGHTON TRAILERS, INC.",3414,STOUGHTON TRAILERS,7701,Stoughton trailers,2004,,,6,UNITED STATES (USA),WISCONSIN,STOUGHTON,"Stoughton Trailers, INC",,61,Trailer,,,,,5,Box or Van Enclosed Trailer,4,Straight Semi/Semi Trailer,53.000,Van Trailer,2,,
48,480756,2,1,3H3V532C*HT******,2025-06-27 04:48:03,0,6,TRAILER,14282,"HYUNDAI DE MEXICO, S.A. DE C.V.",4876,HYUNDAI TRANSLEAD TRAILERS,11496,Hyundai Translead Trailers,2017,,,12,MEXICO,BAJA CALIFORNIA,TIJUANA,,,61,Trailer,,,,,5,Box or Van Enclosed Trailer,,,53.000,Van Trailer,2,,
48,480770,1,1,1GRDM902*3M******,2025-06-27 04:48:03,0,6,TRAILER,1073,GREAT DANE TRAILERS,520,GREAT DANE TRAILERS,13436,Great Dane Trailers,2003,,,6,UNITED STATES (USA),TENNESSEE,MEMPHIS,,,61,Trailer,,,,,6,Flatbed or Platform Trailer,4,Straight Semi/Semi Trailer,90.000,Straight Deck / Drop Deck / Extendable,2,,
48,480784,1,1,1GRAA962*BT******,2025-06-27 04:48:03,0,6,TRAILER,1073,GREAT DANE TRAILERS,520,GREAT DANE TRAILERS,13436,Great Dane Trailers,2011,,,6,UNITED STATES (USA),INDIANA,TERRE HAUTE,,Effective 03/01/00,61,Trailer,,,,,5,Box or Van Enclosed Trailer,4,Straight Semi/Semi Trailer,48.000,Dry Freight/ Reefer/ Insulated Van,2,,
48,480789,2,1,17XFP162*N1******,2025-06-27 04:48:03,0,6,TRAILER,3035,DOUG BRAGG INC.DBA TEXAS BRAGG ENTERPRISES,8265,TEXAS BRAGG ENTERPRISES,22008,Texas Bragg Enterprises,2022,Pipe,,6,UNITED STATES (USA),TEXAS,MOUNT PLESANT,,,61,Trailer,,,,,6,Flatbed or Platform Trailer,,,16.000,,2,,
48,480798,1,1,1UYVS248*1M******,2025-06-27 04:48:03,0,6,TRAILER,10289,UTILITY TRAILER MANUFACTURING COMPANY,10138,UTILITY TRAILER MANUFACTURER,26222,Utility Trailer Manufacturer,2001,,,6,UNITED STATES (USA),VIRGINIA,MARION,,,61,Trailer,,,,,5,Box or Van Enclosed Trailer,4,Straight Semi/Semi Trailer,48.000,,2,,
48,480804,2,1,1UYVS253*6U******,2025-06-27 04:48:03,0,6,TRAILER,10289,UTILITY TRAILER MANUFACTURING COMPANY,10138,UTILITY TRAILER MANUFACTURER,26222,Utility Trailer Manufacturer,2006,,,6,UNITED STATES (USA),UTAH,CLEARFIELD,,,61,Trailer,,,,,5,Box or Van Enclosed Trailer,4,Straight Semi/Semi Trailer,53.000,,2,,
48,480816,1,1,1C9WG242*8N643***,2025-06-27 04:48:03,0,6,TRAILER,11735,"C & C TRAILERS, INC.",3982,C & C TRAILERS,8644,"C & C Trailers, Inc.",2008,,,6,UNITED STATES (USA),OKLAHOMA,NORMAN,,,61,Trailer,,,,,,,3,Gooseneck,24.000,Welded Trailer,2,,
48,480818,2,1,5C2BB40B*8M******,2025-06-27 04:48:03,0,6,TRAILER,15683,"CLEMENT INDUSTRIES, INC.",5405,CLEMENT INDUSTRIES,13961,Clement,2008,,,6,UNITED STATES (USA),LOUISIANA,MINDEN,"Clement Industries, Inc",,61,Trailer,,,,,4,Dump Trailer,4,Straight Semi/Semi Trailer,40.000,Frameless Semi End Dump,2,3,Tandem
48,480834,1,1,3H3V532C*LT******,2025-06-27 04:48:03,0,6,TRAILER,14282,"HYUNDAI DE MEXICO, S.A. DE C.V.",4876,HYUNDAI TRANSLEAD TRAILERS,11496,Hyundai Translead Trailers,2020,,,12,MEXICO,BAJA CALIFORNIA,TIJUANA,,,61,Trailer,,,,,5,Box or Van Enclosed Trailer,,,53.000,Van Trailer,2,,
48,480841,2,1,1TDH4222*FB******,2025-06-27 04:48:03,0,6,TRAILER,8330,TIMPTE INC.,5331,"TIMPTE, INC",13636,Timpte,2015,,,6,UNITED STATES (USA),NEBRASKA,DAVID CITY,,"Seventh VIN position indicates the additional length of the trailer to the nearest inch up to 9 inches. If the additional length is 10 inches or more the seventh character is zero (0) and the sixth character will be increased to the next foot. For example : a 42ft 9in trailer will be represent in VIN position 5, 6 & 7 as ""429"" and a 42ft 10in. trailer will be represented in VIN position 5 , 6 & 7 as ""430"" respectively.",61,Trailer,,,,,180,"Grain, Chip, or Gravel Trailer",,,42.000,Dry Bulk-Bottom Hopper Trailer,2,,
48,480842,2,1,1UYFS248*5A******,2025-06-27 04:48:03,0,6,TRAILER,10289,UTILITY TRAILER MANUFACTURING COMPANY,10138,UTILITY TRAILER MANUFACTURER,26222,Utility Trailer Manufacturer,2005,,,6,UNITED STATES (USA),ALABAMA,ENTERPRISE,,,61,Trailer,,,,,6,Flatbed or Platform Trailer,4,Straight Semi/Semi Trailer,48.000,,2,,
48,480851,2,1,1S95C432*KG724***,2025-06-27 04:48:03,0,6,TRAILER,4301,"KING KUTTER II, INC.",3214,SFS TRUCK SALES,7318,SFS Truck Sales,2019,,,6,UNITED STATES (USA),OHIO,GALLIPOLIS,,,61,Trailer,,,,,46,Incomplete Trailer Chassis,,,43.000,Trailer Type = Intermodal,2,,
48,480859,1,1,1M91H432*HA211***,2025-06-27 04:48:03,0,6,TRAILER,8901,"MERTZ MANUFACTURING, INC.",2354,MERTZ MANUFACTURING,6130,"Mertz Manufacturing, LLC",2017,,,6,UNITED STATES (USA),OKLAHOMA,PONCA CITY,"Mertz Manufacturing, LLC",,61,Trailer,,,,,101,Other Trailer,30,Other,43.000,Trailer Type - Energy Industries Equipment,2,,
48,480873,1,1,4ZEPH202*G1******,2025-06-27 04:48:03,0,6,TRAILER,3684,LOAD TRAIL LLC,2111,LOAD TRAIL,5874,Load Trail,2016,,,6,UNITED STATES (USA),TEXAS,SUMNER,,,61,Trailer,,,,,6,Flatbed or Platform Trailer,2,Pintle Hitch/Hook,20.000,Heavy Duty Pintle Hook,2,,
48,480878,2,1,1UNSD392*NS******,2025-06-27 04:48:03,0,6,TRAILER,1739,"DRAGON PRODUCTS, LLC",1415,DRAGON ESP,4763,Dragon ESP,2022,,,6,UNITED STATES (USA),TEXAS,SILSBEE,,,61,Trailer,,,,,4,Dump Trailer,4,Straight Semi/Semi Trailer,39.000,,2,,
48,480913,2,1,1UNST422*DL******,2025-06-27 04:48:03,0,6,TRAILER,1739,"DRAGON PRODUCTS, LLC",956,DRAGON PRODUCTS,4976,Dragon Products,2013,,,6,UNITED STATES (USA),TEXAS,LAPORTE,,,61,Trailer,,,,,15,Tank Trailer,4,Straight Semi/Semi Trailer,42.000,,2,,
48,480919,1,1,13N14830*Y5******,2025-06-27 04:48:03,0,6,TRAILER,12268,FONTAINE COMMERCIAL TRAILER INC.,1128,FONTAINE TRAILER CO.,4416,Fontaine Trailer Co.,2000,,,6,UNITED STATES (USA),KENTUCKY,PRINCETON,,,61,Trailer,,,,,6,Flatbed or Platform Trailer,,,48.000,"Tandem Axles, Spread",2,,
48,480931,2,1,1JJV532W*XL******,2025-06-27 04:48:03,0,6,TRAILER,14508,WABASH NATIONAL CORPORATION,4847,WABASH,13327,Wabash National Corporation,1999,,,6,UNITED STATES (USA),INDIANA,LAFAYETTE,,,61,Trailer,,,,,5,Box or Van Enclosed Trailer,,,53.000,,2,,
48,480940,1,1,5JLSP432*G5******,2025-06-27 04:48:03,0,6,TRAILER,5564,"HEIL TRAILER INTERNATIONAL, CO",2365,HEIL TRAILER INTERNATIONAL,6142,Heil Trailer International,2016,,,6,UNITED STATES (USA),TEXAS,ROME,,Production ceased in 2016,61,Trailer,,,,,15,Tank Trailer,4,Straight Semi/Semi Trailer,43.000,CS NON SPEC.,2,,
48,480941,1,1,4B9BBDA2*HH054***,2025-06-27 04:48:03,0,6,TRAILER,15004,BRAZOS TRAILER MANUFACTURING LLC,4962,BRAZOS,12121,Brazos,2017,,,6,UNITED STATES (USA),TEXAS,WILLS POINT,,,61,Trailer,,,,,4,Dump Trailer,1,Ball Type Pull,20.000,,2,,
48,480952,1,1,1JKDLA40*LM******,2025-06-27 04:48:03,0,6,TRAILER,11399,"INTERSTATE TRAILERS, INC.",8149,"INTERSTATE TRAILERS, INC.",21789,"Interstate Trailers, Inc.",2020,,,6,UNITED STATES (USA),TEXAS,MANSFIELD,,,61,Trailer,9,"Class 8: 33,001 lb and above (14,969 kg and above)",,,6,Flatbed or Platform Trailer,2,Pintle Hitch/Hook,24.000,,2,,
48,480958,2,1,1JJV532D*NL******,2025-06-27 04:48:03,0,6,TRAILER,14508,WABASH NATIONAL CORPORATION,12319,WABASH VANS,10942,Dry Van Duraplate,2022,,,6,UNITED STATES (USA),INDIANA,LAFAYETTE,,,61,Trailer,,,,,5,Box or Van Enclosed Trailer,6,Kingpin,53.000,,2,,
48,480962,1,1,1GR1P062*PT******,2025-06-27 04:48:03,0,6,TRAILER,1073,GREAT DANE TRAILERS,520,GREAT DANE TRAILERS,13436,Great Dane Trailers,2023,,,6,UNITED STATES (USA),INDIANA,TERRE HAUTE,,,61,Trailer,,,,,5,Box or Van Enclosed Trailer,6,Kingpin,53.000,"Semitrailer - Dry freight, Reefer, or Insulated van",2,,
48,480978,2,1,1GRDM962*1M******,2025-06-27 04:48:03,0,6,TRAILER,1073,GREAT DANE TRAILERS,520,GREAT DANE TRAILERS,13436,Great Dane Trailers,2001,,,6,UNITED STATES (USA),TENNESSEE,MEMPHIS,,,61,Trailer,,,,,6,Flatbed or Platform Trailer,4,Straight Semi/Semi Trailer,96.000,Straight Deck / Drop Deck / Extendable,2,,
48,480980,2,1,1JJV532W*8L******,2025-06-27 04:48:03,0,6,TRAILER,14508,WABASH NATIONAL CORPORATION,4847,WABASH,13327,Wabash National Corporation,2008,,,6,UNITED STATES (USA),INDIANA,LAFAYETTE,,,61,Trailer,,,,,5,Box or Van Enclosed Trailer,,,53.000,,2,,
48,480987,1,1,3H3V532C*KT******,2025-06-27 04:48:03,0,6,TRAILER,14282,"HYUNDAI DE MEXICO, S.A. DE C.V.",4876,HYUNDAI TRANSLEAD TRAILERS,11496,Hyundai Translead Trailers,2019,,,12,MEXICO,BAJA CALIFORNIA,TIJUANA,,,61,Trailer,,,,,5,Box or Van Enclosed Trailer,,,53.000,Van Trailer,2,,
48,480999,2,1,1UYVS253*P2******,2025-06-27 04:48:03,0,6,TRAILER,10289,UTILITY TRAILER MANUFACTURING COMPANY,10138,UTILITY TRAILER MANUFACTURER,26222,Utility Trailer Manufacturer,2023,,,6,UNITED STATES (USA),UTAH,CLEARFIELD,,,61,Trailer,,,,,5,Box or Van Enclosed Trailer,4,Straight Semi/Semi Trailer,53.000,,2,,
48,481003,2,1,1RNF48A2*YR******,2025-06-27 04:48:03,0,6,TRAILER,3579,"REITNOUER, INC.",5594,REITNOUER INC,14493,Reitnouer Inc Trailers,2000,,,6,UNITED STATES (USA),PENNSYLVANIA,READING,,,61,Trailer,9,"Class 8: 33,001 lb and above (14,969 kg and above)",,,6,Flatbed or Platform Trailer,6,Kingpin,48.000,Airride,2,,
48,481007,1,1,1UYVS253*L2******,2025-06-27 04:48:03,0,6,TRAILER,10289,UTILITY TRAILER MANUFACTURING COMPANY,10138,UTILITY TRAILER MANUFACTURER,26222,Utility Trailer Manufacturer,2020,,,6,UNITED STATES (USA),UTAH,CLEARFIELD,,,61,Trailer,,,,,5,Box or Van Enclosed Trailer,4,Straight Semi/Semi Trailer,53.000,,2,,
48,481011,1,1,1GR1P062*RJ******,2025-06-27 04:48:03,0,6,TRAILER,1073,GREAT DANE TRAILERS,520,GREAT DANE TRAILERS,13436,Great Dane Trailers,2024,,,6,UNITED STATES (USA),ARKANSAS,JONESBORO,,,61,Trailer,,,,,5,Box or Van Enclosed Trailer,6,Kingpin,53.000,"Semitrailer - Dry freight, Reefer, or Insulated van",2,,
48,481012,2,1,1S95C432*JG724***,2025-06-27 04:48:03,0,6,TRAILER,4301,"KING KUTTER II, INC.",3214,SFS TRUCK SALES,7318,SFS Truck Sales,2018,,,6,UNITED STATES (USA),OHIO,GALLIPOLIS,,,61,Trailer,,,,,46,Incomplete Trailer Chassis,,,43.000,Trailer Type = Intermodal,2,,
48,481023,2,1,3H6KF432*N3******,2025-06-27 04:48:03,0,6,TRAILER,6179,"POLAR TANK TRAILER, LLC",2921,POLAR TANK TRAILER,6874,Polar Tank Trailer,2022,SS 307/407,,12,MEXICO,CHIHUAHUA,,,,61,Trailer,,,,,15,Tank Trailer,4,Straight Semi/Semi Trailer,43.000,,2,,
48,481024,1,1,1UYVS253*DM******,2025-06-27 04:48:03,0,6,TRAILER,10289,UTILITY TRAILER MANUFACTURING COMPANY,10138,UTILITY TRAILER MANUFACTURER,26222,Utility Trailer Manufacturer,2013,,,6,UNITED STATES (USA),VIRGINIA,MARION,,,61,Trailer,,,,,5,Box or Van Enclosed Trailer,4,Straight Semi/Semi Trailer,53.000,,2,,
48,481024,4,1,1RND53A3*MR******,2025-06-27 04:48:03,0,6,TRAILER,3579,"REITNOUER, INC.",5594,REITNOUER INC,14493,Reitnouer Inc Trailers,2021,,,6,UNITED STATES (USA),PENNSYLVANIA,READING,,,61,Trailer,9,"Class 8: 33,001 lb and above (14,969 kg and above)",,,6,Flatbed or Platform Trailer,6,Kingpin,53.000,Drop Deck Trailer,3,,
48,481024,5,1,3H3V532K*SJ******,2025-06-27 04:48:03,0,6,TRAILER,14282,"HYUNDAI DE MEXICO, S.A. DE C.V.",4876,HYUNDAI TRANSLEAD TRAILERS,11496,Hyundai Translead Trailers,2025,,,12,MEXICO,BAJA CALIFORNIA,TIJUANA,,Body Type: SEMITRAILER,61,Trailer,,,,,5,Box or Van Enclosed Trailer,6,Kingpin,53.000,,2,,
48,481036,1,1,1UYFS248*6A******,2025-06-27 04:48:03,0,6,TRAILER,10289,UTILITY TRAILER MANUFACTURING COMPANY,10138,UTILITY TRAILER MANUFACTURER,26222,Utility Trailer Manufacturer,2006,,,6,UNITED STATES (USA),ALABAMA,ENTERPRISE,,,61,Trailer,,,,,6,Flatbed or Platform Trailer,4,Straight Semi/Semi Trailer,48.000,,2,,
48,481070,2,1,48X1F372*81******,2025-06-27 04:48:03,0,6,TRAILER,10839,"TRAVIS BODY & TRAILER, INC.",3520,"TRAVIS BODY & TRAILER, INC.",7868,"TRAVIS BODY & TRAILER, INC.",2008,,,6,UNITED STATES (USA),TEXAS,HOUSTON,,,61,Trailer,,,,,4,Dump Trailer,30,Other,37.000,Tumer ARx43,2,,
48,481075,1,1,5JLSP422*X5******,2025-06-27 04:48:03,1,6,TRAILER,5564,"HEIL TRAILER INTERNATIONAL, CO",2365,HEIL TRAILER INTERNATIONAL,6142,Heil Trailer International,1999,,,6,UNITED STATES (USA),TEXAS,RHOME,,Body Shape: Flo,61,Trailer,,,,,15,Tank Trailer,,,42.000,Bulker Trailer - Al Pneumatic,2,,
48,481078,2,1,1UYFS253*DA******,2025-06-27 04:48:03,0,6,TRAILER,10289,UTILITY TRAILER MANUFACTURING COMPANY,10138,UTILITY TRAILER MANUFACTURER,26222,Utility Trailer Manufacturer,2013,,,6,UNITED STATES (USA),ALABAMA,ENTERPRISE,,,61,Trailer,,,,,6,Flatbed or Platform Trailer,4,Straight Semi/Semi Trailer,53.000,,2,,
48,481101,1,1,7HYGL362*KH******,2025-06-27 04:48:03,0,6,TRAILER,17402,"NWT HOLDINGS, LLC",8262,"NWT HOLDINGS, LLC",22005,"NWT Holdings, LLC",2019,,,6,UNITED STATES (USA),TEXAS,HONEY GROVE,Honey Grove Plant,,61,Trailer,,,,,23,Equipment Trailer,3,Gooseneck,36.000,Low Equipment Trailer,2,,
48,481109,1,1,1V9SX382*CN062***,2025-06-27 04:48:03,0,6,TRAILER,10999,VIKING TRAILERS,5688,VIKING TRAILER,14907,Viking Trailer,2012,,,6,UNITED STATES (USA),TEXAS,NACOGDOCHES,,Features as required for purpose,61,Trailer,,,,,188,Special Purpose Trailer,,,38.000,Special Purpose Transport Trailer,2,,
48,481109,6,1,1PMA2442*85******,2025-06-27 04:48:03,0,6,TRAILER,6179,"POLAR TANK TRAILER, LLC",2921,POLAR TANK TRAILER,6874,Polar Tank Trailer,2008,,,6,UNITED STATES (USA),MISSOURI,SPRINGFIELD,,,61,Trailer,,,,,15,Tank Trailer,30,Other,44.000,Vessel Code: DOT 406,2,,
48,481137,2,1,1GRAA062*8T******,2025-06-27 04:48:03,0,6,TRAILER,1073,GREAT DANE TRAILERS,520,GREAT DANE TRAILERS,13436,Great Dane Trailers,2008,,,6,UNITED STATES (USA),INDIANA,TERRE HAUTE,,Effective 03/01/00,61,Trailer,,,,,5,Box or Van Enclosed Trailer,4,Straight Semi/Semi Trailer,53.000,Dry Freight/ Reefer/ Insulated Van,2,,
48,481197,3,1,5WSAWA32*8N******,2025-06-27 04:48:03,0,6,TRAILER,10142,WALKER STAINLESS EQUIPMENT CO,6978,WALKER,18560,DOT/TC-406,2008,,,6,UNITED STATES (USA),WISCONSIN,NEW LISBON,,,61,Trailer,,,,,15,Tank Trailer,,,,Trailer Material: Aluminum,3,,
48,481208,2,1,1GR1P062*NK******,2025-06-27 04:48:03,0,6,TRAILER,1073,GREAT DANE TRAILERS,520,GREAT DANE TRAILERS,13436,Great Dane Trailers,2022,,,6,UNITED STATES (USA),ILLINOIS,KEWANEE,,,61,Trailer,,,,,5,Box or Van Enclosed Trailer,6,Kingpin,53.000,"Semitrailer - Dry freight, Reefer, or Insulated van",2,,
48,481210,1,1,5HTDL452*65******,2025-06-27 04:48:03,0,6,TRAILER,5564,"HEIL TRAILER INTERNATIONAL, CO",2365,HEIL TRAILER INTERNATIONAL,6142,Heil Trailer International,2006,,,6,UNITED STATES (USA),TEXAS,RHOME,,Body Shape: Round Double Conical,61,Trailer,,,,,15,Tank Trailer,,,45.000,AL 307/407,2,,
48,481213,1,1,1JJV532D*HL******,2025-06-27 04:48:03,0,6,TRAILER,14508,WABASH NATIONAL CORPORATION,12319,WABASH VANS,10942,Dry Van Duraplate,2017,,,6,UNITED STATES (USA),INDIANA,LAFAYETTE,,,61,Trailer,,,,,5,Box or Van Enclosed Trailer,,,53.000,,2,,
48,481216,1,1,1RNF53A2*JR******,2025-06-27 04:48:03,0,6,TRAILER,3579,"REITNOUER, INC.",5594,REITNOUER INC,14493,Reitnouer Inc Trailers,2018,,,6,UNITED STATES (USA),PENNSYLVANIA,READING,,,61,Trailer,9,"Class 8: 33,001 lb and above (14,969 kg and above)",,,6,Flatbed or Platform Trailer,6,Kingpin,53.000,Airride,2,,
48,481223,1,1,4A2MB202*N1******,2025-06-27 04:48:03,0,6,TRAILER,5943,"M.H. EBY, INC.",5684,"M.H. EBY, INC",14899,"M.H. EBY, INC",2022,,,6,UNITED STATES (USA),PENNSYLVANIA,BLUE BALL,,,61,Trailer,,,,,,,14,Bumper Pull,20.000,Miscellaneous Trailer,2,,
48,481224,2,1,14YBB253*GT******,2025-06-27 04:48:03,1,6,TRAILER,13661,TM MARINE GROUP,4392,TM MARINE GROUP,9196,TM Marine Group,2016,,,6,UNITED STATES (USA),TENNESSEE,,,,61,Trailer,,,,,2,Boat Trailer,1,Ball Type Pull,25.000,,3,,
48,481235,1,1,48X1F372*M1******,2025-06-27 04:48:03,0,6,TRAILER,10839,"TRAVIS BODY & TRAILER, INC.",3520,"TRAVIS BODY & TRAILER, INC.",7868,"TRAVIS BODY & TRAILER, INC.",2021,,,6,UNITED STATES (USA),TEXAS,HOUSTON,,,61,Trailer,,,,,4,Dump Trailer,30,Other,37.000,Tumer ARx43,2,,
48,481267,2,1,48XAR482*L1******,2025-06-27 04:48:03,0,6,TRAILER,10839,"TRAVIS BODY & TRAILER, INC.",3520,"TRAVIS BODY & TRAILER, INC.",7868,"TRAVIS BODY & TRAILER, INC.",2020,,,6,UNITED STATES (USA),TEXAS,HOUSTON,,,61,Trailer,,,,,,,,,48.000,Slat Floor,2,,
48,481279,1,1,1JJV532D*LL******,2025-06-27 04:48:03,0,6,TRAILER,14508,WABASH NATIONAL CORPORATION,12319,WABASH VANS,10942,Dry Van Duraplate,2020,,,6,UNITED STATES (USA),INDIANA,LAFAYETTE,,,61,Trailer,,,,,5,Box or Van Enclosed Trailer,,,53.000,,2,,
48,481297,2,1,13NE5230*E3******,2025-06-27 04:48:03,0,6,TRAILER,12268,FONTAINE COMMERCIAL TRAILER INC.,1128,FONTAINE TRAILER CO.,4416,Fontaine Trailer Co.,2014,,,6,UNITED STATES (USA),ALABAMA,SPRINGVILLE,,Optional Features: None,61,Trailer,,,,,6,Flatbed or Platform Trailer,,,52.000,"Body Type: Heavy Hauler, Narrow Hydraulic Removable Gooseneck, DBL Drop",3,,
48,481309,2,1,5V8VC532*LT******,2025-06-27 04:48:03,1,6,TRAILER,16522,VANGUARD NATIONAL TRAILER CORPORTATION,6474,VANGUARD NATIONAL TRAILER CORPORATION (VNTC),17782,VANGUARD NATIONAL TRAILER CORPORATION (VNTC),2020,,,6,UNITED STATES (USA),GEORGIA,TRENTON,,,61,Trailer,,,,,5,Box or Van Enclosed Trailer,6,Kingpin,53.000,Dry Freight Trailer,,3,Tandem
48,481312,2,1,1JJV532W*3L******,2025-06-27 04:48:03,0,6,TRAILER,14508,WABASH NATIONAL CORPORATION,4847,WABASH,13327,Wabash National Corporation,2003,,,6,UNITED STATES (USA),INDIANA,LAFAYETTE,,,61,Trailer,,,,,5,Box or Van Enclosed Trailer,,,53.000,,2,,
48,481326,2,1,5CWRA371*EH******,2025-06-27 04:48:03,0,6,TRAILER,10121,MICKEY TRUCK BODIES INC.,11190,MICKEY TRUCK BODIES INC.,29186,MICKEY TRUCK BODIES INC.,2014,,,6,UNITED STATES (USA),NORTH CAROLINA,HIGH POINT,,,61,Trailer,,,,,101,Other Trailer,30,Other,37.000,Route Trailer,1,,
48,481332,1,1,1JJV532W*8L******,2025-06-27 04:48:03,0,6,TRAILER,14508,WABASH NATIONAL CORPORATION,4847,WABASH,13327,Wabash National Corporation,2008,,,6,UNITED STATES (USA),INDIANA,LAFAYETTE,,,61,Trailer,,,,,5,Box or Van Enclosed Trailer,,,53.000,,2,,
48,481361,2,1,3E1FB523*GS******,2025-06-27 04:48:03,0,6,TRAILER,11798,BULK TANK INTERNATIONAL S DE RL DE CV,1092,BULK TANK INTERNATIONAL,4372,Bulk Tank International,2016,,,12,MEXICO,GUANAJUATO,SAN JOSE ITURBIDE,,,61,Trailer,,,,,15,Tank Trailer,,,,Vessel Material: Stainless Steel,2,,
48,481363,1,1,3H3V532K*PJ******,2025-06-27 04:48:03,0,6,TRAILER,14282,"HYUNDAI DE MEXICO, S.A. DE C.V.",4876,HYUNDAI TRANSLEAD TRAILERS,11496,Hyundai Translead Trailers,2023,,,12,MEXICO,BAJA CALIFORNIA,TIJUANA,,Body Type: SEMITRAILER,61,Trailer,,,,,5,Box or Van Enclosed Trailer,6,Kingpin,53.000,,2,,
48,481364,1,1,3F8KT402*S1******,2025-06-27 04:48:03,0,6,TRAILER,14842,"PRO FAB US, S.A. DE C.V.",4996,DURAHAUL,12253,DuraHaul,2025,,,12,MEXICO,CHIHUAHUA,CUAUHTEMOC,,,61,Trailer,,,,,15,Tank Trailer,6,Kingpin,40.000,,2,,
48,481370,2,1,1M91D392*7A211***,2025-06-27 04:48:03,1,6,TRAILER,8901,"MERTZ MANUFACTURING, INC.",2354,MERTZ MANUFACTURING,6130,"Mertz Manufacturing, LLC",2007,,,6,UNITED STATES (USA),OKLAHOMA,PONCA CITY,"Mertz Manufacturing, LLC",,61,Trailer,,,,,154,Construction Trailer,30,Other,39.000,Trailer Type - Energy Industries Equipment,2,,
48,481378,2,1,46UFU322*F1******,2025-06-27 04:48:03,0,6,TRAILER,16231,"ROADCLIPPER ENTERPRISES, INC.",6469,DIAMOND C TRAILER MFG.,17772,Diamond C Trailer Mfg.,2015,,,6,UNITED STATES (USA),TEXAS,MT. PLEASANT,,,61,Trailer,,,,,16,Utility Trailer,,,32.000,Flatbed,2,,
48,481379,2,1,1E1H5Y28*KR******,2025-06-27 04:48:03,0,6,TRAILER,5338,EAST MANUFACTURING CORP.,1334,EAST MANUFACTURING CORP.,4686,East Manufacturing Corp,2019,,,6,UNITED STATES (USA),OHIO,RANDOLPH,,,61,Trailer,9,"Class 8: 33,001 lb and above (14,969 kg and above)",,,6,Flatbed or Platform Trailer,,,48.000,Standard Flat Bed Trailer,2,,
48,481380,1,1,1UYVS253*R3******,2025-06-27 04:48:03,0,6,TRAILER,10289,UTILITY TRAILER MANUFACTURING COMPANY,10138,UTILITY TRAILER MANUFACTURER,26222,Utility Trailer Manufacturer,2024,,,6,UNITED STATES (USA),ARKANSAS,PARAGOULD,,,61,Trailer,,,,,5,Box or Van Enclosed Trailer,4,Straight Semi/Semi Trailer,53.000,,2,,
48,481408,2,1,1TKH0532*PM******,2025-06-27 04:48:03,0,6,TRAILER,13498,TRAIL KING INDUSTRIES,3251,TRAIL KING INDUSTRIES,7386,TRAIL KING INDUSTRIES,2023,,,6,UNITED STATES (USA),SOUTH DAKOTA,MITCHELL,,"Trailer Length: Inverted Hoist = Add 2FT (but leave the unit part # as is) / Extend Apron = Add 1 FT (if apron 14"" extended floor plate)",61,Trailer,,,,,111,Specialty Trailer,,,53.000,"Specialized (All Extendables, ACD, 130,000 lb. capacity and up, OEMs)",2,,
48,481415,2,1,1JJV532D*JL******,2025-06-27 04:48:03,0,6,TRAILER,14508,WABASH NATIONAL CORPORATION,12319,WABASH VANS,10942,Dry Van Duraplate,2018,,,6,UNITED STATES (USA),INDIANA,LAFAYETTE,,,61,Trailer,,,,,5,Box or Van Enclosed Trailer,,,53.000,,2,,
48,481449,2,1,3UTVS253*R8******,2025-06-27 04:48:03,0,6,TRAILER,10289,UTILITY TRAILER MANUFACTURING COMPANY,10138,UTILITY TRAILER MANUFACTURER,26222,Utility Trailer Manufacturer,2024,,,12,MEXICO,,PIEDRAS NEGRAS,,,61,Trailer,,,,,5,Box or Van Enclosed Trailer,4,Straight Semi/Semi Trailer,53.000,,2,,
48,481453,2,1,1JJV532D*NL******,2025-06-27 04:48:03,0,6,TRAILER,14508,WABASH NATIONAL CORPORATION,12319,WABASH VANS,10942,Dry Van Duraplate,2022,,,6,UNITED STATES (USA),INDIANA,LAFAYETTE,,,61,Trailer,,,,,5,Box or Van Enclosed Trailer,6,Kingpin,53.000,,2,,
48,481461,2,1,4B9BKFB2*PH054***,2025-06-27 04:48:03,0,6,TRAILER,15004,BRAZOS TRAILER MANUFACTURING LLC,4962,BRAZOS,12121,Brazos,2023,,,6,UNITED STATES (USA),TEXAS,WILLS POINT,,,61,Trailer,,,,,6,Flatbed or Platform Trailer,6,Kingpin,22.000,,2,,
48,481472,2,1,3H3V532K*RS******,2025-06-27 04:48:03,0,6,TRAILER,14282,"HYUNDAI DE MEXICO, S.A. DE C.V.",4876,HYUNDAI TRANSLEAD TRAILERS,11496,Hyundai Translead Trailers,2024,,,12,MEXICO,BAJA CALIFORNIA,ROSARITO,,Body Type: SEMITRAILER,61,Trailer,,,,,5,Box or Van Enclosed Trailer,6,Kingpin,53.000,,2,,
48,481475,2,1,48X1F392*41******,2025-06-27 04:48:03,0,6,TRAILER,10839,"TRAVIS BODY & TRAILER, INC.",3520,"TRAVIS BODY & TRAILER, INC.",7868,"TRAVIS BODY & TRAILER, INC.",2004,,,6,UNITED STATES (USA),TEXAS,HOUSTON,,,61,Trailer,,,,,4,Dump Trailer,30,Other,39.000,Tumer ARx43,2,,
48,481488,1,1,1UYVS253*EP******,2025-06-27 04:48:03,1,6,TRAILER,10289,UTILITY TRAILER MANUFACTURING COMPANY,10138,UTILITY TRAILER MANUFACTURER,26222,Utility Trailer Manufacturer,2014,,,6,UNITED STATES (USA),ARKANSAS,PARAGOULD,,,61,Trailer,,,,,5,Box or Van Enclosed Trailer,4,Straight Semi/Semi Trailer,53.000,,2,,
48,481515,2,1,1GR1A062*NK******,2025-06-27 04:48:03,0,6,TRAILER,1073,GREAT DANE TRAILERS,520,GREAT DANE TRAILERS,13436,Great Dane Trailers,2022,,,6,UNITED STATES (USA),ILLINOIS,KEWANEE,,,61,Trailer,,,,,5,Box or Van Enclosed Trailer,6,Kingpin,53.000,"Semitrailer - Dry freight, Reefer, or Insulated van",2,,
48,481516,2,1,4Z411162*WP******,2025-06-27 04:48:03,0,6,TRAILER,3493,CPS TRAILER CO,6277,CPS TRAILER COMPANY,21211,Hopper Trailer,1998,Steel,,6,UNITED STATES (USA),MISSOURI,ORAN,,,61,Trailer,,,,,180,"Grain, Chip, or Gravel Trailer",,,,Over 36 ft,2,,
48,481518,2,1,527SR532*GM******,2025-06-27 04:48:03,0,6,TRAILER,6703,VANGUARD REEFER TRAILER INC.,1561,"CIMC REEFER TRAILER,INC",4978,"CIMC REEFER TRAILER,INC.",2016,,,6,UNITED STATES (USA),INDIANA,MONON,"CIMC Reefer Trailer,Inc",,61,Trailer,,,,,5,Box or Van Enclosed Trailer,4,Straight Semi/Semi Trailer,53.000,Reefer Van Trailer,2,,
48,481518,3,1,5JLSP432*85******,2025-06-27 04:48:03,0,6,TRAILER,5564,"HEIL TRAILER INTERNATIONAL, CO",2365,HEIL TRAILER INTERNATIONAL,6142,Heil Trailer International,2008,,,6,UNITED STATES (USA),TEXAS,RHOME,,Body Shape: Flo,61,Trailer,,,,,15,Tank Trailer,,,43.000,Bulker Trailer - Al Pneumatic,2,,
48,481525,2,1,1RNF48A2*YR******,2025-06-27 04:48:03,0,6,TRAILER,3579,"REITNOUER, INC.",5594,REITNOUER INC,14493,Reitnouer Inc Trailers,2000,,,6,UNITED STATES (USA),PENNSYLVANIA,READING,,,61,Trailer,9,"Class 8: 33,001 lb and above (14,969 kg and above)",,,6,Flatbed or Platform Trailer,6,Kingpin,48.000,Airride,2,,
48,481529,2,1,4B9BGFD2*GH054***,2025-06-27 04:48:03,1,6,TRAILER,15004,BRAZOS TRAILER MANUFACTURING LLC,4962,BRAZOS,12121,Brazos,2016,,,6,UNITED STATES (USA),TEXAS,WILLS POINT,,,61,Trailer,,,,,6,Flatbed or Platform Trailer,3,Gooseneck,26.000,,2,,
48,481532,1,1,1UYVS253*Y3******,2025-06-27 04:48:03,0,6,TRAILER,10289,UTILITY TRAILER MANUFACTURING COMPANY,10138,UTILITY TRAILER MANUFACTURER,26222,Utility Trailer Manufacturer,2000,,,6,UNITED STATES (USA),ARKANSAS,PARAGOULD,,,61,Trailer,,,,,5,Box or Van Enclosed Trailer,4,Straight Semi/Semi Trailer,53.000,,2,,
48,481537,2,1,1UYVS253*FU******,2025-06-27 04:48:03,0,6,TRAILER,10289,UTILITY TRAILER MANUFACTURING COMPANY,10138,UTILITY TRAILER MANUFACTURER,26222,Utility Trailer Manufacturer,2015,,,6,UNITED STATES (USA),UTAH,CLEARFIELD,,,61,Trailer,,,,,5,Box or Van Enclosed Trailer,4,Straight Semi/Semi Trailer,53.000,,2,,
48,481538,1,1,1T91F372*X1247***,2025-06-27 04:48:03,0,6,TRAILER,10839,"TRAVIS BODY & TRAILER, INC.",3520,"TRAVIS BODY & TRAILER, INC.",7868,"TRAVIS BODY & TRAILER, INC.",1999,,,6,UNITED STATES (USA),TEXAS,HOUSTON,,,61,Trailer,,,,,4,Dump Trailer,30,Other,37.000,Tumer ARx43,2,,
48,481589,2,1,48X2R393*H1******,2025-06-27 04:48:03,0,6,TRAILER,10839,"TRAVIS BODY & TRAILER, INC.",3520,"TRAVIS BODY & TRAILER, INC.",7868,"TRAVIS BODY & TRAILER, INC.",2017,,,6,UNITED STATES (USA),TEXAS,HOUSTON,,,61,Trailer,,,,,4,Dump Trailer,30,Other,39.000,Reyco,3,,
48,481592,2,1,4R7BU162*5T******,2025-06-27 04:48:03,0,6,TRAILER,7387,"TOP HAT INDUSTRIES, INC.",5660,TOP HAT INDUSTRIES,14641,Top Hat Industries,2005,,,6,UNITED STATES (USA),TEXAS,NAPLES,,,61,Trailer,,,,,16,Utility Trailer,14,Bumper Pull,16.000,,2,,
48,481607,1,1,1JJV532W*4L******,2025-06-27 04:48:03,0,6,TRAILER,14508,WABASH NATIONAL CORPORATION,4847,WABASH,13327,Wabash National Corporation,2004,,,6,UNITED STATES (USA),INDIANA,LAFAYETTE,,,61,Trailer,,,,,5,Box or Van Enclosed Trailer,,,53.000,,2,,
48,481610,1,1,1G9ST422*KH015***,2025-06-27 04:48:03,0,6,TRAILER,13998,GALYEAN EQUIPMENT CO.,4726,GALYEAN EQUIPMENT CO.,9991,Galyean Equipment Co.,2019,,,6,UNITED STATES (USA),TEXAS,HENDERSON,,,61,Trailer,,,,,15,Tank Trailer,4,Straight Semi/Semi Trailer,42.000,,2,,
48,481626,2,1,48X1F372*Y1******,2025-06-27 04:48:03,0,6,TRAILER,10839,"TRAVIS BODY & TRAILER, INC.",3520,"TRAVIS BODY & TRAILER, INC.",7868,"TRAVIS BODY & TRAILER, INC.",2000,,,6,UNITED STATES (USA),TEXAS,HOUSTON,,,61,Trailer,,,,,4,Dump Trailer,30,Other,37.000,Tumer ARx43,2,,
48,481634,1,1,56EA53K2*LA******,2025-06-27 04:48:03,0,6,TRAILER,12109,"ARMOR LITE TRAILER MFG, LLC",1161,ARMOR LITE TRAILER,4470,Armor Lite Trailer,2020,,,6,UNITED STATES (USA),MISSOURI,SIKESTON,,,61,Trailer,,,,,180,"Grain, Chip, or Gravel Trailer",6,Kingpin,40.000,Steel Rectangle Tube Frame,2,,
48,481646,1,1,5E0AJ144*KG******,2025-06-27 04:48:03,0,6,TRAILER,20895,"COTTRELL, INC.",12482,COTTRELL,32571,"C-09, c-10, C-11, CX-09, CX-10, CX-11",2019,,,6,UNITED STATES (USA),GEORGIA,GAINESVILLE,,,61,Trailer,,,,,58,Auto Transporter,5,Fifth Wheel,,Trailer Length (feet): 44-46,2,3,Tandem
48,481649,2,1,1TDH4302*LB******,2025-06-27 04:48:03,0,6,TRAILER,8330,TIMPTE INC.,5331,"TIMPTE, INC",13636,Timpte,2020,,,6,UNITED STATES (USA),NEBRASKA,DAVID CITY,,"Seventh VIN position indicates the additional length of the trailer to the nearest inch up to 9 inches. If the additional length is 10 inches or more the seventh character is zero (0) and the sixth character will be increased to the next foot. For example : a 42ft 9in trailer will be represent in VIN position 5, 6 & 7 as ""429"" and a 42ft 10in. trailer will be represented in VIN position 5 , 6 & 7 as ""430"" respectively.",61,Trailer,,,,,180,"Grain, Chip, or Gravel Trailer",,,43.000,Dry Bulk-Bottom Hopper Trailer,2,,
48,481660,1,1,5MC12481*K3******,2025-06-27 04:48:03,0,6,TRAILER,5772,"MANAC TRAILERS USA, INC.",3896,MANAC TRAILERS USA,8528,Manac,2019,,,6,UNITED STATES (USA),MISSOURI,ORAN,"Manac Trailers USA, Inc.",,61,Trailer,,,,,6,Flatbed or Platform Trailer,4,Straight Semi/Semi Trailer,48.000,Platform,2,,
48,481666,1,1,3H3V532K*PS******,2025-06-27 04:48:03,0,6,TRAILER,14282,"HYUNDAI DE MEXICO, S.A. DE C.V.",4876,HYUNDAI TRANSLEAD TRAILERS,11496,Hyundai Translead Trailers,2023,,,12,MEXICO,BAJA CALIFORNIA,ROSARITO,,Body Type: SEMITRAILER,61,Trailer,,,,,5,Box or Van Enclosed Trailer,6,Kingpin,53.000,,2,,
48,481684,2,1,5V8VA532*EM******,2025-06-27 04:48:03,0,6,TRAILER,16522,VANGUARD NATIONAL TRAILER CORPORTATION,6474,VANGUARD NATIONAL TRAILER CORPORATION (VNTC),17782,VANGUARD NATIONAL TRAILER CORPORATION (VNTC),2014,,,6,UNITED STATES (USA),INDIANA,MONON,,,61,Trailer,,,,,5,Box or Van Enclosed Trailer,,,53.000,Interior Post Aluminum Semi Trailer,2,3,Tandem
48,481703,2,1,1TKP0422*FW******,2025-06-27 04:48:03,0,6,TRAILER,13498,TRAIL KING INDUSTRIES,3251,TRAIL KING INDUSTRIES,7386,TRAIL KING INDUSTRIES,2015,,,6,UNITED STATES (USA),NORTH DAKOTA,WEST FARGO,,"Trailer Length: Inverted Hoist = Add 2FT (but leave the unit part # as is) / Extend Apron = Add 1 FT (if apron 14"" extended floor plate)",61,Trailer,,,,,15,Tank Trailer,,,42.000,"Pneumatic (APB, AVB) Trailer",2,,
48,481707,2,1,1S9PD272*WB638***,2025-06-27 04:48:03,0,6,TRAILER,17048,STOVALL EQUIPMENT INC,7406,STOVALL EQUIPMENT INC,19780,Stovall Equipment Inc,1998,,,6,UNITED STATES (USA),TEXAS,TALCO,,,61,Trailer,,,,,4,Dump Trailer,2,Pintle Hitch/Hook,27.000,,2,,
48,481711,1,1,1GRDM902*FH******,2025-06-27 04:48:03,0,6,TRAILER,1073,GREAT DANE TRAILERS,520,GREAT DANE TRAILERS,13436,Great Dane Trailers,2015,,,6,UNITED STATES (USA),TENNESSEE,HUNTSVILLE,,,61,Trailer,,,,,6,Flatbed or Platform Trailer,4,Straight Semi/Semi Trailer,45.000,Platform Trailer,2,,
48,481712,3,1,1GR1A062*NE******,2025-06-27 04:48:03,0,6,TRAILER,1073,GREAT DANE TRAILERS,520,GREAT DANE TRAILERS,13436,Great Dane Trailers,2022,,,6,UNITED STATES (USA),GEORGIA,STATESBORO,,,61,Trailer,,,,,5,Box or Van Enclosed Trailer,6,Kingpin,53.000,"Semitrailer - Dry freight, Reefer, or Insulated van",2,,
48,481720,1,1,5HTSN422*87******,2025-06-27 04:48:03,0,6,TRAILER,5564,"HEIL TRAILER INTERNATIONAL, CO",2365,HEIL TRAILER INTERNATIONAL,6142,Heil Trailer International,2008,,,6,UNITED STATES (USA),TENNESSEE,ATHENS,,Body Shape: Jet,61,Trailer,,,,,15,Tank Trailer,,,42.000,Bulker Trailer - Al Pneumatic,2,,
48,481724,2,1,17XFP121*D1******,2025-06-27 04:48:03,0,6,TRAILER,3035,DOUG BRAGG INC.DBA TEXAS BRAGG ENTERPRISES,8265,TEXAS BRAGG ENTERPRISES,22008,Texas Bragg Enterprises,2013,Pipe,,6,UNITED STATES (USA),TEXAS,MOUNT PLESANT,,,61,Trailer,,,,,6,Flatbed or Platform Trailer,,,12.000,,1,,
48,481726,1,1,4A9T3DJ2*RB178***,2025-06-27 04:48:03,0,6,TRAILER,20427,"ARMOR LITE OF TEXAS, LLC",10849,ARMOR LITE,28397,ARMOR LITE,2024,,,6,UNITED STATES (USA),TEXAS,BROOKSHIRE,,,61,Trailer,,,,,4,Dump Trailer,6,Kingpin,39.000,End Dump,2,,
48,481757,1,1,1P9TC432*LB343***,2025-06-27 04:48:03,0,6,TRAILER,8027,PRATT INDUSTRIES (US) LLC,3015,PRATT INDUSTRIES,7027,Pratt Industries,2020,,,6,UNITED STATES (USA),MICHIGAN,BRIDGMAN,,,61,Trailer,,,,,15,Tank Trailer,4,Straight Semi/Semi Trailer,43.000,Tank Chassis,2,,
48,481757,4,1,59CCC342*KL******,2025-06-27 04:48:03,0,6,TRAILER,8491,"RIVERSIDE RV, INC.",2945,RIVERSIDE RV,6903,"Riverside RV, Inc.",2019,,,6,UNITED STATES (USA),INDIANA,LAGRANGE,,,61,Trailer,,,,,10,Camping or Travel Trailer,1,Ball Type Pull,34.000,Travel Trailer,2,,
48,481759,3,1,1UYVS253*6P******,2025-06-27 04:48:03,0,6,TRAILER,10289,UTILITY TRAILER MANUFACTURING COMPANY,10138,UTILITY TRAILER MANUFACTURER,26222,Utility Trailer Manufacturer,2006,,,6,UNITED STATES (USA),ARKANSAS,PARAGOULD,,,61,Trailer,,,,,5,Box or Van Enclosed Trailer,4,Straight Semi/Semi Trailer,53.000,,2,,
48,481764,1,1,1JJV532D*FL******,2025-06-27 04:48:03,0,6,TRAILER,14508,WABASH NATIONAL CORPORATION,12319,WABASH VANS,10942,Dry Van Duraplate,2015,,,6,UNITED STATES (USA),INDIANA,LAFAYETTE,,,61,Trailer,,,,,5,Box or Van Enclosed Trailer,,,53.000,,2,,
48,481767,1,1,1F93F402*PS514***,2025-06-27 04:48:03,0,6,TRAILER,19581,FEHR TRAILERS,10268,FEHR,27444,Fehr,2023,,,6,UNITED STATES (USA),TEXAS,SUMNER,,,61,Trailer,,,,,6,Flatbed or Platform Trailer,3,Gooseneck,40.000,,2,,
48,481802,1,1,3H3V532K*NS******,2025-06-27 04:48:03,0,6,TRAILER,14282,"HYUNDAI DE MEXICO, S.A. DE C.V.",4876,HYUNDAI TRANSLEAD TRAILERS,11496,Hyundai Translead Trailers,2022,,,12,MEXICO,BAJA CALIFORNIA,ROSARITO,,Body Type: SEMITRAILER,61,Trailer,,,,,5,Box or Van Enclosed Trailer,6,Kingpin,53.000,,2,,
48,481804,2,1,4LAES242*F5******,2025-06-27 04:48:03,0,6,TRAILER,13517,EXISS SOONER TRAILER MANUFACTURING LLC,3671,EXXISS,8070,Exiss,2015,,,6,UNITED STATES (USA),OKLAHOMA,PLANT 500,,,61,Trailer,,,,,13,Live Animal Trailer,,,24.000,Stock Trailer,2,,
48,481809,1,1,1GRAA062*DB******,2025-06-27 04:48:03,1,6,TRAILER,1073,GREAT DANE TRAILERS,520,GREAT DANE TRAILERS,13436,Great Dane Trailers,2013,,,6,UNITED STATES (USA),INDIANA,BRAZIL,,,61,Trailer,,,,,5,Box or Van Enclosed Trailer,4,Straight Semi/Semi Trailer,53.000,Dry Freight Van / Reefer Van / Insulated Van,2,,
48,481810,2,1,5V8VC532*NT******,2025-06-27 04:48:03,0,6,TRAILER,16522,VANGUARD NATIONAL TRAILER CORPORTATION,6474,VANGUARD NATIONAL TRAILER CORPORATION (VNTC),17782,VANGUARD NATIONAL TRAILER CORPORATION (VNTC),2022,,,6,UNITED STATES (USA),GEORGIA,TRENTON,,,61,Trailer,,,,,5,Box or Van Enclosed Trailer,6,Kingpin,53.000,Dry Freight Trailer,,3,Tandem
48,481814,2,1,1GR1A062*NK******,2025-06-27 04:48:03,0,6,TRAILER,1073,GREAT DANE TRAILERS,520,GREAT DANE TRAILERS,13436,Great Dane Trailers,2022,,,6,UNITED STATES (USA),ILLINOIS,KEWANEE,,,61,Trailer,,,,,5,Box or Van Enclosed Trailer,6,Kingpin,53.000,"Semitrailer - Dry freight, Reefer, or Insulated van",2,,
48,481821,1,1,7F21A281*P2******,2025-06-27 04:48:03,0,6,TRAILER,13986,"XPO MANUFACTURING, LLC",4823,XPO,10709,XPO,2023,,,6,UNITED STATES (USA),ARKANSAS,SEARCY,,,61,Trailer,,,,,5,Box or Van Enclosed Trailer,6,Kingpin,28.000,Body Type: New Wedge Dry Freight Van,1,,
48,481821,1,2,1RZ1KC1A*V2******,2025-06-27 04:48:03,0,6,TRAILER,6992,"CON-WAY MANUFACTURING, INC.",1881,CON-WAY MANUFACTURING,5385,CON-WAY MANUFACTURING,1997,,,6,UNITED STATES (USA),ARIZONA,SEARCY,,Body Construction = Smooth-side Aluminum,61,Trailer,,,,,5,Box or Van Enclosed Trailer,,,28.000,Truck Trailer,1,,
48,481823,1,1,5HTSN422*C5******,2025-06-27 04:48:03,0,6,TRAILER,5564,"HEIL TRAILER INTERNATIONAL, CO",2365,HEIL TRAILER INTERNATIONAL,6142,Heil Trailer International,2012,,,6,UNITED STATES (USA),TEXAS,RHOME,,Body Shape: Jet,61,Trailer,,,,,15,Tank Trailer,,,42.000,Bulker Trailer - Al Pneumatic,2,,
48,481837,1,1,3H3C412S*3T******,2025-06-27 04:48:03,0,6,TRAILER,14282,"HYUNDAI DE MEXICO, S.A. DE C.V.",4876,HYUNDAI TRANSLEAD TRAILERS,11496,Hyundai Translead Trailers,2003,,,12,MEXICO,BAJA CALIFORNIA,TIJUANA,,,61,Trailer,,,,,109,Intermodal Container Chassis or Trailer,,,41.000,Material: Steel,2,,
48,481838,1,1,1UYVS253*DU******,2025-06-27 04:48:03,0,6,TRAILER,10289,UTILITY TRAILER MANUFACTURING COMPANY,10138,UTILITY TRAILER MANUFACTURER,26222,Utility Trailer Manufacturer,2013,,,6,UNITED STATES (USA),UTAH,CLEARFIELD,,,61,Trailer,,,,,5,Box or Van Enclosed Trailer,4,Straight Semi/Semi Trailer,53.000,,2,,
48,481854,1,1,1M91H432*GA211***,2025-06-27 04:48:03,0,6,TRAILER,8901,"MERTZ MANUFACTURING, INC.",2354,MERTZ MANUFACTURING,6130,"Mertz Manufacturing, LLC",2016,,,6,UNITED STATES (USA),OKLAHOMA,PONCA CITY,"Mertz Manufacturing, LLC",,61,Trailer,,,,,101,Other Trailer,30,Other,43.000,Trailer Type - Energy Industries Equipment,2,,
48,481855,2,1,1TKHA462*6B******,2025-06-27 04:48:03,0,6,TRAILER,13498,TRAIL KING INDUSTRIES,3251,TRAIL KING INDUSTRIES,7386,TRAIL KING INDUSTRIES,2006,,,6,UNITED STATES (USA),PENNSYLVANIA,BROOKVILLE,,"Trailer Length: Inverted Hoist = Add 2FT (but leave the unit part # as is) / Extend Apron = Add 1 FT (if apron 14"" extended floor plate)",61,Trailer,,,,,111,Specialty Trailer,,,46.000,"Specialized (All Extendables, ACD, 130,000 lb. capacity and up, OEMs)",2,,
48,481867,1,1,4E7HA422*FA******,2025-06-27 04:48:03,0,6,TRAILER,10534,VANTAGE TRAILERS INC,3363,VANTAGE TRAILERS,34865,Vantage Trailers,2015,,,6,UNITED STATES (USA),TEXAS,KATHY,Vantage Trailers Inc,,61,Trailer,,,,,15,Tank Trailer,,,42.000,Hydrocarbon (crude),2,,
48,481867,2,1,1PMA3422*C5******,2025-06-27 04:48:03,0,6,TRAILER,6179,"POLAR TANK TRAILER, LLC",2921,POLAR TANK TRAILER,6874,Polar Tank Trailer,2012,,,6,UNITED STATES (USA),MISSOURI,SPRINGFIELD,,,61,Trailer,,,,,15,Tank Trailer,30,Other,42.000,Vessel Code: DOT 407,2,,
48,481868,1,1,1UYVS253*K2******,2025-06-27 04:48:03,0,6,TRAILER,10289,UTILITY TRAILER MANUFACTURING COMPANY,10138,UTILITY TRAILER MANUFACTURER,26222,Utility Trailer Manufacturer,2019,,,6,UNITED STATES (USA),UTAH,CLEARFIELD,,,61,Trailer,,,,,5,Box or Van Enclosed Trailer,4,Straight Semi/Semi Trailer,53.000,,2,,
48,481880,1,1,LJRC2825*51******,2025-06-27 04:48:03,0,6,TRAILER,9950,"CIMC VEHICLES GROUP CO., LTD.",4101,CIMC VEHICLES GROUP CO,8811,CIMC VEHICLES GROUP CO,2005,,,8,CHINA,,SHENZHEN,,"GVWR = 25,000-29,990kg",61,Trailer,9,"Class 8: 33,001 lb and above (14,969 kg and above)",,,109,Intermodal Container Chassis or Trailer,,,28.000,,2,,
48,481934,1,1,5V8VC532*PT******,2025-06-27 04:48:03,0,6,TRAILER,16522,VANGUARD NATIONAL TRAILER CORPORTATION,6474,VANGUARD NATIONAL TRAILER CORPORATION (VNTC),17782,VANGUARD NATIONAL TRAILER CORPORATION (VNTC),2023,,,6,UNITED STATES (USA),GEORGIA,TRENTON,,,61,Trailer,,,,,5,Box or Van Enclosed Trailer,6,Kingpin,53.000,Dry Freight Trailer,,3,Tandem
48,481939,2,1,1W910362*WW172***,2025-06-27 04:48:03,0,6,TRAILER,17168,WESTERN CONSTRUCTION COMPONENTS INC.,7642,WESTERN CONSTRUCTION COMPONENTS,20584,Western Construction Components,1998,,,6,UNITED STATES (USA),CALIFORNIA,SANTEE,,,61,Trailer,,,,,4,Dump Trailer,,,36.000,End Dump Trailer,2,,
48,481941,2,2,1JJV281D*GL******,2025-06-27 04:48:03,0,6,TRAILER,14508,WABASH NATIONAL CORPORATION,12319,WABASH VANS,10942,Dry Van Duraplate,2016,,,6,UNITED STATES (USA),INDIANA,LAFAYETTE,,,61,Trailer,,,,,5,Box or Van Enclosed Trailer,,,28.000,,1,,
48,481952,1,1,1UNST432*FS******,2025-06-27 04:48:03,0,6,TRAILER,1739,"DRAGON PRODUCTS, LLC",956,DRAGON PRODUCTS,4976,Dragon Products,2015,,,6,UNITED STATES (USA),TEXAS,SILSBEE,,,61,Trailer,,,,,15,Tank Trailer,4,Straight Semi/Semi Trailer,43.000,,2,,
48,481962,1,1,13N2532C*G1******,2025-06-27 04:48:03,0,6,TRAILER,12268,FONTAINE COMMERCIAL TRAILER INC.,1128,FONTAINE TRAILER CO.,4416,Fontaine Trailer Co.,2016,,,6,UNITED STATES (USA),ALABAMA,HALEYVILLE,,Optional Features: Sliding Suspension,61,Trailer,,,,,6,Flatbed or Platform Trailer,,,53.000,Drop Deck Trailer,2,,
48,481982,1,1,3DG1A356*RG******,2025-06-27 04:48:03,0,6,TRAILER,11177,CARROCERIAS GALLEGOS S.A. DE C.V.,10449,C.GALLEGOS,27560,C.Gallegos,2024,,,12,MEXICO,,GOMEZ PALACIO,,"Axles (1 Air fixed, 1 Air Lift)",61,Trailer,,,,,15,Tank Trailer,6,Kingpin,35.000,,2,,
48,481986,1,1,1UYVS253*HM******,2025-06-27 04:48:03,0,6,TRAILER,10289,UTILITY TRAILER MANUFACTURING COMPANY,10138,UTILITY TRAILER MANUFACTURER,26222,Utility Trailer Manufacturer,2017,,,6,UNITED STATES (USA),VIRGINIA,MARION,,,61,Trailer,,,,,5,Box or Van Enclosed Trailer,4,Straight Semi/Semi Trailer,53.000,,2,,
48,482011,2,1,1UYFS248*P5******,2025-06-27 04:48:03,0,6,TRAILER,10289,UTILITY TRAILER MANUFACTURING COMPANY,10138,UTILITY TRAILER MANUFACTURER,26222,Utility Trailer Manufacturer,2023,,,6,UNITED STATES (USA),ALABAMA,ENTERPRISE,,,61,Trailer,,,,,6,Flatbed or Platform Trailer,4,Straight Semi/Semi Trailer,48.000,,2,,
48,482024,2,1,7WL3D162*RT******,2025-06-27 04:48:03,0,6,TRAILER,22256,TRAIL MAXX TRAILER SALES LLC,12340,TRAIL MAXX,32208,Trail Maxx,2024,,,6,UNITED STATES (USA),TEXAS,TALCO,,,61,Trailer,,,,,4,Dump Trailer,3,Gooseneck,16.000,,2,,
48,482027,2,1,5E0AA144*JG******,2025-06-27 04:48:03,0,6,TRAILER,20895,"COTTRELL, INC.",12482,COTTRELL,32567,"C-09, C-11, CS-10, CS-12M3, CX-09, CX-5LSCH, CX-AK7, CX-LSFA-TRI",2018,,,6,UNITED STATES (USA),GEORGIA,GAINESVILLE,,,61,Trailer,,,,,58,Auto Transporter,5,Fifth Wheel,,Trailer Length (feet): 44-46,2,3,Tandem
48,482059,2,1,1V9PD422*1N062***,2025-06-27 04:48:03,0,6,TRAILER,10999,VIKING TRAILERS,5688,VIKING TRAILER,14907,Viking Trailer,2001,Double Bolsters,,6,UNITED STATES (USA),TEXAS,NACOGDOCHES,,,61,Trailer,,,,,91,Pole Trailer,,,42.000,"Pole, Pipe or Log Transport Trailer",2,,
48,482066,2,1,4Z451542*YP******,2025-06-27 04:48:03,0,6,TRAILER,3493,CPS TRAILER CO,6277,CPS TRAILER COMPANY,21206,Van Trailer,2000,Steel,,6,UNITED STATES (USA),MISSOURI,ORAN,,,61,Trailer,,,,,6,Flatbed or Platform Trailer,,,,Open Trailer,2,,
48,482079,2,1,3H3V532K*NS******,2025-06-27 04:48:03,0,6,TRAILER,14282,"HYUNDAI DE MEXICO, S.A. DE C.V.",4876,HYUNDAI TRANSLEAD TRAILERS,11496,Hyundai Translead Trailers,2022,,,12,MEXICO,BAJA CALIFORNIA,ROSARITO,,Body Type: SEMITRAILER,61,Trailer,,,,,5,Box or Van Enclosed Trailer,6,Kingpin,53.000,,2,,
48,482084,1,1,5MC42401*P3******,2025-06-27 04:48:03,0,6,TRAILER,5772,"MANAC TRAILERS USA, INC.",3896,MANAC TRAILERS USA,8528,Manac,2023,,,6,UNITED STATES (USA),MISSOURI,ORAN,"Manac Trailers USA, Inc.",,61,Trailer,,,,,4,Dump Trailer,4,Straight Semi/Semi Trailer,40.000,Kingpin,2,,
48,482089,3,1,1JJV532D*EL******,2025-06-27 04:48:03,0,6,TRAILER,14508,WABASH NATIONAL CORPORATION,12319,WABASH VANS,10942,Dry Van Duraplate,2014,,,6,UNITED STATES (USA),INDIANA,LAFAYETTE,,,61,Trailer,,,,,5,Box or Van Enclosed Trailer,,,53.000,,2,,
48,482113,2,1,5JYLT151*LP******,2025-06-27 04:48:03,0,6,TRAILER,2290,PITTS ENTERPRISES INC,2831,PITTS TRAILERS,6775,Pitts Trailers,2020,,,6,UNITED STATES (USA),ALABAMA,PITTSVIEW,,,61,Trailer,,,,,6,Flatbed or Platform Trailer,,,15.000,Straight Frame trailer,1,,
48,482130,1,1,3H3V532K*RS******,2025-06-27 04:48:03,0,6,TRAILER,14282,"HYUNDAI DE MEXICO, S.A. DE C.V.",4876,HYUNDAI TRANSLEAD TRAILERS,11496,Hyundai Translead Trailers,2024,,,12,MEXICO,BAJA CALIFORNIA,ROSARITO,,Body Type: SEMITRAILER,61,Trailer,,,,,5,Box or Van Enclosed Trailer,6,Kingpin,53.000,,2,,
48,482143,1,1,1P9TC432*PB889***,2025-06-27 04:48:03,1,6,TRAILER,8027,PRATT INDUSTRIES (US) LLC,3015,PRATT INDUSTRIES,7027,Pratt Industries,2023,,,6,UNITED STATES (USA),MICHIGAN,BRIDGMAN,,,61,Trailer,,,,,109,Intermodal Container Chassis or Trailer,5,Fifth Wheel,43.000,Tank Chassis,2,,
48,482153,1,1,3H3V532C*LR******,2025-06-27 04:48:03,0,6,TRAILER,14282,"HYUNDAI DE MEXICO, S.A. DE C.V.",4876,HYUNDAI TRANSLEAD TRAILERS,11496,Hyundai Translead Trailers,2020,,,12,MEXICO,BAJA CALIFORNIA,ROSARITO,,,61,Trailer,,,,,5,Box or Van Enclosed Trailer,,,53.000,Van Trailer,2,,
48,482161,3,1,1GR1P062*LD******,2025-06-27 04:48:03,0,6,TRAILER,1073,GREAT DANE TRAILERS,520,GREAT DANE TRAILERS,13436,Great Dane Trailers,2020,,,6,UNITED STATES (USA),PENNSYLVANIA,DANVILLE,,,61,Trailer,,,,,5,Box or Van Enclosed Trailer,6,Kingpin,53.000,"Semitrailer - Dry freight, Reefer, or Insulated van",2,,
48,482162,2,1,1UYVS253*L2******,2025-06-27 04:48:03,0,6,TRAILER,10289,UTILITY TRAILER MANUFACTURING COMPANY,10138,UTILITY TRAILER MANUFACTURER,26222,Utility Trailer Manufacturer,2020,,,6,UNITED STATES (USA),UTAH,CLEARFIELD,,,61,Trailer,,,,,5,Box or Van Enclosed Trailer,4,Straight Semi/Semi Trailer,53.000,,2,,
48,482175,2,1,1JJV532W*6L******,2025-06-27 04:48:03,0,6,TRAILER,14508,WABASH NATIONAL CORPORATION,4847,WABASH,13327,Wabash National Corporation,2006,,,6,UNITED STATES (USA),INDIANA,LAFAYETTE,,,61,Trailer,,,,,5,Box or Van Enclosed Trailer,,,53.000,,2,,
48,482194,1,1,3UTVS253*P8******,2025-06-27 04:48:03,0,6,TRAILER,10289,UTILITY TRAILER MANUFACTURING COMPANY,10138,UTILITY TRAILER MANUFACTURER,26222,Utility Trailer Manufacturer,2023,,,12,MEXICO,,PIEDRAS NEGRAS,,,61,Trailer,,,,,5,Box or Van Enclosed Trailer,4,Straight Semi/Semi Trailer,53.000,,2,,
48,482194,2,1,1GR1P062*PT******,2025-06-27 04:48:03,0,6,TRAILER,1073,GREAT DANE TRAILERS,520,GREAT DANE TRAILERS,13436,Great Dane Trailers,2023,,,6,UNITED STATES (USA),INDIANA,TERRE HAUTE,,,61,Trailer,,,,,5,Box or Van Enclosed Trailer,6,Kingpin,53.000,"Semitrailer - Dry freight, Reefer, or Insulated van",2,,
48,482198,1,1,16V1U242*N2******,2025-06-27 04:48:03,0,6,TRAILER,9132,"BIG TEX TRAILER MANUFACTURING, LLC",1136,BIG TEX,5625,Big Tex,2022,,,6,UNITED STATES (USA),TEXAS,MOUNT PLEASANT,"Big Tex Trailer Manufacturing, Inc.",,61,Trailer,,,,,16,Utility Trailer,14,Bumper Pull,24.000,,2,,
48,482202,1,1,1UYVS253*GM******,2025-06-27 04:48:03,0,6,TRAILER,10289,UTILITY TRAILER MANUFACTURING COMPANY,10138,UTILITY TRAILER MANUFACTURER,26222,Utility Trailer Manufacturer,2016,,,6,UNITED STATES (USA),VIRGINIA,MARION,,,61,Trailer,,,,,5,Box or Van Enclosed Trailer,4,Straight Semi/Semi Trailer,53.000,,2,,
48,482210,1,1,1JJV532W*7L******,2025-06-27 04:48:03,0,6,TRAILER,14508,WABASH NATIONAL CORPORATION,4847,WABASH,13327,Wabash National Corporation,2007,,,6,UNITED STATES (USA),INDIANA,LAFAYETTE,,,61,Trailer,,,,,5,Box or Van Enclosed Trailer,,,53.000,,2,,
48,482212,2,1,5MAPA482*KA******,2025-06-27 04:48:03,0,6,TRAILER,5950,"MAC TRAILER MFG, INC.",6826,MAC TRAILER MANUFACTURING,18288,MAC TRAILER MANUFACTURING,2019,,,6,UNITED STATES (USA),,SALEM,ALLEN ROAD 20,,61,Trailer,,,,,6,Flatbed or Platform Trailer,6,Kingpin,48.000,Body with Aluminum Frame,2,,
48,482213,1,1,56EA53K2*NA******,2025-06-27 04:48:03,0,6,TRAILER,12109,"ARMOR LITE TRAILER MFG, LLC",1161,ARMOR LITE TRAILER,4470,Armor Lite Trailer,2022,,,6,UNITED STATES (USA),MISSOURI,SIKESTON,,,61,Trailer,,,,,180,"Grain, Chip, or Gravel Trailer",6,Kingpin,40.000,Steel Rectangle Tube Frame,2,,
48,482216,2,1,1GRDM962*8H******,2025-06-27 04:48:03,0,6,TRAILER,1073,GREAT DANE TRAILERS,520,GREAT DANE TRAILERS,13436,Great Dane Trailers,2008,,,6,UNITED STATES (USA),TENNESSEE,HUNTSVILLE,,Effective 04/01/05,61,Trailer,,,,,6,Flatbed or Platform Trailer,4,Straight Semi/Semi Trailer,48.000,Straight Deck / Drop Deck / Extendable,2,,
48,482220,1,1,3H3V532C*FT******,2025-06-27 04:48:03,0,6,TRAILER,14282,"HYUNDAI DE MEXICO, S.A. DE C.V.",4876,HYUNDAI TRANSLEAD TRAILERS,11496,Hyundai Translead Trailers,2015,,,12,MEXICO,BAJA CALIFORNIA,TIJUANA,,,61,Trailer,,,,,5,Box or Van Enclosed Trailer,,,53.000,Van Trailer,2,,
48,482238,3,1,1JJV532D*KL******,2025-06-27 04:48:03,0,6,TRAILER,14508,WABASH NATIONAL CORPORATION,12319,WABASH VANS,10942,Dry Van Duraplate,2019,,,6,UNITED STATES (USA),INDIANA,LAFAYETTE,,,61,Trailer,,,,,5,Box or Van Enclosed Trailer,,,53.000,,2,,
48,482248,1,1,5VNBU121*MT******,2025-06-27 04:48:03,0,6,TRAILER,15894,C&M TRAILERS INC.,5439,C&M TRAILERS INC,14151,C&M Trailers,2021,,,6,UNITED STATES (USA),TEXAS,ENNIS,,,61,Trailer,,,,,16,Utility Trailer,1,Ball Type Pull,12.000,,1,,
48,482253,1,1,1PMA3422*C1******,2025-06-27 04:48:03,0,6,TRAILER,6179,"POLAR TANK TRAILER, LLC",2921,POLAR TANK TRAILER,6874,Polar Tank Trailer,2012,,,6,UNITED STATES (USA),MINNESOTA,OPOLE,,,61,Trailer,,,,,15,Tank Trailer,30,Other,42.000,Vessel Code: DOT 407,2,,
48,482263,3,1,1TDH4502*MB******,2025-06-27 04:48:03,0,6,TRAILER,8330,TIMPTE INC.,5331,"TIMPTE, INC",13636,Timpte,2021,,,6,UNITED STATES (USA),NEBRASKA,DAVID CITY,,"Seventh VIN position indicates the additional length of the trailer to the nearest inch up to 9 inches. If the additional length is 10 inches or more the seventh character is zero (0) and the sixth character will be increased to the next foot. For example : a 42ft 9in trailer will be represent in VIN position 5, 6 & 7 as ""429"" and a 42ft 10in. trailer will be represented in VIN position 5 , 6 & 7 as ""430"" respectively.",61,Trailer,,,,,180,"Grain, Chip, or Gravel Trailer",,,45.000,Dry Bulk Bottom Hopper Trailer,2,,
48,482265,3,1,1UYVS253*L6******,2025-06-27 04:48:03,0,6,TRAILER,10289,UTILITY TRAILER MANUFACTURING COMPANY,10138,UTILITY TRAILER MANUFACTURER,26222,Utility Trailer Manufacturer,2020,,,6,UNITED STATES (USA),VIRGINIA,MARION,,,61,Trailer,,,,,5,Box or Van Enclosed Trailer,4,Straight Semi/Semi Trailer,53.000,,2,,
48,482288,2,1,1GRAA062*8W******,2025-06-27 04:48:03,0,6,TRAILER,1073,GREAT DANE TRAILERS,520,GREAT DANE TRAILERS,13436,Great Dane Trailers,2008,,,6,UNITED STATES (USA),NEBRASKA,WAYNE,,,61,Trailer,,,,,5,Box or Van Enclosed Trailer,4,Straight Semi/Semi Trailer,53.000,Dry Freight/ Reefer/ Insulated Van,2,,
48,482296,4,1,1UYVS253*HM******,2025-06-27 04:48:03,0,6,TRAILER,10289,UTILITY TRAILER MANUFACTURING COMPANY,10138,UTILITY TRAILER MANUFACTURER,26222,Utility Trailer Manufacturer,2017,,,6,UNITED STATES (USA),VIRGINIA,MARION,,,61,Trailer,,,,,5,Box or Van Enclosed Trailer,4,Straight Semi/Semi Trailer,53.000,,2,,
48,482298,2,1,5HTSN422*17******,2025-06-27 04:48:03,0,6,TRAILER,5564,"HEIL TRAILER INTERNATIONAL, CO",2365,HEIL TRAILER INTERNATIONAL,6142,Heil Trailer International,2001,,,6,UNITED STATES (USA),TENNESSEE,ATHENS,,Body Shape: Jet,61,Trailer,,,,,15,Tank Trailer,,,42.000,Bulker Trailer - Al Pneumatic,2,,
48,482320,1,1,5NHUEH01*JY******,2025-06-27 04:48:03,0,6,TRAILER,1084,"FOREST RIVER, INC.",531,FOREST RIVER,2520,Economy Hauler,2018,,,6,UNITED STATES (USA),TEXAS,WACO,,Address: 8300 Imperial Dr.,61,Trailer,,,,,16,Utility Trailer,1,Ball Type Pull,10.000,,1,,
48,482351,1,1,1UYVS253*K2******,2025-06-27 04:48:03,0,6,TRAILER,10289,UTILITY TRAILER MANUFACTURING COMPANY,10138,UTILITY TRAILER MANUFACTURER,26222,Utility Trailer Manufacturer,2019,,,6,UNITED STATES (USA),UTAH,CLEARFIELD,,,61,Trailer,,,,,5,Box or Van Enclosed Trailer,4,Straight Semi/Semi Trailer,53.000,,2,,
48,482351,5,1,1GRAP062*KJ******,2025-06-27 04:48:03,0,6,TRAILER,1073,GREAT DANE TRAILERS,520,GREAT DANE TRAILERS,13436,Great Dane Trailers,1989,,,6,UNITED STATES (USA),ARKANSAS,JONESBORO,,,61,Trailer,,,,,5,Box or Van Enclosed Trailer,4,Straight Semi/Semi Trailer,6.000,Platewall,2,,
48,482387,1,1,17XFP202*P1******,2025-06-27 04:48:03,0,6,TRAILER,3035,DOUG BRAGG INC.DBA TEXAS BRAGG ENTERPRISES,8265,TEXAS BRAGG ENTERPRISES,22008,Texas Bragg Enterprises,2023,Pipe,,6,UNITED STATES (USA),TEXAS,MOUNT PLESANT,,,61,Trailer,,,,,6,Flatbed or Platform Trailer,,,20.000,,2,,
48,482387,4,1,5HTDL452*C7******,2025-06-27 04:48:03,0,6,TRAILER,5564,"HEIL TRAILER INTERNATIONAL, CO",2365,HEIL TRAILER INTERNATIONAL,6142,Heil Trailer International,2012,,,6,UNITED STATES (USA),TENNESSEE,ATHENS,,Body Shape: Round Double Conical,61,Trailer,,,,,15,Tank Trailer,,,45.000,AL 307/407,2,,
48,482388,2,1,5MC51542*7P******,2025-06-27 04:48:03,0,6,TRAILER,5772,"MANAC TRAILERS USA, INC.",3896,MANAC TRAILERS USA,8528,Manac,2007,Steel,,6,UNITED STATES (USA),MISSOURI,ORAN,"Manac Trailers USA, Inc.",,61,Trailer,,,,,4,Dump Trailer,,,,Open Top Trailer,2,,
48,482399,1,1,3T1L1T62*BC******,2025-06-27 04:48:03,0,6,TRAILER,14248,TRAILERS Y TANQUES DE ALUMINIO S.A. DE C.V.,3353,TYTAL,7581,Tytal,2011,,,6,UNITED STATES (USA),NUEVO LEON,CADEREYTA JIMENEZ,,,61,Trailer,,,,,15,Tank Trailer,6,Kingpin,43.000,,2,,
48,482404,2,1,4P5T8262*A1******,2025-06-27 04:48:03,0,6,TRAILER,16013,"PJ TRAILERS MANUFACTURING, INC.",6060,PJ,28324,PJ,2010,,,6,UNITED STATES (USA),TEXAS,SUMNER,,,61,Trailer,,,,,6,Flatbed or Platform Trailer,30,Other,26.000,Variable HITCH based on Size/Type of Trailer,2,,
48,482426,1,1,1J9GC402*NB253***,2025-06-27 04:48:03,0,6,TRAILER,8083,KERR-BILT TRAILERS JL INC,5782,KERR-BILT,15138,KERR-BILT TRAILERS,2022,,,6,UNITED STATES (USA),OKLAHOMA,BOSWELL,,,61,Trailer,,,,,109,Intermodal Container Chassis or Trailer,3,Gooseneck,40.000,,2,,
48,482429,1,1,1GR1P062*RK******,2025-06-27 04:48:03,0,6,TRAILER,1073,GREAT DANE TRAILERS,520,GREAT DANE TRAILERS,13436,Great Dane Trailers,2024,,,6,UNITED STATES (USA),ILLINOIS,KEWANEE,,,61,Trailer,,,,,5,Box or Van Enclosed Trailer,6,Kingpin,53.000,"Semitrailer - Dry freight, Reefer, or Insulated van",2,,
48,482429,2,1,1GRDM962*4M******,2025-06-27 04:48:03,0,6,TRAILER,1073,GREAT DANE TRAILERS,520,GREAT DANE TRAILERS,13436,Great Dane Trailers,2004,,,6,UNITED STATES (USA),TENNESSEE,MEMPHIS,,,61,Trailer,,,,,6,Flatbed or Platform Trailer,4,Straight Semi/Semi Trailer,96.000,Straight Deck / Drop Deck / Extendable,2,,
48,482429,4,1,7SPCC412*RN******,2025-06-27 04:48:03,1,6,TRAILER,21143,PRATT INTERMODAL CHASSIS LLC,11380,PRATT INTERMODAL CHASSIS LLC,29491,PRATT INTERMODAL CHASSIS LLC,2024,,,6,UNITED STATES (USA),MICHIGAN,NILES,,,116,Incomplete - Trailer Chassis,,,,,109,Intermodal Container Chassis or Trailer,4,Straight Semi/Semi Trailer,41.000,Semitrailer (Container/Intermodal Chassis),2,,
48,482429,5,1,4WW4432A*J7******,2025-06-27 04:48:03,0,6,TRAILER,11681,WILSON TRAILER CO.,3855,WILSON TRAILER CO.,8390,Wilson Trailer Co.,2018,,,6,UNITED STATES (USA),SOUTH DAKOTA,LENNOX,,Type of suspension: Air Ride,61,Trailer,,,,,180,"Grain, Chip, or Gravel Trailer",,,43.000,Grain Trailer,2,,
48,482461,2,1,1PMS1432*B1******,2025-06-27 04:48:03,0,6,TRAILER,6179,"POLAR TANK TRAILER, LLC",2921,POLAR TANK TRAILER,6874,Polar Tank Trailer,2011,,,6,UNITED STATES (USA),MINNESOTA,OPOLE,,,61,Trailer,,,,,15,Tank Trailer,,,43.000,Vessel Code: Non-Code,2,,
48,482466,1,1,4A2LD532*S3******,2025-06-27 04:48:03,1,6,TRAILER,5943,"M.H. EBY, INC.",5684,"M.H. EBY, INC",14899,"M.H. EBY, INC",2025,,,6,UNITED STATES (USA),IOWA,STORY CITY,,,61,Trailer,,,,,13,Live Animal Trailer,,,53.000,Possum Belly/Drop Floor Trailer,2,,
48,482466,2,1,1TDH4222*HB******,2025-06-27 04:48:03,0,6,TRAILER,8330,TIMPTE INC.,5331,"TIMPTE, INC",13636,Timpte,2017,,,6,UNITED STATES (USA),NEBRASKA,DAVID CITY,,"Seventh VIN position indicates the additional length of the trailer to the nearest inch up to 9 inches. If the additional length is 10 inches or more the seventh character is zero (0) and the sixth character will be increased to the next foot. For example : a 42ft 9in trailer will be represent in VIN position 5, 6 & 7 as ""429"" and a 42ft 10in. trailer will be represented in VIN position 5 , 6 & 7 as ""430"" respectively.",61,Trailer,,,,,180,"Grain, Chip, or Gravel Trailer",,,42.000,Dry Bulk-Bottom Hopper Trailer,2,,
48,482478,2,1,3H6KR432*M3******,2025-06-27 04:48:03,0,6,TRAILER,6179,"POLAR TANK TRAILER, LLC",2921,POLAR TANK TRAILER,6874,Polar Tank Trailer,2021,SS NON SPEC.,,12,MEXICO,CHIHUAHUA,,,,61,Trailer,,,,,15,Tank Trailer,4,Straight Semi/Semi Trailer,43.000,,2,,
48,482503,1,1,1TTF482A*C3******,2025-06-27 04:48:03,0,6,TRAILER,8231,TRANSCRAFT CORPORATION,12051,BENSON/WABASH,27664,Aluminium Flatbed,2012,,,6,UNITED STATES (USA),KENTUCKY,CADIZ,,,61,Trailer,,,,,6,Flatbed or Platform Trailer,6,Kingpin,48.000,,2,,
48,482517,2,1,3H3V482K*NJ******,2025-06-27 04:48:03,0,6,TRAILER,14282,"HYUNDAI DE MEXICO, S.A. DE C.V.",4876,HYUNDAI TRANSLEAD TRAILERS,11496,Hyundai Translead Trailers,2022,,,12,MEXICO,BAJA CALIFORNIA,TIJUANA,,Body Type: SEMITRAILER,61,Trailer,,,,,5,Box or Van Enclosed Trailer,6,Kingpin,48.000,,2,,
48,482526,2,1,5V8VC532*KT******,2025-06-27 04:48:03,0,6,TRAILER,16522,VANGUARD NATIONAL TRAILER CORPORTATION,6474,VANGUARD NATIONAL TRAILER CORPORATION (VNTC),17782,VANGUARD NATIONAL TRAILER CORPORATION (VNTC),2019,,,6,UNITED STATES (USA),GEORGIA,TRENTON,,,61,Trailer,,,,,5,Box or Van Enclosed Trailer,6,Kingpin,53.000,Dry Freight Trailer,,3,Tandem
48,482536,2,1,1JJV532W*7L******,2025-06-27 04:48:03,0,6,TRAILER,14508,WABASH NATIONAL CORPORATION,4847,WABASH,13327,Wabash National Corporation,2007,,,6,UNITED STATES (USA),INDIANA,LAFAYETTE,,,61,Trailer,,,,,5,Box or Van Enclosed Trailer,,,53.000,,2,,
48,482538,2,1,48X1F392*E1******,2025-06-27 04:48:03,0,6,TRAILER,10839,"TRAVIS BODY & TRAILER, INC.",3520,"TRAVIS BODY & TRAILER, INC.",7868,"TRAVIS BODY & TRAILER, INC.",2014,,,6,UNITED STATES (USA),TEXAS,HOUSTON,,,61,Trailer,,,,,4,Dump Trailer,30,Other,39.000,Tumer ARx43,2,,
48,482555,1,1,3H3V532K*NS******,2025-06-27 04:48:03,0,6,TRAILER,14282,"HYUNDAI DE MEXICO, S.A. DE C.V.",4876,HYUNDAI TRANSLEAD TRAILERS,11496,Hyundai Translead Trailers,2022,,,12,MEXICO,BAJA CALIFORNIA,ROSARITO,,Body Type: SEMITRAILER,61,Trailer,,,,,5,Box or Van Enclosed Trailer,6,Kingpin,53.000,,2,,
48,482570,2,1,1B9L5220*L1014***,2025-06-27 04:48:03,0,6,TRAILER,1897,BARRETT TRAILERS LLC,5076,"BARRETT TRAILERS, INC.",12525,"Barrett Trailers, Inc.",2020,,,6,UNITED STATES (USA),OKLAHOMA,OKLAHOMA CITY,,,61,Trailer,,,,,13,Live Animal Trailer,,,52.000,Not used,2,,
48,482577,2,1,3H3V482K*RJ******,2025-06-27 04:48:03,0,6,TRAILER,14282,"HYUNDAI DE MEXICO, S.A. DE C.V.",4876,HYUNDAI TRANSLEAD TRAILERS,11496,Hyundai Translead Trailers,2024,,,12,MEXICO,BAJA CALIFORNIA,TIJUANA,,Body Type: SEMITRAILER,61,Trailer,,,,,5,Box or Van Enclosed Trailer,6,Kingpin,48.000,,2,,
48,482591,1,1,56EA75C2*PA******,2025-06-27 04:48:03,0,6,TRAILER,12109,"ARMOR LITE TRAILER MFG, LLC",1161,ARMOR LITE TRAILER,4470,Armor Lite Trailer,2023,,,6,UNITED STATES (USA),MISSOURI,SIKESTON,,,61,Trailer,,,,,4,Dump Trailer,6,Kingpin,32.000,Steel Formed Channel Frame,2,,
48,482593,2,1,5EF2GC40*RB******,2025-06-27 04:48:03,0,6,TRAILER,4094,CHEETAH CHASSIS CORPORATION,4029,CHEETAH CHASSIS,8699,CHEETAH CHASSIS,2024,,,6,UNITED STATES (USA),PENNSYLVANIA,BERWICK,,,61,Trailer,,,,,46,Incomplete Trailer Chassis,4,Straight Semi/Semi Trailer,40.000,Semi-Trailer/Gooseneck Chassis,2,,
48,482613,1,1,5MC42401*E3******,2025-06-27 04:48:03,0,6,TRAILER,5772,"MANAC TRAILERS USA, INC.",3896,MANAC TRAILERS USA,8528,Manac,2014,,,6,UNITED STATES (USA),MISSOURI,ORAN,"Manac Trailers USA, Inc.",,61,Trailer,,,,,4,Dump Trailer,4,Straight Semi/Semi Trailer,40.000,Kingpin,2,,
48,482617,3,1,1UYVS253*GM******,2025-06-27 04:48:03,0,6,TRAILER,10289,UTILITY TRAILER MANUFACTURING COMPANY,10138,UTILITY TRAILER MANUFACTURER,26222,Utility Trailer Manufacturer,2016,,,6,UNITED STATES (USA),VIRGINIA,MARION,,,61,Trailer,,,,,5,Box or Van Enclosed Trailer,4,Straight Semi/Semi Trailer,53.000,,2,,
48,482625,1,1,3M9KS402*RL084***,2025-06-27 04:48:03,0,6,TRAILER,15203,MAXXIM INDUSTRIES II S. DE R.L DE C.V.,9593,MAXXIM,23998,Maxxim,2024,,,12,MEXICO,CHIHUAHUA,CUAUHTEMOC,,,61,Trailer,,,,,180,"Grain, Chip, or Gravel Trailer",6,Kingpin,40.000,Sand Hopper Trailer,2,,
48,482637,2,1,1JJV532D*JL******,2025-06-27 04:48:03,0,6,TRAILER,14508,WABASH NATIONAL CORPORATION,12319,WABASH VANS,10942,Dry Van Duraplate,2018,,,6,UNITED STATES (USA),INDIANA,LAFAYETTE,,,61,Trailer,,,,,5,Box or Van Enclosed Trailer,,,53.000,,2,,
48,482654,1,1,1UYVS128*7U******,2025-06-27 04:48:03,0,6,TRAILER,10289,UTILITY TRAILER MANUFACTURING COMPANY,10138,UTILITY TRAILER MANUFACTURER,26222,Utility Trailer Manufacturer,2007,,,6,UNITED STATES (USA),UTAH,CLEARFIELD,,,61,Trailer,,,,,5,Box or Van Enclosed Trailer,4,Straight Semi/Semi Trailer,28.000,,1,,
48,482660,2,1,1GR1P062*MJ******,2025-06-27 04:48:03,0,6,TRAILER,1073,GREAT DANE TRAILERS,520,GREAT DANE TRAILERS,13436,Great Dane Trailers,2021,,,6,UNITED STATES (USA),ARKANSAS,JONESBORO,,,61,Trailer,,,,,5,Box or Van Enclosed Trailer,6,Kingpin,53.000,"Semitrailer - Dry freight, Reefer, or Insulated van",2,,
48,482662,2,1,5MC42401*E3******,2025-06-27 04:48:03,0,6,TRAILER,5772,"MANAC TRAILERS USA, INC.",3896,MANAC TRAILERS USA,8528,Manac,2014,,,6,UNITED STATES (USA),MISSOURI,ORAN,"Manac Trailers USA, Inc.",,61,Trailer,,,,,4,Dump Trailer,4,Straight Semi/Semi Trailer,40.000,Kingpin,2,,
48,482663,2,1,4B9BKDC2*HH054***,2025-06-27 04:48:03,1,6,TRAILER,15004,BRAZOS TRAILER MANUFACTURING LLC,4962,BRAZOS,12121,Brazos,2017,,,6,UNITED STATES (USA),TEXAS,WILLS POINT,,,61,Trailer,,,,,4,Dump Trailer,6,Kingpin,24.000,,2,,
48,482664,2,1,5E0AA164*PG******,2025-06-27 04:48:03,0,6,TRAILER,20895,"COTTRELL, INC.",12482,COTTRELL,32567,"C-09, C-11, CS-10, CS-12M3, CX-09, CX-5LSCH, CX-AK7, CX-LSFA-TRI",2023,,,6,UNITED STATES (USA),GEORGIA,GAINESVILLE,,,61,Trailer,,,,,58,Auto Transporter,5,Fifth Wheel,,Trailer Length (feet): 48-50,2,3,Tandem
48,482694,2,1,5DN15442*PB******,2025-06-27 04:48:03,0,6,TRAILER,8543,WESTERN TRAILER COMPANY,3808,WESTERN TRAILER COMPANY,8295,Western Trailer Company,2023,,,6,UNITED STATES (USA),IDAHO,BOISE,Western Trailer Company,,61,Trailer,,,,,180,"Grain, Chip, or Gravel Trailer",4,Straight Semi/Semi Trailer,44.000,Transfer (Express Belt),2,,
48,482699,1,1,13N14830*61******,2025-06-27 04:48:03,0,6,TRAILER,12268,FONTAINE COMMERCIAL TRAILER INC.,1128,FONTAINE TRAILER CO.,4416,Fontaine Trailer Co.,2006,,,6,UNITED STATES (USA),ALABAMA,HALEYVILLE,,,61,Trailer,,,,,6,Flatbed or Platform Trailer,,,48.000,"Tandem Axles, Spread",2,,
48,482712,1,1,3H3V532C*GT******,2025-06-27 04:48:03,0,6,TRAILER,14282,"HYUNDAI DE MEXICO, S.A. DE C.V.",4876,HYUNDAI TRANSLEAD TRAILERS,11496,Hyundai Translead Trailers,2016,,,12,MEXICO,BAJA CALIFORNIA,TIJUANA,,,61,Trailer,,,,,5,Box or Van Enclosed Trailer,,,53.000,Van Trailer,2,,
48,482712,4,1,1GRAA962*4B******,2025-06-27 04:48:03,0,6,TRAILER,1073,GREAT DANE TRAILERS,520,GREAT DANE TRAILERS,13436,Great Dane Trailers,2004,,,6,UNITED STATES (USA),INDIANA,BRAZIL,,,61,Trailer,,,,,5,Box or Van Enclosed Trailer,4,Straight Semi/Semi Trailer,96.000,Dry Freight/ Reefer/ Insulated Van,2,,
48,482720,1,1,3H4SA432*M3******,2025-06-27 04:48:03,0,6,TRAILER,5564,"HEIL TRAILER INTERNATIONAL, CO",2365,HEIL TRAILER INTERNATIONAL,6142,Heil Trailer International,2021,,,12,MEXICO,,JUAREZ,,,61,Trailer,,,,,15,Tank Trailer,4,Straight Semi/Semi Trailer,43.000,AL 306/406,2,,
48,482721,4,1,1JJV532D*HL******,2025-06-27 04:48:03,0,6,TRAILER,14508,WABASH NATIONAL CORPORATION,12319,WABASH VANS,10942,Dry Van Duraplate,2017,,,6,UNITED STATES (USA),INDIANA,LAFAYETTE,,,61,Trailer,,,,,5,Box or Van Enclosed Trailer,,,53.000,,2,,
48,482733,1,1,1GRAA962*FB******,2025-06-27 04:48:03,0,6,TRAILER,1073,GREAT DANE TRAILERS,520,GREAT DANE TRAILERS,13436,Great Dane Trailers,2015,,,6,UNITED STATES (USA),INDIANA,BRAZIL,,,61,Trailer,,,,,5,Box or Van Enclosed Trailer,4,Straight Semi/Semi Trailer,48.000,Dry Freight Van / Reefer Van / Insulated Van,2,,
48,482767,1,1,1UYVS128*1M******,2025-06-27 04:48:03,0,6,TRAILER,10289,UTILITY TRAILER MANUFACTURING COMPANY,10138,UTILITY TRAILER MANUFACTURER,26222,Utility Trailer Manufacturer,2001,,,6,UNITED STATES (USA),VIRGINIA,MARION,,,61,Trailer,,,,,5,Box or Van Enclosed Trailer,4,Straight Semi/Semi Trailer,28.000,,1,,
48,482767,7,1,48X1F372*D1******,2025-06-27 04:48:03,0,6,TRAILER,10839,"TRAVIS BODY & TRAILER, INC.",3520,"TRAVIS BODY & TRAILER, INC.",7868,"TRAVIS BODY & TRAILER, INC.",2013,,,6,UNITED STATES (USA),TEXAS,HOUSTON,,,61,Trailer,,,,,4,Dump Trailer,30,Other,37.000,Tumer ARx43,2,,
48,482773,2,1,1UYVS253*EU******,2025-06-27 04:48:03,0,6,TRAILER,10289,UTILITY TRAILER MANUFACTURING COMPANY,10138,UTILITY TRAILER MANUFACTURER,26222,Utility Trailer Manufacturer,2014,,,6,UNITED STATES (USA),UTAH,CLEARFIELD,,,61,Trailer,,,,,5,Box or Van Enclosed Trailer,4,Straight Semi/Semi Trailer,53.000,,2,,
48,482784,1,1,1UYVS253*FG******,2025-06-27 04:48:03,0,6,TRAILER,10289,UTILITY TRAILER MANUFACTURING COMPANY,10138,UTILITY TRAILER MANUFACTURER,26222,Utility Trailer Manufacturer,2015,,,6,UNITED STATES (USA),VIRGINIA,GLADE SPRING,,,61,Trailer,,,,,5,Box or Van Enclosed Trailer,4,Straight Semi/Semi Trailer,53.000,,2,,
48,482797,2,1,1LH930VH*K1******,2025-06-27 04:48:03,0,6,TRAILER,3729,"LANDOLL COMPANY, LLC",2123,LANDOLL CORPORATION,28252,930E,2019,,,6,UNITED STATES (USA),KANSAS,MARYSVILLE,,Dual Wheels,61,Trailer,9,"Class 8: 33,001 lb and above (14,969 kg and above)",,,,,5,Fifth Wheel,,"Fifth wheel trailer with single drop bed, four beam construction, gooseneck outer frame beam, 8 inch crossmember spacing, bolt-on toolbox, high flow hydraulic slider tandem axles (25,000 lb capacity) with anti-lock brakes to lower traveling tail. Updated Grote LED electrical system, centralized grease system, Brand remote & disc brake axles are optional. GVWR 86,300 pounds (39,146 kg).",,3,Tandem
48,482841,5,1,1UYVS253*L6******,2025-06-27 04:48:03,0,6,TRAILER,10289,UTILITY TRAILER MANUFACTURING COMPANY,10138,UTILITY TRAILER MANUFACTURER,26222,Utility Trailer Manufacturer,2020,,,6,UNITED STATES (USA),VIRGINIA,MARION,,,61,Trailer,,,,,5,Box or Van Enclosed Trailer,4,Straight Semi/Semi Trailer,53.000,,2,,
48,482844,2,1,527SR532*KM******,2025-06-27 04:48:03,0,6,TRAILER,6703,VANGUARD REEFER TRAILER INC.,1561,"CIMC REEFER TRAILER,INC",4978,"CIMC REEFER TRAILER,INC.",2019,,,6,UNITED STATES (USA),INDIANA,MONON,"CIMC Reefer Trailer,Inc",,61,Trailer,,,,,5,Box or Van Enclosed Trailer,4,Straight Semi/Semi Trailer,53.000,Reefer Van Trailer,2,,
48,482855,1,1,1GR1P062*LD******,2025-06-27 04:48:03,0,6,TRAILER,1073,GREAT DANE TRAILERS,520,GREAT DANE TRAILERS,13436,Great Dane Trailers,2020,,,6,UNITED STATES (USA),PENNSYLVANIA,DANVILLE,,,61,Trailer,,,,,5,Box or Van Enclosed Trailer,6,Kingpin,53.000,"Semitrailer - Dry freight, Reefer, or Insulated van",2,,
48,482857,2,1,3H3V482K*RJ******,2025-06-27 04:48:03,0,6,TRAILER,14282,"HYUNDAI DE MEXICO, S.A. DE C.V.",4876,HYUNDAI TRANSLEAD TRAILERS,11496,Hyundai Translead Trailers,2024,,,12,MEXICO,BAJA CALIFORNIA,TIJUANA,,Body Type: SEMITRAILER,61,Trailer,,,,,5,Box or Van Enclosed Trailer,6,Kingpin,48.000,,2,,
48,482864,2,1,1GRAA062*8T******,2025-06-27 04:48:03,0,6,TRAILER,1073,GREAT DANE TRAILERS,520,GREAT DANE TRAILERS,13436,Great Dane Trailers,2008,,,6,UNITED STATES (USA),INDIANA,TERRE HAUTE,,Effective 03/01/00,61,Trailer,,,,,5,Box or Van Enclosed Trailer,4,Straight Semi/Semi Trailer,53.000,Dry Freight/ Reefer/ Insulated Van,2,,
48,482871,2,1,4B9BKFB2*MH054***,2025-06-27 04:48:03,0,6,TRAILER,15004,BRAZOS TRAILER MANUFACTURING LLC,4962,BRAZOS,12121,Brazos,2021,,,6,UNITED STATES (USA),TEXAS,WILLS POINT,,,61,Trailer,,,,,6,Flatbed or Platform Trailer,6,Kingpin,22.000,,2,,
48,482888,1,1,5V8VC532*RM******,2025-06-27 04:48:03,0,6,TRAILER,16522,VANGUARD NATIONAL TRAILER CORPORTATION,6474,VANGUARD NATIONAL TRAILER CORPORATION (VNTC),17782,VANGUARD NATIONAL TRAILER CORPORATION (VNTC),2024,,,6,UNITED STATES (USA),INDIANA,MONON,,,61,Trailer,,,,,5,Box or Van Enclosed Trailer,6,Kingpin,53.000,Dry Freight Trailer,,3,Tandem
48,482892,2,1,4V0FC352*8A******,2025-06-27 04:48:03,1,6,TRAILER,13338,DS CORP,897,CROSSROADS,5617,Crossroads,2008,Cross Roads,,6,UNITED STATES (USA),INDIANA,TOPEKA,,,61,Trailer,,,,,10,Camping or Travel Trailer,,,35.000,Fifth Wheel Travel Trailer,2,,
48,482915,1,1,1GRAA062*KB******,2025-06-27 04:48:03,0,6,TRAILER,1073,GREAT DANE TRAILERS,520,GREAT DANE TRAILERS,13436,Great Dane Trailers,1989,,,6,UNITED STATES (USA),INDIANA,BRAZIL,,,61,Trailer,,,,,5,Box or Van Enclosed Trailer,4,Straight Semi/Semi Trailer,6.000,Dry Freight/ Reefer/ Insulated Van,2,,
48,482920,1,1,5HTSA432*K7******,2025-06-27 04:48:03,0,6,TRAILER,5564,"HEIL TRAILER INTERNATIONAL, CO",2365,HEIL TRAILER INTERNATIONAL,6142,Heil Trailer International,2019,,,6,UNITED STATES (USA),TENNESSEE,ATHENS,,,61,Trailer,,,,,15,Tank Trailer,4,Straight Semi/Semi Trailer,43.000,AL 306/406,2,,
48,482929,2,1,1P9GU482*GG402***,2025-06-27 04:48:03,0,6,TRAILER,19566,"PINE HILL MANUFACTURING, LLC",10247,PINE HILL / BAUXLITE,26955,Pine Hill / Bauxlite,2016,,,6,UNITED STATES (USA),PENNSYLVANIA,GORDONVILLE,,,61,Trailer,,,,,16,Utility Trailer,3,Gooseneck,48.000,,2,,
48,482930,1,1,5HMCG222*41******,2025-06-27 04:48:03,0,6,TRAILER,2297,PLATINUM MANUFACTURING LLC,7712,PLATINUM MANUFACTURING LLC,20716,Platinum Manufacturing LLC,2004,,,6,UNITED STATES (USA),OKLAHOMA,OKLAHOMA CITY,,,61,Trailer,,,,,13,Live Animal Trailer,3,Gooseneck,22.000,Combo (Extruded Horse & Smooth D/R) Trailer,2,,
48,482930,3,1,16VGX352*H6******,2025-06-27 04:48:03,0,6,TRAILER,9132,"BIG TEX TRAILER MANUFACTURING, LLC",1136,BIG TEX,5625,Big Tex,2017,,,6,UNITED STATES (USA),TEXAS,WILLS POINT,"Big Tex Trailer Manufacturing, Inc.",,61,Trailer,,,,,16,Utility Trailer,3,Gooseneck,35.000,,2,,
48,482938,1,1,1JJV532D*RL******,2025-06-27 04:48:03,0,6,TRAILER,14508,WABASH NATIONAL CORPORATION,12319,WABASH VANS,10942,Dry Van Duraplate,2024,,,6,UNITED STATES (USA),INDIANA,LAFAYETTE,,,61,Trailer,,,,,5,Box or Van Enclosed Trailer,6,Kingpin,53.000,Van Trailer,2,,
48,482961,1,1,4YDT2392*MK******,2025-06-27 04:48:03,0,6,TRAILER,2347,KEYSTONE RV,7615,KEYSTONE,20555,Keystone,2021,,,6,UNITED STATES (USA),INDIANA,GOSHEN,41,Recreational Vehicles,61,Trailer,,,,,10,Camping or Travel Trailer,14,Bumper Pull,23.000,Travel Trailer,2,,
48,482962,1,1,1UYVS248*3M******,2025-06-27 04:48:03,0,6,TRAILER,10289,UTILITY TRAILER MANUFACTURING COMPANY,10138,UTILITY TRAILER MANUFACTURER,26222,Utility Trailer Manufacturer,2003,,,6,UNITED STATES (USA),VIRGINIA,MARION,,,61,Trailer,,,,,5,Box or Van Enclosed Trailer,4,Straight Semi/Semi Trailer,48.000,,2,,
48,482966,1,1,1UYVS253*J3******,2025-06-27 04:48:03,0,6,TRAILER,10289,UTILITY TRAILER MANUFACTURING COMPANY,10138,UTILITY TRAILER MANUFACTURER,26222,Utility Trailer Manufacturer,2018,,,6,UNITED STATES (USA),ARKANSAS,PARAGOULD,,,61,Trailer,,,,,5,Box or Van Enclosed Trailer,4,Straight Semi/Semi Trailer,53.000,,2,,
48,482977,1,1,1JJV532D*FL******,2025-06-27 04:48:03,0,6,TRAILER,14508,WABASH NATIONAL CORPORATION,12319,WABASH VANS,10942,Dry Van Duraplate,2015,,,6,UNITED STATES (USA),INDIANA,LAFAYETTE,,,61,Trailer,,,,,5,Box or Van Enclosed Trailer,,,53.000,,2,,
48,482978,1,1,3H3V532K*RS******,2025-06-27 04:48:03,0,6,TRAILER,14282,"HYUNDAI DE MEXICO, S.A. DE C.V.",4876,HYUNDAI TRANSLEAD TRAILERS,11496,Hyundai Translead Trailers,2024,,,12,MEXICO,BAJA CALIFORNIA,ROSARITO,,Body Type: SEMITRAILER,61,Trailer,,,,,5,Box or Van Enclosed Trailer,6,Kingpin,53.000,,2,,
48,482982,2,1,5ZT2SKUB*M9******,2025-06-27 04:48:03,0,6,TRAILER,1084,"FOREST RIVER, INC.",531,FOREST RIVER,25202,Silver Lake Towable,2021,,,6,UNITED STATES (USA),INDIANA,ELKHART,,"3000 CR 6 Elkhart, IN 46514",61,Trailer,,,,,10,Camping or Travel Trailer,1,Ball Type Pull,29.000,Travel Trailer,,3,Tandem
48,482999,1,1,3H3V482K*NJ******,2025-06-27 04:48:03,0,6,TRAILER,14282,"HYUNDAI DE MEXICO, S.A. DE C.V.",4876,HYUNDAI TRANSLEAD TRAILERS,11496,Hyundai Translead Trailers,2022,,,12,MEXICO,BAJA CALIFORNIA,TIJUANA,,Body Type: SEMITRAILER,61,Trailer,,,,,5,Box or Van Enclosed Trailer,6,Kingpin,48.000,,2,,
48,483014,2,1,13N14830*T1******,2025-06-27 04:48:03,0,6,TRAILER,12268,FONTAINE COMMERCIAL TRAILER INC.,1128,FONTAINE TRAILER CO.,4416,Fontaine Trailer Co.,2026,,,6,UNITED STATES (USA),ALABAMA,HALEYVILLE,,,61,Trailer,,,,,6,Flatbed or Platform Trailer,6,Kingpin,48.000,Trailer Type Connection: Connected via a Kingpin to the tractor Fifthwheel,3,,
48,483017,1,1,1UYVS253*P6******,2025-06-27 04:48:03,0,6,TRAILER,10289,UTILITY TRAILER MANUFACTURING COMPANY,10138,UTILITY TRAILER MANUFACTURER,26222,Utility Trailer Manufacturer,2023,,,6,UNITED STATES (USA),VIRGINIA,MARION,,,61,Trailer,,,,,5,Box or Van Enclosed Trailer,4,Straight Semi/Semi Trailer,53.000,,2,,
48,483018,1,1,1TDH4222*XB******,2025-06-27 04:48:03,0,6,TRAILER,8330,TIMPTE INC.,5331,"TIMPTE, INC",13636,Timpte,1999,,,6,UNITED STATES (USA),NEBRASKA,DAVID CITY,,"Seventh VIN position indicates the additional length of the trailer to the nearest inch up to 9 inches. If the additional length is 10 inches or more the seventh character is zero (0) and the sixth character will be increased to the next foot. For example : a 42ft 9in trailer will be represent in VIN position 5, 6 & 7 as ""429"" and a 42ft 10in. trailer will be represented in VIN position 5 , 6 & 7 as ""430"" respectively.",61,Trailer,,,,,180,"Grain, Chip, or Gravel Trailer",,,42.000,Dry Bulk-Bottom Hopper Trailer,2,,
48,483025,1,1,2TVTP482*GD******,2025-06-27 04:48:03,1,6,TRAILER,16573,TITAN TRAILERS INC.,6999,TITAN TRAILERS INC.,18621,Titan,2016,,,1,CANADA,ONTARIO,DELHI,,,61,Trailer,,,,,4,Dump Trailer,6,Kingpin,48.000,Tipper Trailer,2,,
48,483052,2,1,1TTF482S*L3******,2025-06-27 04:48:03,0,6,TRAILER,8231,TRANSCRAFT CORPORATION,12050,TRANSCRAFT/WABASH,27662,Steel Flatbed,2020,,,6,UNITED STATES (USA),KENTUCKY,CADIZ,,,61,Trailer,,,,,6,Flatbed or Platform Trailer,6,Kingpin,48.000,,2,,
48,483054,2,1,56EA75C2*MA******,2025-06-27 04:48:03,0,6,TRAILER,12109,"ARMOR LITE TRAILER MFG, LLC",1161,ARMOR LITE TRAILER,4470,Armor Lite Trailer,2021,,,6,UNITED STATES (USA),MISSOURI,SIKESTON,,,61,Trailer,,,,,4,Dump Trailer,6,Kingpin,32.000,Steel Formed Channel Frame,2,,
48,483055,1,1,4R7GU242*ET******,2025-06-27 04:48:03,0,6,TRAILER,7387,"TOP HAT INDUSTRIES, INC.",5660,TOP HAT INDUSTRIES,14641,Top Hat Industries,2014,,,6,UNITED STATES (USA),TEXAS,NAPLES,,,61,Trailer,,,,,16,Utility Trailer,3,Gooseneck,24.000,,2,,
48,483088,3,1,13N14830*61******,2025-06-27 04:48:03,0,6,TRAILER,12268,FONTAINE COMMERCIAL TRAILER INC.,1128,FONTAINE TRAILER CO.,4416,Fontaine Trailer Co.,2006,,,6,UNITED STATES (USA),ALABAMA,HALEYVILLE,,,61,Trailer,,,,,6,Flatbed or Platform Trailer,,,48.000,"Tandem Axles, Spread",2,,
48,483096,2,1,4C9BU142*EE102***,2025-06-27 04:48:03,0,6,TRAILER,9507,"CHUY'S C-5 TRAILER, INC.",1547,CHUY'S C&5 TRAILERS,4990,Chuy's C& 5 Trailer,2014,,,6,UNITED STATES (USA),TEXAS,ENNIS,Chuy's C&5 Trailers,Number of Axle: Tandem,61,Trailer,,,,,16,Utility Trailer,1,Ball Type Pull,14.000,,,,
48,483113,2,1,1UYFS248*FA******,2025-06-27 04:48:03,0,6,TRAILER,10289,UTILITY TRAILER MANUFACTURING COMPANY,10138,UTILITY TRAILER MANUFACTURER,26222,Utility Trailer Manufacturer,2015,,,6,UNITED STATES (USA),ALABAMA,ENTERPRISE,,,61,Trailer,,,,,6,Flatbed or Platform Trailer,4,Straight Semi/Semi Trailer,48.000,,2,,
48,483153,2,1,13N25320*N1******,2025-06-27 04:48:03,0,6,TRAILER,12268,FONTAINE COMMERCIAL TRAILER INC.,1128,FONTAINE TRAILER CO.,4416,Fontaine Trailer Co.,2022,,,6,UNITED STATES (USA),ALABAMA,HALEYVILLE,,Optional Features: None,61,Trailer,,,,,6,Flatbed or Platform Trailer,,,53.000,Drop Deck Trailer,2,,
48,483158,1,1,1P9BS221*C0592***,2025-06-27 04:48:03,0,6,TRAILER,6583,PRO-FORMANCE MANUFACTING INC.,3135,PRO-FORMANCE MANUFACTURING,7223,Pro-Formance Manufacturing,2012,,,6,UNITED STATES (USA),OKLAHOMA,OKLAHOMA CITY,,,61,Trailer,,,,,188,Special Purpose Trailer,1,Ball Type Pull,22.000,Spooler Trailer,1,,
48,483171,1,1,1DW1A532*RS******,2025-06-27 04:48:03,0,6,TRAILER,13506,"STOUGHTON TRAILERS, INC.",3414,STOUGHTON TRAILERS,7701,Stoughton trailers,2024,,,6,UNITED STATES (USA),WISCONSIN,STOUGHTON,"Stoughton Trailers, INC",,61,Trailer,,,,,5,Box or Van Enclosed Trailer,4,Straight Semi/Semi Trailer,53.000,Van Trailer,2,,
48,483171,2,1,1JJV532B*ML******,2025-06-27 04:48:03,0,6,TRAILER,14508,WABASH NATIONAL CORPORATION,12319,WABASH VANS,10945,Refrigerated Van,2021,,,6,UNITED STATES (USA),INDIANA,LAFAYETTE,,,61,Trailer,,,,,5,Box or Van Enclosed Trailer,,,53.000,,2,,
48,483172,1,1,1S12E957*LE******,2025-06-27 04:48:03,0,6,TRAILER,14956,"STRICK TRAILERS, LLC",4977,STRICK COMMERCIAL TRAILER,12176,Strick Commercial Trailer,2020,Smooth Side,,6,UNITED STATES (USA),,MONROE,,,61,Trailer,,,,,5,Box or Van Enclosed Trailer,4,Straight Semi/Semi Trailer,57.000,Semi-Trailer/Dry Freight Van,2,3,Tandem
48,483189,1,1,1PMB1422*X5******,2025-06-27 04:48:03,0,6,TRAILER,6179,"POLAR TANK TRAILER, LLC",2921,POLAR TANK TRAILER,6874,Polar Tank Trailer,1999,,,6,UNITED STATES (USA),MISSOURI,SPRINGFIELD,,,61,Trailer,,,,,15,Tank Trailer,,,42.000,Vessel Code: Non-Code,2,,
48,483211,1,1,3H6KR432*N3******,2025-06-27 04:48:03,0,6,TRAILER,6179,"POLAR TANK TRAILER, LLC",2921,POLAR TANK TRAILER,6874,Polar Tank Trailer,2022,SS NON SPEC.,,12,MEXICO,CHIHUAHUA,,,,61,Trailer,,,,,15,Tank Trailer,4,Straight Semi/Semi Trailer,43.000,,2,,
48,483213,2,1,1S95C432*LG724***,2025-06-27 04:48:03,0,6,TRAILER,4301,"KING KUTTER II, INC.",3214,SFS TRUCK SALES,7318,SFS Truck Sales,2020,,,6,UNITED STATES (USA),OHIO,GALLIPOLIS,,,61,Trailer,,,,,46,Incomplete Trailer Chassis,,,43.000,Trailer Type = Intermodal,2,,
48,483220,1,1,4Z1GF352*NS******,2025-06-27 04:48:03,0,6,TRAILER,9165,GATOR MADE INC.,4039,GATOR MADE,8711,Gator Made Inc.,2022,,,6,UNITED STATES (USA),,SOMERSET,Gator Made Inc.,,61,Trailer,,,,,6,Flatbed or Platform Trailer,3,Gooseneck,35.000,Gooseneck,2,,
48,483259,2,1,3M7TK382*NU******,2025-06-27 04:48:03,0,6,TRAILER,7658,INDUSTRIAS MET GRI SA DE CV,7556,INDUSTRIAS MET GRI,20467,Industrias Met Gri,2022,,,12,MEXICO,CHIHUAHUA,NAMIQUIPA,,,61,Trailer,,,,,101,Other Trailer,6,Kingpin,38.000,Cahin Floor Trailer,2,,
48,483265,3,1,1UYVS253*K2******,2025-06-27 04:48:03,0,6,TRAILER,10289,UTILITY TRAILER MANUFACTURING COMPANY,10138,UTILITY TRAILER MANUFACTURER,26222,Utility Trailer Manufacturer,2019,,,6,UNITED STATES (USA),UTAH,CLEARFIELD,,,61,Trailer,,,,,5,Box or Van Enclosed Trailer,4,Straight Semi/Semi Trailer,53.000,,2,,
48,483295,1,1,5MC11162*7P******,2025-06-27 04:48:03,0,6,TRAILER,5772,"MANAC TRAILERS USA, INC.",3896,MANAC TRAILERS USA,8528,Manac,2007,Steel,,6,UNITED STATES (USA),MISSOURI,ORAN,"Manac Trailers USA, Inc.",,61,Trailer,,,,,180,"Grain, Chip, or Gravel Trailer",,,,Over 36ft,2,,
48,483335,2,1,13N1482C*T1******,2025-06-27 04:48:03,0,6,TRAILER,12268,FONTAINE COMMERCIAL TRAILER INC.,1128,FONTAINE TRAILER CO.,4416,Fontaine Trailer Co.,1996,,,6,UNITED STATES (USA),ALABAMA,HALEYVILLE,,,61,Trailer,,,,,6,Flatbed or Platform Trailer,,,48.000,Optional Features: sliding suspension,2,,
48,483342,1,1,7HCBD162*RM******,2025-06-27 04:48:03,1,6,TRAILER,19404,"TEXAS PRIDE TRAILERS, LLC DBA U.S. BUILT TRAILERS",10148,TEXAS PRIDE TRAILERS,26245,Texas Pride Trailers,2024,,,6,UNITED STATES (USA),TEXAS,MADDISONVILLE,,,61,Trailer,,,,,4,Dump Trailer,1,Ball Type Pull,16.000,,2,,
48,483366,1,1,1TTF4820*S1******,2025-06-27 04:48:03,0,6,TRAILER,8231,TRANSCRAFT CORPORATION,10511,TRANSCRAFT,28401,Transcraft,1995,,,6,UNITED STATES (USA),ILLINOIS,ANNA,,,61,Trailer,,,,,6,Flatbed or Platform Trailer,6,Kingpin,48.000,Platform,2,,
48,483381,2,1,1GRAA062*BT******,2025-06-27 04:48:03,0,6,TRAILER,1073,GREAT DANE TRAILERS,520,GREAT DANE TRAILERS,13436,Great Dane Trailers,2011,,,6,UNITED STATES (USA),INDIANA,TERRE HAUTE,,Effective 03/01/00,61,Trailer,,,,,5,Box or Van Enclosed Trailer,4,Straight Semi/Semi Trailer,53.000,Dry Freight/ Reefer/ Insulated Van,2,,
48,483398,1,1,1GRAA062*CB******,2025-06-27 04:48:03,0,6,TRAILER,1073,GREAT DANE TRAILERS,520,GREAT DANE TRAILERS,13436,Great Dane Trailers,2012,,,6,UNITED STATES (USA),INDIANA,BRAZIL,,,61,Trailer,,,,,5,Box or Van Enclosed Trailer,4,Straight Semi/Semi Trailer,53.000,Dry Freight Van / Reefer Van / Insulated Van,2,,
48,483398,2,1,1P9TC432*PB889***,2025-06-27 04:48:03,1,6,TRAILER,8027,PRATT INDUSTRIES (US) LLC,3015,PRATT INDUSTRIES,7027,Pratt Industries,2023,,,6,UNITED STATES (USA),MICHIGAN,BRIDGMAN,,,61,Trailer,,,,,109,Intermodal Container Chassis or Trailer,5,Fifth Wheel,43.000,Tank Chassis,2,,
48,483407,1,1,1UJBJ02N*51******,2025-06-27 04:48:03,0,6,TRAILER,9892,"JAYCO, INC.",4516,JAYCO,27585,RV Trailer,2005,,,6,UNITED STATES (USA),INDIANA,MIDDLEBURY,,,61,Trailer,,,,,10,Camping or Travel Trailer,,,,Travel Trailer,2,,
48,483408,2,1,56EAB4J2*JA******,2025-06-27 04:48:03,0,6,TRAILER,12109,"ARMOR LITE TRAILER MFG, LLC",1161,ARMOR LITE TRAILER,4470,Armor Lite Trailer,2018,,,6,UNITED STATES (USA),MISSOURI,SIKESTON,,,61,Trailer,,,,,4,Dump Trailer,6,Kingpin,39.000,End Dump Trailer,2,,
48,483410,2,1,1GRAA062*FW******,2025-06-27 04:48:03,0,6,TRAILER,1073,GREAT DANE TRAILERS,520,GREAT DANE TRAILERS,13436,Great Dane Trailers,2015,,,6,UNITED STATES (USA),NEBRASKA,WAYNE,,,61,Trailer,,,,,5,Box or Van Enclosed Trailer,4,Straight Semi/Semi Trailer,53.000,Dry Freight Van / Reefer Van / Insulated Van,2,,
48,483426,1,1,527SR532*LL******,2025-06-27 04:48:03,0,6,TRAILER,6703,VANGUARD REEFER TRAILER INC.,1561,"CIMC REEFER TRAILER,INC",4978,"CIMC REEFER TRAILER,INC.",2020,,,6,UNITED STATES (USA),CALIFORNIA,LOS ANGELES,"CIMC Reefer Trailer,Inc",,61,Trailer,,,,,5,Box or Van Enclosed Trailer,4,Straight Semi/Semi Trailer,53.000,Reefer Van Trailer,2,,
48,483426,2,1,1GRAP062*JJ******,2025-06-27 04:48:03,0,6,TRAILER,1073,GREAT DANE TRAILERS,520,GREAT DANE TRAILERS,13436,Great Dane Trailers,1988,,,6,UNITED STATES (USA),FLORIDA,JACKSONVILLE,,,61,Trailer,,,,,5,Box or Van Enclosed Trailer,4,Straight Semi/Semi Trailer,6.000,Platewall,2,,
48,483431,2,1,1JJV281D*DL******,2025-06-27 04:48:03,0,6,TRAILER,14508,WABASH NATIONAL CORPORATION,12319,WABASH VANS,10942,Dry Van Duraplate,2013,,,6,UNITED STATES (USA),INDIANA,LAFAYETTE,,,61,Trailer,,,,,5,Box or Van Enclosed Trailer,,,28.000,,1,,
48,483431,2,2,1JJV281D*AL******,2025-06-27 04:48:03,0,6,TRAILER,14508,WABASH NATIONAL CORPORATION,12319,WABASH VANS,10942,Dry Van Duraplate,2010,,,6,UNITED STATES (USA),INDIANA,LAFAYETTE,,,61,Trailer,,,,,5,Box or Van Enclosed Trailer,,,28.000,,1,,
48,483436,2,1,3H3V281K*PJ******,2025-06-27 04:48:03,0,6,TRAILER,14282,"HYUNDAI DE MEXICO, S.A. DE C.V.",4876,HYUNDAI TRANSLEAD TRAILERS,11496,Hyundai Translead Trailers,2023,,,12,MEXICO,BAJA CALIFORNIA,TIJUANA,,Body Type: SEMITRAILER,61,Trailer,,,,,5,Box or Van Enclosed Trailer,6,Kingpin,28.000,,1,,
48,483436,2,2,1JJV281W*4L******,2025-06-27 04:48:03,0,6,TRAILER,14508,WABASH NATIONAL CORPORATION,4847,WABASH,13327,Wabash National Corporation,2004,,,6,UNITED STATES (USA),INDIANA,LAFAYETTE,,,61,Trailer,,,,,5,Box or Van Enclosed Trailer,,,28.000,,1,,
48,483466,2,1,1GR1A062*MT******,2025-06-27 04:48:03,0,6,TRAILER,1073,GREAT DANE TRAILERS,520,GREAT DANE TRAILERS,13436,Great Dane Trailers,2021,,,6,UNITED STATES (USA),INDIANA,TERRE HAUTE,,,61,Trailer,,,,,5,Box or Van Enclosed Trailer,6,Kingpin,53.000,"Semitrailer - Dry freight, Reefer, or Insulated van",2,,
48,483471,5,1,3H3V532C*LR******,2025-06-27 04:48:03,0,6,TRAILER,14282,"HYUNDAI DE MEXICO, S.A. DE C.V.",4876,HYUNDAI TRANSLEAD TRAILERS,11496,Hyundai Translead Trailers,2020,,,12,MEXICO,BAJA CALIFORNIA,ROSARITO,,,61,Trailer,,,,,5,Box or Van Enclosed Trailer,,,53.000,Van Trailer,2,,
48,483504,2,1,1JJV532W*8L******,2025-06-27 04:48:03,0,6,TRAILER,14508,WABASH NATIONAL CORPORATION,4847,WABASH,13327,Wabash National Corporation,2008,,,6,UNITED STATES (USA),INDIANA,LAFAYETTE,,,61,Trailer,,,,,5,Box or Van Enclosed Trailer,,,53.000,,2,,
48,483505,1,1,1UYVS253*HM******,2025-06-27 04:48:03,0,6,TRAILER,10289,UTILITY TRAILER MANUFACTURING COMPANY,10138,UTILITY TRAILER MANUFACTURER,26222,Utility Trailer Manufacturer,2017,,,6,UNITED STATES (USA),VIRGINIA,MARION,,,61,Trailer,,,,,5,Box or Van Enclosed Trailer,4,Straight Semi/Semi Trailer,53.000,,2,,
48,483507,1,1,3A9L6DR2*PP290***,2025-06-27 04:48:03,0,6,TRAILER,20377,IRON LITE TRAILERS,10886,IRON LITE,28466,IRON LITE,2023,,,12,MEXICO,NUEVO LEON,CADERERYTA,,"Lazaro Cardenas 801 Palmitos, 67465",61,Trailer,,,,,4,Dump Trailer,6,Kingpin,40.000,,2,,
48,483511,1,1,527SR532*JM******,2025-06-27 04:48:03,0,6,TRAILER,6703,VANGUARD REEFER TRAILER INC.,1561,"CIMC REEFER TRAILER,INC",4978,"CIMC REEFER TRAILER,INC.",2018,,,6,UNITED STATES (USA),INDIANA,MONON,"CIMC Reefer Trailer,Inc",,61,Trailer,,,,,5,Box or Van Enclosed Trailer,4,Straight Semi/Semi Trailer,53.000,Reefer Van Trailer,2,,
48,483515,1,1,5EF2DF38*RB******,2025-06-27 04:48:03,0,6,TRAILER,4094,CHEETAH CHASSIS CORPORATION,4029,CHEETAH CHASSIS,8699,CHEETAH CHASSIS,2024,,,6,UNITED STATES (USA),PENNSYLVANIA,BERWICK,,,61,Trailer,,,,,46,Incomplete Trailer Chassis,4,Straight Semi/Semi Trailer,38.000,Semi-Trailer/Drop Frame Chassis,2,,
48,483517,1,1,1JJV532W*4L******,2025-06-27 04:48:03,0,6,TRAILER,14508,WABASH NATIONAL CORPORATION,4847,WABASH,13327,Wabash National Corporation,2004,,,6,UNITED STATES (USA),INDIANA,LAFAYETTE,,,61,Trailer,,,,,5,Box or Van Enclosed Trailer,,,53.000,,2,,
48,483518,2,1,1DAFFC05*DP******,2025-06-27 04:48:03,0,6,TRAILER,1273,"TRAIL-EZE, INC",700,DAKOTA MANUFACTURING CO. / TRAIL-EZE,3896,Folding Gooseneck,2013,,,6,UNITED STATES (USA),SOUTH DAKOTA,PLATTE,,,61,Trailer,,,,,6,Flatbed or Platform Trailer,3,Gooseneck,50.000,Single Drop Trailer,5,,
48,483538,2,1,1GRAA062*BB******,2025-06-27 04:48:03,0,6,TRAILER,1073,GREAT DANE TRAILERS,520,GREAT DANE TRAILERS,13436,Great Dane Trailers,2011,,,6,UNITED STATES (USA),INDIANA,BRAZIL,,,61,Trailer,,,,,5,Box or Van Enclosed Trailer,4,Straight Semi/Semi Trailer,53.000,Dry Freight/ Reefer/ Insulated Van,2,,
48,483548,3,1,1UYVS253*FG******,2025-06-27 04:48:03,0,6,TRAILER,10289,UTILITY TRAILER MANUFACTURING COMPANY,10138,UTILITY TRAILER MANUFACTURER,26222,Utility Trailer Manufacturer,2015,,,6,UNITED STATES (USA),VIRGINIA,GLADE SPRING,,,61,Trailer,,,,,5,Box or Van Enclosed Trailer,4,Straight Semi/Semi Trailer,53.000,,2,,
48,483559,2,1,1A9A4432*MH939***,2025-06-27 04:48:03,0,6,TRAILER,7368,APPLIED CRYO TECHNOLOGIES,843,APPLIED CRYO TECHNOLOGIES,4018,Applied Cryo Technologies,2021,,,6,UNITED STATES (USA),TEXAS,HOUSTON,,,61,Trailer,,,,,15,Tank Trailer,,,43.000,,2,,
48,483575,1,1,3AWF1VT2*PX******,2025-06-27 04:48:03,0,6,TRAILER,14859,FRUEHAUF DE MEXICO S.A. DE C.V.,4963,FRUEHUAF,12125,Fruehuaf,2023,,,12,MEXICO,STATE OF MEXICO,COACALCO,,,61,Trailer,,,,,5,Box or Van Enclosed Trailer,6,Kingpin,53.000,Dry Van Trailer,2,,
48,483576,1,1,527SR532*KM******,2025-06-27 04:48:03,0,6,TRAILER,6703,VANGUARD REEFER TRAILER INC.,1561,"CIMC REEFER TRAILER,INC",4978,"CIMC REEFER TRAILER,INC.",2019,,,6,UNITED STATES (USA),INDIANA,MONON,"CIMC Reefer Trailer,Inc",,61,Trailer,,,,,5,Box or Van Enclosed Trailer,4,Straight Semi/Semi Trailer,53.000,Reefer Van Trailer,2,,
48,483577,1,1,4U3J0592*HL******,2025-06-27 04:48:03,0,6,TRAILER,9213,"BULL MOOSE HEAVY HAUL, INC",6869,X-L SPECIALIZED TRAILERS INC,18367,X-L SPECIALIZED TRAILERS INC,2017,,,6,UNITED STATES (USA),IOWA,MANCHESTER,,,61,Trailer,,,,,6,Flatbed or Platform Trailer,,,59.000,"Front-loading Detachable/Non-Rigid Neck (MFG, MDE, HDG, HDE, Folding Goose Neck)",2,,
48,483577,1,2,4U3S0132*HL******,2025-06-27 04:48:03,0,6,TRAILER,9213,"BULL MOOSE HEAVY HAUL, INC",6869,X-L SPECIALIZED TRAILERS INC,18367,X-L SPECIALIZED TRAILERS INC,2017,,,6,UNITED STATES (USA),IOWA,MANCHESTER,,,61,Trailer,,,,,45,Dolly,2,Pintle Hitch/Hook,13.000,"Accessories (Gooseneck Jeeps, pin-on Boosters/Flip Axles, pintle hitch Dolly)",2,,
48,483585,2,1,1UYVS253*R2******,2025-06-27 04:48:03,0,6,TRAILER,10289,UTILITY TRAILER MANUFACTURING COMPANY,10138,UTILITY TRAILER MANUFACTURER,26222,Utility Trailer Manufacturer,2024,,,6,UNITED STATES (USA),UTAH,CLEARFIELD,,,61,Trailer,,,,,5,Box or Van Enclosed Trailer,4,Straight Semi/Semi Trailer,53.000,,2,,
48,483603,1,1,1JJV532D*NL******,2025-06-27 04:48:03,0,6,TRAILER,14508,WABASH NATIONAL CORPORATION,12319,WABASH VANS,10942,Dry Van Duraplate,2022,,,6,UNITED STATES (USA),INDIANA,LAFAYETTE,,,61,Trailer,,,,,5,Box or Van Enclosed Trailer,6,Kingpin,53.000,,2,,
48,483608,1,2,1RZ1KA1A*K1******,2025-06-27 04:48:03,0,6,TRAILER,6992,"CON-WAY MANUFACTURING, INC.",1881,CON-WAY MANUFACTURING,5385,CON-WAY MANUFACTURING,2019,,,6,UNITED STATES (USA),CALIFORNIA,FONTANA,,Body Construction = Exterior Post Aluminum,61,Trailer,,,,,5,Box or Van Enclosed Trailer,,,28.000,Truck Trailer,1,,
48,483615,2,1,1GRDM032*KH******,2025-06-27 04:48:03,0,6,TRAILER,1073,GREAT DANE TRAILERS,520,GREAT DANE TRAILERS,13436,Great Dane Trailers,1989,,,6,UNITED STATES (USA),TENNESSEE,HUNTSVILLE,,,61,Trailer,,,,,6,Flatbed or Platform Trailer,4,Straight Semi/Semi Trailer,3.000,Straight Deck / Drop Deck / Extendable,2,,
48,483637,1,1,1T9BT472*EG294***,2025-06-27 04:48:03,0,6,TRAILER,16857,TEXAS TRAILER CORPORATION,7286,TEXAS TRAILER CORPORATION,19613,Texas Trailer Corporation,2014,Tank,,6,UNITED STATES (USA),TEXAS,GAINESVILLE,,,61,Trailer,,,,,,,,,47.000,Type: Carbon Dioxide,2,,
48,483639,2,1,4YMBU141*KT******,2025-06-27 04:48:03,0,6,TRAILER,13315,"CARRY-ON TRAILER, INC.",4933,CARRY-ON TRAILER,12040,Carry-On Trailer,2019,,,6,UNITED STATES (USA),TEXAS,MEXIA,,,61,Trailer,,,,,6,Flatbed or Platform Trailer,1,Ball Type Pull,14.000,Open Bed Trailer,1,,
48,483640,1,1,1UYVS253*DM******,2025-06-27 04:48:03,0,6,TRAILER,10289,UTILITY TRAILER MANUFACTURING COMPANY,10138,UTILITY TRAILER MANUFACTURER,26222,Utility Trailer Manufacturer,2013,,,6,UNITED STATES (USA),VIRGINIA,MARION,,,61,Trailer,,,,,5,Box or Van Enclosed Trailer,4,Straight Semi/Semi Trailer,53.000,,2,,
48,483644,2,1,1JJV532D*NL******,2025-06-27 04:48:03,0,6,TRAILER,14508,WABASH NATIONAL CORPORATION,12319,WABASH VANS,10942,Dry Van Duraplate,2022,,,6,UNITED STATES (USA),INDIANA,LAFAYETTE,,,61,Trailer,,,,,5,Box or Van Enclosed Trailer,6,Kingpin,53.000,,2,,
48,483650,2,1,1UYVS253*P3******,2025-06-27 04:48:03,0,6,TRAILER,10289,UTILITY TRAILER MANUFACTURING COMPANY,10138,UTILITY TRAILER MANUFACTURER,26222,Utility Trailer Manufacturer,2023,,,6,UNITED STATES (USA),ARKANSAS,PARAGOULD,,,61,Trailer,,,,,5,Box or Van Enclosed Trailer,4,Straight Semi/Semi Trailer,53.000,,2,,
48,483651,1,1,1TTF532A*D3******,2025-06-27 04:48:03,0,6,TRAILER,8231,TRANSCRAFT CORPORATION,12051,BENSON/WABASH,27664,Aluminium Flatbed,2013,,,6,UNITED STATES (USA),KENTUCKY,CADIZ,,,61,Trailer,,,,,6,Flatbed or Platform Trailer,6,Kingpin,53.000,,2,,
48,483663,2,1,1YGUS101*YB******,2025-06-27 04:48:03,0,6,TRAILER,2198,ALUMA,6142,ALUMA,16269,Aluma,2000,Standard,,6,UNITED STATES (USA),IOWA,BANCROFT,,,61,Trailer,,,,,16,Utility Trailer,,,10.000,,1,,
48,483669,2,1,1PMS3432*G1******,2025-06-27 04:48:03,0,6,TRAILER,6179,"POLAR TANK TRAILER, LLC",2921,POLAR TANK TRAILER,6874,Polar Tank Trailer,2016,,,6,UNITED STATES (USA),MINNESOTA,OPOLE,,,61,Trailer,,,,,,,4,Straight Semi/Semi Trailer,43.000,Tank Vessel Code: DOT 407,2,,
48,483679,2,1,3BZJN352*CC******,2025-06-27 04:48:03,0,6,TRAILER,13368,"GRUPO REMOLQUES DEL NORTE, S.A. DE C.V.",1539,GRUPO REMOLQUES DEL NORTE,4947,GRUPO REMOLQUES del NORTE,2012,,,12,MEXICO,CHIHUAHUA,CD. CUAUHTEMOC,,,61,Trailer,,,,,15,Tank Trailer,,,35.000,Type of Material = Steel,2,,
48,483682,2,1,1UNST422*7L******,2025-06-27 04:48:03,0,6,TRAILER,1739,"DRAGON PRODUCTS, LLC",956,DRAGON PRODUCTS,4976,Dragon Products,2007,,,6,UNITED STATES (USA),TEXAS,LAPORTE,,,61,Trailer,,,,,15,Tank Trailer,4,Straight Semi/Semi Trailer,42.000,,2,,
48,483710,2,1,1JJV532B*GL******,2025-06-27 04:48:03,0,6,TRAILER,14508,WABASH NATIONAL CORPORATION,12319,WABASH VANS,10945,Refrigerated Van,2016,,,6,UNITED STATES (USA),INDIANA,LAFAYETTE,,,61,Trailer,,,,,5,Box or Van Enclosed Trailer,,,53.000,,2,,
48,483712,1,1,3H3V532C*MT******,2025-06-27 04:48:03,0,6,TRAILER,14282,"HYUNDAI DE MEXICO, S.A. DE C.V.",4876,HYUNDAI TRANSLEAD TRAILERS,11496,Hyundai Translead Trailers,2021,,,12,MEXICO,BAJA CALIFORNIA,TIJUANA,,Trailer Type: SEMITRAILER,61,Trailer,,,,,5,Box or Van Enclosed Trailer,6,Kingpin,53.000,Material: ALUMINUM/STEEL,2,,
48,483746,1,1,3UTVS253*K8******,2025-06-27 04:48:03,0,6,TRAILER,10289,UTILITY TRAILER MANUFACTURING COMPANY,10138,UTILITY TRAILER MANUFACTURER,26222,Utility Trailer Manufacturer,2019,,,12,MEXICO,,PIEDRAS NEGRAS,,,61,Trailer,,,,,5,Box or Van Enclosed Trailer,4,Straight Semi/Semi Trailer,53.000,,2,,
48,483756,1,1,5HTAB442*W7******,2025-06-27 04:48:03,0,6,TRAILER,5564,"HEIL TRAILER INTERNATIONAL, CO",2365,HEIL TRAILER INTERNATIONAL,6142,Heil Trailer International,1998,,,6,UNITED STATES (USA),TENNESSEE,ATHENS,,Body Shape: Straight Elliptical,61,Trailer,,,,,15,Tank Trailer,,,44.000,AL 306/406,2,,
48,483769,1,1,4U3J0533*KL******,2025-06-27 04:48:03,0,6,TRAILER,9213,"BULL MOOSE HEAVY HAUL, INC",6869,X-L SPECIALIZED TRAILERS INC,18367,X-L SPECIALIZED TRAILERS INC,2019,,,6,UNITED STATES (USA),IOWA,MANCHESTER,,,61,Trailer,,,,,6,Flatbed or Platform Trailer,,,53.000,"Front-loading Detachable/Non-Rigid Neck (MFG, MDE, HDG, HDE, Folding Goose Neck)",3,,
48,483776,1,1,1GR1A062*PB******,2025-06-27 04:48:03,0,6,TRAILER,1073,GREAT DANE TRAILERS,520,GREAT DANE TRAILERS,13436,Great Dane Trailers,2023,,,6,UNITED STATES (USA),INDIANA,BRAZIL,,,61,Trailer,,,,,5,Box or Van Enclosed Trailer,6,Kingpin,53.000,"Semitrailer - Dry freight, Reefer, or Insulated van",2,,
48,483801,2,1,7KYFB402*NE******,2025-06-27 04:48:03,0,6,TRAILER,5550,DORSEY TRAILER LLC,11972,DORSEY,30932,Dorsey,2022,,,6,UNITED STATES (USA),ALABAMA,ELBA,,Label of the trailer: DORSEY,61,Trailer,,,,,6,Flatbed or Platform Trailer,6,Kingpin,40.000,,2,,
48,483804,3,1,1UYVS253*K2******,2025-06-27 04:48:03,0,6,TRAILER,10289,UTILITY TRAILER MANUFACTURING COMPANY,10138,UTILITY TRAILER MANUFACTURER,26222,Utility Trailer Manufacturer,2019,,,6,UNITED STATES (USA),UTAH,CLEARFIELD,,,61,Trailer,,,,,5,Box or Van Enclosed Trailer,4,Straight Semi/Semi Trailer,53.000,,2,,
48,483815,2,1,1W1UCSYJ*3D******,2025-06-27 04:48:03,0,6,TRAILER,11681,WILSON TRAILER CO.,3855,WILSON TRAILER CO.,8390,Wilson Trailer Co.,2003,STYLE A LH LOAD - SOLID PAN - FULL RAMP,,6,UNITED STATES (USA),SOUTH DAKOTA,YANKTON,PLANT 5,,61,Trailer,,,,,13,Live Animal Trailer,,,50.000,Type of Trailer: PUNCHSIDE DROP CTR LVSK (PSDCL) W/ DOGHOUSE,2,,
48,483821,1,1,1UYVS253*GP******,2025-06-27 04:48:03,0,6,TRAILER,10289,UTILITY TRAILER MANUFACTURING COMPANY,10138,UTILITY TRAILER MANUFACTURER,26222,Utility Trailer Manufacturer,2016,,,6,UNITED STATES (USA),ARKANSAS,PARAGOULD,,,61,Trailer,,,,,5,Box or Van Enclosed Trailer,4,Straight Semi/Semi Trailer,53.000,,2,,
48,483827,2,1,1JJV532W*8L******,2025-06-27 04:48:03,0,6,TRAILER,14508,WABASH NATIONAL CORPORATION,4847,WABASH,13327,Wabash National Corporation,2008,,,6,UNITED STATES (USA),INDIANA,LAFAYETTE,,,61,Trailer,,,,,5,Box or Van Enclosed Trailer,,,53.000,,2,,
48,483840,2,1,1UYVS253*EU******,2025-06-27 04:48:03,0,6,TRAILER,10289,UTILITY TRAILER MANUFACTURING COMPANY,10138,UTILITY TRAILER MANUFACTURER,26222,Utility Trailer Manufacturer,2014,,,6,UNITED STATES (USA),UTAH,CLEARFIELD,,,61,Trailer,,,,,5,Box or Van Enclosed Trailer,4,Straight Semi/Semi Trailer,53.000,,2,,
48,483850,1,1,5V8VC532*RM******,2025-06-27 04:48:03,0,6,TRAILER,16522,VANGUARD NATIONAL TRAILER CORPORTATION,6474,VANGUARD NATIONAL TRAILER CORPORATION (VNTC),17782,VANGUARD NATIONAL TRAILER CORPORATION (VNTC),2024,,,6,UNITED STATES (USA),INDIANA,MONON,,,61,Trailer,,,,,5,Box or Van Enclosed Trailer,6,Kingpin,53.000,Dry Freight Trailer,,3,Tandem
49,490013,1,1,1JJV532W*3L******,2025-06-27 04:48:03,0,6,TRAILER,14508,WABASH NATIONAL CORPORATION,4847,WABASH,13327,Wabash National Corporation,2003,,,6,UNITED STATES (USA),INDIANA,LAFAYETTE,,,61,Trailer,,,,,5,Box or Van Enclosed Trailer,,,53.000,,2,,
49,490086,2,1,1TTE533A*H3******,2025-06-27 04:48:03,0,6,TRAILER,8231,TRANSCRAFT CORPORATION,12051,BENSON/WABASH,27664,Aluminium Flatbed,2017,,,6,UNITED STATES (USA),KENTUCKY,CADIZ,,,61,Trailer,,,,,6,Flatbed or Platform Trailer,6,Kingpin,53.000,Drop Deck Trailer,3,,
49,490118,2,1,5F7GF252*4U******,2025-06-27 04:48:03,0,6,TRAILER,13153,"BIG BUBBA'S TRAILER SALES, INC.",3931,BIG BUBBA'S TRAILER SALES,8558,"Big Bubba's Trailer Sales, Inc.",2004,,,6,UNITED STATES (USA),UTAH,OGDEN,,,61,Trailer,,,,,6,Flatbed or Platform Trailer,3,Gooseneck,25.000,Steel I-Beam and C-Channel frame,2,,
49,490134,2,1,59XBB283*LL******,2025-06-27 04:48:03,0,6,TRAILER,13607,"MALIBU BOATS, LLC",4586,MALIBU BOATS,9739,"Malibu Boats, LLC",2020,,,6,UNITED STATES (USA),TENNESSEE,LONDON,Malibu Boats,,61,Trailer,,,,,2,Boat Trailer,1,Ball Type Pull,28.000,,3,,
50,500017,1,1,3H3V532C*MR******,2025-06-27 04:48:03,0,6,TRAILER,14282,"HYUNDAI DE MEXICO, S.A. DE C.V.",4876,HYUNDAI TRANSLEAD TRAILERS,11496,Hyundai Translead Trailers,2021,,,12,MEXICO,BAJA CALIFORNIA,ROSARITO,,Trailer Type: SEMITRAILER,61,Trailer,,,,,5,Box or Van Enclosed Trailer,6,Kingpin,53.000,Material: ALUMINUM/STEEL,2,,
50,500035,2,1,1GR1P062*PJ******,2025-06-27 04:48:03,0,6,TRAILER,1073,GREAT DANE TRAILERS,520,GREAT DANE TRAILERS,13436,Great Dane Trailers,2023,,,6,UNITED STATES (USA),ARKANSAS,JONESBORO,,,61,Trailer,,,,,5,Box or Van Enclosed Trailer,6,Kingpin,53.000,"Semitrailer - Dry freight, Reefer, or Insulated van",2,,
51,510003,2,1,5V8VA532*LT******,2025-06-27 04:48:03,0,6,TRAILER,16522,VANGUARD NATIONAL TRAILER CORPORTATION,6474,VANGUARD NATIONAL TRAILER CORPORATION (VNTC),17782,VANGUARD NATIONAL TRAILER CORPORATION (VNTC),2020,,,6,UNITED STATES (USA),GEORGIA,TRENTON,,,61,Trailer,,,,,5,Box or Van Enclosed Trailer,6,Kingpin,53.000,"Interior Post Aluminum Sheet Trailer (VIP, MaxCube)",,3,Tandem
51,510210,2,1,3H3V532C*HT******,2025-06-27 04:48:03,0,6,TRAILER,14282,"HYUNDAI DE MEXICO, S.A. DE C.V.",4876,HYUNDAI TRANSLEAD TRAILERS,11496,Hyundai Translead Trailers,2017,,,12,MEXICO,BAJA CALIFORNIA,TIJUANA,,,61,Trailer,,,,,5,Box or Van Enclosed Trailer,,,53.000,Van Trailer,2,,
51,510246,1,1,47CFCGS2*BC******,2025-06-27 04:48:03,0,6,TRAILER,11811,DUTCHMEN MANUFACTURING INC.,860,DUTCHMEN MANUFACTURING,5608,Dutchmen Manufacturing,2011,Grand Junction,,6,UNITED STATES (USA),COLORADO,,,,61,Trailer,,,,,10,Camping or Travel Trailer,,,36.000,Fifth Wheel Trailer,2,,
51,510285,2,1,1GRAP062*KJ******,2025-06-27 04:48:03,0,6,TRAILER,1073,GREAT DANE TRAILERS,520,GREAT DANE TRAILERS,13436,Great Dane Trailers,1989,,,6,UNITED STATES (USA),ARKANSAS,JONESBORO,,,61,Trailer,,,,,5,Box or Van Enclosed Trailer,4,Straight Semi/Semi Trailer,6.000,Platewall,2,,
51,510312,1,1,5LVBU101*DA******,2025-06-27 04:48:03,1,6,TRAILER,12741,"HOLMES ENTERPRISES, INC.",2829,HOLMES ENTERPRISES,6770,Holmes Enterprises,2013,,,6,UNITED STATES (USA),VIRGINIA,ASHLAND,,,61,Trailer,,,,,16,Utility Trailer,14,Bumper Pull,10.000,,1,,
51,510607,1,1,5JYLT422*8P******,2025-06-27 04:48:03,0,6,TRAILER,2290,PITTS ENTERPRISES INC,2831,PITTS TRAILERS,6775,Pitts Trailers,2008,,,6,UNITED STATES (USA),ALABAMA,PITTSVIEW,,,61,Trailer,,,,,6,Flatbed or Platform Trailer,,,42.000,Straight Frame trailer,2,,
51,510686,1,1,1UYVS253*7G******,2025-06-27 04:48:03,0,6,TRAILER,10289,UTILITY TRAILER MANUFACTURING COMPANY,10138,UTILITY TRAILER MANUFACTURER,26222,Utility Trailer Manufacturer,2007,,,6,UNITED STATES (USA),VIRGINIA,GLADE SPRING,,,61,Trailer,,,,,5,Box or Van Enclosed Trailer,4,Straight Semi/Semi Trailer,53.000,,2,,
51,510728,1,1,5BFAU101*HM******,2025-06-27 04:48:03,0,6,TRAILER,15977,"LEONARD ALUMINUM UTILITY BUILDINGS, LLC.",5573,LEONARD ALUMINUM UTILITY BUILDINGS,14399,Leonard Aluminum Utility Buildings,2017,,,6,UNITED STATES (USA),NORTH CAROLINA,MOUNT AIRY,LEONARD MOUNT AIRY PLANT,,61,Trailer,,,,,16,Utility Trailer,1,Ball Type Pull,10.000,Open Utility,1,,
51,510789,2,1,1JJV532D*RL******,2025-06-27 04:48:03,0,6,TRAILER,14508,WABASH NATIONAL CORPORATION,12319,WABASH VANS,10942,Dry Van Duraplate,2024,,,6,UNITED STATES (USA),INDIANA,LAFAYETTE,,,61,Trailer,,,,,5,Box or Van Enclosed Trailer,6,Kingpin,53.000,Van Trailer,2,,
51,510860,2,1,3H3V532K*SS******,2025-06-27 04:48:03,0,6,TRAILER,14282,"HYUNDAI DE MEXICO, S.A. DE C.V.",4876,HYUNDAI TRANSLEAD TRAILERS,11496,Hyundai Translead Trailers,2025,,,12,MEXICO,BAJA CALIFORNIA,ROSARITO,,Body Type: SEMITRAILER,61,Trailer,,,,,5,Box or Van Enclosed Trailer,6,Kingpin,53.000,,2,,
53,530002,1,1,1JJV281D*HL******,2025-06-27 04:48:03,0,6,TRAILER,14508,WABASH NATIONAL CORPORATION,12319,WABASH VANS,10942,Dry Van Duraplate,2017,,,6,UNITED STATES (USA),INDIANA,LAFAYETTE,,,61,Trailer,,,,,5,Box or Van Enclosed Trailer,,,28.000,,1,,
53,530028,2,1,1UYVS253*R2******,2025-06-27 04:48:03,0,6,TRAILER,10289,UTILITY TRAILER MANUFACTURING COMPANY,10138,UTILITY TRAILER MANUFACTURER,26222,Utility Trailer Manufacturer,2024,,,6,UNITED STATES (USA),UTAH,CLEARFIELD,,,61,Trailer,,,,,5,Box or Van Enclosed Trailer,4,Straight Semi/Semi Trailer,53.000,,2,,
53,530036,3,1,1BN1T324*5P******,2025-06-27 04:48:03,0,6,TRAILER,4571,"BEALL MANUFACTURING, INC.",4862,BEALL TRAILERS,11201,Beall Trailers,2005,,,6,UNITED STATES (USA),OREGON,PORTLAND,,,61,Trailer,,,,,15,Tank Trailer,14,Bumper Pull,32.000,,4,,
53,530058,2,1,5REFA648*6S******,2025-06-27 04:48:03,0,6,TRAILER,3583,"RELIANCE TRAILER CO., LLC",11546,"RELIANCE, ALLOY, COMET, STURDYWELD",29820,"Reliance, Alloy, Comet, Sturdyweld",2006,,,6,UNITED STATES (USA),WASHINGTON,SPOKANE,,,61,Trailer,9,"Class 8: 33,001 lb and above (14,969 kg and above)",,,180,"Grain, Chip, or Gravel Trailer",,,,Transfer Chassis,4,,
53,530094,2,1,7JEPU212*PG******,2025-06-27 04:48:03,0,6,TRAILER,8949,"LUCON, INC.",2202,LUCON,5989,Lucon,2023,,,6,UNITED STATES (USA),GEORGIA,GRIFFIN,,,61,Trailer,,,,,16,Utility Trailer,2,Pintle Hitch/Hook,21.000,,2,,
53,530102,1,1,1GRAA062*9W******,2025-06-27 04:48:03,0,6,TRAILER,1073,GREAT DANE TRAILERS,520,GREAT DANE TRAILERS,13436,Great Dane Trailers,2009,,,6,UNITED STATES (USA),NEBRASKA,WAYNE,,,61,Trailer,,,,,5,Box or Van Enclosed Trailer,4,Straight Semi/Semi Trailer,53.000,Dry Freight/ Reefer/ Insulated Van,2,,
53,530103,2,1,1W1K6533*N5******,2025-06-27 04:48:03,0,6,TRAILER,11681,WILSON TRAILER CO.,10450,WILSON,27561,Wilson,2022,,,6,UNITED STATES (USA),SOUTH DAKOTA,YANKTON,,,61,Trailer,,,,,13,Live Animal Trailer,6,Kingpin,53.000,,3,,
53,530122,1,1,3H3C492S*RT******,2025-06-27 04:48:03,0,6,TRAILER,14282,"HYUNDAI DE MEXICO, S.A. DE C.V.",4876,HYUNDAI TRANSLEAD TRAILERS,11496,Hyundai Translead Trailers,1994,,,12,MEXICO,BAJA CALIFORNIA,TIJUANA,,,61,Trailer,,,,,109,Intermodal Container Chassis or Trailer,,,49.000,Material: Steel,2,,
53,530137,1,1,3H3V534C*GT******,2025-06-27 04:48:03,0,6,TRAILER,14282,"HYUNDAI DE MEXICO, S.A. DE C.V.",4876,HYUNDAI TRANSLEAD TRAILERS,11496,Hyundai Translead Trailers,2016,,,12,MEXICO,BAJA CALIFORNIA,TIJUANA,,,61,Trailer,,,,,5,Box or Van Enclosed Trailer,,,53.000,Van Trailer,4,,
53,530144,2,1,4YDT2892*MJ******,2025-06-27 04:48:03,0,6,TRAILER,2347,KEYSTONE RV,7615,KEYSTONE,20555,Keystone,2021,,,6,UNITED STATES (USA),INDIANA,GOSHEN,802/803,Recreational Vehicles,61,Trailer,,,,,10,Camping or Travel Trailer,14,Bumper Pull,28.000,Travel Trailer,2,,
53,530153,1,1,4P5E6101*M1******,2025-06-27 04:48:03,0,6,TRAILER,16013,"PJ TRAILERS MANUFACTURING, INC.",6060,PJ,28324,PJ,2021,,,6,UNITED STATES (USA),TEXAS,SUMNER,,,61,Trailer,,,,,16,Utility Trailer,30,Other,10.000,Variable HITCH based on Size/Type of Trailer,1,,
53,530184,1,1,1Z9PS494*HW163***,2025-06-27 04:48:03,0,6,TRAILER,3836,"OSW EQUIPMENT & REPAIR, LLC",8246,OSW EQUIPMENT & REPAIR INC,21942,OSW Equipment & Repair Inc Trailer,2017,,,6,UNITED STATES (USA),WASHINGTON,WOODINVILLE,,,61,Trailer,,,,,4,Dump Trailer,,,49.000,Steel Body,4,,
53,530195,6,1,1UYVS253*7U******,2025-06-27 04:48:03,0,6,TRAILER,10289,UTILITY TRAILER MANUFACTURING COMPANY,10138,UTILITY TRAILER MANUFACTURER,26222,Utility Trailer Manufacturer,2007,,,6,UNITED STATES (USA),UTAH,CLEARFIELD,,,61,Trailer,,,,,5,Box or Van Enclosed Trailer,4,Straight Semi/Semi Trailer,53.000,,2,,
53,530208,2,1,3H3V532C*LT******,2025-06-27 04:48:03,0,6,TRAILER,14282,"HYUNDAI DE MEXICO, S.A. DE C.V.",4876,HYUNDAI TRANSLEAD TRAILERS,11496,Hyundai Translead Trailers,2020,,,12,MEXICO,BAJA CALIFORNIA,TIJUANA,,,61,Trailer,,,,,5,Box or Van Enclosed Trailer,,,53.000,Van Trailer,2,,
53,530212,2,1,1GRAA062*JB******,2025-06-27 04:48:03,0,6,TRAILER,1073,GREAT DANE TRAILERS,520,GREAT DANE TRAILERS,13436,Great Dane Trailers,1988,,,6,UNITED STATES (USA),INDIANA,BRAZIL,,,61,Trailer,,,,,5,Box or Van Enclosed Trailer,4,Straight Semi/Semi Trailer,6.000,Dry Freight / Reefer / Insulated Van Trailer,2,,
53,530252,3,1,1W16482A*F5******,2025-06-27 04:48:03,0,6,TRAILER,11681,WILSON TRAILER CO.,10450,WILSON,27561,Wilson,2015,,,6,UNITED STATES (USA),SOUTH DAKOTA,YANKTON,,,61,Trailer,,,,,13,Live Animal Trailer,,,48.000,Type of suspension: Air Ride,2,,
53,530258,1,1,558MEBK2*FB******,2025-06-27 04:48:03,0,6,TRAILER,7785,"MAC LTT, INC.",2552,MAC,6384,MAC,2015,,,6,UNITED STATES (USA),MONTANA,BILLINGS,,Connection Type: Straight-Semi with Fifth Wheel & Kingpin,61,Trailer,,,,,15,Tank Trailer,4,Straight Semi/Semi Trailer,40.000,Straight-Semi Trailer with Fifth Wheel & Kingpin,2,,
53,530258,1,2,558MEB22*FB******,2025-06-27 04:48:03,0,6,TRAILER,7785,"MAC LTT, INC.",2552,MAC,6384,MAC,2015,,,6,UNITED STATES (USA),MONTANA,BILLINGS,,Connection Type: Straight-Semi with Fifth Wheel & Kingpin,61,Trailer,,,,,15,Tank Trailer,4,Straight Semi/Semi Trailer,23.000,Straight-Semi Trailer with Fifth Wheel & Kingpin,2,,
53,530273,2,1,1UYFS248*7A******,2025-06-27 04:48:03,0,6,TRAILER,10289,UTILITY TRAILER MANUFACTURING COMPANY,10138,UTILITY TRAILER MANUFACTURER,26222,Utility Trailer Manufacturer,2007,,,6,UNITED STATES (USA),ALABAMA,ENTERPRISE,,,61,Trailer,,,,,6,Flatbed or Platform Trailer,4,Straight Semi/Semi Trailer,48.000,,2,,
53,530277,2,1,1E1H5Z28*PR******,2025-06-27 04:48:03,0,6,TRAILER,5338,EAST MANUFACTURING CORP.,1334,EAST MANUFACTURING CORP.,4686,East Manufacturing Corp,2023,,,6,UNITED STATES (USA),OHIO,RANDOLPH,,,61,Trailer,9,"Class 8: 33,001 lb and above (14,969 kg and above)",,,6,Flatbed or Platform Trailer,,,,Trailer Length 48 and above,2,,
53,530326,2,1,5F7UF202*CU******,2025-06-27 04:48:03,0,6,TRAILER,13153,"BIG BUBBA'S TRAILER SALES, INC.",3931,BIG BUBBA'S TRAILER SALES,8558,"Big Bubba's Trailer Sales, Inc.",2012,,,6,UNITED STATES (USA),UTAH,OGDEN,,,61,Trailer,,,,,6,Flatbed or Platform Trailer,,,20.000,Utility - Steel angle and C-channel,2,,
53,530330,3,1,3H3V532C*LR******,2025-06-27 04:48:03,0,6,TRAILER,14282,"HYUNDAI DE MEXICO, S.A. DE C.V.",4876,HYUNDAI TRANSLEAD TRAILERS,11496,Hyundai Translead Trailers,2020,,,12,MEXICO,BAJA CALIFORNIA,ROSARITO,,,61,Trailer,,,,,5,Box or Van Enclosed Trailer,,,53.000,Van Trailer,2,,
53,530346,3,1,3H3V321C*JT******,2025-06-27 04:48:03,0,6,TRAILER,14282,"HYUNDAI DE MEXICO, S.A. DE C.V.",4876,HYUNDAI TRANSLEAD TRAILERS,11496,Hyundai Translead Trailers,2018,,,12,MEXICO,BAJA CALIFORNIA,TIJUANA,,,61,Trailer,,,,,5,Box or Van Enclosed Trailer,,,32.000,Van Trailer,1,,
53,530352,2,1,59KBU122*P1******,2025-06-27 04:48:03,0,6,TRAILER,15842,"SUMMIT TRAILER MANUFACTURING, INC.",5382,SUMMIT TRAILER,13893,Summit Trailer,2023,,,6,UNITED STATES (USA),OREGON,PORTLAND,,,61,Trailer,,,,,16,Utility Trailer,1,Ball Type Pull,12.000,,2,,
53,530356,2,1,5DN11534*KB******,2025-06-27 04:48:03,0,6,TRAILER,8543,WESTERN TRAILER COMPANY,3808,WESTERN TRAILER COMPANY,8295,Western Trailer Company,2019,,,6,UNITED STATES (USA),IDAHO,BOISE,Western Trailer Company,,61,Trailer,,,,,6,Flatbed or Platform Trailer,4,Straight Semi/Semi Trailer,53.000,"Flatbed (Classic, Elite, Hopper, Flat)",4,,
53,530376,1,1,3H3C492S*RT******,2025-06-27 04:48:03,0,6,TRAILER,14282,"HYUNDAI DE MEXICO, S.A. DE C.V.",4876,HYUNDAI TRANSLEAD TRAILERS,11496,Hyundai Translead Trailers,1994,,,12,MEXICO,BAJA CALIFORNIA,TIJUANA,,,61,Trailer,,,,,109,Intermodal Container Chassis or Trailer,,,49.000,Material: Steel,2,,
53,530390,2,1,1GRAA062*FW******,2025-06-27 04:48:03,0,6,TRAILER,1073,GREAT DANE TRAILERS,520,GREAT DANE TRAILERS,13436,Great Dane Trailers,2015,,,6,UNITED STATES (USA),NEBRASKA,WAYNE,,,61,Trailer,,,,,5,Box or Van Enclosed Trailer,4,Straight Semi/Semi Trailer,53.000,Dry Freight Van / Reefer Van / Insulated Van,2,,
53,530406,2,2,1UYFS245*VA******,2025-06-27 04:48:03,0,6,TRAILER,10289,UTILITY TRAILER MANUFACTURING COMPANY,10138,UTILITY TRAILER MANUFACTURER,26222,Utility Trailer Manufacturer,1997,,,6,UNITED STATES (USA),ALABAMA,ENTERPRISE,,,61,Trailer,,,,,6,Flatbed or Platform Trailer,4,Straight Semi/Semi Trailer,45.000,,2,,
53,530463,2,1,1UYVS353*DU******,2025-06-27 04:48:03,0,6,TRAILER,10289,UTILITY TRAILER MANUFACTURING COMPANY,10138,UTILITY TRAILER MANUFACTURER,26222,Utility Trailer Manufacturer,2013,,,6,UNITED STATES (USA),UTAH,CLEARFIELD,,,61,Trailer,,,,,5,Box or Van Enclosed Trailer,4,Straight Semi/Semi Trailer,53.000,,3,,
53,530523,2,1,3UTVS253*R8******,2025-06-27 04:48:03,0,6,TRAILER,10289,UTILITY TRAILER MANUFACTURING COMPANY,10138,UTILITY TRAILER MANUFACTURER,26222,Utility Trailer Manufacturer,2024,,,12,MEXICO,,PIEDRAS NEGRAS,,,61,Trailer,,,,,5,Box or Van Enclosed Trailer,4,Straight Semi/Semi Trailer,53.000,,2,,
53,530573,1,1,LJRC5426*G1******,2025-06-27 04:48:03,0,6,TRAILER,9950,"CIMC VEHICLES GROUP CO., LTD.",4101,CIMC VEHICLES GROUP CO,8811,CIMC VEHICLES GROUP CO,2016,,,8,CHINA,,SHENZHEN,,"GVWR = 30,000-34,990kg",61,Trailer,9,"Class 8: 33,001 lb and above (14,969 kg and above)",,,109,Intermodal Container Chassis or Trailer,,,54.000,,2,,
53,530573,5,1,57VAA532*P1******,2025-06-27 04:48:03,0,6,TRAILER,7668,"CIMC INTERMODAL EQUIPMENT, LLC",1388,CIMC,4736,CIMC,2023,,,6,UNITED STATES (USA),CALIFORNIA,SOUTH GATE,,,61,Trailer,,,,,109,Intermodal Container Chassis or Trailer,3,Gooseneck,53.000,,2,,
53,530607,2,1,3H3V532C*HT******,2025-06-27 04:48:03,0,6,TRAILER,14282,"HYUNDAI DE MEXICO, S.A. DE C.V.",4876,HYUNDAI TRANSLEAD TRAILERS,11496,Hyundai Translead Trailers,2017,,,12,MEXICO,BAJA CALIFORNIA,TIJUANA,,,61,Trailer,,,,,5,Box or Van Enclosed Trailer,,,53.000,Van Trailer,2,,
53,530608,2,1,1E9T5160*5E007***,2025-06-27 04:48:03,0,6,TRAILER,12434,E.D. ETNYRE & CO,9133,ETNYRE,23367,Etnyre,2005,,,6,UNITED STATES (USA),ILLINOIS,OREGON,,,61,Trailer,,,,,15,Tank Trailer,,,51.000,,6,,
53,530621,1,1,7H0TF122*NN******,2025-06-27 04:48:03,0,6,TRAILER,1492,INTECH TRAILERS INC.,8211,INTECH TRAILERS,21891,inTech Trailers,2022,,,6,UNITED STATES (USA),INDIANA,NAPPANEE,,,61,Trailer,,,,,111,Specialty Trailer,1,Ball Type Pull,12.000,Fiber Trailer,2,,
54,540049,2,1,1E1F9U28*JR******,2025-06-27 04:48:03,0,6,TRAILER,5338,EAST MANUFACTURING CORP.,1334,EAST MANUFACTURING CORP.,4686,East Manufacturing Corp,2018,,,6,UNITED STATES (USA),OHIO,RANDOLPH,,,61,Trailer,9,"Class 8: 33,001 lb and above (14,969 kg and above)",,,4,Dump Trailer,,,40.000,Frameless Trailer,2,,
54,540054,3,1,1GR4M062*PH******,2025-06-27 04:48:03,0,6,TRAILER,1073,GREAT DANE TRAILERS,520,GREAT DANE TRAILERS,13436,Great Dane Trailers,2023,,,6,UNITED STATES (USA),TENNESSEE,HUNTSVILLE,,,61,Trailer,,,,,6,Flatbed or Platform Trailer,6,Kingpin,53.000,Semitrailer - Platform Trailer,2,,
54,540057,2,1,46UFU302*P1******,2025-06-27 04:48:03,0,6,TRAILER,16231,"ROADCLIPPER ENTERPRISES, INC.",9987,"ROADCLIPPER ENTERPRISES, INC.",25839,"Roadclipper Enterprises, Inc.",2023,,,6,UNITED STATES (USA),TEXAS,MT. PLEASANT,,,61,Trailer,,,,,16,Utility Trailer,3,Gooseneck,30.000,Gooseneck - 5th Wheel or Pin,2,,
54,540060,1,1,1UYVS253*GG******,2025-06-27 04:48:03,0,6,TRAILER,10289,UTILITY TRAILER MANUFACTURING COMPANY,10138,UTILITY TRAILER MANUFACTURER,26222,Utility Trailer Manufacturer,2016,,,6,UNITED STATES (USA),VIRGINIA,GLADE SPRING,,,61,Trailer,,,,,5,Box or Van Enclosed Trailer,4,Straight Semi/Semi Trailer,53.000,,2,,
54,540062,3,1,13N14820*J1******,2025-06-27 04:48:03,0,6,TRAILER,12268,FONTAINE COMMERCIAL TRAILER INC.,1128,FONTAINE TRAILER CO.,4416,Fontaine Trailer Co.,2018,,,6,UNITED STATES (USA),ALABAMA,HALEYVILLE,,Optional Features: None,61,Trailer,,,,,6,Flatbed or Platform Trailer,,,48.000,,2,,
54,540079,2,1,1B9P2420*71014***,2025-06-27 04:48:03,0,6,TRAILER,1897,BARRETT TRAILERS LLC,5076,"BARRETT TRAILERS, INC.",12525,"Barrett Trailers, Inc.",2007,,,6,UNITED STATES (USA),OKLAHOMA,OKLAHOMA CITY,,,61,Trailer,,,,,,,3,Gooseneck,24.000,Not used,2,,
54,540100,1,1,5EF2DF38*KB******,2025-06-27 04:48:03,0,6,TRAILER,4094,CHEETAH CHASSIS CORPORATION,4029,CHEETAH CHASSIS,8699,CHEETAH CHASSIS,2019,,,6,UNITED STATES (USA),PENNSYLVANIA,BERWICK,,,61,Trailer,,,,,46,Incomplete Trailer Chassis,4,Straight Semi/Semi Trailer,38.000,Drop Frame Chassis,2,,
54,540119,1,1,13N4482C*11******,2025-06-27 04:48:03,0,6,TRAILER,12268,FONTAINE COMMERCIAL TRAILER INC.,1128,FONTAINE TRAILER CO.,4416,Fontaine Trailer Co.,2001,,,6,UNITED STATES (USA),ALABAMA,HALEYVILLE,,,61,Trailer,,,,,6,Flatbed or Platform Trailer,,,48.000,Telescoping Platform Trailer,2,,
54,540139,1,1,1UYVS253*P3******,2025-06-27 04:48:03,0,6,TRAILER,10289,UTILITY TRAILER MANUFACTURING COMPANY,10138,UTILITY TRAILER MANUFACTURER,26222,Utility Trailer Manufacturer,2023,,,6,UNITED STATES (USA),ARKANSAS,PARAGOULD,,,61,Trailer,,,,,5,Box or Van Enclosed Trailer,4,Straight Semi/Semi Trailer,53.000,,2,,
54,540147,1,1,1JJV532D*PL******,2025-06-27 04:48:03,0,6,TRAILER,14508,WABASH NATIONAL CORPORATION,12319,WABASH VANS,10942,Dry Van Duraplate,2023,,,6,UNITED STATES (USA),INDIANA,LAFAYETTE,,,61,Trailer,,,,,5,Box or Van Enclosed Trailer,6,Kingpin,53.000,,2,,
54,540155,1,1,1GRAP062*FJ******,2025-06-27 04:48:03,0,6,TRAILER,1073,GREAT DANE TRAILERS,520,GREAT DANE TRAILERS,13436,Great Dane Trailers,2015,,,6,UNITED STATES (USA),ARKANSAS,JONESBORO,,"Jacksonville Florida (ended 02/1988); Jonesboro, Arkansas (effective 09/03/02)",61,Trailer,,,,,5,Box or Van Enclosed Trailer,4,Straight Semi/Semi Trailer,53.000,Dry Freight Van / Reefer Van / Insulated Van,2,,
54,540179,1,1,5MAPA482*LH******,2025-06-27 04:48:03,0,6,TRAILER,5950,"MAC TRAILER MFG, INC.",6826,MAC TRAILER MANUFACTURING,18288,MAC TRAILER MANUFACTURING,2020,,,6,UNITED STATES (USA),OKLAHOMA,,OKLAHOMA 90,,61,Trailer,,,,,6,Flatbed or Platform Trailer,6,Kingpin,48.000,Body with Aluminum Frame,2,,
54,540179,2,1,1UYVS253*FP******,2025-06-27 04:48:03,0,6,TRAILER,10289,UTILITY TRAILER MANUFACTURING COMPANY,10138,UTILITY TRAILER MANUFACTURER,26222,Utility Trailer Manufacturer,2015,,,6,UNITED STATES (USA),ARKANSAS,PARAGOULD,,,61,Trailer,,,,,5,Box or Van Enclosed Trailer,4,Straight Semi/Semi Trailer,53.000,,2,,
54,540179,3,1,5EF2GC53*EB******,2025-06-27 04:48:03,0,6,TRAILER,4094,CHEETAH CHASSIS CORPORATION,4029,CHEETAH CHASSIS,8699,CHEETAH CHASSIS,2014,,,6,UNITED STATES (USA),PENNSYLVANIA,BERWICK,,,61,Trailer,,,,,46,Incomplete Trailer Chassis,3,Gooseneck,53.000,,2,,
54,540183,2,1,1A9PA422*KD503***,2025-06-27 04:48:03,0,6,TRAILER,17223,ALLOY CUSTOM PRODUCTS LLC,7781,ALLOY CUSTOM PRODUCTS,20846,Alloy Custom Products,2019,,,6,UNITED STATES (USA),,DELPHI,,,61,Trailer,,,,,15,Tank Trailer,,,42.000,Cryogenic Trailer,2,,
54,540194,1,1,5JYLT422*LP******,2025-06-27 04:48:03,1,6,TRAILER,2290,PITTS ENTERPRISES INC,2831,PITTS TRAILERS,6775,Pitts Trailers,2020,,,6,UNITED STATES (USA),ALABAMA,PITTSVIEW,,,61,Trailer,,,,,6,Flatbed or Platform Trailer,,,42.000,Straight Frame trailer,2,,
54,540201,2,1,1E1F9R28*NR******,2025-06-27 04:48:03,0,6,TRAILER,5338,EAST MANUFACTURING CORP.,1334,EAST MANUFACTURING CORP.,4686,East Manufacturing Corp,2022,,,6,UNITED STATES (USA),OHIO,RANDOLPH,,,61,Trailer,9,"Class 8: 33,001 lb and above (14,969 kg and above)",,,4,Dump Trailer,,,34.000,Frameless Trailer,2,,
54,540203,3,1,16V3F482*P6******,2025-06-27 04:48:03,0,6,TRAILER,9132,"BIG TEX TRAILER MANUFACTURING, LLC",1136,BIG TEX,5625,Big Tex,2023,,,6,UNITED STATES (USA),TEXAS,WILLS POINT,"Big Tex Trailer Manufacturing, Inc.",,61,Trailer,,,,,6,Flatbed or Platform Trailer,3,Gooseneck,48.000,,2,,
55,550003,1,1,1JJV532W*7L******,2025-06-27 04:48:03,0,6,TRAILER,14508,WABASH NATIONAL CORPORATION,4847,WABASH,13327,Wabash National Corporation,2007,,,6,UNITED STATES (USA),INDIANA,LAFAYETTE,,,61,Trailer,,,,,5,Box or Van Enclosed Trailer,,,53.000,,2,,
55,550017,2,1,1GRAA062*FB******,2025-06-27 04:48:03,0,6,TRAILER,1073,GREAT DANE TRAILERS,520,GREAT DANE TRAILERS,13436,Great Dane Trailers,2015,,,6,UNITED STATES (USA),INDIANA,BRAZIL,,,61,Trailer,,,,,5,Box or Van Enclosed Trailer,4,Straight Semi/Semi Trailer,53.000,Dry Freight Van / Reefer Van / Insulated Van,2,,
55,550030,2,1,1DW1A532*GS******,2025-06-27 04:48:03,0,6,TRAILER,13506,"STOUGHTON TRAILERS, INC.",3414,STOUGHTON TRAILERS,7701,Stoughton trailers,2016,,,6,UNITED STATES (USA),WISCONSIN,STOUGHTON,"Stoughton Trailers, INC",,61,Trailer,,,,,5,Box or Van Enclosed Trailer,4,Straight Semi/Semi Trailer,53.000,Van Trailer,2,,
55,550031,1,1,1GRAA962*8W******,2025-06-27 04:48:03,0,6,TRAILER,1073,GREAT DANE TRAILERS,520,GREAT DANE TRAILERS,13436,Great Dane Trailers,2008,,,6,UNITED STATES (USA),NEBRASKA,WAYNE,,,61,Trailer,,,,,5,Box or Van Enclosed Trailer,4,Straight Semi/Semi Trailer,48.000,Dry Freight/ Reefer/ Insulated Van,2,,
55,550035,2,1,1P9XT473*GB343***,2025-06-27 04:48:03,0,6,TRAILER,8027,PRATT INDUSTRIES (US) LLC,3015,PRATT INDUSTRIES,7027,Pratt Industries,2016,,,6,UNITED STATES (USA),MICHIGAN,BRIDGMAN,,,61,Trailer,,,,,101,Other Trailer,4,Straight Semi/Semi Trailer,47.000,Unknown Body Type,3,,
55,550052,1,1,5WSABB23*RN******,2025-06-27 04:48:03,0,6,TRAILER,10142,WALKER STAINLESS EQUIPMENT CO,12518,WABASH TANKS,32629,NON-DOT/TC Spec,2024,,,6,UNITED STATES (USA),WISCONSIN,NEW LISBON,,,61,Trailer,,,,,15,Tank Trailer,4,Straight Semi/Semi Trailer,,Trailer Length (feet): 40-49,,3,Tandem
55,550069,2,1,5MADA343*GC******,2025-06-27 04:48:03,0,6,TRAILER,5950,"MAC TRAILER MFG, INC.",6826,MAC TRAILER MANUFACTURING,18288,MAC TRAILER MANUFACTURING,2016,,,6,UNITED STATES (USA),OHIO,ALLIANCE,,Commerce Street,61,Trailer,,,,,4,Dump Trailer,,,34.000,Aluminum Frame,3,,
55,550088,3,1,5JW3U252*L3******,2025-06-27 04:48:03,0,6,TRAILER,9916,NOVAE LLC,2410,SURE-TRAC,6193,Sure-Trac Trailers,2020,,,6,UNITED STATES (USA),INDIANA,COLUMBIA CITY,,,61,Trailer,,,,,16,Utility Trailer,3,Gooseneck,25.000,Open Body,2,,
55,550097,2,1,1UNST422*EL******,2025-06-27 04:48:03,0,6,TRAILER,1739,"DRAGON PRODUCTS, LLC",956,DRAGON PRODUCTS,4976,Dragon Products,2014,,,6,UNITED STATES (USA),TEXAS,LAPORTE,,,61,Trailer,,,,,15,Tank Trailer,4,Straight Semi/Semi Trailer,42.000,,2,,
55,550102,2,1,1E1D2N38*PR******,2025-06-27 04:48:03,0,6,TRAILER,5338,EAST MANUFACTURING CORP.,1334,EAST MANUFACTURING CORP.,4686,East Manufacturing Corp,2023,,,6,UNITED STATES (USA),OHIO,RANDOLPH,,,61,Trailer,9,"Class 8: 33,001 lb and above (14,969 kg and above)",,,4,Dump Trailer,,,30.000,Aluminum Body - Aluminum Frame,3,,
55,550138,2,1,5HTAM442*47******,2025-06-27 04:48:03,0,6,TRAILER,5564,"HEIL TRAILER INTERNATIONAL, CO",2365,HEIL TRAILER INTERNATIONAL,6142,Heil Trailer International,2004,,,6,UNITED STATES (USA),TENNESSEE,ATHENS,,,61,Trailer,,,,,15,Tank Trailer,,,44.000,AL 306/406,2,,
55,550146,1,1,1DW1A532*3S******,2025-06-27 04:48:03,0,6,TRAILER,13506,"STOUGHTON TRAILERS, INC.",3414,STOUGHTON TRAILERS,7701,Stoughton trailers,2003,,,6,UNITED STATES (USA),WISCONSIN,STOUGHTON,"Stoughton Trailers, INC",,61,Trailer,,,,,5,Box or Van Enclosed Trailer,4,Straight Semi/Semi Trailer,53.000,Van Trailer,2,,
55,550156,2,1,1UYVS253*L6******,2025-06-27 04:48:03,0,6,TRAILER,10289,UTILITY TRAILER MANUFACTURING COMPANY,10138,UTILITY TRAILER MANUFACTURER,26222,Utility Trailer Manufacturer,2020,,,6,UNITED STATES (USA),VIRGINIA,MARION,,,61,Trailer,,,,,5,Box or Van Enclosed Trailer,4,Straight Semi/Semi Trailer,53.000,,2,,
55,550161,1,1,1JJV532D*DL******,2025-06-27 04:48:03,0,6,TRAILER,14508,WABASH NATIONAL CORPORATION,12319,WABASH VANS,10942,Dry Van Duraplate,2013,,,6,UNITED STATES (USA),INDIANA,LAFAYETTE,,,61,Trailer,,,,,5,Box or Van Enclosed Trailer,,,53.000,,2,,
55,550163,1,1,7K7US182*PM******,2025-06-27 04:48:03,0,6,TRAILER,19395,"MORAN WELDING, INC.",10132,MORAN WELDING,26197,Moran Welding,2023,,,6,UNITED STATES (USA),MISSOURI,TROY,BROOKS BROTHERS,,61,Trailer,,,,,16,Utility Trailer,,,18.000,Standard,2,,
55,550230,2,1,14DSE091*HC******,2025-06-27 04:48:03,0,6,TRAILER,13425,CHILTON MANUFACTURING CORPORATION,2063,CHILTON MANUFACTURING CORP.,5817,Chilton Manufacturing Corp.,2017,,,6,UNITED STATES (USA),WISCONSIN,CHILTON,,"Width of Bed (Not Overall Width): 73""-84",61,Trailer,,,,,101,Other Trailer,,,9.000,Special-Built to consumer specification,1,,
55,550249,1,1,1TKP0422*HW******,2025-06-27 04:48:03,0,6,TRAILER,13498,TRAIL KING INDUSTRIES,3251,TRAIL KING INDUSTRIES,7386,TRAIL KING INDUSTRIES,2017,,,6,UNITED STATES (USA),NORTH DAKOTA,WEST FARGO,,"Trailer Length: Inverted Hoist = Add 2FT (but leave the unit part # as is) / Extend Apron = Add 1 FT (if apron 14"" extended floor plate)",61,Trailer,,,,,15,Tank Trailer,,,42.000,"Pneumatic (APB, AVB) Trailer",2,,
55,550276,2,1,1PMS5412*C1******,2025-06-27 04:48:03,0,6,TRAILER,6179,"POLAR TANK TRAILER, LLC",2921,POLAR TANK TRAILER,6874,Polar Tank Trailer,2012,,,6,UNITED STATES (USA),MINNESOTA,OPOLE,,,61,Trailer,,,,,15,Tank Trailer,,,41.000,Vessel Code: Sanitary (3-A),2,,
55,550284,2,1,5EF2GC53*6B******,2025-06-27 04:48:03,0,6,TRAILER,4094,CHEETAH CHASSIS CORPORATION,4029,CHEETAH CHASSIS,8699,CHEETAH CHASSIS,2006,,,6,UNITED STATES (USA),PENNSYLVANIA,BERWICK,,,61,Trailer,,,,,46,Incomplete Trailer Chassis,3,Gooseneck,53.000,,2,,
55,550298,1,1,4TGF2620*M1******,2025-06-27 04:48:03,0,6,TRAILER,3694,"TITAN TRAILER MFG., INC.",3623,TITAN TRAILER MFG,7997,Titan Trailer MFG,2021,,,6,UNITED STATES (USA),KANSAS,WATERVILLE,,Position Currently not in use,61,Trailer,,,,,6,Flatbed or Platform Trailer,,,26.000,,2,,
55,550336,1,1,1S9T7422*R0017***,2025-06-27 04:48:03,0,6,TRAILER,19475,"STAINLESS TANK AND EQUIPMENT, LLC",5781,STAINLESS TANK & EQUIPMENT LLC,15137,Stainless Tank & Equipment LLC Trailer,1994,MC 307,,6,UNITED STATES (USA),WISCONSIN,COTTAGE GROVE,,,61,Trailer,,,,,15,Tank Trailer,4,Straight Semi/Semi Trailer,42.000,,2,,
55,550338,1,1,5L3EX253*EL******,2025-06-27 04:48:03,0,6,TRAILER,3259,"TRAILERMAN TRAILERS, INC.",3345,"TRAILERMAN TRAILERS, INC.",7538,"TRAILERMAN TRAILERS, INC.",2014,,,6,UNITED STATES (USA),MISSOURI,LOUISIANA,,,61,Trailer,,,,,6,Flatbed or Platform Trailer,,,25.000,Tongue Pull,3,,
55,550340,1,1,4KNTT162*4L******,2025-06-27 04:48:03,0,6,TRAILER,16566,"MONROE TOWMASTER, LLC",9174,TOWMASTER INC.,23410,Towmaster Inc.,2004,Towmaster,,6,UNITED STATES (USA),MINNESOTA,LITCHFIELD,,,61,Trailer,,,,,6,Flatbed or Platform Trailer,,,16.000,Tilt Trailer,2,,
55,550340,2,1,1JJV532B*GL******,2025-06-27 04:48:03,0,6,TRAILER,14508,WABASH NATIONAL CORPORATION,12319,WABASH VANS,10945,Refrigerated Van,2016,,,6,UNITED STATES (USA),INDIANA,LAFAYETTE,,,61,Trailer,,,,,5,Box or Van Enclosed Trailer,,,53.000,,2,,
55,550347,1,1,1UYVS253*GU******,2025-06-27 04:48:03,0,6,TRAILER,10289,UTILITY TRAILER MANUFACTURING COMPANY,10138,UTILITY TRAILER MANUFACTURER,26222,Utility Trailer Manufacturer,2016,,,6,UNITED STATES (USA),UTAH,CLEARFIELD,,,61,Trailer,,,,,5,Box or Van Enclosed Trailer,4,Straight Semi/Semi Trailer,53.000,,2,,
55,550349,2,1,1TTF532A*J3******,2025-06-27 04:48:03,0,6,TRAILER,8231,TRANSCRAFT CORPORATION,12051,BENSON/WABASH,27664,Aluminium Flatbed,2018,,,6,UNITED STATES (USA),KENTUCKY,CADIZ,,,61,Trailer,,,,,6,Flatbed or Platform Trailer,6,Kingpin,53.000,,2,,
55,550362,2,1,1UYVS253*S6******,2025-06-27 04:48:03,0,6,TRAILER,10289,UTILITY TRAILER MANUFACTURING COMPANY,10138,UTILITY TRAILER MANUFACTURER,26222,Utility Trailer Manufacturer,2025,,,6,UNITED STATES (USA),VIRGINIA,MARION,,,61,Trailer,,,,,5,Box or Van Enclosed Trailer,4,Straight Semi/Semi Trailer,53.000,,2,,
55,550372,3,1,1TDH4002*9B******,2025-06-27 04:48:03,0,6,TRAILER,8330,TIMPTE INC.,5331,"TIMPTE, INC",13636,Timpte,2009,,,6,UNITED STATES (USA),NEBRASKA,DAVID CITY,,"Seventh VIN position indicates the additional length of the trailer to the nearest inch up to 9 inches. If the additional length is 10 inches or more the seventh character is zero (0) and the sixth character will be increased to the next foot. For example : a 42ft 9in trailer will be represent in VIN position 5, 6 & 7 as ""429"" and a 42ft 10in. trailer will be represented in VIN position 5 , 6 & 7 as ""430"" respectively.",61,Trailer,,,,,180,"Grain, Chip, or Gravel Trailer",,,40.000,Dry Bulk-Bottom Hopper Trailer,2,,
55,550394,2,1,1UYVS253*P7******,2025-06-27 04:48:03,0,6,TRAILER,10289,UTILITY TRAILER MANUFACTURING COMPANY,10138,UTILITY TRAILER MANUFACTURER,26222,Utility Trailer Manufacturer,2023,,,6,UNITED STATES (USA),VIRGINIA,GLADE SPRING,,,61,Trailer,,,,,5,Box or Van Enclosed Trailer,4,Straight Semi/Semi Trailer,53.000,,2,,
55,550395,1,1,527SR532*RM******,2025-06-27 04:48:03,0,6,TRAILER,6703,VANGUARD REEFER TRAILER INC.,1561,"CIMC REEFER TRAILER,INC",4978,"CIMC REEFER TRAILER,INC.",2024,,,6,UNITED STATES (USA),INDIANA,MONON,"CIMC Reefer Trailer,Inc",,61,Trailer,,,,,5,Box or Van Enclosed Trailer,4,Straight Semi/Semi Trailer,53.000,Reefer Van Trailer,2,,
55,550400,1,1,1JJV532B*CL******,2025-06-27 04:48:03,0,6,TRAILER,14508,WABASH NATIONAL CORPORATION,12319,WABASH VANS,10945,Refrigerated Van,2012,,,6,UNITED STATES (USA),INDIANA,LAFAYETTE,,,61,Trailer,,,,,5,Box or Van Enclosed Trailer,,,53.000,,2,,
55,550405,1,1,1W1K4412*P2******,2025-06-27 04:48:03,0,6,TRAILER,11681,WILSON TRAILER CO.,10450,WILSON,27561,Wilson,2023,,,6,UNITED STATES (USA),IOWA,SIOUX CITY,,,61,Trailer,,,,,180,"Grain, Chip, or Gravel Trailer",6,Kingpin,41.000,Grain Trailer,2,,
55,550422,2,1,5WSABB23*PN******,2025-06-27 04:48:03,0,6,TRAILER,10142,WALKER STAINLESS EQUIPMENT CO,12518,WABASH TANKS,32629,NON-DOT/TC Spec,2023,,,6,UNITED STATES (USA),WISCONSIN,NEW LISBON,,,61,Trailer,,,,,15,Tank Trailer,4,Straight Semi/Semi Trailer,,Trailer Length (feet): 40-49,,3,Tandem
55,550476,2,1,4A9C3G22*PC129***,2025-06-27 04:48:03,0,6,TRAILER,19311,ARROW TANK AND ENGINEERING CO.,10087,ARROW TANK AND ENGINEERING CO.,26041,Arrow Tank and Engineering Co.,2023,,,6,UNITED STATES (USA),MINNESOTA,CAMBRIDGE,Main Plant,,61,Trailer,,,,,15,Tank Trailer,,,,Trailer Length (feet): 30-53,2,3,Tandem
55,550495,1,1,1GR1P062*PJ******,2025-06-27 04:48:03,0,6,TRAILER,1073,GREAT DANE TRAILERS,520,GREAT DANE TRAILERS,13436,Great Dane Trailers,2023,,,6,UNITED STATES (USA),ARKANSAS,JONESBORO,,,61,Trailer,,,,,5,Box or Van Enclosed Trailer,6,Kingpin,53.000,"Semitrailer - Dry freight, Reefer, or Insulated van",2,,
55,550497,2,1,1JJV532B*DL******,2025-06-27 04:48:03,0,6,TRAILER,14508,WABASH NATIONAL CORPORATION,12319,WABASH VANS,10945,Refrigerated Van,2013,,,6,UNITED STATES (USA),INDIANA,LAFAYETTE,,,61,Trailer,,,,,5,Box or Van Enclosed Trailer,,,53.000,,2,,
55,550497,3,1,3H3V532C*HT******,2025-06-27 04:48:03,0,6,TRAILER,14282,"HYUNDAI DE MEXICO, S.A. DE C.V.",4876,HYUNDAI TRANSLEAD TRAILERS,11496,Hyundai Translead Trailers,2017,,,12,MEXICO,BAJA CALIFORNIA,TIJUANA,,,61,Trailer,,,,,5,Box or Van Enclosed Trailer,,,53.000,Van Trailer,2,,
55,550508,2,1,1TDH4222*MB******,2025-06-27 04:48:03,0,6,TRAILER,8330,TIMPTE INC.,5331,"TIMPTE, INC",13636,Timpte,2021,,,6,UNITED STATES (USA),NEBRASKA,DAVID CITY,,"Seventh VIN position indicates the additional length of the trailer to the nearest inch up to 9 inches. If the additional length is 10 inches or more the seventh character is zero (0) and the sixth character will be increased to the next foot. For example : a 42ft 9in trailer will be represent in VIN position 5, 6 & 7 as ""429"" and a 42ft 10in. trailer will be represented in VIN position 5 , 6 & 7 as ""430"" respectively.",61,Trailer,,,,,180,"Grain, Chip, or Gravel Trailer",,,42.000,Dry Bulk Bottom Hopper Trailer,2,,
55,550532,2,1,4ZEDT142*L1******,2025-06-27 04:48:03,0,6,TRAILER,3684,LOAD TRAIL LLC,2111,LOAD TRAIL,5874,Load Trail,2020,,,6,UNITED STATES (USA),TEXAS,SUMNER,,,61,Trailer,,,,,4,Dump Trailer,,,14.000,,2,,
56,560003,1,1,1JJV532D*KL******,2025-06-27 04:48:03,0,6,TRAILER,14508,WABASH NATIONAL CORPORATION,12319,WABASH VANS,10942,Dry Van Duraplate,2019,,,6,UNITED STATES (USA),INDIANA,LAFAYETTE,,,61,Trailer,,,,,5,Box or Van Enclosed Trailer,,,53.000,,2,,
56,560003,2,1,5HTDL424*75******,2025-06-27 04:48:03,0,6,TRAILER,5564,"HEIL TRAILER INTERNATIONAL, CO",2365,HEIL TRAILER INTERNATIONAL,6142,Heil Trailer International,2007,,,6,UNITED STATES (USA),TEXAS,RHOME,,Body Shape: Round Double Conical,61,Trailer,,,,,15,Tank Trailer,,,42.000,AL 307/407,4,,
56,560038,2,1,1RNF48A2*FR******,2025-06-27 04:48:03,0,6,TRAILER,3579,"REITNOUER, INC.",5594,REITNOUER INC,14493,Reitnouer Inc Trailers,2015,,,6,UNITED STATES (USA),PENNSYLVANIA,READING,,,61,Trailer,9,"Class 8: 33,001 lb and above (14,969 kg and above)",,,6,Flatbed or Platform Trailer,6,Kingpin,48.000,Airride,2,,
56,560092,1,1,1DW1A532*NS******,2025-06-27 04:48:03,0,6,TRAILER,13506,"STOUGHTON TRAILERS, INC.",3414,STOUGHTON TRAILERS,7701,Stoughton trailers,2022,,,6,UNITED STATES (USA),WISCONSIN,STOUGHTON,"Stoughton Trailers, INC",,61,Trailer,,,,,5,Box or Van Enclosed Trailer,4,Straight Semi/Semi Trailer,53.000,Van Trailer,2,,
56,560092,3,1,1JJV532D*PL******,2025-06-27 04:48:03,0,6,TRAILER,14508,WABASH NATIONAL CORPORATION,12319,WABASH VANS,10942,Dry Van Duraplate,2023,,,6,UNITED STATES (USA),INDIANA,LAFAYETTE,,,61,Trailer,,,,,5,Box or Van Enclosed Trailer,6,Kingpin,53.000,,2,,
56,560099,2,1,1W1K6492*N5******,2025-06-27 04:48:03,0,6,TRAILER,11681,WILSON TRAILER CO.,10450,WILSON,27561,Wilson,2022,,,6,UNITED STATES (USA),SOUTH DAKOTA,YANKTON,,,61,Trailer,,,,,13,Live Animal Trailer,6,Kingpin,49.000,,2,,
