STATE,ST_CASE,WEATHER
1,10001,1
1,10002,1
1,10003,1
1,10004,1
1,10005,1
1,10006,1
1,10007,1
1,10008,1
1,10009,2
1,10010,1
1,10011,2
1,10012,10
1,10013,2
1,10014,1
1,10015,1
1,10016,2
1,10017,2
1,10018,10
1,10019,6
1,10020,1
1,10021,1
1,10022,1
1,10024,1
1,10025,1
1,10026,1
1,10027,1
1,10028,1
1,10029,1
1,10030,1
1,10031,1
1,10032,1
1,10033,1
1,10034,2
1,10035,3
1,10035,12
1,10036,1
1,10037,1
1,10038,2
1,10039,1
1,10040,2
1,10041,1
1,10042,1
1,10043,1
1,10044,1
1,10045,1
1,10046,1
1,10047,1
1,10048,1
1,10049,1
1,10050,10
1,10051,1
1,10052,1
1,10053,1
1,10054,1
1,10055,10
1,10056,10
1,10057,1
1,10058,2
1,10059,2
1,10060,10
1,10061,10
1,10062,1
1,10063,1
1,10064,10
1,10065,10
1,10066,10
1,10067,1
1,10068,2
1,10069,2
1,10070,1
1,10071,10
1,10072,1
1,10073,10
1,10074,1
1,10075,1
1,10076,1
1,10077,1
1,10078,1
1,10079,1
1,10080,1
1,10081,1
1,10082,1
1,10083,1
1,10084,1
1,10085,1
1,10086,1
1,10087,1
1,10088,10
1,10089,2
1,10090,2
1,10091,1
1,10092,1
1,10093,10
1,10094,10
1,10095,1
1,10096,2
1,10097,99
1,10098,2
1,10099,10
1,10100,2
1,10101,2
1,10102,1
1,10103,1
1,10104,1
1,10105,1
1,10106,1
1,10107,1
1,10108,1
1,10109,10
1,10110,10
1,10111,10
1,10112,10
1,10113,2
1,10114,2
1,10115,1
1,10116,10
1,10117,2
1,10118,10
1,10119,10
1,10120,1
1,10121,10
1,10122,10
1,10123,1
1,10124,2
1,10125,10
1,10126,2
1,10127,1
1,10128,1
1,10129,1
1,10130,10
1,10131,1
1,10132,1
1,10133,1
1,10134,1
1,10135,1
1,10136,1
1,10137,1
1,10138,1
1,10139,1
1,10140,1
1,10141,1
1,10142,1
1,10143,1
1,10144,1
1,10145,1
1,10146,1
1,10147,1
1,10148,1
1,10149,1
1,10150,10
1,10151,1
1,10152,10
1,10153,10
1,10154,1
1,10155,1
1,10156,1
1,10157,1
1,10158,1
1,10159,1
1,10160,10
1,10161,1
1,10162,1
1,10163,1
1,10164,1
1,10165,1
1,10166,1
1,10167,1
1,10168,1
1,10169,1
1,10170,1
1,10171,10
1,10172,1
1,10173,1
1,10174,10
1,10175,1
1,10176,10
1,10177,1
1,10178,1
1,10179,1
1,10180,1
1,10181,1
1,10182,1
1,10183,1
1,10184,1
1,10185,1
1,10186,1
1,10187,10
1,10188,1
1,10189,1
1,10190,1
1,10191,1
1,10192,1
1,10193,1
1,10194,1
1,10195,1
1,10196,1
1,10197,1
1,10198,1
1,10199,1
1,10200,10
1,10201,1
1,10202,1
1,10203,1
1,10204,1
1,10205,1
1,10207,1
1,10208,1
1,10209,1
1,10210,1
1,10211,1
1,10212,1
1,10213,1
1,10214,10
1,10215,2
1,10216,1
1,10217,10
1,10218,1
1,10219,2
1,10220,1
1,10221,2
1,10222,2
1,10223,98
1,10224,1
1,10225,1
1,10226,1
1,10227,1
1,10228,1
1,10229,1
1,10230,1
1,10231,1
1,10232,1
1,10233,1
1,10234,1
1,10235,10
1,10236,1
1,10237,10
1,10238,10
1,10239,1
1,10240,1
1,10241,1
1,10242,10
1,10243,5
1,10244,1
1,10245,1
1,10246,10
1,10247,2
1,10248,1
1,10249,10
1,10250,2
1,10251,1
1,10252,1
1,10253,1
1,10254,1
1,10255,1
1,10256,1
1,10257,1
1,10258,1
1,10259,1
1,10260,1
1,10261,1
1,10262,1
1,10263,1
1,10264,1
1,10265,1
1,10266,1
1,10267,1
1,10268,1
1,10269,1
1,10270,1
1,10271,1
1,10272,1
1,10273,1
1,10274,2
1,10275,10
1,10276,1
1,10277,1
1,10278,1
1,10279,10
1,10280,1
1,10281,10
1,10282,1
1,10283,1
1,10284,1
1,10285,10
1,10286,1
1,10287,1
1,10288,10
1,10289,10
1,10290,1
1,10291,1
1,10292,10
1,10294,1
1,10295,1
1,10296,10
1,10297,1
1,10298,1
1,10299,10
1,10300,1
1,10301,1
1,10302,1
1,10303,1
1,10304,1
1,10305,1
1,10306,1
1,10307,1
1,10308,10
1,10309,10
1,10310,10
1,10311,1
1,10312,1
1,10313,1
1,10314,1
1,10315,1
1,10316,1
1,10317,10
1,10318,1
1,10319,1
1,10320,1
1,10321,1
1,10322,1
1,10323,10
1,10324,1
1,10325,1
1,10326,1
1,10327,1
1,10328,1
1,10329,1
1,10330,1
1,10331,10
1,10332,10
1,10333,10
1,10334,1
1,10335,1
1,10336,10
1,10337,1
1,10338,2
1,10339,1
1,10340,1
1,10341,1
1,10342,10
1,10343,1
1,10344,1
1,10345,1
1,10346,2
1,10347,10
1,10348,1
1,10349,1
1,10350,2
1,10351,1
1,10352,1
1,10353,1
1,10354,10
1,10355,1
1,10356,1
1,10357,1
1,10358,1
1,10359,1
1,10360,1
1,10361,1
1,10362,1
1,10363,1
1,10364,1
1,10365,1
1,10366,1
1,10367,10
1,10368,1
1,10369,1
1,10370,10
1,10371,1
1,10372,1
1,10373,1
1,10374,2
1,10375,1
1,10376,1
1,10377,1
1,10378,1
1,10379,1
1,10381,1
1,10382,1
1,10383,1
1,10384,1
1,10386,1
1,10387,1
1,10389,1
1,10390,1
1,10391,10
1,10392,1
1,10393,1
1,10394,1
1,10395,1
1,10396,10
1,10397,1
1,10398,1
1,10399,1
1,10400,1
1,10401,1
1,10402,1
1,10403,1
1,10404,1
1,10405,1
1,10406,1
1,10407,1
1,10408,10
1,10409,1
1,10410,1
1,10411,2
1,10412,2
1,10413,1
1,10415,1
1,10416,10
1,10417,1
1,10418,10
1,10419,1
1,10420,10
1,10421,1
1,10422,1
1,10423,1
1,10424,1
1,10425,1
1,10426,1
1,10427,1
1,10428,1
1,10429,2
1,10430,1
1,10431,1
1,10432,10
1,10433,2
1,10434,10
1,10435,99
1,10436,1
1,10437,1
1,10438,1
1,10439,1
1,10440,1
1,10441,1
1,10442,2
1,10443,1
1,10444,1
1,10445,1
1,10446,1
1,10447,1
1,10448,1
1,10449,1
1,10450,1
1,10451,1
1,10452,1
1,10453,1
1,10454,1
1,10455,1
1,10456,1
1,10457,1
1,10458,1
1,10459,1
1,10460,1
1,10461,2
1,10462,2
1,10463,1
1,10464,10
1,10465,10
1,10466,1
1,10467,1
1,10468,10
1,10469,1
1,10470,10
1,10471,10
1,10472,2
1,10473,1
1,10474,1
1,10475,1
1,10476,1
1,10477,10
1,10478,10
1,10479,2
1,10480,2
1,10481,1
1,10482,2
1,10483,1
1,10484,10
1,10485,10
1,10486,10
1,10487,1
1,10488,1
1,10489,10
1,10490,10
1,10491,1
1,10492,1
1,10493,1
1,10494,1
1,10495,1
1,10496,1
1,10497,10
1,10498,1
1,10499,99
1,10500,2
1,10501,1
1,10502,1
1,10503,1
1,10504,1
1,10505,1
1,10506,1
1,10508,1
1,10509,1
1,10510,1
1,10511,1
1,10512,1
1,10513,1
1,10514,1
1,10515,1
1,10516,1
1,10517,1
1,10518,1
1,10519,1
1,10520,1
1,10521,1
1,10522,1
1,10523,1
1,10525,1
1,10526,10
1,10527,1
1,10528,1
1,10529,2
1,10530,1
1,10531,1
1,10532,1
1,10533,10
1,10534,1
1,10535,1
1,10536,1
1,10537,1
1,10538,1
1,10539,1
1,10540,1
1,10541,1
1,10542,1
1,10543,1
1,10544,10
1,10545,1
1,10546,1
1,10547,1
1,10548,1
1,10549,1
1,10550,1
1,10551,1
1,10552,1
1,10553,1
1,10554,1
1,10555,1
1,10556,1
1,10557,1
1,10558,1
1,10559,10
1,10560,10
1,10561,10
1,10562,10
1,10563,1
1,10564,1
1,10565,10
1,10566,1
1,10567,1
1,10568,1
1,10569,1
1,10570,1
1,10571,1
1,10572,10
1,10573,1
1,10574,1
1,10575,10
1,10576,1
1,10577,10
1,10578,1
1,10579,1
1,10580,1
1,10581,1
1,10582,10
1,10583,1
1,10584,1
1,10585,1
1,10586,1
1,10587,1
1,10588,10
1,10589,2
1,10590,1
1,10591,1
1,10592,1
1,10593,1
1,10594,1
1,10595,10
1,10596,1
1,10597,2
1,10598,1
1,10599,2
1,10600,2
1,10601,1
1,10602,2
1,10603,10
1,10604,1
1,10605,1
1,10606,10
1,10607,1
1,10608,1
1,10609,1
1,10610,1
1,10611,1
1,10612,1
1,10613,1
1,10614,1
1,10615,1
1,10616,1
1,10617,1
1,10618,1
1,10619,1
1,10620,1
1,10621,1
1,10622,1
1,10623,1
1,10624,1
1,10625,1
1,10626,1
1,10627,10
1,10628,1
1,10629,1
1,10630,10
1,10631,1
1,10632,1
1,10633,1
1,10634,10
1,10635,10
1,10637,1
1,10638,1
1,10639,2
1,10640,10
1,10641,10
1,10642,10
1,10643,1
1,10644,2
1,10645,1
1,10646,1
1,10647,1
1,10648,1
1,10649,1
1,10650,1
1,10652,1
1,10653,1
1,10654,1
1,10655,1
1,10656,1
1,10657,1
1,10658,10
1,10659,1
1,10660,1
1,10661,1
1,10662,1
1,10663,1
1,10664,1
1,10665,1
1,10666,1
1,10667,1
1,10668,10
1,10669,1
1,10670,1
1,10671,1
1,10672,1
1,10673,1
1,10674,1
1,10675,1
1,10676,10
1,10677,1
1,10678,10
1,10679,1
1,10680,10
1,10681,1
1,10682,1
1,10683,1
1,10684,1
1,10685,2
1,10686,1
1,10687,10
1,10688,1
1,10689,10
1,10690,1
1,10691,1
1,10693,1
1,10694,1
1,10695,1
1,10696,1
1,10697,1
1,10698,1
1,10699,10
1,10700,1
1,10701,1
1,10702,1
1,10703,1
1,10704,1
1,10705,1
1,10706,1
1,10707,1
1,10708,1
1,10709,1
1,10710,10
1,10711,1
1,10712,1
1,10713,1
1,10714,1
1,10715,1
1,10716,1
1,10717,1
1,10718,1
1,10719,1
1,10720,1
1,10721,1
1,10722,1
1,10723,1
1,10724,1
1,10725,1
1,10726,1
1,10727,1
1,10728,1
1,10729,1
1,10730,1
1,10731,1
1,10732,1
1,10733,1
1,10734,1
1,10735,1
1,10736,1
1,10737,1
1,10738,1
1,10739,1
1,10740,1
1,10741,1
1,10742,1
1,10743,1
1,10744,1
1,10745,1
1,10746,1
1,10747,1
1,10748,1
1,10749,1
1,10750,1
1,10751,1
1,10752,1
1,10753,1
1,10754,1
1,10755,1
1,10756,1
1,10757,10
1,10758,1
1,10759,2
1,10760,1
1,10761,10
1,10763,1
1,10764,1
1,10765,1
1,10766,1
1,10768,1
1,10769,1
1,10770,1
1,10771,1
1,10772,1
1,10773,1
1,10774,1
1,10775,1
1,10776,2
1,10777,10
1,10778,2
1,10779,10
1,10780,1
1,10781,1
1,10782,1
1,10783,10
1,10784,1
1,10785,1
1,10786,10
1,10787,1
1,10788,1
1,10789,1
1,10790,1
1,10791,1
1,10792,1
1,10793,1
1,10794,1
1,10795,1
1,10796,2
1,10797,2
1,10798,10
1,10799,1
1,10800,1
1,10801,1
1,10802,1
1,10803,1
1,10804,1
1,10805,1
1,10806,1
1,10807,1
1,10808,1
1,10809,1
1,10810,1
1,10811,1
1,10812,1
1,10813,1
1,10814,1
1,10815,1
1,10816,1
1,10817,10
1,10818,1
1,10819,1
1,10820,2
1,10821,1
1,10822,1
1,10823,1
1,10824,1
1,10825,10
1,10826,10
1,10827,1
1,10828,2
1,10829,1
1,10830,1
1,10831,10
1,10832,1
1,10833,1
1,10834,10
1,10835,1
1,10836,1
1,10837,1
1,10838,1
1,10839,10
1,10840,1
1,10841,10
1,10842,1
1,10843,10
1,10844,1
1,10845,10
1,10846,2
1,10847,10
1,10848,1
1,10849,1
1,10850,2
1,10851,10
1,10852,2
1,10853,1
1,10854,10
1,10855,10
1,10856,2
1,10858,2
1,10859,1
1,10860,5
1,10861,1
1,10862,10
1,10863,1
1,10865,10
1,10866,1
1,10867,1
1,10868,1
1,10869,1
1,10870,1
1,10871,1
1,10872,2
1,10873,1
1,10874,10
1,10875,1
1,10876,10
1,10877,1
1,10878,10
1,10879,1
1,10880,1
1,10881,1
1,10882,10
1,10883,1
1,10884,1
1,10885,1
1,10886,1
1,10887,10
1,10888,1
1,10889,1
1,10890,10
1,10891,2
1,10892,1
1,10893,1
1,10894,1
1,10895,1
1,10896,1
1,10897,10
1,10898,10
1,10899,2
1,10900,1
1,10901,1
1,10902,1
1,10903,1
1,10904,1
1,10905,1
1,10906,1
1,10907,1
1,10908,1
1,10909,1
1,10910,1
1,10911,1
2,20001,1
2,20002,4
2,20002,11
2,20003,4
2,20004,1
2,20005,1
2,20006,1
2,20007,1
2,20008,1
2,20009,2
2,20009,10
2,20010,99
2,20011,1
2,20012,1
2,20013,1
2,20014,1
2,20015,1
2,20016,10
2,20017,1
2,20018,1
2,20019,10
2,20020,10
2,20021,1
2,20022,10
2,20023,1
2,20024,1
2,20025,1
2,20026,1
2,20027,1
2,20028,1
2,20029,1
2,20030,1
2,20031,2
2,20031,10
2,20032,1
2,20033,1
2,20034,10
2,20035,10
2,20036,10
2,20037,2
2,20037,10
2,20038,1
2,20039,2
2,20039,10
2,20040,1
2,20041,1
2,20042,10
2,20043,1
2,20044,1
2,20045,2
2,20045,10
2,20046,10
2,20047,1
2,20048,10
2,20049,12
2,20050,1
2,20051,1
2,20052,1
2,20053,1
2,20054,1
2,20056,1
2,20057,10
2,20058,2
2,20059,1
2,20060,1
2,20061,1
2,20062,1
2,20063,1
2,20064,10
2,20064,12
4,40001,1
4,40002,5
4,40003,1
4,40004,1
4,40005,1
4,40006,1
4,40007,1
4,40008,1
4,40009,1
4,40010,1
4,40011,10
4,40012,1
4,40013,1
4,40014,1
4,40015,1
4,40016,10
4,40017,1
4,40018,1
4,40019,1
4,40020,10
4,40021,10
4,40022,2
4,40023,10
4,40024,1
4,40025,1
4,40026,1
4,40027,1
4,40028,10
4,40029,1
4,40030,1
4,40031,1
4,40033,1
4,40034,1
4,40035,1
4,40036,1
4,40038,10
4,40039,1
4,40040,10
4,40041,1
4,40042,10
4,40043,4
4,40044,1
4,40045,1
4,40046,1
4,40047,1
4,40048,1
4,40049,1
4,40050,1
4,40051,1
4,40052,10
4,40053,1
4,40054,1
4,40055,1
4,40056,1
4,40057,2
4,40058,10
4,40059,1
4,40060,1
4,40061,1
4,40062,4
4,40063,1
4,40064,1
4,40065,1
4,40066,1
4,40067,1
4,40068,1
4,40069,1
4,40070,2
4,40071,1
4,40072,2
4,40073,10
4,40074,1
4,40075,10
4,40076,3
4,40077,1
4,40078,1
4,40079,1
4,40080,10
4,40081,1
4,40082,1
4,40083,1
4,40084,2
4,40085,1
4,40086,1
4,40087,1
4,40088,1
4,40089,1
4,40090,1
4,40091,1
4,40092,1
4,40093,1
4,40094,1
4,40095,1
4,40096,99
4,40097,1
4,40098,1
4,40099,1
4,40100,1
4,40101,1
4,40102,1
4,40103,1
4,40104,1
4,40105,1
4,40106,1
4,40107,1
4,40108,1
4,40109,1
4,40110,10
4,40111,1
4,40112,1
4,40113,1
4,40114,1
4,40115,1
4,40116,1
4,40117,1
4,40118,1
4,40119,1
4,40120,1
4,40121,2
4,40122,1
4,40123,1
4,40124,1
4,40125,1
4,40127,1
4,40128,1
4,40129,1
4,40130,1
4,40131,1
4,40132,10
4,40133,1
4,40134,10
4,40135,1
4,40136,1
4,40137,1
4,40138,1
4,40139,2
4,40140,1
4,40141,1
4,40142,1
4,40144,2
4,40145,1
4,40146,2
4,40147,1
4,40148,1
4,40149,1
4,40150,1
4,40151,1
4,40152,2
4,40153,1
4,40154,1
4,40155,1
4,40156,1
4,40157,1
4,40158,1
4,40159,1
4,40160,1
4,40161,1
4,40162,1
4,40164,1
4,40165,1
4,40166,1
4,40167,1
4,40168,1
4,40169,1
4,40170,1
4,40171,1
4,40172,1
4,40173,1
4,40174,1
4,40176,98
4,40177,1
4,40178,98
4,40179,98
4,40180,1
4,40181,1
4,40182,10
4,40183,10
4,40184,10
4,40185,1
4,40186,1
4,40187,10
4,40188,1
4,40189,98
4,40190,1
4,40191,1
4,40192,1
4,40193,1
4,40194,1
4,40195,1
4,40196,1
4,40197,1
4,40198,1
4,40199,1
4,40200,1
4,40201,1
4,40202,1
4,40203,1
4,40204,1
4,40205,1
4,40206,1
4,40207,1
4,40208,10
4,40209,1
4,40210,1
4,40211,1
4,40212,1
4,40213,10
4,40214,1
4,40215,1
4,40216,10
4,40217,1
4,40218,1
4,40219,1
4,40220,1
4,40221,1
4,40222,1
4,40223,1
4,40224,1
4,40225,1
4,40226,1
4,40227,1
4,40228,1
4,40229,1
4,40230,1
4,40231,1
4,40232,1
4,40233,1
4,40234,1
4,40235,1
4,40236,1
4,40237,1
4,40238,1
4,40239,1
4,40240,1
4,40241,1
4,40242,98
4,40243,2
4,40244,1
4,40245,1
4,40246,1
4,40247,98
4,40248,1
4,40249,1
4,40250,1
4,40251,1
4,40252,1
4,40253,1
4,40254,1
4,40255,1
4,40256,1
4,40257,1
4,40258,1
4,40259,1
4,40260,1
4,40261,1
4,40262,10
4,40263,1
4,40264,10
4,40265,1
4,40266,10
4,40267,1
4,40268,1
4,40270,1
4,40271,1
4,40272,1
4,40273,1
4,40274,1
4,40275,1
4,40276,1
4,40277,1
4,40278,1
4,40279,1
4,40280,10
4,40281,1
4,40282,1
4,40283,1
4,40284,1
4,40285,10
4,40286,1
4,40287,1
4,40288,1
4,40289,1
4,40290,1
4,40291,1
4,40292,1
4,40293,1
4,40294,1
4,40295,1
4,40296,1
4,40297,1
4,40298,1
4,40299,10
4,40300,10
4,40301,1
4,40302,1
4,40303,1
4,40304,10
4,40305,1
4,40306,98
4,40307,1
4,40308,1
4,40309,1
4,40310,98
4,40311,98
4,40312,1
4,40313,98
4,40314,1
4,40315,1
4,40316,1
4,40317,1
4,40318,1
4,40319,1
4,40320,1
4,40321,1
4,40322,1
4,40323,1
4,40324,1
4,40325,1
4,40326,1
4,40327,1
4,40328,1
4,40329,1
4,40330,1
4,40331,1
4,40332,1
4,40333,1
4,40334,1
4,40335,1
4,40336,1
4,40337,1
4,40338,10
4,40339,1
4,40340,1
4,40341,98
4,40342,10
4,40343,98
4,40344,1
4,40345,1
4,40346,1
4,40347,1
4,40348,10
4,40349,1
4,40350,1
4,40351,1
4,40352,1
4,40353,10
4,40354,10
4,40355,1
4,40356,1
4,40357,10
4,40358,1
4,40359,1
4,40360,1
4,40361,1
4,40362,1
4,40363,1
4,40364,1
4,40365,1
4,40366,98
4,40367,1
4,40368,1
4,40369,1
4,40370,1
4,40371,1
4,40372,98
4,40373,98
4,40374,2
4,40375,1
4,40376,2
4,40377,1
4,40378,98
4,40379,98
4,40380,1
4,40381,98
4,40382,1
4,40384,10
4,40385,1
4,40386,1
4,40387,1
4,40388,1
4,40389,1
4,40390,1
4,40391,1
4,40392,10
4,40393,98
4,40394,6
4,40395,1
4,40396,1
4,40397,1
4,40398,1
4,40399,1
4,40400,1
4,40401,1
4,40402,1
4,40403,1
4,40404,1
4,40405,1
4,40407,1
4,40408,1
4,40409,1
4,40410,1
4,40411,98
4,40412,1
4,40413,1
4,40414,1
4,40415,1
4,40416,1
4,40417,1
4,40418,98
4,40419,1
4,40420,1
4,40421,1
4,40422,1
4,40423,1
4,40424,1
4,40425,1
4,40426,1
4,40427,1
4,40428,1
4,40429,1
4,40430,1
4,40431,1
4,40432,1
4,40433,1
4,40434,10
4,40435,1
4,40436,2
4,40437,10
4,40438,1
4,40439,1
4,40440,1
4,40441,98
4,40442,1
4,40443,1
4,40444,1
4,40445,1
4,40446,1
4,40447,1
4,40448,1
4,40449,1
4,40450,1
4,40451,1
4,40452,1
4,40453,1
4,40454,1
4,40455,1
4,40456,1
4,40457,1
4,40458,1
4,40459,1
4,40460,1
4,40461,1
4,40462,1
4,40463,1
4,40464,1
4,40465,1
4,40466,1
4,40467,1
4,40468,1
4,40469,10
4,40470,1
4,40471,1
4,40472,1
4,40473,1
4,40474,1
4,40475,1
4,40476,1
4,40477,1
4,40478,1
4,40479,1
4,40480,1
4,40481,1
4,40482,1
4,40483,1
4,40484,98
4,40486,1
4,40487,1
4,40488,1
4,40489,1
4,40490,98
4,40491,98
4,40492,1
4,40493,98
4,40494,1
4,40495,1
4,40496,1
4,40497,98
4,40498,1
4,40499,1
4,40500,1
4,40501,98
4,40502,1
4,40503,98
4,40504,1
4,40505,98
4,40506,1
4,40507,1
4,40508,1
4,40509,10
4,40510,98
4,40511,1
4,40512,1
4,40513,98
4,40514,10
4,40515,1
4,40516,1
4,40517,2
4,40518,1
4,40519,1
4,40520,10
4,40521,1
4,40522,1
4,40523,1
4,40524,1
4,40525,1
4,40526,1
4,40527,1
4,40528,1
4,40529,1
4,40530,1
4,40531,1
4,40532,1
4,40533,1
4,40534,1
4,40535,10
4,40536,1
4,40537,1
4,40538,1
4,40539,1
4,40540,1
4,40541,1
4,40542,1
4,40543,1
4,40544,1
4,40545,1
4,40547,1
4,40548,98
4,40549,1
4,40550,1
4,40551,1
4,40552,1
4,40553,1
4,40554,1
4,40555,1
4,40556,10
4,40557,1
4,40558,1
4,40559,1
4,40560,98
4,40561,98
4,40562,98
4,40563,1
4,40564,98
4,40565,1
4,40566,10
4,40567,10
4,40568,10
4,40569,1
4,40571,98
4,40572,1
4,40573,1
4,40574,1
4,40575,2
4,40576,10
4,40577,10
4,40578,99
4,40579,98
4,40580,98
4,40581,1
4,40582,1
4,40583,1
4,40584,1
4,40585,1
4,40586,98
4,40587,1
4,40588,1
4,40589,1
4,40590,1
4,40592,98
4,40593,1
4,40594,1
4,40595,10
4,40596,1
4,40597,1
4,40598,10
4,40599,1
4,40600,1
4,40601,1
4,40602,98
4,40603,1
4,40604,1
4,40605,1
4,40606,1
4,40607,10
4,40608,1
4,40609,1
4,40610,98
4,40611,10
4,40612,1
4,40613,1
4,40614,1
4,40615,1
4,40616,1
4,40617,98
4,40618,2
4,40619,98
4,40620,1
4,40621,98
4,40622,1
4,40623,1
4,40624,98
4,40625,1
4,40626,1
4,40627,1
4,40628,1
4,40630,1
4,40631,10
4,40632,1
4,40633,1
4,40634,1
4,40635,1
4,40636,1
4,40637,1
4,40638,1
4,40639,1
4,40640,1
4,40641,1
4,40642,1
4,40643,1
4,40644,98
4,40645,98
4,40646,1
4,40647,98
4,40648,1
4,40649,2
4,40650,1
4,40651,1
4,40652,98
4,40653,1
4,40654,1
4,40655,1
4,40656,1
4,40657,10
4,40658,10
4,40659,1
4,40660,1
4,40661,1
4,40662,1
4,40663,1
4,40664,1
4,40665,1
4,40666,1
4,40667,1
4,40668,1
4,40669,2
4,40670,1
4,40671,1
4,40672,1
4,40673,1
4,40674,1
4,40675,1
4,40676,1
4,40677,1
4,40678,1
4,40679,1
4,40680,1
4,40681,1
4,40682,1
4,40683,1
4,40684,1
4,40685,1
4,40686,1
4,40687,1
4,40688,1
4,40689,1
4,40690,1
4,40691,10
4,40692,1
4,40693,1
4,40694,1
4,40695,1
4,40696,1
4,40697,1
4,40698,1
4,40699,1
4,40700,1
4,40701,1
4,40703,1
4,40704,1
4,40706,1
4,40707,1
4,40708,1
4,40709,10
4,40710,10
4,40711,1
4,40712,1
4,40713,1
4,40714,1
4,40715,1
4,40716,1
4,40717,10
4,40718,1
4,40719,1
4,40720,1
4,40721,1
4,40722,10
4,40723,1
4,40724,1
4,40725,1
4,40726,1
4,40727,1
4,40728,1
4,40730,1
4,40731,1
4,40732,98
4,40733,1
4,40734,1
4,40735,1
4,40736,1
4,40738,98
4,40739,98
4,40740,1
4,40741,98
4,40743,1
4,40744,1
4,40745,98
4,40746,1
4,40747,1
4,40748,10
4,40749,1
4,40750,1
4,40751,1
4,40752,1
4,40753,1
4,40754,1
4,40755,1
4,40756,1
4,40757,1
4,40758,98
4,40760,2
4,40761,1
4,40762,1
4,40763,1
4,40764,1
4,40765,1
4,40766,1
4,40767,98
4,40768,98
4,40769,1
4,40770,1
4,40771,1
4,40772,1
4,40773,1
4,40774,1
4,40775,1
4,40776,1
4,40777,1
4,40778,1
4,40779,10
4,40780,1
4,40781,1
4,40782,1
4,40783,1
4,40784,1
4,40785,1
4,40786,1
4,40787,1
4,40788,98
4,40789,1
4,40790,98
4,40791,1
4,40792,98
4,40793,1
4,40794,1
4,40795,98
4,40796,1
4,40797,98
4,40798,98
4,40799,1
4,40800,98
4,40801,1
4,40802,1
4,40803,1
4,40804,1
4,40805,1
4,40806,1
4,40807,1
4,40808,1
4,40809,1
4,40810,1
4,40811,1
4,40812,98
4,40813,1
4,40814,10
4,40815,1
4,40816,1
4,40817,1
4,40818,1
4,40819,1
4,40820,1
4,40821,1
4,40822,1
4,40823,1
4,40824,1
4,40825,1
4,40826,1
4,40827,1
4,40828,1
4,40829,1
4,40831,1
4,40832,1
4,40833,98
4,40834,1
4,40835,1
4,40836,1
4,40837,1
4,40838,1
4,40839,98
4,40840,1
4,40841,98
4,40842,98
4,40843,1
4,40844,1
4,40845,1
4,40846,1
4,40847,98
4,40848,1
4,40849,1
4,40850,1
4,40851,1
4,40852,1
4,40853,1
4,40854,1
4,40855,1
4,40856,1
4,40857,1
4,40858,1
4,40860,1
4,40861,1
4,40862,1
4,40863,1
4,40864,1
4,40865,1
4,40866,1
4,40867,1
4,40868,1
4,40869,1
4,40870,98
4,40871,98
4,40872,1
4,40873,1
4,40874,1
4,40875,1
4,40876,1
4,40877,10
4,40878,1
4,40880,1
4,40881,1
4,40882,1
4,40883,1
4,40884,1
4,40885,1
4,40886,1
4,40887,1
4,40888,1
4,40889,1
4,40890,1
4,40891,1
4,40892,1
4,40893,10
4,40894,1
4,40895,1
4,40896,1
4,40897,10
4,40898,1
4,40899,1
4,40900,1
4,40901,1
4,40902,10
4,40903,1
4,40904,1
4,40905,1
4,40906,1
4,40907,10
4,40908,1
4,40909,1
4,40910,1
4,40911,1
4,40912,1
4,40913,1
4,40914,1
4,40915,10
4,40916,10
4,40917,1
4,40918,1
4,40919,10
4,40920,1
4,40921,1
4,40922,1
4,40923,1
4,40924,1
4,40926,1
4,40927,1
4,40928,1
4,40929,1
4,40930,1
4,40931,2
4,40932,1
4,40933,1
4,40934,1
4,40935,1
4,40936,1
4,40937,1
4,40939,1
4,40940,1
4,40941,1
4,40942,1
4,40943,1
4,40944,1
4,40945,1
4,40946,1
4,40947,3
4,40948,1
4,40949,1
4,40950,1
4,40951,1
4,40952,1
4,40953,1
4,40954,1
4,40955,10
4,40956,1
4,40957,1
4,40958,1
4,40959,1
4,40960,1
4,40961,1
4,40962,1
4,40963,1
4,40965,1
4,40966,1
4,40967,1
4,40968,10
4,40969,1
4,40970,1
4,40971,1
4,40972,10
4,40973,1
4,40974,1
4,40975,1
4,40976,1
4,40977,1
4,40978,1
4,40979,1
4,40980,1
4,40981,10
4,40982,1
4,40983,98
4,40984,98
4,40985,1
4,40986,1
4,40987,1
4,40988,98
4,40989,1
4,40990,1
4,40991,1
4,40992,1
4,40993,1
4,40994,1
4,40995,1
4,40996,1
4,40997,1
4,40998,98
4,40999,1
4,41000,98
4,41001,1
4,41002,1
4,41003,1
4,41004,1
4,41005,1
4,41006,10
4,41007,1
4,41008,10
4,41009,1
4,41010,1
4,41011,1
4,41012,1
4,41013,98
4,41014,1
4,41015,1
4,41016,1
4,41017,98
4,41018,98
4,41019,98
4,41020,98
4,41021,98
4,41022,98
4,41023,1
4,41024,99
4,41025,98
4,41026,1
4,41027,98
4,41028,1
4,41029,1
4,41030,1
4,41031,1
4,41032,1
4,41033,1
4,41035,1
4,41037,98
4,41038,99
4,41039,98
4,41040,98
4,41041,1
4,41042,98
4,41043,1
4,41044,1
4,41045,1
4,41046,1
4,41047,1
4,41048,1
4,41049,1
4,41050,1
4,41051,1
4,41052,1
4,41053,98
4,41055,10
4,41056,1
4,41057,1
4,41058,1
4,41059,98
4,41060,1
4,41061,99
4,41062,1
4,41063,1
4,41064,1
4,41065,1
4,41066,1
4,41067,1
4,41068,1
4,41069,1
4,41070,1
4,41071,10
4,41072,1
4,41073,1
4,41074,1
4,41075,1
4,41076,1
4,41077,98
4,41078,10
4,41079,98
4,41080,98
4,41081,1
4,41082,1
4,41083,98
4,41084,1
4,41085,1
4,41086,1
4,41087,1
4,41088,1
4,41089,1
4,41090,1
4,41091,1
4,41092,10
4,41093,98
4,41094,1
4,41095,1
4,41096,1
4,41097,1
4,41098,1
4,41099,1
4,41100,1
4,41101,98
4,41102,1
4,41103,98
4,41104,1
4,41105,1
4,41106,1
4,41107,1
4,41108,2
4,41109,1
4,41110,98
4,41111,98
4,41112,1
4,41113,1
4,41114,98
4,41115,98
4,41116,1
4,41117,1
4,41118,1
4,41119,1
4,41120,1
4,41121,1
4,41122,1
4,41123,98
4,41124,98
4,41125,98
4,41126,1
4,41127,98
4,41128,1
4,41129,1
4,41130,1
4,41131,1
4,41132,1
4,41133,1
4,41134,1
4,41135,1
4,41136,1
4,41137,1
4,41139,1
4,41140,98
4,41141,1
4,41142,98
4,41143,98
4,41145,98
4,41146,98
4,41147,98
4,41149,1
4,41150,1
5,50001,1
5,50002,1
5,50003,10
5,50004,1
5,50005,1
5,50006,1
5,50007,4
5,50007,10
5,50008,1
5,50009,1
5,50010,1
5,50011,1
5,50012,1
5,50013,2
5,50013,10
5,50014,2
5,50014,5
5,50015,1
5,50016,1
5,50017,4
5,50018,1
5,50019,1
5,50020,1
5,50021,1
5,50022,1
5,50023,2
5,50024,1
5,50025,1
5,50026,1
5,50027,10
5,50028,1
5,50029,10
5,50030,1
5,50032,1
5,50033,1
5,50034,1
5,50035,1
5,50036,1
5,50037,1
5,50038,10
5,50039,1
5,50040,1
5,50041,1
5,50042,1
5,50043,1
5,50044,1
5,50045,1
5,50046,1
5,50047,1
5,50048,2
5,50049,1
5,50050,1
5,50051,1
5,50052,1
5,50053,1
5,50054,1
5,50055,2
5,50056,2
5,50056,10
5,50057,1
5,50058,1
5,50059,1
5,50060,1
5,50061,1
5,50062,1
5,50063,1
5,50064,10
5,50065,1
5,50066,1
5,50067,1
5,50069,1
5,50070,2
5,50071,1
5,50072,1
5,50073,10
5,50074,1
5,50075,1
5,50076,1
5,50077,99
5,50078,1
5,50079,2
5,50079,10
5,50080,1
5,50081,1
5,50082,1
5,50083,10
5,50084,1
5,50085,1
5,50086,2
5,50086,10
5,50088,1
5,50089,1
5,50090,1
5,50091,99
5,50092,10
5,50093,1
5,50094,10
5,50095,1
5,50096,10
5,50097,1
5,50098,10
5,50099,1
5,50100,1
5,50101,1
5,50102,10
5,50103,1
5,50104,1
5,50105,1
5,50106,1
5,50107,1
5,50108,1
5,50109,1
5,50110,2
5,50110,10
5,50111,2
5,50112,1
5,50113,2
5,50114,1
5,50115,1
5,50116,1
5,50117,1
5,50118,1
5,50119,1
5,50120,1
5,50121,1
5,50122,1
5,50123,10
5,50124,1
5,50125,10
5,50126,1
5,50127,1
5,50128,1
5,50129,10
5,50130,10
5,50131,1
5,50132,1
5,50133,1
5,50134,1
5,50135,1
5,50136,1
5,50137,1
5,50138,10
5,50139,1
5,50140,10
5,50141,10
5,50142,2
5,50143,1
5,50144,1
5,50145,2
5,50146,1
5,50147,1
5,50148,1
5,50149,2
5,50150,1
5,50151,1
5,50152,1
5,50153,1
5,50154,10
5,50155,1
5,50156,10
5,50157,1
5,50158,1
5,50159,10
5,50160,1
5,50161,5
5,50162,10
5,50163,1
5,50164,1
5,50165,1
5,50166,10
5,50167,2
5,50167,10
5,50168,10
5,50169,1
5,50170,10
5,50171,2
5,50171,10
5,50172,1
5,50173,1
5,50174,1
5,50175,1
5,50176,2
5,50176,10
5,50177,10
5,50178,1
5,50179,1
5,50180,1
5,50181,1
5,50182,1
5,50183,1
5,50184,1
5,50185,10
5,50186,1
5,50187,1
5,50188,1
5,50189,1
5,50190,1
5,50191,1
5,50192,2
5,50193,2
5,50194,1
5,50195,1
5,50196,1
5,50197,1
5,50198,1
5,50199,10
5,50200,1
5,50201,1
5,50202,1
5,50203,1
5,50204,1
5,50205,1
5,50206,1
5,50207,1
5,50208,1
5,50209,1
5,50210,1
5,50211,1
5,50212,1
5,50213,1
5,50214,2
5,50214,10
5,50215,1
5,50216,1
5,50217,1
5,50218,1
5,50219,1
5,50220,1
5,50221,1
5,50222,1
5,50223,2
5,50224,7
5,50225,1
5,50226,10
5,50227,1
5,50228,1
5,50229,1
5,50230,1
5,50231,1
5,50232,1
5,50233,1
5,50234,1
5,50235,1
5,50236,1
5,50237,1
5,50238,1
5,50239,1
5,50240,10
5,50241,1
5,50242,1
5,50243,1
5,50244,1
5,50245,1
5,50246,1
5,50247,1
5,50248,1
5,50249,1
5,50250,10
5,50251,1
5,50252,1
5,50253,1
5,50254,1
5,50255,1
5,50256,1
5,50257,1
5,50258,1
5,50259,1
5,50260,10
5,50261,1
5,50262,1
5,50263,10
5,50264,2
5,50265,1
5,50266,1
5,50267,1
5,50268,1
5,50269,1
5,50270,1
5,50271,1
5,50272,1
5,50273,2
5,50274,10
5,50275,1
5,50276,1
5,50277,2
5,50278,1
5,50279,1
5,50280,1
5,50281,10
5,50282,1
5,50283,1
5,50284,10
5,50285,1
5,50286,1
5,50288,1
5,50289,1
5,50290,1
5,50292,1
5,50293,1
5,50294,1
5,50295,1
5,50296,1
5,50297,1
5,50298,1
5,50299,1
5,50300,10
5,50301,1
5,50302,1
5,50303,1
5,50304,1
5,50305,1
5,50306,1
5,50307,1
5,50308,1
5,50309,1
5,50310,1
5,50311,1
5,50312,1
5,50313,1
5,50314,1
5,50315,1
5,50316,1
5,50317,1
5,50318,1
5,50319,1
5,50320,1
5,50321,1
5,50322,1
5,50323,1
5,50325,10
5,50326,1
5,50327,1
5,50328,99
5,50329,10
5,50330,1
5,50331,1
5,50332,1
5,50333,1
5,50334,1
5,50335,1
5,50336,1
5,50338,1
5,50339,1
5,50340,1
5,50341,1
5,50342,1
5,50343,1
5,50344,1
5,50345,1
5,50346,1
5,50347,1
5,50348,1
5,50349,1
5,50350,1
5,50351,1
5,50352,1
5,50353,1
5,50354,1
5,50355,1
5,50356,10
5,50357,1
5,50358,1
5,50359,1
5,50360,1
5,50361,1
5,50362,1
5,50363,10
5,50364,1
5,50365,10
5,50366,1
5,50367,10
5,50368,2
5,50369,1
5,50370,1
5,50371,2
5,50372,1
5,50373,10
5,50374,1
5,50375,1
5,50376,2
5,50377,1
5,50378,1
5,50379,1
5,50380,1
5,50381,1
5,50382,1
5,50383,1
5,50384,2
5,50384,10
5,50385,1
5,50386,1
5,50387,1
5,50388,1
5,50389,1
5,50390,1
5,50391,1
5,50392,1
5,50393,1
5,50394,2
5,50394,10
5,50395,1
5,50396,1
5,50397,1
5,50398,1
5,50399,1
5,50400,1
5,50402,1
5,50403,1
5,50404,1
5,50405,1
5,50406,1
5,50407,1
5,50408,10
5,50409,1
5,50410,1
5,50411,1
5,50412,1
5,50413,1
5,50414,1
5,50415,1
5,50416,1
5,50417,1
5,50418,1
5,50420,1
5,50421,1
5,50422,1
5,50423,1
5,50424,1
5,50425,1
5,50426,1
5,50427,1
5,50428,1
5,50429,1
5,50430,1
5,50431,1
5,50432,1
5,50433,1
5,50434,1
5,50435,1
5,50436,1
5,50437,1
5,50438,1
5,50439,1
5,50440,1
5,50441,1
5,50442,1
5,50443,1
5,50444,1
5,50445,1
5,50446,1
5,50447,1
5,50448,1
5,50449,1
5,50450,1
5,50451,1
5,50452,1
5,50453,1
5,50454,1
5,50455,10
5,50456,1
5,50457,1
5,50458,1
5,50459,1
5,50460,1
5,50461,1
5,50462,1
5,50464,1
5,50466,1
5,50467,1
5,50468,2
5,50468,10
5,50469,2
5,50469,10
5,50471,1
5,50472,1
5,50473,10
5,50474,2
5,50475,1
5,50476,1
5,50477,1
5,50478,1
5,50479,1
5,50480,1
5,50481,10
5,50482,1
5,50483,1
5,50484,1
5,50485,1
5,50486,1
5,50487,1
5,50488,2
5,50488,10
5,50489,1
5,50490,2
5,50491,1
5,50492,1
5,50493,1
5,50495,1
5,50496,1
5,50497,10
5,50498,1
5,50499,1
5,50500,1
5,50501,1
5,50503,1
5,50504,1
5,50505,10
5,50506,1
5,50507,1
5,50508,10
5,50509,2
5,50509,10
5,50510,10
5,50511,1
5,50512,10
5,50513,1
5,50514,5
5,50515,5
5,50516,2
5,50516,10
5,50517,1
5,50518,2
5,50519,1
5,50520,1
5,50521,1
5,50522,1
5,50523,2
5,50524,1
5,50525,1
5,50526,10
5,50527,1
5,50528,2
5,50529,1
5,50530,1
5,50531,1
5,50532,1
5,50533,1
5,50534,10
5,50535,1
5,50536,1
5,50537,1
5,50538,5
5,50538,10
5,50539,10
5,50540,10
5,50541,1
5,50542,1
5,50543,1
5,50544,1
5,50545,5
5,50546,1
5,50547,1
5,50548,2
5,50549,10
5,50550,1
5,50551,1
5,50552,1
5,50553,1
5,50554,1
5,50555,1
5,50556,1
5,50557,1
5,50558,1
5,50559,1
5,50560,1
5,50561,1
6,60001,2
6,60001,10
6,60002,1
6,60003,1
6,60004,1
6,60005,1
6,60006,10
6,60007,10
6,60008,1
6,60009,1
6,60010,1
6,60011,1
6,60012,1
6,60013,10
6,60014,2
6,60015,10
6,60016,2
6,60016,10
6,60017,10
6,60018,1
6,60019,2
6,60019,10
6,60020,10
6,60022,1
6,60023,1
6,60024,1
6,60025,1
6,60026,6
6,60027,10
6,60028,2
6,60028,10
6,60030,1
6,60031,1
6,60032,10
6,60033,1
6,60034,1
6,60035,2
6,60035,10
6,60036,2
6,60036,10
6,60038,1
6,60039,1
6,60040,5
6,60041,10
6,60042,1
6,60043,1
6,60044,1
6,60045,2
6,60046,1
6,60047,1
6,60048,5
6,60049,2
6,60050,1
6,60051,1
6,60052,10
6,60053,2
6,60054,2
6,60055,1
6,60056,1
6,60057,10
6,60058,2
6,60058,10
6,60059,10
6,60060,2
6,60060,10
6,60061,10
6,60062,10
6,60063,1
6,60065,1
6,60066,2
6,60066,10
6,60067,2
6,60068,1
6,60069,10
6,60070,1
6,60071,2
6,60072,1
6,60073,1
6,60074,1
6,60075,1
6,60076,1
6,60077,1
6,60078,2
6,60079,1
6,60080,10
6,60081,1
6,60082,10
6,60083,1
6,60084,2
6,60085,2
6,60086,2
6,60087,10
6,60088,1
6,60089,10
6,60090,5
6,60090,10
6,60091,1
6,60092,1
6,60093,2
6,60093,10
6,60094,2
6,60095,10
6,60096,1
6,60097,1
6,60098,10
6,60100,10
6,60101,10
6,60103,1
6,60104,2
6,60104,10
6,60105,1
6,60106,1
6,60107,1
6,60108,10
6,60109,1
6,60110,1
6,60111,1
6,60112,1
6,60113,1
6,60114,2
6,60115,1
6,60116,10
6,60117,2
6,60117,10
6,60118,1
6,60119,1
6,60120,1
6,60121,2
6,60121,10
6,60122,1
6,60123,10
6,60125,1
6,60126,10
6,60127,1
6,60128,1
6,60129,1
6,60130,1
6,60131,2
6,60132,10
6,60133,1
6,60134,1
6,60135,2
6,60135,10
6,60136,1
6,60137,1
6,60138,2
6,60139,1
6,60141,1
6,60142,1
6,60143,4
6,60144,1
6,60145,10
6,60146,10
6,60147,1
6,60148,1
6,60149,1
6,60150,1
6,60151,1
6,60152,1
6,60153,1
6,60154,10
6,60155,10
6,60156,10
6,60157,1
6,60158,2
6,60159,10
6,60160,1
6,60161,6
6,60162,1
6,60163,1
6,60164,1
6,60165,1
6,60166,1
6,60167,2
6,60168,1
6,60169,1
6,60170,1
6,60171,10
6,60172,5
6,60173,2
6,60173,10
6,60174,1
6,60175,2
6,60176,1
6,60177,1
6,60178,10
6,60179,1
6,60180,1
6,60181,2
6,60182,10
6,60183,8
6,60184,2
6,60184,10
6,60185,10
6,60186,1
6,60187,2
6,60187,10
6,60188,10
6,60189,1
6,60190,1
6,60191,1
6,60192,2
6,60193,2
6,60193,10
6,60194,1
6,60195,1
6,60196,1
6,60197,10
6,60198,10
6,60199,4
6,60199,12
6,60200,1
6,60201,1
6,60202,1
6,60203,2
6,60203,10
6,60204,1
6,60205,1
6,60206,2
6,60207,1
6,60208,1
6,60209,10
6,60210,2
6,60211,2
6,60212,1
6,60213,1
6,60214,1
6,60215,1
6,60216,1
6,60217,1
6,60218,1
6,60219,1
6,60220,1
6,60221,1
6,60222,1
6,60223,1
6,60224,1
6,60225,1
6,60226,6
6,60227,10
6,60228,1
6,60229,1
6,60230,5
6,60231,2
6,60232,1
6,60233,10
6,60234,1
6,60235,2
6,60236,1
6,60237,1
6,60238,1
6,60239,1
6,60240,1
6,60242,1
6,60243,1
6,60244,1
6,60245,2
6,60245,10
6,60246,1
6,60247,1
6,60248,1
6,60249,1
6,60250,1
6,60251,1
6,60252,1
6,60253,1
6,60254,2
6,60255,10
6,60256,1
6,60257,1
6,60258,1
6,60259,1
6,60260,2
6,60261,1
6,60262,1
6,60263,1
6,60264,1
6,60265,1
6,60266,1
6,60267,10
6,60268,1
6,60269,1
6,60270,1
6,60271,1
6,60272,1
6,60273,2
6,60274,10
6,60275,10
6,60276,1
6,60277,1
6,60278,1
6,60279,10
6,60280,2
6,60281,2
6,60282,10
6,60283,1
6,60284,1
6,60285,1
6,60286,1
6,60287,1
6,60288,10
6,60289,1
6,60290,1
6,60291,6
6,60292,1
6,60293,1
6,60294,1
6,60295,1
6,60296,1
6,60297,10
6,60298,10
6,60299,1
6,60301,1
6,60302,1
6,60303,10
6,60304,10
6,60305,1
6,60306,1
6,60307,1
6,60308,1
6,60309,10
6,60310,1
6,60311,1
6,60312,10
6,60313,1
6,60314,1
6,60315,1
6,60316,2
6,60317,1
6,60318,1
6,60319,1
6,60320,1
6,60321,1
6,60322,1
6,60323,10
6,60324,1
6,60325,10
6,60326,1
6,60327,2
6,60328,10
6,60329,10
6,60330,1
6,60331,1
6,60332,1
6,60333,1
6,60334,1
6,60335,10
6,60336,1
6,60337,1
6,60338,5
6,60339,1
6,60340,1
6,60341,1
6,60342,1
6,60343,1
6,60344,1
6,60345,10
6,60346,2
6,60347,1
6,60348,1
6,60349,1
6,60350,1
6,60351,1
6,60352,1
6,60353,2
6,60354,1
6,60355,1
6,60356,1
6,60357,1
6,60358,1
6,60359,1
6,60360,1
6,60361,1
6,60362,10
6,60363,1
6,60364,2
6,60364,10
6,60365,10
6,60366,1
6,60367,1
6,60368,1
6,60369,1
6,60370,10
6,60371,2
6,60372,10
6,60373,1
6,60374,1
6,60375,1
6,60376,1
6,60377,1
6,60378,1
6,60379,1
6,60380,1
6,60381,2
6,60381,10
6,60382,1
6,60383,1
6,60384,1
6,60385,1
6,60386,10
6,60387,1
6,60388,1
6,60389,1
6,60390,1
6,60391,10
6,60392,1
6,60393,1
6,60394,10
6,60395,1
6,60396,1
6,60397,1
6,60398,1
6,60399,1
6,60400,1
6,60401,1
6,60402,1
6,60403,1
6,60404,1
6,60405,1
6,60406,1
6,60407,10
6,60408,10
6,60409,10
6,60410,2
6,60410,10
6,60411,2
6,60411,10
6,60412,1
6,60413,1
6,60414,10
6,60415,1
6,60416,1
6,60417,5
6,60417,10
6,60418,1
6,60419,2
6,60420,1
6,60421,1
6,60422,10
6,60423,1
6,60424,10
6,60425,1
6,60426,1
6,60427,1
6,60428,1
6,60429,1
6,60430,1
6,60431,10
6,60432,10
6,60433,1
6,60434,1
6,60435,1
6,60436,1
6,60437,2
6,60438,1
6,60439,1
6,60440,1
6,60441,1
6,60442,1
6,60443,1
6,60444,1
6,60445,2
6,60446,2
6,60447,1
6,60448,1
6,60449,2
6,60450,1
6,60451,1
6,60452,1
6,60453,1
6,60454,1
6,60455,1
6,60456,10
6,60457,1
6,60458,1
6,60459,1
6,60460,1
6,60461,1
6,60462,1
6,60463,1
6,60464,1
6,60465,1
6,60466,10
6,60467,1
6,60468,1
6,60469,1
6,60470,5
6,60470,10
6,60471,1
6,60472,1
6,60473,1
6,60474,1
6,60475,1
6,60476,1
6,60477,1
6,60478,10
6,60479,1
6,60480,1
6,60481,1
6,60482,1
6,60483,1
6,60484,10
6,60485,1
6,60486,1
6,60487,1
6,60488,1
6,60489,1
6,60490,1
6,60491,1
6,60492,1
6,60493,1
6,60494,1
6,60495,10
6,60496,1
6,60497,1
6,60498,1
6,60499,1
6,60500,1
6,60501,1
6,60502,10
6,60503,1
6,60504,1
6,60505,1
6,60506,1
6,60507,1
6,60508,2
6,60509,1
6,60510,1
6,60511,1
6,60512,2
6,60513,2
6,60514,1
6,60515,10
6,60516,2
6,60517,1
6,60518,1
6,60519,1
6,60520,1
6,60521,1
6,60522,1
6,60523,1
6,60524,10
6,60525,1
6,60526,1
6,60527,1
6,60528,1
6,60529,1
6,60530,1
6,60531,1
6,60532,10
6,60533,10
6,60534,1
6,60535,1
6,60536,1
6,60537,1
6,60538,1
6,60539,1
6,60540,1
6,60541,1
6,60542,2
6,60543,1
6,60544,1
6,60545,10
6,60546,1
6,60547,1
6,60548,1
6,60549,1
6,60550,1
6,60551,1
6,60552,1
6,60553,1
6,60554,1
6,60555,1
6,60556,1
6,60557,1
6,60558,1
6,60559,2
6,60559,10
6,60560,1
6,60561,1
6,60562,10
6,60563,1
6,60564,1
6,60565,1
6,60566,1
6,60567,1
6,60568,1
6,60569,1
6,60570,1
6,60571,10
6,60572,1
6,60573,1
6,60574,1
6,60575,2
6,60576,2
6,60577,1
6,60578,1
6,60579,1
6,60580,1
6,60581,1
6,60582,1
6,60583,1
6,60584,1
6,60585,1
6,60586,10
6,60587,2
6,60587,10
6,60588,1
6,60589,1
6,60590,1
6,60591,1
6,60592,1
6,60593,1
6,60594,2
6,60595,1
6,60596,2
6,60597,1
6,60598,1
6,60599,1
6,60600,1
6,60601,1
6,60602,1
6,60603,99
6,60604,1
6,60605,1
6,60606,1
6,60607,10
6,60608,1
6,60609,1
6,60610,1
6,60611,1
6,60612,1
6,60613,1
6,60614,1
6,60615,1
6,60616,1
6,60617,1
6,60618,1
6,60619,1
6,60620,2
6,60621,2
6,60622,1
6,60623,1
6,60624,1
6,60625,1
6,60626,1
6,60627,1
6,60628,1
6,60629,1
6,60630,1
6,60631,1
6,60632,1
6,60633,1
6,60634,10
6,60635,1
6,60636,1
6,60637,1
6,60638,10
6,60639,10
6,60640,2
6,60640,10
6,60641,1
6,60642,1
6,60643,1
6,60644,1
6,60645,1
6,60646,1
6,60647,1
6,60648,1
6,60649,1
6,60650,1
6,60651,1
6,60652,1
6,60653,1
6,60654,1
6,60655,1
6,60656,1
6,60657,10
6,60658,1
6,60659,1
6,60660,1
6,60661,1
6,60662,1
6,60663,6
6,60663,10
6,60664,1
6,60665,1
6,60666,1
6,60667,1
6,60668,1
6,60669,1
6,60670,1
6,60671,1
6,60672,1
6,60673,1
6,60674,1
6,60675,1
6,60676,1
6,60677,1
6,60678,10
6,60679,1
6,60680,1
6,60681,1
6,60682,1
6,60683,1
6,60684,1
6,60685,10
6,60686,1
6,60687,1
6,60688,1
6,60689,2
6,60689,10
6,60690,1
6,60691,2
6,60691,10
6,60692,1
6,60694,1
6,60695,1
6,60696,1
6,60697,1
6,60698,1
6,60699,1
6,60700,1
6,60701,1
6,60702,1
6,60703,1
6,60704,1
6,60705,1
6,60706,1
6,60707,1
6,60708,1
6,60710,1
6,60711,1
6,60712,1
6,60713,1
6,60714,1
6,60715,1
6,60716,1
6,60717,1
6,60718,1
6,60719,1
6,60720,1
6,60721,1
6,60722,1
6,60723,1
6,60724,1
6,60725,1
6,60726,1
6,60727,1
6,60728,1
6,60729,1
6,60730,1
6,60731,1
6,60732,1
6,60733,1
6,60734,1
6,60735,1
6,60736,1
6,60737,10
6,60738,1
6,60739,1
6,60740,2
6,60741,10
6,60742,1
6,60743,1
6,60744,1
6,60745,1
6,60746,1
6,60747,1
6,60748,1
6,60749,1
6,60750,1
6,60751,10
6,60752,10
6,60753,2
6,60754,1
6,60755,1
6,60756,1
6,60757,10
6,60758,1
6,60759,2
6,60759,10
6,60760,1
6,60761,1
6,60762,1
6,60763,10
6,60764,1
6,60765,10
6,60766,1
6,60767,1
6,60768,1
6,60770,1
6,60771,1
6,60772,1
6,60773,1
6,60774,1
6,60775,1
6,60776,1
6,60777,1
6,60778,98
6,60780,1
6,60781,1
6,60782,1
6,60783,1
6,60784,1
6,60785,1
6,60786,1
6,60787,1
6,60788,1
6,60789,1
6,60790,1
6,60791,1
6,60793,10
6,60794,1
6,60795,1
6,60796,1
6,60797,1
6,60798,1
6,60799,10
6,60800,1
6,60801,1
6,60802,1
6,60803,1
6,60804,1
6,60805,1
6,60806,1
6,60807,1
6,60808,1
6,60809,10
6,60810,1
6,60811,2
6,60812,1
6,60813,1
6,60814,1
6,60815,1
6,60816,1
6,60817,1
6,60818,1
6,60819,1
6,60820,1
6,60821,2
6,60822,2
6,60822,6
6,60823,2
6,60824,1
6,60825,1
6,60826,1
6,60827,10
6,60828,2
6,60829,1
6,60830,1
6,60831,1
6,60832,1
6,60833,1
6,60834,1
6,60835,1
6,60836,1
6,60837,1
6,60838,1
6,60839,1
6,60840,1
6,60841,1
6,60842,1
6,60843,1
6,60844,1
6,60845,1
6,60846,10
6,60847,1
6,60848,1
6,60849,2
6,60850,1
6,60851,10
6,60852,2
6,60852,10
6,60853,2
6,60854,1
6,60855,2
6,60856,1
6,60857,1
6,60858,10
6,60859,1
6,60860,1
6,60861,1
6,60862,1
6,60863,10
6,60864,1
6,60865,2
6,60866,1
6,60867,2
6,60868,1
6,60869,1
6,60870,1
6,60871,2
6,60872,2
6,60872,10
6,60873,1
6,60874,1
6,60875,10
6,60876,1
6,60877,1
6,60878,1
6,60879,1
6,60880,1
6,60881,1
6,60882,1
6,60883,1
6,60884,1
6,60885,1
6,60886,1
6,60887,1
6,60888,1
6,60889,1
6,60890,1
6,60891,1
6,60892,1
6,60893,1
6,60894,10
6,60895,1
6,60896,1
6,60898,1
6,60899,1
6,60900,1
6,60901,1
6,60902,1
6,60903,6
6,60904,1
6,60905,10
6,60906,1
6,60907,1
6,60908,1
6,60909,1
6,60910,1
6,60911,2
6,60911,10
6,60912,1
6,60913,1
6,60914,1
6,60915,1
6,60916,1
6,60917,1
6,60918,1
6,60920,1
6,60921,1
6,60922,1
6,60923,1
6,60924,1
6,60925,1
6,60926,1
6,60927,2
6,60928,10
6,60929,10
6,60930,1
6,60931,1
6,60932,1
6,60933,1
6,60934,1
6,60935,1
6,60936,1
6,60937,1
6,60938,1
6,60939,10
6,60940,1
6,60941,1
6,60942,1
6,60943,1
6,60944,1
6,60945,1
6,60946,1
6,60947,1
6,60948,10
6,60949,10
6,60950,1
6,60951,1
6,60952,1
6,60953,1
6,60954,1
6,60955,1
6,60956,1
6,60957,1
6,60958,1
6,60959,1
6,60960,1
6,60961,1
6,60962,1
6,60963,1
6,60964,1
6,60965,1
6,60966,1
6,60967,1
6,60968,10
6,60969,1
6,60970,1
6,60971,1
6,60972,1
6,60973,1
6,60974,1
6,60975,1
6,60976,1
6,60977,1
6,60978,1
6,60979,1
6,60980,1
6,60981,10
6,60982,1
6,60983,1
6,60984,1
6,60985,1
6,60986,10
6,60987,1
6,60988,1
6,60989,1
6,60990,1
6,60991,1
6,60992,10
6,60993,1
6,60994,1
6,60995,10
6,60996,1
6,60997,1
6,60998,1
6,60999,1
6,61000,1
6,61001,1
6,61002,1
6,61003,1
6,61004,2
6,61004,10
6,61005,1
6,61006,1
6,61007,1
6,61008,1
6,61009,1
6,61010,1
6,61011,10
6,61012,1
6,61013,1
6,61014,1
6,61015,1
6,61016,1
6,61017,1
6,61018,1
6,61019,5
6,61020,1
6,61021,1
6,61022,10
6,61023,1
6,61024,1
6,61025,1
6,61026,1
6,61027,1
6,61028,1
6,61029,1
6,61030,1
6,61031,1
6,61032,1
6,61033,1
6,61034,1
6,61035,1
6,61036,1
6,61037,1
6,61038,1
6,61039,1
6,61040,10
6,61041,10
6,61042,10
6,61043,10
6,61044,10
6,61045,10
6,61046,1
6,61047,1
6,61048,10
6,61049,1
6,61050,1
6,61051,1
6,61052,2
6,61053,1
6,61054,1
6,61055,1
6,61056,1
6,61058,1
6,61059,2
6,61060,1
6,61061,1
6,61062,1
6,61063,1
6,61064,1
6,61065,1
6,61066,1
6,61067,1
6,61068,1
6,61069,1
6,61070,1
6,61071,1
6,61072,1
6,61073,1
6,61074,1
6,61075,1
6,61076,1
6,61077,10
6,61078,1
6,61079,1
6,61080,1
6,61081,1
6,61082,1
6,61083,1
6,61084,1
6,61085,1
6,61086,1
6,61087,1
6,61088,1
6,61089,1
6,61090,1
6,61091,1
6,61092,1
6,61093,1
6,61094,1
6,61095,1
6,61096,1
6,61097,2
6,61098,1
6,61099,2
6,61099,10
6,61100,1
6,61101,1
6,61102,1
6,61103,1
6,61104,1
6,61105,1
6,61106,10
6,61107,1
6,61108,1
6,61109,1
6,61110,1
6,61111,10
6,61112,1
6,61113,1
6,61115,1
6,61116,1
6,61117,1
6,61118,10
6,61119,1
6,61120,2
6,61120,10
6,61121,1
6,61122,10
6,61123,1
6,61124,1
6,61125,1
6,61126,2
6,61127,10
6,61128,10
6,61129,1
6,61130,1
6,61131,1
6,61132,1
6,61133,1
6,61134,1
6,61135,10
6,61136,1
6,61137,1
6,61138,1
6,61139,2
6,61140,1
6,61141,1
6,61142,1
6,61143,1
6,61144,1
6,61145,1
6,61146,1
6,61147,1
6,61148,1
6,61149,10
6,61150,10
6,61151,1
6,61152,1
6,61153,1
6,61154,1
6,61155,1
6,61156,1
6,61157,1
6,61158,1
6,61159,1
6,61160,10
6,61161,1
6,61162,1
6,61163,1
6,61164,1
6,61165,1
6,61166,1
6,61167,1
6,61168,1
6,61169,1
6,61170,1
6,61171,1
6,61172,1
6,61173,1
6,61174,10
6,61175,1
6,61176,1
6,61177,1
6,61178,1
6,61179,1
6,61180,1
6,61181,1
6,61182,1
6,61183,1
6,61184,1
6,61185,10
6,61186,10
6,61187,1
6,61188,1
6,61189,1
6,61190,1
6,61191,1
6,61192,1
6,61193,1
6,61194,1
6,61195,1
6,61196,1
6,61197,1
6,61198,1
6,61199,10
6,61200,1
6,61201,1
6,61203,1
6,61204,1
6,61205,10
6,61206,10
6,61207,1
6,61208,1
6,61209,10
6,61210,1
6,61211,1
6,61212,1
6,61213,1
6,61214,1
6,61215,1
6,61216,1
6,61217,1
6,61218,1
6,61219,1
6,61220,1
6,61221,1
6,61222,1
6,61223,1
6,61224,10
6,61225,1
6,61226,1
6,61227,1
6,61228,1
6,61229,1
6,61230,1
6,61231,1
6,61232,1
6,61233,1
6,61235,1
6,61236,1
6,61237,1
6,61238,1
6,61239,1
6,61240,2
6,61241,1
6,61242,1
6,61243,1
6,61244,1
6,61246,10
6,61247,1
6,61248,1
6,61249,10
6,61250,1
6,61251,1
6,61252,1
6,61253,1
6,61254,1
6,61255,10
6,61256,1
6,61257,2
6,61257,10
6,61258,1
6,61259,1
6,61260,1
6,61261,1
6,61262,10
6,61263,1
6,61264,1
6,61265,1
6,61266,1
6,61267,1
6,61268,1
6,61269,1
6,61271,1
6,61272,1
6,61273,1
6,61274,10
6,61275,1
6,61276,1
6,61277,1
6,61278,1
6,61279,1
6,61280,1
6,61281,1
6,61282,10
6,61283,10
6,61284,1
6,61285,10
6,61286,1
6,61287,1
6,61288,1
6,61289,1
6,61290,2
6,61290,10
6,61291,2
6,61291,10
6,61292,2
6,61292,10
6,61293,1
6,61294,10
6,61295,1
6,61296,1
6,61297,1
6,61298,1
6,61299,1
6,61300,10
6,61301,1
6,61302,1
6,61303,1
6,61304,1
6,61305,1
6,61306,1
6,61307,1
6,61308,10
6,61309,1
6,61310,1
6,61311,1
6,61312,1
6,61313,1
6,61314,1
6,61315,1
6,61316,1
6,61317,1
6,61318,1
6,61319,1
6,61320,1
6,61321,1
6,61322,1
6,61323,1
6,61324,1
6,61325,1
6,61326,1
6,61327,1
6,61328,1
6,61329,1
6,61330,10
6,61331,1
6,61332,10
6,61333,1
6,61334,10
6,61335,1
6,61336,1
6,61337,10
6,61338,1
6,61339,1
6,61340,1
6,61341,1
6,61342,1
6,61343,1
6,61344,1
6,61345,1
6,61346,1
6,61347,1
6,61348,1
6,61349,1
6,61350,1
6,61351,1
6,61352,1
6,61353,1
6,61354,1
6,61355,1
6,61356,1
6,61357,1
6,61358,1
6,61359,1
6,61360,1
6,61361,1
6,61362,1
6,61363,1
6,61364,1
6,61365,1
6,61366,1
6,61367,5
6,61368,1
6,61369,1
6,61370,1
6,61371,1
6,61372,1
6,61373,1
6,61374,1
6,61375,1
6,61376,1
6,61377,1
6,61378,1
6,61379,1
6,61380,1
6,61381,1
6,61382,1
6,61383,1
6,61384,1
6,61385,1
6,61386,10
6,61387,1
6,61388,1
6,61389,1
6,61390,1
6,61391,1
6,61392,1
6,61393,1
6,61394,1
6,61395,10
6,61396,10
6,61397,1
6,61398,1
6,61399,1
6,61400,1
6,61401,1
6,61402,1
6,61403,10
6,61404,1
6,61405,1
6,61406,1
6,61407,1
6,61408,1
6,61409,1
6,61410,1
6,61411,1
6,61412,1
6,61413,1
6,61414,1
6,61415,1
6,61416,1
6,61417,10
6,61418,1
6,61419,1
6,61420,1
6,61421,1
6,61422,1
6,61423,1
6,61424,1
6,61425,10
6,61426,1
6,61428,1
6,61429,2
6,61430,1
6,61431,1
6,61432,1
6,61433,1
6,61434,1
6,61435,1
6,61436,1
6,61437,1
6,61439,1
6,61440,1
6,61441,1
6,61442,10
6,61443,1
6,61444,1
6,61445,1
6,61447,10
6,61448,1
6,61449,1
6,61450,1
6,61451,1
6,61452,1
6,61453,1
6,61454,10
6,61454,11
6,61455,1
6,61456,1
6,61457,1
6,61458,1
6,61459,1
6,61460,1
6,61461,1
6,61462,1
6,61463,1
6,61464,2
6,61464,10
6,61465,1
6,61466,1
6,61467,1
6,61468,1
6,61469,1
6,61470,1
6,61471,1
6,61472,1
6,61473,1
6,61474,1
6,61475,1
6,61476,1
6,61477,1
6,61478,1
6,61479,10
6,61480,99
6,61481,1
6,61482,1
6,61483,1
6,61484,1
6,61485,1
6,61486,1
6,61487,1
6,61488,1
6,61489,1
6,61490,1
6,61491,1
6,61492,1
6,61493,1
6,61494,1
6,61495,1
6,61496,1
6,61497,1
6,61498,1
6,61499,1
6,61500,1
6,61501,1
6,61502,1
6,61503,1
6,61504,10
6,61505,1
6,61506,1
6,61507,1
6,61508,1
6,61509,1
6,61510,1
6,61511,1
6,61512,1
6,61513,1
6,61514,1
6,61515,1
6,61517,1
6,61518,1
6,61519,1
6,61520,1
6,61521,1
6,61522,1
6,61523,1
6,61524,1
6,61525,1
6,61526,1
6,61527,1
6,61528,1
6,61529,1
6,61530,1
6,61531,1
6,61532,1
6,61533,1
6,61534,1
6,61535,1
6,61536,1
6,61537,1
6,61538,1
6,61539,1
6,61540,1
6,61541,10
6,61542,1
6,61543,1
6,61544,1
6,61545,1
6,61546,1
6,61547,1
6,61548,1
6,61549,1
6,61550,1
6,61551,1
6,61552,1
6,61553,1
6,61554,1
6,61555,1
6,61556,1
6,61557,1
6,61558,1
6,61559,1
6,61560,1
6,61561,1
6,61562,1
6,61563,1
6,61564,1
6,61565,1
6,61566,1
6,61567,1
6,61568,1
6,61569,1
6,61570,1
6,61571,1
6,61572,1
6,61573,1
6,61574,1
6,61575,10
6,61576,1
6,61577,1
6,61578,1
6,61579,1
6,61580,1
6,61581,1
6,61582,1
6,61583,1
6,61584,1
6,61585,1
6,61586,1
6,61587,1
6,61588,1
6,61589,98
6,61590,1
6,61591,1
6,61592,1
6,61593,1
6,61594,1
6,61595,1
6,61596,1
6,61597,1
6,61598,1
6,61599,1
6,61600,1
6,61601,1
6,61602,1
6,61603,1
6,61604,1
6,61605,1
6,61606,1
6,61607,1
6,61608,1
6,61609,1
6,61610,1
6,61611,1
6,61612,1
6,61613,1
6,61614,1
6,61615,1
6,61616,1
6,61617,1
6,61618,1
6,61619,10
6,61620,1
6,61621,1
6,61622,1
6,61623,1
6,61624,1
6,61625,1
6,61626,1
6,61627,1
6,61628,1
6,61629,1
6,61630,1
6,61631,1
6,61632,1
6,61633,1
6,61634,1
6,61635,1
6,61636,1
6,61637,1
6,61638,1
6,61639,1
6,61640,10
6,61641,10
6,61642,1
6,61643,10
6,61644,1
6,61645,1
6,61647,1
6,61648,1
6,61649,1
6,61650,10
6,61651,1
6,61652,1
6,61653,10
6,61654,10
6,61655,1
6,61656,1
6,61657,1
6,61658,1
6,61659,1
6,61660,1
6,61661,1
6,61662,1
6,61663,1
6,61664,1
6,61665,1
6,61666,1
6,61667,1
6,61668,1
6,61669,1
6,61670,1
6,61671,1
6,61672,10
6,61673,1
6,61674,1
6,61675,1
6,61676,1
6,61677,1
6,61678,1
6,61680,1
6,61681,1
6,61682,1
6,61683,10
6,61684,10
6,61685,1
6,61686,1
6,61687,1
6,61688,1
6,61689,1
6,61690,1
6,61691,1
6,61692,1
6,61693,1
6,61694,10
6,61695,10
6,61696,1
6,61697,1
6,61698,10
6,61699,1
6,61700,1
6,61701,1
6,61702,10
6,61703,10
6,61704,1
6,61705,1
6,61706,10
6,61707,1
6,61708,2
6,61709,10
6,61710,1
6,61711,1
6,61712,1
6,61713,1
6,61714,1
6,61715,1
6,61716,1
6,61717,1
6,61718,10
6,61719,1
6,61720,1
6,61721,1
6,61722,1
6,61723,1
6,61724,1
6,61725,1
6,61726,1
6,61727,1
6,61728,1
6,61729,1
6,61730,1
6,61731,1
6,61732,1
6,61733,1
6,61734,1
6,61735,1
6,61736,1
6,61737,1
6,61738,1
6,61739,2
6,61740,1
6,61741,1
6,61742,1
6,61743,1
6,61744,1
6,61745,1
6,61746,1
6,61747,10
6,61748,1
6,61749,1
6,61750,1
6,61751,2
6,61752,1
6,61753,1
6,61754,1
6,61755,1
6,61756,1
6,61757,1
6,61758,1
6,61759,1
6,61760,1
6,61761,1
6,61762,1
6,61763,1
6,61764,1
6,61765,1
6,61766,1
6,61767,1
6,61768,1
6,61769,1
6,61770,1
6,61771,1
6,61772,1
6,61773,1
6,61774,10
6,61775,1
6,61776,10
6,61777,1
6,61778,1
6,61779,10
6,61780,10
6,61781,1
6,61782,1
6,61783,1
6,61784,1
6,61785,1
6,61786,1
6,61787,1
6,61788,1
6,61789,10
6,61790,1
6,61791,1
6,61792,1
6,61793,1
6,61794,1
6,61795,10
6,61796,1
6,61797,5
6,61798,1
6,61799,1
6,61800,1
6,61802,1
6,61803,1
6,61804,1
6,61805,1
6,61807,1
6,61808,1
6,61809,1
6,61810,1
6,61811,1
6,61812,2
6,61813,1
6,61814,1
6,61815,1
6,61816,1
6,61817,1
6,61818,1
6,61819,1
6,61820,1
6,61821,1
6,61822,1
6,61823,1
6,61824,10
6,61825,1
6,61826,1
6,61827,1
6,61828,1
6,61829,1
6,61830,1
6,61831,1
6,61832,1
6,61833,1
6,61834,5
6,61835,1
6,61836,1
6,61837,1
6,61838,10
6,61839,1
6,61840,1
6,61841,1
6,61842,1
6,61843,1
6,61844,1
6,61845,1
6,61846,1
6,61847,1
6,61848,1
6,61849,1
6,61850,10
6,61851,1
6,61852,1
6,61853,1
6,61854,1
6,61855,1
6,61856,1
6,61857,1
6,61858,10
6,61859,1
6,61860,1
6,61861,1
6,61862,1
6,61863,1
6,61864,1
6,61865,10
6,61866,10
6,61867,1
6,61868,1
6,61869,1
6,61870,1
6,61871,10
6,61872,1
6,61873,2
6,61874,1
6,61875,1
6,61876,1
6,61877,1
6,61878,1
6,61879,1
6,61880,1
6,61881,1
6,61882,1
6,61883,1
6,61884,1
6,61885,10
6,61886,1
6,61887,1
6,61888,1
6,61889,1
6,61890,1
6,61891,1
6,61892,1
6,61893,1
6,61894,2
6,61895,1
6,61896,1
6,61897,1
6,61898,1
6,61899,1
6,61900,1
6,61901,1
6,61902,10
6,61903,10
6,61904,1
6,61905,1
6,61906,1
6,61907,2
6,61908,1
6,61910,1
6,61911,1
6,61912,2
6,61912,10
6,61913,1
6,61914,1
6,61915,1
6,61916,1
6,61917,1
6,61918,1
6,61919,1
6,61920,1
6,61921,1
6,61923,1
6,61924,2
6,61925,10
6,61926,1
6,61927,1
6,61928,1
6,61929,1
6,61930,1
6,61931,1
6,61932,1
6,61933,1
6,61934,1
6,61935,1
6,61936,1
6,61937,4
6,61938,1
6,61939,1
6,61941,1
6,61942,1
6,61943,1
6,61944,98
6,61945,1
6,61946,1
6,61947,1
6,61948,1
6,61949,1
6,61950,1
6,61951,10
6,61952,1
6,61953,1
6,61954,1
6,61955,1
6,61956,1
6,61957,1
6,61958,2
6,61958,10
6,61959,1
6,61960,1
6,61961,10
6,61962,10
6,61963,1
6,61964,1
6,61965,1
6,61966,1
6,61967,2
6,61967,10
6,61968,1
6,61969,1
6,61970,1
6,61971,1
6,61972,1
6,61973,1
6,61974,1
6,61975,1
6,61976,1
6,61977,1
6,61978,1
6,61979,1
6,61980,1
6,61981,1
6,61982,2
6,61983,1
6,61984,1
6,61985,1
6,61986,1
6,61987,1
6,61988,10
6,61989,1
6,61990,1
6,61991,1
6,61992,10
6,61993,1
6,61994,1
6,61995,1
6,61996,1
6,61997,1
6,61998,1
6,61999,1
6,62000,10
6,62001,1
6,62002,1
6,62003,10
6,62004,1
6,62005,1
6,62006,1
6,62007,1
6,62008,1
6,62009,1
6,62010,1
6,62011,1
6,62012,1
6,62013,1
6,62014,1
6,62015,1
6,62016,2
6,62017,1
6,62018,1
6,62019,1
6,62020,2
6,62020,10
6,62021,1
6,62022,1
6,62023,1
6,62024,1
6,62025,1
6,62026,1
6,62027,1
6,62028,1
6,62029,10
6,62030,1
6,62031,1
6,62032,1
6,62033,1
6,62034,1
6,62035,10
6,62036,1
6,62037,1
6,62038,1
6,62039,1
6,62040,1
6,62041,1
6,62042,1
6,62043,1
6,62044,1
6,62045,1
6,62046,1
6,62047,1
6,62048,1
6,62049,1
6,62050,1
6,62051,1
6,62052,1
6,62053,1
6,62054,2
6,62055,1
6,62056,1
6,62057,1
6,62058,1
6,62059,1
6,62060,1
6,62061,5
6,62062,1
6,62063,1
6,62064,1
6,62065,1
6,62066,1
6,62067,1
6,62068,1
6,62069,1
6,62070,1
6,62071,10
6,62072,1
6,62073,1
6,62074,1
6,62075,10
6,62076,1
6,62077,1
6,62078,1
6,62080,1
6,62081,1
6,62082,1
6,62083,1
6,62084,1
6,62085,1
6,62086,10
6,62087,1
6,62088,1
6,62089,1
6,62090,1
6,62091,1
6,62092,1
6,62093,1
6,62094,1
6,62095,1
6,62096,10
6,62097,1
6,62098,1
6,62099,1
6,62100,1
6,62101,1
6,62102,1
6,62103,1
6,62104,1
6,62105,1
6,62106,1
6,62107,1
6,62108,1
6,62109,1
6,62110,1
6,62111,1
6,62112,1
6,62113,1
6,62114,10
6,62115,1
6,62116,1
6,62117,1
6,62118,10
6,62119,1
6,62120,1
6,62121,1
6,62122,1
6,62123,1
6,62124,1
6,62125,2
6,62125,10
6,62126,1
6,62127,1
6,62128,1
6,62129,2
6,62129,10
6,62130,10
6,62131,1
6,62132,1
6,62133,1
6,62134,10
6,62135,1
6,62136,2
6,62137,1
6,62138,1
6,62139,1
6,62140,1
6,62141,1
6,62142,1
6,62143,1
6,62144,1
6,62145,1
6,62147,1
6,62148,1
6,62149,10
6,62150,1
6,62151,1
6,62152,1
6,62153,1
6,62154,1
6,62155,1
6,62156,1
6,62157,1
6,62158,1
6,62159,1
6,62160,1
6,62161,1
6,62162,1
6,62163,1
6,62164,1
6,62165,1
6,62166,1
6,62167,1
6,62168,1
6,62169,10
6,62170,10
6,62171,1
6,62172,1
6,62173,5
6,62173,10
6,62174,1
6,62175,1
6,62176,1
6,62177,1
6,62178,1
6,62179,1
6,62180,1
6,62181,1
6,62182,1
6,62183,1
6,62184,1
6,62185,1
6,62186,1
6,62187,1
6,62188,2
6,62189,1
6,62190,1
6,62191,1
6,62192,10
6,62193,1
6,62194,1
6,62195,6
6,62195,10
6,62196,1
6,62197,1
6,62198,1
6,62199,1
6,62200,1
6,62201,1
6,62202,1
6,62203,1
6,62204,1
6,62205,1
6,62206,1
6,62207,1
6,62208,10
6,62209,1
6,62210,1
6,62211,1
6,62212,1
6,62213,10
6,62214,10
6,62215,1
6,62216,1
6,62217,1
6,62218,1
6,62219,10
6,62220,1
6,62221,1
6,62222,10
6,62223,10
6,62224,1
6,62225,1
6,62226,1
6,62227,1
6,62228,10
6,62229,1
6,62230,1
6,62231,1
6,62232,1
6,62233,1
6,62234,1
6,62235,1
6,62236,1
6,62237,1
6,62238,1
6,62239,1
6,62240,1
6,62241,1
6,62242,1
6,62243,1
6,62244,1
6,62245,1
6,62246,1
6,62247,1
6,62248,1
6,62249,2
6,62250,1
6,62251,2
6,62251,10
6,62252,1
6,62253,1
6,62254,1
6,62255,1
6,62256,1
6,62257,1
6,62258,1
6,62259,1
6,62260,1
6,62261,1
6,62262,1
6,62263,1
6,62264,10
6,62265,1
6,62266,1
6,62267,1
6,62268,10
6,62269,1
6,62270,1
6,62272,1
6,62273,1
6,62274,1
6,62275,1
6,62276,1
6,62277,1
6,62278,1
6,62279,10
6,62280,1
6,62281,1
6,62282,1
6,62283,10
6,62284,1
6,62285,1
6,62286,1
6,62287,1
6,62288,1
6,62289,10
6,62290,1
6,62291,1
6,62292,1
6,62293,1
6,62294,1
6,62295,1
6,62296,1
6,62297,1
6,62298,1
6,62299,1
6,62300,1
6,62301,1
6,62302,1
6,62303,1
6,62304,1
6,62305,10
6,62306,1
6,62307,1
6,62308,1
6,62309,1
6,62310,1
6,62311,1
6,62312,10
6,62313,1
6,62314,1
6,62315,5
6,62316,1
6,62317,1
6,62318,1
6,62319,1
6,62320,1
6,62321,1
6,62322,1
6,62323,2
6,62324,1
6,62325,1
6,62326,1
6,62327,10
6,62328,1
6,62329,1
6,62330,1
6,62331,1
6,62332,10
6,62333,1
6,62334,1
6,62335,1
6,62336,1
6,62337,1
6,62339,1
6,62340,1
6,62341,1
6,62342,1
6,62343,1
6,62344,1
6,62345,1
6,62346,1
6,62347,10
6,62348,1
6,62349,1
6,62350,1
6,62351,1
6,62352,1
6,62353,10
6,62354,1
6,62355,1
6,62356,10
6,62357,1
6,62358,1
6,62359,10
6,62360,1
6,62361,1
6,62362,1
6,62363,1
6,62364,10
6,62365,1
6,62366,1
6,62367,1
6,62368,10
6,62369,1
6,62370,1
6,62371,1
6,62372,1
6,62373,1
6,62374,10
6,62375,1
6,62376,1
6,62377,1
6,62378,1
6,62379,1
6,62380,1
6,62381,1
6,62382,1
6,62383,1
6,62384,1
6,62385,1
6,62386,1
6,62387,1
6,62388,1
6,62389,1
6,62390,1
6,62391,10
6,62392,2
6,62392,10
6,62393,10
6,62394,1
6,62395,1
6,62396,1
6,62397,1
6,62398,1
6,62399,1
6,62400,1
6,62401,1
6,62402,1
6,62403,10
6,62404,5
6,62405,1
6,62406,1
6,62407,1
6,62408,1
6,62409,1
6,62410,10
6,62411,1
6,62412,1
6,62413,10
6,62414,1
6,62415,1
6,62416,1
6,62417,1
6,62418,1
6,62419,1
6,62420,1
6,62421,1
6,62422,1
6,62423,1
6,62424,10
6,62425,1
6,62426,2
6,62426,4
6,62427,1
6,62428,1
6,62429,1
6,62430,1
6,62431,1
6,62432,1
6,62433,1
6,62434,1
6,62435,1
6,62436,1
6,62437,1
6,62438,1
6,62439,1
6,62440,1
6,62441,1
6,62442,1
6,62443,1
6,62444,1
6,62445,1
6,62446,1
6,62447,1
6,62448,2
6,62449,1
6,62450,1
6,62451,10
6,62452,1
6,62453,1
6,62454,1
6,62455,2
6,62456,1
6,62457,1
6,62458,1
6,62459,1
6,62460,1
6,62461,1
6,62462,1
6,62463,1
6,62464,1
6,62465,6
6,62466,1
6,62467,5
6,62468,1
6,62469,1
6,62470,1
6,62471,1
6,62473,1
6,62474,10
6,62475,1
6,62476,1
6,62477,1
6,62478,1
6,62479,10
6,62480,1
6,62481,1
6,62482,1
6,62483,1
6,62484,5
6,62486,1
6,62487,1
6,62488,1
6,62489,1
6,62490,1
6,62491,1
6,62492,5
6,62493,1
6,62494,1
6,62495,1
6,62496,2
6,62497,1
6,62499,1
6,62500,1
6,62501,10
6,62502,1
6,62503,1
6,62504,10
6,62505,1
6,62506,1
6,62507,1
6,62508,1
6,62509,1
6,62510,1
6,62511,10
6,62512,2
6,62513,5
6,62514,1
6,62515,1
6,62516,1
6,62517,1
6,62518,1
6,62519,1
6,62520,10
6,62521,1
6,62522,5
6,62522,10
6,62523,10
6,62524,10
6,62525,1
6,62527,1
6,62528,1
6,62529,1
6,62530,1
6,62531,1
6,62532,1
6,62533,1
6,62534,1
6,62535,1
6,62536,1
6,62537,1
6,62538,1
6,62539,1
6,62540,1
6,62541,2
6,62542,1
6,62543,2
6,62543,10
6,62544,10
6,62545,1
6,62546,1
6,62547,1
6,62548,1
6,62549,1
6,62550,1
6,62551,10
6,62552,10
6,62553,1
6,62554,1
6,62555,1
6,62556,1
6,62557,1
6,62558,1
6,62559,1
6,62560,10
6,62561,1
6,62562,1
6,62563,1
6,62564,1
6,62565,1
6,62566,1
6,62567,10
6,62568,10
6,62569,2
6,62569,10
6,62570,1
6,62571,5
6,62572,1
6,62573,5
6,62574,1
6,62575,1
6,62576,10
6,62577,1
6,62578,1
6,62579,10
6,62580,1
6,62581,1
6,62582,1
6,62583,1
6,62584,1
6,62585,1
6,62586,1
6,62587,1
6,62588,1
6,62589,1
6,62590,1
6,62591,1
6,62592,2
6,62592,10
6,62593,1
6,62594,1
6,62595,1
6,62596,1
6,62597,1
6,62598,1
6,62599,1
6,62600,1
6,62601,10
6,62602,1
6,62603,1
6,62604,2
6,62604,10
6,62605,1
6,62606,1
6,62607,1
6,62608,1
6,62609,1
6,62610,10
6,62611,1
6,62612,1
6,62613,2
6,62613,10
6,62614,1
6,62615,5
6,62616,1
6,62617,1
6,62618,1
6,62619,1
6,62620,1
6,62621,1
6,62622,1
6,62623,1
6,62624,10
6,62625,10
6,62626,1
6,62627,1
6,62628,1
6,62629,1
6,62630,1
6,62631,2
6,62631,10
6,62632,5
6,62633,1
6,62634,1
6,62635,2
6,62635,10
6,62636,1
6,62637,1
6,62638,1
6,62639,1
6,62640,1
6,62641,1
6,62642,1
6,62643,1
6,62644,1
6,62645,1
6,62646,1
6,62647,1
6,62648,1
6,62649,10
6,62650,1
6,62651,2
6,62652,10
6,62653,1
6,62654,2
6,62655,1
6,62656,1
6,62657,1
6,62658,1
6,62659,1
6,62660,1
6,62661,1
6,62662,1
6,62663,1
6,62664,1
6,62665,1
6,62666,1
6,62667,1
6,62668,1
6,62669,1
6,62670,1
6,62671,1
6,62672,1
6,62673,1
6,62674,1
6,62675,1
6,62676,1
6,62677,1
6,62678,1
6,62679,1
6,62680,1
6,62681,5
6,62682,1
6,62683,1
6,62684,1
6,62685,1
6,62686,1
6,62687,1
6,62688,2
6,62689,1
6,62690,1
6,62691,1
6,62692,1
6,62693,10
6,62694,1
6,62695,1
6,62696,1
6,62697,1
6,62698,1
6,62699,1
6,62700,1
6,62701,1
6,62702,1
6,62703,1
6,62705,1
6,62706,10
6,62707,1
6,62708,1
6,62709,1
6,62710,1
6,62711,1
6,62712,1
6,62713,1
6,62714,1
6,62715,10
6,62716,1
6,62717,1
6,62718,1
6,62719,1
6,62720,10
6,62721,1
6,62722,1
6,62723,1
6,62724,1
6,62725,1
6,62726,1
6,62727,1
6,62728,1
6,62729,1
6,62730,1
6,62731,1
6,62732,2
6,62733,1
6,62734,1
6,62735,1
6,62736,1
6,62737,1
6,62738,1
6,62739,1
6,62740,5
6,62741,1
6,62742,1
6,62743,1
6,62744,1
6,62745,1
6,62746,1
6,62747,1
6,62748,10
6,62749,1
6,62750,1
6,62751,10
6,62752,5
6,62753,1
6,62754,1
6,62755,1
6,62756,1
6,62757,5
6,62758,2
6,62758,10
6,62760,1
6,62761,1
6,62762,1
6,62763,1
6,62764,1
6,62765,10
6,62766,1
6,62767,1
6,62768,1
6,62769,10
6,62770,1
6,62771,1
6,62772,1
6,62773,1
6,62774,1
6,62775,1
6,62776,1
6,62777,1
6,62778,1
6,62779,1
6,62780,1
6,62781,2
6,62782,1
6,62783,1
6,62784,1
6,62785,1
6,62786,1
6,62787,1
6,62788,1
6,62789,1
6,62790,1
6,62791,1
6,62792,1
6,62793,1
6,62794,1
6,62796,1
6,62797,1
6,62798,1
6,62799,1
6,62800,10
6,62801,1
6,62802,10
6,62803,1
6,62806,1
6,62807,1
6,62808,1
6,62809,1
6,62810,1
6,62811,1
6,62812,1
6,62813,10
6,62814,1
6,62815,10
6,62816,1
6,62817,2
6,62818,10
6,62819,1
6,62820,1
6,62821,1
6,62822,1
6,62823,10
6,62824,1
6,62825,1
6,62826,1
6,62827,1
6,62828,1
6,62829,1
6,62830,1
6,62831,5
6,62832,1
6,62833,1
6,62834,1
6,62835,1
6,62836,1
6,62837,1
6,62838,1
6,62839,1
6,62840,1
6,62841,1
6,62842,1
6,62843,1
6,62845,1
6,62846,1
6,62847,10
6,62848,10
6,62849,1
6,62850,1
6,62851,1
6,62852,1
6,62853,1
6,62854,1
6,62855,1
6,62856,1
6,62857,1
6,62858,1
6,62859,10
6,62860,1
6,62861,10
6,62862,1
6,62863,1
6,62864,1
6,62865,1
6,62866,1
6,62867,10
6,62868,1
6,62869,1
6,62870,1
6,62872,1
6,62873,1
6,62874,1
6,62875,1
6,62876,1
6,62877,1
6,62878,1
6,62879,1
6,62880,1
6,62881,1
6,62882,10
6,62883,1
6,62884,1
6,62885,1
6,62886,1
6,62887,1
6,62888,1
6,62889,1
6,62890,1
6,62891,1
6,62892,1
6,62893,1
6,62894,1
6,62895,1
6,62896,1
6,62897,1
6,62898,1
6,62899,1
6,62900,1
6,62901,1
6,62902,1
6,62903,1
6,62904,1
6,62905,1
6,62906,5
6,62907,1
6,62908,1
6,62909,1
6,62910,1
6,62911,1
6,62912,1
6,62913,1
6,62914,1
6,62915,1
6,62916,1
6,62917,1
6,62918,1
6,62919,1
6,62920,1
6,62921,1
6,62922,1
6,62923,1
6,62924,1
6,62925,1
6,62926,1
6,62927,1
6,62928,1
6,62929,1
6,62930,1
6,62931,1
6,62932,1
6,62933,1
6,62934,1
6,62935,10
6,62936,1
6,62937,1
6,62938,1
6,62939,1
6,62940,1
6,62941,2
6,62942,1
6,62943,1
6,62944,1
6,62945,98
6,62946,1
6,62947,1
6,62948,1
6,62949,1
6,62950,1
6,62951,1
6,62952,10
6,62953,1
6,62954,1
6,62955,1
6,62956,1
6,62957,1
6,62958,10
6,62959,1
6,62960,10
6,62961,1
6,62962,1
6,62963,1
6,62964,1
6,62965,1
6,62966,1
6,62967,1
6,62968,1
6,62969,1
6,62970,1
6,62971,1
6,62972,1
6,62973,1
6,62974,1
6,62975,1
6,62976,1
6,62977,1
6,62978,1
6,62979,1
6,62980,10
6,62981,1
6,62982,1
6,62983,1
6,62984,2
6,62984,10
6,62985,1
6,62986,1
6,62987,1
6,62988,1
6,62989,1
6,62991,1
6,62992,1
6,62993,1
6,62994,1
6,62995,1
6,62996,1
6,62997,1
6,62998,1
6,62999,1
6,63000,1
6,63001,1
6,63002,1
6,63003,1
6,63004,1
6,63005,1
6,63006,1
6,63007,10
6,63008,10
6,63009,4
6,63009,10
6,63010,1
6,63011,1
6,63012,1
6,63013,1
6,63014,1
6,63015,1
6,63016,1
6,63017,1
6,63018,1
6,63019,1
6,63020,1
6,63021,1
6,63022,1
6,63023,1
6,63024,1
6,63025,1
6,63026,1
6,63027,1
6,63028,1
6,63029,1
6,63030,1
6,63031,1
6,63032,10
6,63033,1
6,63034,1
6,63035,10
6,63036,1
6,63037,1
6,63038,98
6,63039,1
6,63040,1
6,63041,1
6,63042,1
6,63043,1
6,63044,10
6,63045,1
6,63046,10
6,63047,1
6,63048,1
6,63049,1
6,63050,10
6,63051,1
6,63052,1
6,63053,1
6,63054,10
6,63055,1
6,63056,1
6,63057,1
6,63058,1
6,63059,1
6,63060,1
6,63062,5
6,63063,1
6,63064,1
6,63065,1
6,63066,1
6,63067,10
6,63068,1
6,63069,1
6,63070,1
6,63071,1
6,63072,1
6,63073,1
6,63074,1
6,63075,1
6,63076,1
6,63077,1
6,63078,1
6,63079,1
6,63081,1
6,63082,1
6,63083,10
6,63084,1
6,63085,1
6,63086,1
6,63087,1
6,63088,1
6,63089,1
6,63090,1
6,63091,1
6,63092,1
6,63093,1
6,63094,1
6,63095,1
6,63096,1
6,63097,1
6,63098,1
6,63099,1
6,63100,1
6,63101,1
6,63102,2
6,63103,1
6,63104,1
6,63105,1
6,63106,1
6,63107,1
6,63108,1
6,63109,1
6,63110,1
6,63111,1
6,63112,1
6,63113,1
6,63114,1
6,63115,1
6,63116,98
6,63117,1
6,63118,1
6,63119,10
6,63120,1
6,63121,1
6,63122,1
6,63123,1
6,63124,1
6,63125,1
6,63126,2
6,63127,1
6,63128,98
6,63129,1
6,63130,10
6,63131,1
6,63132,1
6,63133,1
6,63134,1
6,63135,1
6,63136,1
6,63137,1
6,63138,1
6,63139,1
6,63140,1
6,63141,1
6,63142,1
6,63143,1
6,63145,10
6,63146,1
6,63147,1
6,63148,1
6,63149,1
6,63150,1
6,63151,1
6,63152,1
6,63153,1
6,63154,1
6,63155,1
6,63156,1
6,63157,1
6,63158,10
6,63159,1
6,63160,1
6,63161,1
6,63162,1
6,63163,1
6,63164,1
6,63165,1
6,63166,1
6,63167,1
6,63168,1
6,63169,1
6,63170,1
6,63171,1
6,63172,1
6,63173,98
6,63174,1
6,63175,1
6,63176,1
6,63177,1
6,63178,1
6,63179,1
6,63180,1
6,63181,1
6,63182,1
6,63183,1
6,63184,1
6,63185,10
6,63186,1
6,63187,1
6,63188,1
6,63189,1
6,63190,10
6,63191,1
6,63192,1
6,63193,10
6,63194,1
6,63195,10
6,63196,1
6,63197,1
6,63198,1
6,63199,1
6,63200,1
6,63201,1
6,63202,1
6,63203,1
6,63204,1
6,63205,1
6,63206,1
6,63207,1
6,63208,1
6,63209,98
6,63210,1
6,63211,1
6,63212,1
6,63213,10
6,63214,1
6,63215,1
6,63216,1
6,63217,1
6,63218,1
6,63219,1
6,63220,1
6,63221,10
6,63222,1
6,63223,1
6,63224,1
6,63225,10
6,63226,1
6,63227,1
6,63228,1
6,63229,1
6,63230,1
6,63231,1
6,63232,1
6,63233,1
6,63234,1
6,63235,1
6,63236,1
6,63237,1
6,63238,1
6,63239,1
6,63240,1
6,63241,1
6,63242,1
6,63243,1
6,63244,98
6,63245,1
6,63246,1
6,63247,1
6,63248,10
6,63249,2
6,63250,1
6,63251,1
6,63252,10
6,63253,1
6,63254,1
6,63255,1
6,63256,10
6,63257,1
6,63258,1
6,63259,1
6,63260,1
6,63261,1
6,63262,1
6,63263,1
6,63264,1
6,63265,10
6,63266,1
6,63267,1
6,63268,1
6,63269,1
6,63270,1
6,63271,1
6,63272,1
6,63273,1
6,63274,1
6,63275,1
6,63276,2
6,63276,10
6,63277,1
6,63278,1
6,63279,1
6,63280,1
6,63281,1
6,63282,1
6,63283,10
6,63284,1
6,63285,1
6,63286,1
6,63287,1
6,63288,10
6,63289,1
6,63290,1
6,63291,1
6,63292,1
6,63293,1
6,63294,1
6,63295,1
6,63296,1
6,63297,1
6,63298,1
6,63299,1
6,63300,1
6,63301,1
6,63302,10
6,63303,1
6,63304,1
6,63305,1
6,63306,10
6,63307,1
6,63308,1
6,63309,2
6,63310,1
6,63311,1
6,63312,1
6,63313,10
6,63314,5
6,63315,1
6,63316,2
6,63317,1
6,63318,1
6,63319,1
6,63320,1
6,63321,1
6,63322,1
6,63323,1
6,63324,1
6,63325,1
6,63326,10
6,63327,10
6,63328,10
6,63329,1
6,63330,1
6,63331,1
6,63332,1
6,63333,1
6,63334,1
6,63335,1
6,63336,1
6,63337,1
6,63338,10
6,63339,1
6,63340,1
6,63341,1
6,63342,10
6,63343,1
6,63344,1
6,63345,1
6,63346,1
6,63347,1
6,63348,1
6,63349,2
6,63350,1
6,63351,1
6,63352,1
6,63353,1
6,63354,1
6,63355,1
6,63356,1
6,63357,1
6,63358,1
6,63359,1
6,63360,1
6,63361,1
6,63362,98
6,63363,1
6,63364,1
6,63365,1
6,63366,1
6,63367,1
6,63368,1
6,63370,1
6,63371,10
6,63372,1
6,63374,1
6,63375,10
6,63376,1
6,63377,1
6,63378,1
6,63379,1
6,63380,1
6,63381,1
6,63382,1
6,63383,1
6,63384,1
6,63385,1
6,63386,1
6,63387,1
6,63388,1
6,63389,1
6,63390,10
6,63391,1
6,63392,1
6,63393,1
6,63394,1
6,63395,1
6,63396,1
6,63397,1
6,63398,1
6,63399,1
6,63400,1
6,63401,1
6,63402,1
6,63403,2
6,63404,1
6,63405,1
6,63406,1
6,63407,1
6,63408,1
6,63409,1
6,63410,1
6,63411,1
6,63412,1
6,63413,1
6,63414,1
6,63415,1
6,63416,1
6,63417,1
6,63418,1
6,63419,1
6,63420,1
6,63421,1
6,63422,1
6,63423,1
6,63424,1
6,63425,1
6,63426,10
6,63427,1
6,63428,1
6,63429,1
6,63430,1
6,63431,1
6,63432,1
6,63433,5
6,63434,1
6,63435,1
6,63436,1
6,63437,1
6,63438,1
6,63439,1
6,63440,1
6,63441,1
6,63442,2
6,63443,1
6,63444,1
6,63445,1
6,63446,1
6,63447,1
6,63448,1
6,63449,1
6,63450,1
6,63451,1
6,63452,1
6,63453,10
6,63454,1
6,63455,1
6,63456,1
6,63457,1
6,63458,10
6,63459,1
6,63460,1
6,63461,1
6,63462,1
6,63463,1
6,63464,1
6,63465,1
6,63466,1
6,63467,1
6,63468,1
6,63469,1
6,63470,1
6,63471,1
6,63472,1
6,63473,1
6,63474,1
6,63475,1
6,63476,10
6,63477,1
6,63478,1
6,63479,1
6,63480,1
6,63481,1
6,63482,1
6,63483,1
6,63484,1
6,63485,1
6,63486,1
6,63487,1
6,63488,10
6,63489,1
6,63490,1
6,63491,1
6,63492,1
6,63493,1
6,63494,1
6,63495,1
6,63496,2
6,63496,10
6,63497,1
6,63498,1
6,63499,1
6,63500,2
6,63501,1
6,63502,1
6,63503,1
6,63504,1
6,63505,1
6,63506,5
6,63507,10
6,63508,1
6,63509,1
6,63510,1
6,63511,98
6,63512,98
6,63513,1
6,63514,1
6,63515,1
6,63516,98
6,63517,98
6,63518,1
6,63519,10
6,63520,1
6,63521,10
6,63522,1
6,63523,1
6,63524,1
6,63525,1
6,63526,1
6,63527,1
6,63528,1
6,63529,10
6,63530,5
6,63531,1
6,63532,1
6,63533,1
6,63534,1
6,63535,1
6,63536,1
6,63537,1
6,63538,1
6,63539,1
6,63540,1
6,63541,1
6,63542,1
6,63543,1
6,63544,1
6,63545,1
6,63546,1
6,63547,1
6,63548,1
6,63549,1
6,63550,1
6,63551,1
6,63552,10
6,63553,1
6,63554,1
6,63555,1
6,63556,1
6,63557,1
6,63558,1
6,63559,1
6,63560,1
6,63561,1
6,63562,1
6,63563,1
6,63564,1
6,63565,1
6,63566,1
6,63567,1
6,63568,10
6,63569,1
6,63570,1
6,63571,1
6,63572,1
6,63573,1
6,63574,1
6,63575,1
6,63576,1
6,63577,1
6,63578,1
6,63579,1
6,63580,1
6,63581,1
6,63582,1
6,63583,1
6,63584,1
6,63585,1
6,63586,1
6,63587,1
6,63588,1
6,63589,1
6,63590,1
6,63591,1
6,63592,1
6,63593,1
6,63594,1
6,63595,1
6,63596,1
6,63597,1
6,63598,1
6,63599,1
6,63600,1
6,63601,1
6,63602,1
6,63603,1
6,63604,98
6,63605,1
6,63606,1
6,63607,1
6,63608,1
6,63609,1
6,63610,1
6,63611,1
6,63612,5
6,63613,1
6,63614,1
6,63615,1
6,63616,1
6,63617,10
6,63618,1
6,63619,1
6,63620,1
6,63621,1
6,63622,1
6,63623,1
6,63624,1
6,63625,10
6,63626,1
6,63627,1
6,63628,1
6,63629,5
6,63630,1
6,63631,2
6,63632,1
6,63633,1
6,63634,1
6,63635,10
6,63636,98
6,63637,1
6,63638,1
8,80001,1
8,80002,1
8,80003,1
8,80004,1
8,80005,1
8,80006,10
8,80007,1
8,80008,10
8,80009,1
8,80010,1
8,80011,1
8,80012,1
8,80013,10
8,80014,1
8,80015,1
8,80016,1
8,80017,1
8,80018,1
8,80019,1
8,80020,1
8,80021,1
8,80022,1
8,80023,1
8,80024,1
8,80025,1
8,80026,1
8,80027,1
8,80028,1
8,80029,1
8,80030,1
8,80031,1
8,80032,1
8,80033,1
8,80034,1
8,80035,1
8,80036,10
8,80037,4
8,80038,1
8,80039,1
8,80040,1
8,80041,1
8,80042,1
8,80043,5
8,80044,2
8,80045,12
8,80046,4
8,80046,5
8,80047,1
8,80048,1
8,80049,1
8,80050,1
8,80051,1
8,80052,1
8,80053,1
8,80054,1
8,80055,1
8,80056,1
8,80057,1
8,80058,10
8,80059,1
8,80060,1
8,80061,1
8,80062,1
8,80063,1
8,80064,10
8,80065,1
8,80066,1
8,80067,1
8,80068,1
8,80069,1
8,80070,6
8,80071,1
8,80072,1
8,80073,1
8,80074,1
8,80075,1
8,80076,1
8,80077,1
8,80078,1
8,80079,1
8,80080,1
8,80081,1
8,80082,1
8,80083,1
8,80084,10
8,80085,1
8,80086,1
8,80087,5
8,80088,1
8,80089,1
8,80090,1
8,80091,1
8,80092,1
8,80093,1
8,80094,1
8,80095,1
8,80096,1
8,80097,4
8,80098,1
8,80099,1
8,80100,1
8,80101,6
8,80102,4
8,80103,10
8,80104,10
8,80105,1
8,80106,1
8,80107,1
8,80108,1
8,80109,1
8,80110,1
8,80111,1
8,80112,1
8,80113,1
8,80114,10
8,80115,1
8,80116,10
8,80117,1
8,80118,1
8,80119,1
8,80120,1
8,80121,1
8,80122,1
8,80123,2
8,80124,1
8,80125,1
8,80126,6
8,80127,4
8,80127,6
8,80128,1
8,80129,1
8,80130,1
8,80131,1
8,80132,1
8,80133,1
8,80134,1
8,80135,1
8,80136,1
8,80137,1
8,80138,1
8,80139,1
8,80140,1
8,80141,1
8,80142,6
8,80143,1
8,80144,1
8,80145,6
8,80146,1
8,80147,1
8,80148,1
8,80149,2
8,80149,3
8,80150,1
8,80151,1
8,80152,1
8,80153,1
8,80154,1
8,80155,1
8,80156,2
8,80157,2
8,80158,10
8,80159,2
8,80159,10
8,80160,1
8,80161,1
8,80162,1
8,80163,1
8,80164,1
8,80165,6
8,80166,1
8,80167,6
8,80168,6
8,80169,1
8,80170,10
8,80171,1
8,80172,10
8,80173,3
8,80173,4
8,80174,10
8,80175,1
8,80176,1
8,80177,1
8,80178,1
8,80179,1
8,80180,1
8,80181,1
8,80182,1
8,80183,1
8,80184,1
8,80185,1
8,80186,1
8,80187,1
8,80188,1
8,80189,1
8,80190,1
8,80191,1
8,80192,1
8,80193,1
8,80194,10
8,80195,1
8,80196,1
8,80197,1
8,80198,1
8,80199,1
8,80200,1
8,80201,1
8,80202,1
8,80203,1
8,80204,1
8,80205,1
8,80206,1
8,80207,1
8,80208,1
8,80209,1
8,80210,1
8,80211,1
8,80212,1
8,80213,10
8,80214,1
8,80215,1
8,80216,1
8,80217,1
8,80218,1
8,80219,1
8,80220,1
8,80221,1
8,80222,1
8,80223,1
8,80224,1
8,80225,1
8,80226,1
8,80227,1
8,80228,1
8,80229,1
8,80230,1
8,80231,1
8,80232,1
8,80233,1
8,80234,1
8,80235,1
8,80236,1
8,80237,1
8,80238,1
8,80239,1
8,80240,1
8,80241,1
8,80242,1
8,80243,1
8,80244,1
8,80245,1
8,80246,1
8,80247,1
8,80248,1
8,80249,1
8,80250,1
8,80251,1
8,80252,1
8,80253,1
8,80254,1
8,80255,1
8,80256,1
8,80257,1
8,80258,1
8,80259,10
8,80260,1
8,80261,1
8,80262,1
8,80263,1
8,80264,1
8,80265,1
8,80266,1
8,80267,1
8,80268,1
8,80269,10
8,80270,1
8,80271,1
8,80272,1
8,80273,1
8,80274,1
8,80275,10
8,80276,1
8,80277,1
8,80278,10
8,80279,10
8,80280,10
8,80281,1
8,80282,1
8,80283,1
8,80284,1
8,80285,1
8,80286,1
8,80287,2
8,80288,1
8,80289,1
8,80290,1
8,80291,1
8,80292,1
8,80293,1
8,80294,1
8,80295,1
8,80296,1
8,80297,10
8,80298,1
8,80299,1
8,80300,1
8,80301,1
8,80302,1
8,80303,2
8,80304,1
8,80305,1
8,80306,1
8,80307,1
8,80308,1
8,80309,10
8,80310,1
8,80311,1
8,80312,1
8,80313,1
8,80314,10
8,80315,1
8,80316,1
8,80317,10
8,80318,1
8,80319,1
8,80320,1
8,80321,1
8,80322,10
8,80323,1
8,80324,1
8,80325,1
8,80326,1
8,80327,1
8,80328,1
8,80329,1
8,80330,1
8,80331,1
8,80332,1
8,80333,1
8,80334,1
8,80335,1
8,80336,1
8,80337,1
8,80338,1
8,80339,1
8,80340,1
8,80341,1
8,80342,1
8,80343,1
8,80344,1
8,80345,1
8,80346,1
8,80347,1
8,80348,1
8,80349,1
8,80350,1
8,80351,1
8,80352,1
8,80353,1
8,80354,1
8,80355,1
8,80356,1
8,80357,1
8,80358,1
8,80359,10
8,80360,1
8,80361,1
8,80362,1
8,80363,1
8,80364,10
8,80365,1
8,80366,1
8,80367,1
8,80368,2
8,80368,5
8,80369,1
8,80370,1
8,80371,1
8,80372,10
8,80373,1
8,80374,1
8,80375,1
8,80376,1
8,80377,1
8,80378,1
8,80379,1
8,80380,1
8,80381,2
8,80382,1
8,80383,1
8,80384,1
8,80385,1
8,80386,1
8,80387,1
8,80388,1
8,80389,2
8,80390,10
8,80391,1
8,80392,1
8,80393,1
8,80394,1
8,80395,10
8,80396,1
8,80397,1
8,80398,1
8,80399,1
8,80400,1
8,80401,1
8,80402,1
8,80403,1
8,80404,1
8,80405,1
8,80406,1
8,80407,1
8,80408,1
8,80409,1
8,80410,1
8,80411,1
8,80412,1
8,80413,1
8,80414,1
8,80415,1
8,80416,1
8,80417,1
8,80418,1
8,80419,1
8,80420,1
8,80421,1
8,80422,1
8,80423,1
8,80424,1
8,80425,1
8,80426,1
8,80427,1
8,80428,1
8,80429,1
8,80430,1
8,80431,1
8,80432,10
8,80433,1
8,80434,1
8,80435,1
8,80436,1
8,80437,1
8,80438,1
8,80439,1
8,80440,1
8,80441,1
8,80442,1
8,80443,1
8,80444,1
8,80445,1
8,80446,1
8,80447,1
8,80448,1
8,80449,1
8,80450,1
8,80451,1
8,80452,1
8,80453,1
8,80454,1
8,80455,6
8,80456,1
8,80457,1
8,80458,10
8,80459,2
8,80460,10
8,80461,1
8,80462,1
8,80463,1
8,80464,1
8,80465,1
8,80466,1
8,80467,2
8,80468,1
8,80469,1
8,80470,1
8,80471,1
8,80472,1
8,80473,1
8,80474,1
8,80475,1
8,80476,1
8,80477,1
8,80478,1
8,80479,1
8,80480,10
8,80481,1
8,80482,2
8,80483,1
8,80484,1
8,80485,1
8,80486,1
8,80487,1
8,80488,1
8,80489,1
8,80490,1
8,80491,1
8,80492,1
8,80493,1
8,80494,1
8,80495,1
8,80496,1
8,80497,1
8,80498,1
8,80499,1
8,80500,1
8,80501,1
8,80502,1
8,80503,1
8,80504,1
8,80506,1
8,80507,1
8,80508,1
8,80509,1
8,80510,1
8,80511,1
8,80512,1
8,80513,1
8,80514,1
8,80515,1
8,80516,1
8,80517,1
8,80518,1
8,80519,1
8,80520,1
8,80521,1
8,80522,1
8,80523,1
8,80524,1
8,80525,1
8,80526,10
8,80527,1
8,80528,1
8,80529,1
8,80530,1
8,80531,5
8,80532,4
8,80533,1
8,80534,1
8,80535,1
8,80536,1
8,80537,1
8,80538,1
8,80539,1
8,80540,1
8,80541,1
8,80542,1
8,80543,1
8,80544,1
8,80545,1
8,80546,1
8,80547,1
8,80548,1
8,80549,1
8,80550,1
8,80551,1
8,80552,1
8,80553,1
8,80554,1
8,80555,1
8,80556,1
8,80557,1
8,80558,1
8,80559,1
8,80560,1
8,80561,1
8,80562,1
8,80563,10
8,80564,1
8,80565,2
8,80566,4
8,80567,12
8,80568,4
8,80569,1
8,80570,1
8,80571,4
8,80572,1
8,80573,4
8,80574,1
8,80575,1
8,80576,10
8,80577,1
8,80578,1
8,80579,1
8,80580,1
8,80581,1
8,80582,1
8,80583,1
8,80584,1
8,80585,1
8,80586,1
8,80587,1
8,80588,1
8,80589,4
8,80589,6
8,80590,4
8,80591,1
8,80592,1
8,80593,5
8,80594,1
8,80595,1
8,80596,1
8,80597,1
8,80598,10
8,80599,3
8,80600,1
8,80601,1
8,80602,1
8,80603,1
8,80604,1
8,80605,1
8,80606,1
8,80607,1
8,80608,1
8,80609,1
8,80610,1
8,80611,1
8,80612,1
8,80613,1
8,80614,1
8,80615,1
8,80616,1
8,80617,10
8,80618,1
8,80619,1
8,80620,1
8,80621,1
8,80622,1
8,80623,6
8,80624,1
8,80625,1
8,80626,1
8,80627,1
8,80628,1
8,80629,1
8,80630,1
8,80631,1
8,80632,1
8,80633,1
8,80635,2
8,80636,1
8,80637,1
8,80638,1
8,80639,1
8,80640,10
8,80641,1
8,80642,1
8,80643,1
8,80644,1
9,90001,1
9,90002,1
9,90004,1
9,90005,1
9,90006,1
9,90007,1
9,90008,1
9,90009,4
9,90010,1
9,90011,1
9,90012,1
9,90013,10
9,90014,1
9,90015,1
9,90016,1
9,90017,1
9,90018,1
9,90019,1
9,90020,1
9,90021,10
9,90022,1
9,90023,1
9,90024,2
9,90025,1
9,90026,1
9,90027,1
9,90028,1
9,90030,1
9,90031,1
9,90032,2
9,90033,10
9,90034,1
9,90035,1
9,90036,1
9,90037,10
9,90038,6
9,90039,1
9,90040,1
9,90041,1
9,90042,1
9,90043,1
9,90044,1
9,90045,1
9,90046,1
9,90047,1
9,90048,10
9,90049,1
9,90050,1
9,90051,1
9,90052,1
9,90053,1
9,90054,1
9,90055,2
9,90056,1
9,90057,1
9,90058,1
9,90059,1
9,90060,1
9,90061,10
9,90062,1
9,90063,1
9,90064,1
9,90065,10
9,90066,1
9,90067,10
9,90068,1
9,90069,1
9,90070,1
9,90071,1
9,90072,1
9,90073,1
9,90074,2
9,90075,1
9,90076,1
9,90077,1
9,90078,1
9,90079,1
9,90080,1
9,90081,1
9,90082,1
9,90083,1
9,90084,1
9,90085,1
9,90086,2
9,90087,1
9,90088,10
9,90089,1
9,90090,1
9,90091,1
9,90092,1
9,90093,1
9,90094,1
9,90095,1
9,90096,1
9,90097,2
9,90098,1
9,90099,1
9,90101,1
9,90102,1
9,90103,1
9,90104,1
9,90106,99
9,90107,2
9,90108,1
9,90109,1
9,90110,1
9,90111,1
9,90112,2
9,90112,10
9,90113,1
9,90114,1
9,90115,1
9,90116,1
9,90117,1
9,90118,1
9,90119,1
9,90120,1
9,90121,1
9,90122,1
9,90123,1
9,90125,1
9,90126,1
9,90127,1
9,90128,1
9,90129,1
9,90130,1
9,90131,99
9,90132,1
9,90133,99
9,90134,99
9,90135,1
9,90136,1
9,90138,99
9,90139,1
9,90140,1
9,90141,1
9,90142,99
9,90143,1
9,90144,1
9,90145,1
9,90146,1
9,90147,1
9,90148,1
9,90149,1
9,90150,1
9,90151,1
9,90152,10
9,90153,1
9,90154,1
9,90155,1
9,90156,99
9,90157,1
9,90158,1
9,90159,1
9,90160,1
9,90161,1
9,90162,1
9,90163,1
9,90164,1
9,90165,1
9,90166,1
9,90167,1
9,90168,1
9,90169,2
9,90169,5
9,90170,1
9,90171,1
9,90172,1
9,90173,1
9,90174,1
9,90175,1
9,90176,1
9,90177,1
9,90178,1
9,90179,1
9,90180,1
9,90181,1
9,90182,2
9,90183,1
9,90184,1
9,90185,1
9,90186,1
9,90187,1
9,90188,1
9,90189,1
9,90190,1
9,90191,1
9,90192,1
9,90193,2
9,90195,1
9,90196,1
9,90197,1
9,90198,1
9,90200,1
9,90201,1
9,90202,1
9,90203,1
9,90204,1
9,90205,1
9,90206,1
9,90207,1
9,90208,1
9,90209,1
9,90210,1
9,90211,1
9,90212,1
9,90213,1
9,90214,1
9,90215,1
9,90216,1
9,90217,10
9,90218,1
9,90219,99
9,90220,1
9,90221,1
9,90222,1
9,90223,3
9,90224,1
9,90226,1
9,90227,1
9,90228,1
9,90230,1
9,90232,1
9,90233,10
9,90234,1
9,90235,1
9,90236,1
9,90237,1
9,90238,2
9,90239,1
9,90240,1
9,90241,1
9,90242,2
9,90243,4
9,90244,1
9,90245,1
9,90246,1
9,90247,1
9,90248,1
9,90249,1
9,90250,99
9,90251,1
9,90252,1
9,90253,1
9,90254,1
9,90255,1
9,90256,10
9,90257,99
9,90258,99
9,90259,1
9,90260,99
9,90261,1
9,90262,1
9,90263,2
9,90264,1
9,90265,1
9,90268,1
9,90269,1
9,90270,1
9,90271,1
9,90272,1
9,90273,1
9,90274,1
9,90275,1
9,90276,1
9,90277,1
9,90278,1
9,90279,1
9,90280,1
9,90281,1
9,90282,1
9,90283,1
9,90284,1
9,90285,98
9,90286,98
9,90287,98
9,90288,98
9,90289,98
9,90290,2
9,90291,98
9,90292,1
9,90293,98
9,90294,98
9,90295,98
9,90296,1
9,90297,1
9,90298,1
10,100001,1
10,100002,1
10,100003,1
10,100004,1
10,100005,2
10,100005,10
10,100006,5
10,100007,1
10,100008,1
10,100009,10
10,100010,10
10,100011,1
10,100012,1
10,100013,1
10,100015,1
10,100016,2
10,100017,10
10,100018,1
10,100019,1
10,100020,1
10,100021,1
10,100022,1
10,100023,10
10,100024,2
10,100024,10
10,100025,1
10,100026,1
10,100027,10
10,100028,10
10,100029,1
10,100030,10
10,100031,1
10,100032,10
10,100033,1
10,100034,1
10,100035,1
10,100036,1
10,100037,1
10,100038,1
10,100039,1
10,100040,1
10,100041,1
10,100042,1
10,100043,1
10,100044,1
10,100045,1
10,100046,1
10,100047,1
10,100048,10
10,100049,1
10,100050,1
10,100051,1
10,100052,1
10,100053,1
10,100054,1
10,100055,10
10,100056,1
10,100057,1
10,100058,1
10,100059,1
10,100060,1
10,100061,1
10,100062,1
10,100063,1
10,100064,1
10,100065,1
10,100067,1
10,100068,1
10,100069,2
10,100070,1
10,100071,1
10,100072,1
10,100073,1
10,100074,1
10,100075,1
10,100076,1
10,100077,10
10,100078,1
10,100079,1
10,100080,1
10,100081,1
10,100082,1
10,100083,1
10,100084,1
10,100085,1
10,100086,10
10,100087,98
10,100088,10
10,100089,10
10,100090,10
10,100091,1
10,100092,1
10,100093,10
10,100094,10
10,100095,10
10,100096,1
10,100097,5
10,100098,1
10,100099,1
10,100100,1
10,100101,1
10,100102,1
10,100103,1
10,100104,1
10,100105,1
10,100106,1
10,100107,1
10,100108,1
10,100109,5
10,100110,1
10,100111,1
10,100112,1
10,100113,1
10,100114,1
10,100115,1
10,100116,1
10,100117,1
10,100118,1
10,100119,10
10,100120,1
10,100121,1
10,100122,1
10,100123,1
11,110001,1
11,110002,1
11,110003,1
11,110004,1
11,110005,1
11,110006,1
11,110007,1
11,110008,1
11,110009,1
11,110010,1
11,110011,1
11,110012,1
11,110013,1
11,110014,1
11,110015,1
11,110016,1
11,110017,2
11,110018,1
11,110019,1
11,110020,1
11,110021,1
11,110022,1
11,110023,1
11,110024,1
11,110025,1
11,110026,1
11,110027,1
11,110028,1
11,110029,1
11,110030,1
11,110031,1
11,110032,1
11,110033,1
11,110034,1
11,110035,1
11,110036,1
11,110037,1
11,110038,1
11,110039,1
11,110040,1
11,110041,1
11,110042,1
11,110043,1
11,110044,1
11,110045,1
11,110046,1
12,120001,5
12,120002,1
12,120003,1
12,120004,1
12,120005,1
12,120006,1
12,120007,1
12,120008,1
12,120009,1
12,120010,1
12,120011,1
12,120013,2
12,120014,1
12,120015,2
12,120016,1
12,120017,1
12,120018,1
12,120019,1
12,120020,1
12,120021,10
12,120022,1
12,120023,1
12,120024,1
12,120025,1
12,120026,1
12,120028,1
12,120029,1
12,120031,1
12,120032,1
12,120033,1
12,120034,10
12,120035,1
12,120036,1
12,120038,1
12,120039,1
12,120040,1
12,120041,10
12,120042,1
12,120043,1
12,120044,2
12,120045,1
12,120046,1
12,120047,1
12,120048,5
12,120049,1
12,120050,1
12,120051,1
12,120052,1
12,120053,10
12,120054,1
12,120055,1
12,120056,10
12,120057,10
12,120058,1
12,120059,10
12,120060,1
12,120061,10
12,120062,10
12,120063,1
12,120064,1
12,120065,1
12,120066,2
12,120067,10
12,120068,1
12,120069,1
12,120070,5
12,120071,1
12,120072,1
12,120073,10
12,120074,10
12,120075,1
12,120076,1
12,120077,1
12,120078,1
12,120079,2
12,120080,1
12,120081,1
12,120082,1
12,120083,1
12,120084,10
12,120085,10
12,120086,1
12,120087,1
12,120088,1
12,120089,1
12,120090,1
12,120091,1
12,120092,1
12,120094,2
12,120095,10
12,120096,10
12,120097,2
12,120098,2
12,120099,1
12,120100,1
12,120101,1
12,120102,1
12,120103,1
12,120104,1
12,120105,10
12,120106,1
12,120107,10
12,120108,1
12,120110,1
12,120111,10
12,120112,1
12,120113,10
12,120114,1
12,120115,1
12,120117,1
12,120118,1
12,120119,1
12,120120,10
12,120121,1
12,120122,10
12,120123,1
12,120124,1
12,120125,1
12,120126,1
12,120127,2
12,120128,1
12,120129,1
12,120131,1
12,120132,2
12,120133,10
12,120134,1
12,120135,1
12,120136,1
12,120137,1
12,120138,1
12,120139,1
12,120140,1
12,120141,1
12,120142,1
12,120143,10
12,120144,1
12,120145,1
12,120146,1
12,120147,2
12,120148,5
12,120149,1
12,120150,1
12,120151,1
12,120152,1
12,120153,1
12,120154,10
12,120155,1
12,120156,1
12,120157,1
12,120158,1
12,120159,1
12,120160,1
12,120161,1
12,120162,1
12,120163,1
12,120164,2
12,120165,2
12,120166,1
12,120167,1
12,120168,8
12,120169,1
12,120170,1
12,120171,2
12,120172,1
12,120173,1
12,120174,10
12,120175,1
12,120176,10
12,120177,1
12,120178,1
12,120179,10
12,120180,1
12,120181,1
12,120182,1
12,120183,1
12,120184,1
12,120185,1
12,120186,1
12,120187,10
12,120188,1
12,120189,2
12,120190,1
12,120191,1
12,120192,1
12,120193,1
12,120194,1
12,120195,5
12,120196,1
12,120197,1
12,120198,1
12,120199,1
12,120200,10
12,120201,1
12,120202,1
12,120203,1
12,120204,1
12,120205,1
12,120206,5
12,120207,1
12,120208,1
12,120210,1
12,120212,1
12,120213,10
12,120214,1
12,120215,10
12,120216,10
12,120217,1
12,120219,1
12,120220,1
12,120221,1
12,120222,1
12,120223,1
12,120224,10
12,120225,1
12,120226,1
12,120227,1
12,120228,1
12,120229,1
12,120230,1
12,120231,1
12,120232,10
12,120233,1
12,120234,10
12,120235,1
12,120236,1
12,120237,1
12,120238,1
12,120239,10
12,120240,1
12,120241,1
12,120242,1
12,120243,1
12,120244,1
12,120245,10
12,120246,2
12,120248,1
12,120249,1
12,120250,1
12,120251,1
12,120252,1
12,120253,1
12,120254,1
12,120255,1
12,120256,1
12,120257,1
12,120258,1
12,120259,2
12,120260,1
12,120261,1
12,120262,1
12,120263,1
12,120264,1
12,120265,1
12,120266,1
12,120267,1
12,120268,1
12,120269,1
12,120270,1
12,120271,1
12,120272,1
12,120273,1
12,120274,1
12,120275,1
12,120276,1
12,120277,10
12,120278,1
12,120279,1
12,120280,1
12,120281,10
12,120282,1
12,120283,2
12,120284,1
12,120285,1
12,120286,1
12,120287,1
12,120288,5
12,120289,1
12,120290,1
12,120292,1
12,120293,1
12,120294,1
12,120295,1
12,120297,1
12,120298,1
12,120299,1
12,120300,1
12,120301,1
12,120302,5
12,120303,1
12,120304,1
12,120306,1
12,120307,1
12,120308,1
12,120309,1
12,120310,1
12,120311,1
12,120313,1
12,120314,1
12,120315,1
12,120316,1
12,120317,1
12,120318,10
12,120319,1
12,120320,10
12,120321,1
12,120322,10
12,120323,1
12,120325,1
12,120326,1
12,120327,8
12,120328,1
12,120329,1
12,120330,2
12,120331,1
12,120332,1
12,120333,1
12,120334,1
12,120335,1
12,120336,1
12,120337,1
12,120338,1
12,120339,10
12,120340,1
12,120342,1
12,120343,1
12,120344,1
12,120345,1
12,120347,1
12,120348,10
12,120349,1
12,120350,1
12,120351,1
12,120352,1
12,120353,1
12,120354,1
12,120355,1
12,120356,1
12,120357,1
12,120358,10
12,120359,1
12,120361,1
12,120362,1
12,120363,1
12,120364,10
12,120365,1
12,120366,1
12,120367,1
12,120368,10
12,120369,2
12,120370,1
12,120371,1
12,120372,10
12,120373,2
12,120374,1
12,120375,10
12,120376,1
12,120377,10
12,120378,1
12,120379,1
12,120380,1
12,120381,10
12,120382,1
12,120383,2
12,120384,2
12,120385,2
12,120386,1
12,120388,10
12,120389,1
12,120390,1
12,120391,1
12,120392,1
12,120393,1
12,120394,1
12,120395,10
12,120396,1
12,120397,1
12,120398,1
12,120399,1
12,120401,2
12,120402,2
12,120403,10
12,120404,1
12,120405,10
12,120406,1
12,120407,1
12,120408,2
12,120409,1
12,120410,1
12,120411,1
12,120412,1
12,120413,1
12,120414,1
12,120415,1
12,120416,1
12,120417,10
12,120418,1
12,120419,1
12,120420,1
12,120421,1
12,120422,10
12,120423,2
12,120424,1
12,120425,1
12,120426,2
12,120427,2
12,120428,1
12,120429,1
12,120430,1
12,120431,1
12,120433,1
12,120434,10
12,120435,1
12,120436,1
12,120437,1
12,120438,1
12,120439,1
12,120440,1
12,120441,1
12,120442,1
12,120443,1
12,120444,1
12,120445,1
12,120446,2
12,120447,2
12,120448,1
12,120449,1
12,120450,1
12,120451,1
12,120452,1
12,120453,1
12,120454,1
12,120455,2
12,120456,2
12,120457,1
12,120458,1
12,120459,1
12,120460,1
12,120461,1
12,120462,1
12,120463,2
12,120464,1
12,120466,1
12,120467,1
12,120468,1
12,120469,1
12,120470,1
12,120471,2
12,120472,10
12,120473,1
12,120474,1
12,120475,10
12,120476,1
12,120477,1
12,120478,2
12,120479,1
12,120480,1
12,120482,1
12,120483,10
12,120484,1
12,120485,1
12,120486,1
12,120487,1
12,120488,2
12,120489,1
12,120490,1
12,120491,1
12,120492,1
12,120493,1
12,120494,1
12,120495,1
12,120496,1
12,120497,10
12,120498,1
12,120499,1
12,120500,1
12,120502,1
12,120503,10
12,120504,10
12,120505,1
12,120506,10
12,120507,10
12,120508,10
12,120509,1
12,120510,1
12,120511,1
12,120512,1
12,120513,10
12,120514,10
12,120515,1
12,120516,10
12,120517,1
12,120518,1
12,120519,1
12,120520,1
12,120521,1
12,120522,1
12,120523,1
12,120524,1
12,120525,1
12,120526,1
12,120527,1
12,120528,1
12,120529,1
12,120530,1
12,120531,1
12,120532,1
12,120533,1
12,120534,1
12,120535,10
12,120536,1
12,120537,1
12,120538,1
12,120539,1
12,120540,1
12,120541,1
12,120542,1
12,120543,1
12,120544,1
12,120545,1
12,120546,1
12,120547,10
12,120549,1
12,120550,1
12,120551,1
12,120552,1
12,120553,1
12,120554,1
12,120555,10
12,120557,10
12,120558,1
12,120561,1
12,120562,1
12,120563,1
12,120564,1
12,120566,1
12,120567,10
12,120568,1
12,120569,1
12,120570,2
12,120571,1
12,120572,1
12,120573,1
12,120574,10
12,120575,1
12,120576,1
12,120578,1
12,120579,1
12,120580,1
12,120581,1
12,120582,1
12,120583,1
12,120584,1
12,120585,1
12,120587,1
12,120588,1
12,120589,10
12,120590,1
12,120592,1
12,120593,1
12,120594,1
12,120595,10
12,120597,1
12,120598,1
12,120599,1
12,120600,1
12,120601,5
12,120602,1
12,120603,1
12,120604,1
12,120605,2
12,120607,1
12,120608,10
12,120609,1
12,120610,10
12,120611,10
12,120612,1
12,120613,1
12,120614,1
12,120615,10
12,120617,1
12,120618,1
12,120619,1
12,120620,1
12,120621,1
12,120622,1
12,120623,1
12,120624,1
12,120625,10
12,120626,1
12,120627,1
12,120628,1
12,120629,1
12,120630,1
12,120631,1
12,120632,1
12,120633,10
12,120634,1
12,120636,1
12,120637,1
12,120638,1
12,120639,1
12,120640,10
12,120641,1
12,120642,1
12,120643,1
12,120644,1
12,120645,10
12,120646,1
12,120647,2
12,120648,1
12,120649,1
12,120650,1
12,120651,1
12,120652,1
12,120653,1
12,120654,1
12,120655,1
12,120656,1
12,120657,1
12,120658,1
12,120659,10
12,120660,1
12,120661,1
12,120662,1
12,120663,1
12,120664,1
12,120665,1
12,120666,1
12,120667,1
12,120668,5
12,120669,1
12,120670,1
12,120671,1
12,120672,1
12,120673,1
12,120674,1
12,120675,1
12,120676,1
12,120677,1
12,120678,1
12,120679,1
12,120680,1
12,120681,1
12,120682,1
12,120683,1
12,120684,1
12,120685,1
12,120686,5
12,120687,1
12,120688,1
12,120689,1
12,120690,1
12,120691,1
12,120692,1
12,120693,1
12,120694,1
12,120695,10
12,120696,1
12,120697,1
12,120698,1
12,120699,1
12,120700,1
12,120701,10
12,120702,1
12,120703,1
12,120704,10
12,120705,1
12,120706,1
12,120707,1
12,120708,1
12,120709,1
12,120710,1
12,120712,1
12,120713,1
12,120714,1
12,120715,1
12,120716,1
12,120717,1
12,120718,1
12,120719,2
12,120720,1
12,120721,10
12,120722,1
12,120723,10
12,120724,1
12,120725,1
12,120726,1
12,120727,1
12,120728,1
12,120729,1
12,120730,1
12,120731,1
12,120732,1
12,120733,1
12,120734,10
12,120735,1
12,120736,1
12,120738,10
12,120739,1
12,120740,10
12,120741,1
12,120742,1
12,120743,1
12,120744,1
12,120745,1
12,120746,1
12,120747,10
12,120748,1
12,120749,1
12,120750,1
12,120751,1
12,120752,1
12,120753,1
12,120754,1
12,120755,1
12,120756,1
12,120757,1
12,120758,1
12,120759,1
12,120760,1
12,120761,10
12,120762,98
12,120763,1
12,120764,1
12,120765,10
12,120766,5
12,120767,1
12,120768,1
12,120769,1
12,120770,1
12,120771,1
12,120772,1
12,120773,2
12,120774,10
12,120775,1
12,120776,1
12,120777,1
12,120778,1
12,120779,1
12,120780,1
12,120781,1
12,120782,1
12,120783,1
12,120784,1
12,120785,1
12,120786,1
12,120787,1
12,120788,10
12,120789,10
12,120790,1
12,120791,1
12,120792,2
12,120793,10
12,120795,1
12,120796,10
12,120797,1
12,120798,1
12,120800,1
12,120801,1
12,120802,1
12,120803,1
12,120804,1
12,120806,1
12,120807,1
12,120808,1
12,120809,1
12,120810,1
12,120811,1
12,120812,1
12,120813,1
12,120814,1
12,120815,1
12,120816,1
12,120817,1
12,120818,10
12,120819,1
12,120820,1
12,120821,1
12,120822,1
12,120823,1
12,120824,1
12,120825,1
12,120826,1
12,120827,1
12,120828,1
12,120829,1
12,120830,1
12,120831,1
12,120832,1
12,120833,99
12,120834,1
12,120835,1
12,120836,1
12,120837,1
12,120838,1
12,120839,10
12,120840,1
12,120841,10
12,120842,10
12,120844,1
12,120845,1
12,120846,1
12,120847,1
12,120848,1
12,120849,10
12,120850,1
12,120851,1
12,120852,1
12,120853,1
12,120855,1
12,120856,1
12,120857,1
12,120858,1
12,120859,1
12,120860,1
12,120861,1
12,120863,1
12,120864,1
12,120865,10
12,120866,1
12,120867,1
12,120868,1
12,120869,1
12,120870,1
12,120871,1
12,120872,1
12,120873,1
12,120874,1
12,120875,1
12,120876,1
12,120877,1
12,120878,1
12,120879,1
12,120880,1
12,120881,1
12,120882,1
12,120883,1
12,120884,1
12,120886,1
12,120887,1
12,120888,10
12,120889,1
12,120890,1
12,120891,1
12,120892,1
12,120893,1
12,120894,1
12,120895,1
12,120896,1
12,120897,1
12,120898,1
12,120899,10
12,120900,1
12,120901,1
12,120902,1
12,120903,1
12,120904,1
12,120905,1
12,120906,1
12,120907,1
12,120908,1
12,120909,1
12,120910,10
12,120911,1
12,120912,1
12,120913,1
12,120914,1
12,120915,1
12,120916,1
12,120917,1
12,120918,1
12,120919,1
12,120920,1
12,120921,1
12,120922,1
12,120923,1
12,120924,1
12,120925,1
12,120926,1
12,120927,1
12,120928,1
12,120929,1
12,120930,1
12,120931,1
12,120932,1
12,120933,1
12,120934,1
12,120935,1
12,120936,1
12,120937,10
12,120938,10
12,120939,1
12,120940,1
12,120941,1
12,120942,1
12,120943,1
12,120944,1
12,120945,1
12,120946,1
12,120947,1
12,120948,1
12,120949,1
12,120950,1
12,120951,1
12,120952,1
12,120953,1
12,120954,1
12,120955,1
12,120956,10
12,120957,1
12,120958,10
12,120959,1
12,120960,1
12,120961,10
12,120962,1
12,120963,1
12,120964,1
12,120965,1
12,120966,1
12,120967,1
12,120968,1
12,120969,1
12,120970,1
12,120971,1
12,120972,1
12,120973,1
12,120974,1
12,120975,1
12,120976,1
12,120977,1
12,120978,10
12,120979,10
12,120980,1
12,120981,1
12,120982,10
12,120983,1
12,120984,1
12,120985,1
12,120986,1
12,120987,1
12,120988,1
12,120989,10
12,120990,2
12,120991,1
12,120992,1
12,120993,1
12,120994,2
12,120995,1
12,120996,1
12,120997,1
12,120998,1
12,120999,2
12,121000,10
12,121001,1
12,121002,1
12,121003,1
12,121004,1
12,121005,1
12,121006,10
12,121008,1
12,121009,1
12,121010,1
12,121011,1
12,121012,1
12,121013,1
12,121014,1
12,121015,1
12,121016,1
12,121017,1
12,121018,1
12,121019,1
12,121020,10
12,121021,1
12,121022,1
12,121023,1
12,121024,2
12,121025,1
12,121026,1
12,121027,1
12,121028,2
12,121029,1
12,121030,1
12,121031,1
12,121032,10
12,121033,1
12,121035,1
12,121036,1
12,121037,1
12,121038,1
12,121039,1
12,121040,1
12,121041,1
12,121042,5
12,121043,1
12,121044,1
12,121045,1
12,121046,1
12,121047,1
12,121048,1
12,121049,1
12,121050,1
12,121051,1
12,121052,10
12,121053,1
12,121054,1
12,121055,1
12,121056,1
12,121057,1
12,121058,1
12,121059,10
12,121060,1
12,121061,1
12,121062,10
12,121063,1
12,121064,1
12,121065,1
12,121066,1
12,121067,1
12,121068,1
12,121069,1
12,121070,1
12,121071,1
12,121072,1
12,121073,1
12,121074,1
12,121075,1
12,121076,1
12,121077,1
12,121078,1
12,121079,1
12,121080,10
12,121081,10
12,121082,1
12,121083,1
12,121084,1
12,121085,1
12,121086,1
12,121087,1
12,121088,1
12,121089,1
12,121090,1
12,121091,1
12,121092,1
12,121093,10
12,121094,1
12,121095,1
12,121096,1
12,121097,1
12,121098,1
12,121099,1
12,121100,1
12,121101,1
12,121102,1
12,121103,1
12,121104,1
12,121105,1
12,121106,1
12,121107,1
12,121108,1
12,121109,1
12,121110,1
12,121111,1
12,121112,1
12,121113,1
12,121114,1
12,121115,1
12,121116,1
12,121117,1
12,121118,1
12,121119,1
12,121120,1
12,121121,1
12,121122,1
12,121123,1
12,121124,1
12,121125,1
12,121126,1
12,121127,1
12,121128,1
12,121130,1
12,121131,1
12,121132,1
12,121133,1
12,121134,1
12,121135,1
12,121136,1
12,121137,1
12,121138,1
12,121139,1
12,121140,1
12,121141,1
12,121142,1
12,121143,1
12,121144,1
12,121145,1
12,121147,1
12,121148,1
12,121149,1
12,121150,1
12,121151,1
12,121152,1
12,121153,1
12,121154,1
12,121155,1
12,121156,1
12,121157,1
12,121158,1
12,121159,5
12,121160,1
12,121161,1
12,121162,1
12,121163,1
12,121164,1
12,121165,1
12,121166,1
12,121167,1
12,121168,1
12,121169,1
12,121170,1
12,121171,1
12,121172,1
12,121173,1
12,121174,1
12,121175,1
12,121176,1
12,121177,10
12,121178,10
12,121179,1
12,121180,1
12,121181,2
12,121182,1
12,121183,1
12,121184,1
12,121185,10
12,121186,1
12,121187,1
12,121188,1
12,121189,1
12,121190,1
12,121191,10
12,121192,1
12,121193,1
12,121194,1
12,121195,1
12,121196,1
12,121197,1
12,121198,1
12,121199,1
12,121200,1
12,121201,1
12,121202,1
12,121203,1
12,121204,1
12,121205,1
12,121206,1
12,121207,10
12,121208,1
12,121209,1
12,121210,1
12,121211,1
12,121212,1
12,121213,1
12,121214,1
12,121215,1
12,121216,1
12,121217,1
12,121218,1
12,121219,1
12,121220,10
12,121221,1
12,121222,2
12,121223,1
12,121224,1
12,121225,10
12,121226,1
12,121227,1
12,121228,1
12,121229,1
12,121230,10
12,121231,1
12,121232,1
12,121233,1
12,121234,1
12,121235,10
12,121236,10
12,121237,1
12,121238,1
12,121239,10
12,121240,1
12,121241,1
12,121242,10
12,121243,1
12,121244,1
12,121245,10
12,121246,1
12,121247,1
12,121248,1
12,121249,10
12,121250,1
12,121251,1
12,121252,1
12,121253,1
12,121254,10
12,121255,1
12,121256,1
12,121257,1
12,121258,1
12,121259,1
12,121260,1
12,121261,1
12,121262,1
12,121263,1
12,121264,1
12,121265,1
12,121266,1
12,121267,1
12,121269,1
12,121270,1
12,121271,1
12,121272,1
12,121273,2
12,121274,1
12,121275,1
12,121276,1
12,121277,10
12,121278,1
12,121279,10
12,121280,1
12,121281,1
12,121282,1
12,121283,1
12,121284,1
12,121285,1
12,121286,1
12,121287,1
12,121288,1
12,121289,1
12,121290,1
12,121291,1
12,121292,1
12,121293,98
12,121294,1
12,121295,1
12,121296,1
12,121297,1
12,121298,1
12,121299,1
12,121301,10
12,121302,1
12,121303,10
12,121304,1
12,121305,1
12,121306,1
12,121307,10
12,121308,1
12,121309,1
12,121310,1
12,121311,1
12,121312,1
12,121313,1
12,121314,1
12,121315,1
12,121316,1
12,121317,1
12,121318,1
12,121319,1
12,121321,1
12,121322,1
12,121323,1
12,121324,10
12,121325,1
12,121326,1
12,121327,1
12,121328,10
12,121329,1
12,121330,1
12,121331,10
12,121332,1
12,121333,10
12,121334,1
12,121335,2
12,121336,1
12,121337,1
12,121338,1
12,121339,1
12,121340,1
12,121341,1
12,121342,1
12,121343,1
12,121344,1
12,121345,1
12,121346,1
12,121347,1
12,121348,1
12,121349,2
12,121350,1
12,121351,1
12,121352,1
12,121353,1
12,121354,1
12,121355,1
12,121356,1
12,121357,1
12,121358,1
12,121359,10
12,121360,1
12,121361,1
12,121362,10
12,121363,1
12,121364,1
12,121365,1
12,121366,1
12,121367,10
12,121368,1
12,121369,1
12,121370,1
12,121371,1
12,121372,1
12,121373,1
12,121374,1
12,121375,1
12,121376,1
12,121377,1
12,121378,10
12,121379,1
12,121380,1
12,121381,10
12,121382,1
12,121383,1
12,121384,10
12,121385,2
12,121386,1
12,121387,1
12,121388,2
12,121389,1
12,121390,1
12,121391,10
12,121392,1
12,121393,1
12,121394,10
12,121395,10
12,121396,1
12,121397,2
12,121398,1
12,121399,2
12,121400,10
12,121401,1
12,121402,1
12,121403,1
12,121404,1
12,121405,1
12,121406,1
12,121407,10
12,121408,1
12,121409,10
12,121410,1
12,121411,1
12,121412,1
12,121413,1
12,121414,1
12,121415,1
12,121416,1
12,121417,1
12,121418,1
12,121419,1
12,121420,2
12,121421,2
12,121422,2
12,121423,1
12,121424,1
12,121425,1
12,121426,1
12,121427,1
12,121428,1
12,121429,1
12,121430,1
12,121431,10
12,121432,2
12,121433,1
12,121434,1
12,121435,1
12,121436,1
12,121437,10
12,121438,1
12,121439,10
12,121440,10
12,121441,2
12,121442,1
12,121443,1
12,121444,1
12,121445,1
12,121446,1
12,121447,1
12,121448,1
12,121449,1
12,121450,10
12,121451,1
12,121452,1
12,121453,1
12,121454,1
12,121455,1
12,121456,1
12,121457,1
12,121458,5
12,121459,1
12,121460,1
12,121461,1
12,121462,1
12,121463,10
12,121464,1
12,121465,1
12,121466,1
12,121467,1
12,121468,1
12,121469,1
12,121470,1
12,121471,1
12,121472,1
12,121473,1
12,121474,1
12,121475,2
12,121476,1
12,121477,1
12,121478,10
12,121479,1
12,121480,1
12,121481,10
12,121482,10
12,121483,1
12,121484,1
12,121485,10
12,121486,1
12,121487,1
12,121488,1
12,121489,1
12,121490,1
12,121491,1
12,121493,1
12,121494,2
12,121495,1
12,121496,1
12,121497,1
12,121498,1
12,121499,1
12,121500,1
12,121501,1
12,121502,1
12,121503,1
12,121504,1
12,121505,10
12,121506,10
12,121507,1
12,121509,10
12,121510,1
12,121511,1
12,121512,1
12,121513,1
12,121514,10
12,121515,1
12,121516,1
12,121517,1
12,121518,1
12,121519,1
12,121520,10
12,121521,1
12,121522,1
12,121523,1
12,121524,1
12,121525,1
12,121526,1
12,121527,1
12,121528,10
12,121529,1
12,121530,1
12,121531,1
12,121532,10
12,121533,1
12,121535,10
12,121536,10
12,121537,1
12,121538,1
12,121539,1
12,121540,1
12,121541,10
12,121542,1
12,121543,10
12,121544,10
12,121545,1
12,121546,1
12,121547,10
12,121548,1
12,121549,1
12,121550,10
12,121551,1
12,121552,1
12,121553,1
12,121554,1
12,121556,2
12,121557,2
12,121558,1
12,121560,1
12,121561,1
12,121562,1
12,121563,1
12,121564,1
12,121565,1
12,121566,1
12,121567,10
12,121568,1
12,121569,1
12,121570,1
12,121571,1
12,121572,1
12,121573,2
12,121574,10
12,121575,1
12,121576,1
12,121577,1
12,121578,10
12,121579,1
12,121580,10
12,121581,1
12,121582,1
12,121583,10
12,121584,1
12,121585,10
12,121586,1
12,121587,1
12,121588,1
12,121589,1
12,121590,1
12,121591,1
12,121592,1
12,121593,1
12,121594,1
12,121595,1
12,121596,1
12,121597,10
12,121598,1
12,121599,2
12,121600,1
12,121601,1
12,121602,1
12,121603,1
12,121604,1
12,121605,1
12,121606,1
12,121607,1
12,121608,1
12,121609,1
12,121610,1
12,121611,1
12,121612,2
12,121613,1
12,121614,1
12,121615,1
12,121616,2
12,121617,1
12,121618,1
12,121619,1
12,121620,1
12,121621,10
12,121622,10
12,121623,10
12,121624,1
12,121625,1
12,121626,1
12,121627,10
12,121628,1
12,121629,1
12,121630,10
12,121631,2
12,121632,1
12,121633,1
12,121634,1
12,121635,1
12,121636,10
12,121637,1
12,121638,10
12,121639,1
12,121640,1
12,121641,1
12,121642,1
12,121643,1
12,121644,1
12,121645,10
12,121646,1
12,121647,1
12,121648,10
12,121649,1
12,121650,1
12,121651,10
12,121652,1
12,121653,1
12,121655,1
12,121656,1
12,121657,1
12,121658,1
12,121659,1
12,121660,2
12,121661,10
12,121662,2
12,121663,1
12,121664,1
12,121665,1
12,121666,10
12,121667,1
12,121668,2
12,121669,1
12,121670,1
12,121671,10
12,121672,1
12,121673,10
12,121674,1
12,121675,1
12,121676,1
12,121677,1
12,121678,2
12,121679,1
12,121680,10
12,121682,5
12,121683,1
12,121684,1
12,121685,1
12,121686,1
12,121687,1
12,121688,1
12,121689,1
12,121690,1
12,121691,1
12,121692,1
12,121693,1
12,121694,1
12,121695,2
12,121696,10
12,121697,1
12,121698,10
12,121699,1
12,121700,1
12,121701,10
12,121702,2
12,121703,1
12,121704,1
12,121705,1
12,121706,1
12,121707,1
12,121708,10
12,121710,10
12,121711,1
12,121712,1
12,121713,1
12,121714,10
12,121715,99
12,121716,1
12,121717,2
12,121719,1
12,121720,2
12,121721,1
12,121722,1
12,121723,1
12,121724,1
12,121725,10
12,121726,2
12,121727,1
12,121728,1
12,121729,1
12,121730,1
12,121731,1
12,121732,1
12,121733,10
12,121734,1
12,121735,1
12,121736,1
12,121737,1
12,121738,1
12,121739,1
12,121740,1
12,121741,1
12,121742,1
12,121743,10
12,121744,1
12,121745,1
12,121746,10
12,121747,2
12,121748,10
12,121749,10
12,121750,1
12,121751,10
12,121752,1
12,121753,1
12,121754,1
12,121755,10
12,121756,1
12,121757,10
12,121758,10
12,121759,1
12,121760,10
12,121761,1
12,121762,1
12,121763,10
12,121764,1
12,121765,1
12,121766,1
12,121767,1
12,121768,1
12,121769,2
12,121770,1
12,121771,1
12,121772,1
12,121773,10
12,121774,1
12,121775,1
12,121776,2
12,121777,1
12,121778,1
12,121779,1
12,121780,1
12,121781,1
12,121782,1
12,121783,1
12,121784,1
12,121785,1
12,121786,1
12,121787,1
12,121788,10
12,121789,1
12,121790,1
12,121791,1
12,121793,1
12,121795,1
12,121796,10
12,121797,2
12,121798,1
12,121799,1
12,121800,1
12,121801,2
12,121802,1
12,121803,1
12,121804,1
12,121805,1
12,121806,1
12,121807,10
12,121808,10
12,121809,1
12,121810,10
12,121811,1
12,121812,1
12,121813,1
12,121814,1
12,121815,1
12,121816,1
12,121817,1
12,121818,1
12,121819,1
12,121820,1
12,121821,2
12,121822,1
12,121823,1
12,121824,10
12,121825,1
12,121826,1
12,121827,1
12,121828,1
12,121829,1
12,121830,1
12,121831,1
12,121832,1
12,121833,1
12,121835,1
12,121836,1
12,121837,2
12,121838,1
12,121839,10
12,121840,1
12,121841,2
12,121842,1
12,121843,1
12,121844,10
12,121845,2
12,121846,1
12,121847,10
12,121848,1
12,121849,1
12,121850,1
12,121851,1
12,121852,1
12,121853,1
12,121854,1
12,121855,2
12,121856,1
12,121857,1
12,121858,1
12,121859,1
12,121860,1
12,121861,10
12,121862,1
12,121863,1
12,121864,1
12,121865,10
12,121866,1
12,121867,1
12,121868,1
12,121869,1
12,121870,2
12,121871,1
12,121872,1
12,121873,1
12,121874,10
12,121875,1
12,121876,1
12,121877,1
12,121878,1
12,121879,1
12,121880,1
12,121881,1
12,121882,1
12,121884,1
12,121885,1
12,121886,1
12,121887,1
12,121888,1
12,121889,1
12,121890,1
12,121891,10
12,121892,1
12,121893,1
12,121894,1
12,121895,1
12,121896,1
12,121897,1
12,121898,2
12,121899,1
12,121900,1
12,121901,10
12,121902,10
12,121903,10
12,121904,1
12,121905,1
12,121906,1
12,121907,1
12,121908,1
12,121909,1
12,121910,2
12,121911,10
12,121912,1
12,121913,1
12,121914,10
12,121915,10
12,121916,1
12,121917,1
12,121918,1
12,121919,1
12,121920,1
12,121921,2
12,121922,2
12,121923,1
12,121924,10
12,121925,10
12,121926,1
12,121927,2
12,121928,1
12,121929,1
12,121930,1
12,121931,1
12,121932,1
12,121933,1
12,121934,1
12,121935,1
12,121936,1
12,121937,1
12,121938,1
12,121939,10
12,121940,10
12,121941,1
12,121942,1
12,121943,1
12,121944,10
12,121945,1
12,121946,10
12,121947,2
12,121948,10
12,121949,1
12,121950,1
12,121951,1
12,121952,1
12,121953,1
12,121954,1
12,121955,1
12,121956,10
12,121957,1
12,121958,2
12,121959,10
12,121960,1
12,121961,1
12,121962,1
12,121963,10
12,121964,1
12,121965,2
12,121966,10
12,121967,1
12,121968,1
12,121969,2
12,121970,1
12,121971,1
12,121972,1
12,121973,2
12,121974,2
12,121975,1
12,121976,10
12,121977,1
12,121978,1
12,121979,1
12,121980,10
12,121981,1
12,121982,1
12,121983,1
12,121984,1
12,121985,1
12,121986,1
12,121987,1
12,121988,10
12,121989,1
12,121990,1
12,121991,99
12,121992,1
12,121993,1
12,121994,10
12,121995,2
12,121996,1
12,121997,1
12,121998,1
12,121999,1
12,122000,1
12,122001,1
12,122002,1
12,122003,1
12,122004,1
12,122005,2
12,122006,10
12,122007,1
12,122008,1
12,122009,10
12,122010,1
12,122011,1
12,122012,10
12,122013,1
12,122014,1
12,122015,1
12,122016,1
12,122017,10
12,122018,1
12,122019,10
12,122020,2
12,122021,1
12,122022,10
12,122023,1
12,122024,1
12,122025,10
12,122026,1
12,122028,6
12,122029,1
12,122030,1
12,122031,1
12,122032,1
12,122034,1
12,122035,1
12,122036,10
12,122037,1
12,122038,1
12,122039,1
12,122040,1
12,122041,10
12,122042,2
12,122043,1
12,122044,1
12,122045,10
12,122046,10
12,122047,1
12,122048,1
12,122049,1
12,122050,1
12,122051,2
12,122052,2
12,122053,1
12,122054,1
12,122055,1
12,122056,1
12,122057,1
12,122058,1
12,122059,1
12,122060,10
12,122061,1
12,122062,1
12,122063,1
12,122064,1
12,122065,2
12,122066,1
12,122067,1
12,122068,10
12,122069,10
12,122070,1
12,122071,10
12,122072,1
12,122073,2
12,122074,99
12,122075,2
12,122076,10
12,122077,1
12,122078,1
12,122079,6
12,122080,1
12,122081,10
12,122082,10
12,122083,1
12,122084,1
12,122085,1
12,122086,10
12,122087,1
12,122088,1
12,122089,1
12,122090,1
12,122091,1
12,122092,2
12,122094,10
12,122095,1
12,122096,1
12,122097,1
12,122098,2
12,122099,1
12,122100,1
12,122101,10
12,122102,1
12,122103,10
12,122104,2
12,122105,10
12,122106,2
12,122107,1
12,122108,1
12,122109,1
12,122110,1
12,122111,1
12,122112,1
12,122113,1
12,122114,1
12,122115,1
12,122116,1
12,122117,1
12,122118,1
12,122119,1
12,122120,1
12,122121,10
12,122122,1
12,122123,1
12,122124,10
12,122125,1
12,122126,1
12,122127,1
12,122128,2
12,122129,1
12,122130,2
12,122131,10
12,122132,1
12,122133,1
12,122134,2
12,122135,1
12,122136,1
12,122137,1
12,122138,10
12,122139,2
12,122140,10
12,122141,1
12,122142,1
12,122143,1
12,122144,2
12,122145,1
12,122146,1
12,122147,10
12,122148,1
12,122149,1
12,122150,1
12,122151,10
12,122152,1
12,122153,1
12,122154,10
12,122155,1
12,122156,1
12,122157,1
12,122158,1
12,122159,10
12,122160,2
12,122161,1
12,122162,1
12,122163,1
12,122165,1
12,122166,1
12,122167,1
12,122168,1
12,122169,1
12,122170,1
12,122171,1
12,122172,1
12,122173,1
12,122174,1
12,122175,1
12,122177,1
12,122178,1
12,122179,1
12,122180,10
12,122181,1
12,122182,1
12,122183,1
12,122184,1
12,122185,1
12,122186,1
12,122187,1
12,122188,1
12,122189,1
12,122190,10
12,122191,1
12,122193,1
12,122194,1
12,122195,1
12,122196,1
12,122197,1
12,122198,1
12,122199,10
12,122200,1
12,122201,10
12,122202,1
12,122203,1
12,122204,2
12,122205,1
12,122206,1
12,122207,1
12,122208,1
12,122209,1
12,122210,1
12,122211,10
12,122213,1
12,122214,1
12,122215,1
12,122216,1
12,122217,1
12,122218,1
12,122219,1
12,122220,10
12,122221,1
12,122222,1
12,122223,1
12,122224,1
12,122225,10
12,122226,1
12,122228,1
12,122229,1
12,122230,10
12,122231,1
12,122232,2
12,122233,1
12,122234,1
12,122235,10
12,122237,1
12,122238,1
12,122239,1
12,122240,1
12,122241,1
12,122242,1
12,122243,1
12,122244,1
12,122245,1
12,122246,1
12,122247,10
12,122248,2
12,122249,1
12,122250,1
12,122251,1
12,122252,1
12,122253,1
12,122254,1
12,122255,1
12,122256,1
12,122257,1
12,122258,1
12,122259,1
12,122260,1
12,122261,1
12,122262,10
12,122263,1
12,122264,1
12,122265,10
12,122266,1
12,122267,1
12,122268,1
12,122269,1
12,122270,1
12,122271,10
12,122272,1
12,122273,1
12,122274,1
12,122275,1
12,122276,10
12,122277,1
12,122278,1
12,122279,1
12,122280,1
12,122282,2
12,122283,1
12,122284,1
12,122285,1
12,122286,1
12,122287,1
12,122288,1
12,122289,1
12,122290,10
12,122291,1
12,122292,1
12,122293,1
12,122294,1
12,122295,1
12,122296,1
12,122299,10
12,122300,1
12,122301,1
12,122302,1
12,122303,1
12,122304,10
12,122305,1
12,122306,1
12,122307,1
12,122308,1
12,122309,1
12,122311,10
12,122312,1
12,122313,1
12,122314,1
12,122315,1
12,122316,1
12,122317,1
12,122318,1
12,122319,1
12,122320,1
12,122321,1
12,122322,1
12,122323,1
12,122324,1
12,122325,10
12,122326,1
12,122327,1
12,122328,1
12,122330,1
12,122331,1
12,122332,1
12,122333,1
12,122334,1
12,122335,2
12,122336,2
12,122338,1
12,122339,1
12,122340,1
12,122341,1
12,122342,2
12,122343,1
12,122344,10
12,122345,1
12,122346,1
12,122347,1
12,122348,2
12,122349,1
12,122350,10
12,122351,1
12,122352,1
12,122353,10
12,122354,1
12,122356,1
12,122357,1
12,122358,1
12,122359,1
12,122360,10
12,122361,1
12,122362,1
12,122363,1
12,122364,1
12,122365,1
12,122366,1
12,122367,1
12,122368,1
12,122369,1
12,122370,1
12,122371,1
12,122372,1
12,122373,1
12,122374,2
12,122375,1
12,122376,1
12,122377,1
12,122378,1
12,122379,2
12,122380,1
12,122381,98
12,122382,1
12,122383,1
12,122384,1
12,122385,1
12,122386,1
12,122387,1
12,122388,1
12,122389,10
12,122390,1
12,122391,1
12,122392,1
12,122393,1
12,122394,10
12,122395,1
12,122396,1
12,122397,1
12,122398,1
12,122399,1
12,122400,1
12,122401,1
12,122402,10
12,122403,1
12,122404,1
12,122405,1
12,122406,1
12,122407,1
12,122408,1
12,122409,1
12,122410,10
12,122411,1
12,122412,1
12,122413,1
12,122414,1
12,122415,1
12,122416,1
12,122417,1
12,122418,1
12,122419,1
12,122420,1
12,122421,1
12,122422,1
12,122423,1
12,122424,1
12,122425,10
12,122426,10
12,122427,1
12,122428,1
12,122429,1
12,122430,2
12,122432,1
12,122433,1
12,122434,1
12,122435,1
12,122436,1
12,122437,1
12,122438,10
12,122439,1
12,122440,1
12,122441,1
12,122442,1
12,122443,1
12,122444,1
12,122445,1
12,122446,1
12,122447,1
12,122448,1
12,122449,1
12,122450,1
12,122451,1
12,122452,1
12,122453,1
12,122454,1
12,122455,1
12,122456,2
12,122457,10
12,122458,10
12,122459,1
12,122460,1
12,122461,1
12,122462,1
12,122463,1
12,122464,1
12,122465,10
12,122466,1
12,122467,1
12,122468,1
12,122469,1
12,122470,1
12,122471,1
12,122472,1
12,122473,1
12,122474,10
12,122475,1
12,122476,1
12,122477,1
12,122478,1
12,122479,1
12,122480,10
12,122481,1
12,122482,1
12,122483,1
12,122484,1
12,122485,1
12,122486,1
12,122488,1
12,122489,1
12,122490,1
12,122491,1
12,122492,1
12,122493,10
12,122494,1
12,122495,1
12,122496,1
12,122497,1
12,122498,10
12,122499,1
12,122500,98
12,122501,1
12,122502,10
12,122503,1
12,122504,1
12,122505,10
12,122506,1
12,122507,10
12,122508,1
12,122509,1
12,122510,1
12,122511,10
12,122512,5
12,122513,1
12,122514,1
12,122515,10
12,122516,1
12,122518,2
12,122519,1
12,122520,1
12,122521,1
12,122522,10
12,122523,1
12,122524,1
12,122525,1
12,122526,1
12,122527,1
12,122528,1
12,122529,1
12,122530,1
12,122531,1
12,122532,1
12,122533,1
12,122534,10
12,122535,10
12,122536,1
12,122537,1
12,122538,1
12,122540,1
12,122541,1
12,122542,1
12,122543,1
12,122544,1
12,122545,1
12,122546,2
12,122547,10
12,122548,1
12,122549,1
12,122550,1
12,122551,1
12,122552,1
12,122553,1
12,122554,1
12,122555,1
12,122556,1
12,122557,1
12,122558,1
12,122559,1
12,122560,1
12,122561,2
12,122562,1
12,122564,1
12,122565,1
12,122566,1
12,122567,1
12,122568,1
12,122569,1
12,122570,1
12,122572,1
12,122573,1
12,122574,1
12,122575,1
12,122576,1
12,122577,1
12,122578,1
12,122579,1
12,122580,10
12,122581,1
12,122582,1
12,122583,1
12,122584,1
12,122585,1
12,122586,10
12,122587,1
12,122588,1
12,122589,1
12,122590,1
12,122591,1
12,122592,1
12,122593,10
12,122594,10
12,122595,1
12,122596,10
12,122597,1
12,122598,1
12,122599,2
12,122602,1
12,122603,1
12,122604,1
12,122605,10
12,122606,1
12,122607,1
12,122609,1
12,122610,1
12,122611,1
12,122612,1
12,122613,1
12,122614,1
12,122615,1
12,122616,1
12,122617,1
12,122618,1
12,122619,1
12,122620,1
12,122621,1
12,122622,1
12,122623,1
12,122624,1
12,122625,1
12,122626,1
12,122627,1
12,122628,1
12,122629,1
12,122630,1
12,122631,1
12,122632,2
12,122633,1
12,122634,1
12,122635,1
12,122636,10
12,122637,1
12,122638,1
12,122639,1
12,122640,1
12,122641,10
12,122642,1
12,122643,10
12,122644,1
12,122645,1
12,122646,10
12,122647,1
12,122648,1
12,122649,1
12,122650,1
12,122651,1
12,122652,1
12,122653,1
12,122655,1
12,122656,1
12,122657,1
12,122658,1
12,122659,1
12,122660,1
12,122661,1
12,122662,10
12,122663,1
12,122664,1
12,122665,1
12,122666,10
12,122667,1
12,122668,1
12,122669,1
12,122670,1
12,122671,1
12,122672,1
12,122673,1
12,122674,1
12,122675,1
12,122676,10
12,122677,1
12,122678,1
12,122679,1
12,122680,10
12,122682,10
12,122683,1
12,122684,1
12,122685,1
12,122686,1
12,122687,10
12,122688,1
12,122689,1
12,122690,1
12,122691,1
12,122692,1
12,122693,1
12,122694,1
12,122695,1
12,122696,1
12,122697,1
12,122698,1
12,122699,10
12,122700,1
12,122701,1
12,122702,1
12,122703,1
12,122704,1
12,122705,1
12,122707,10
12,122708,10
12,122709,1
12,122710,1
12,122711,10
12,122712,1
12,122713,10
12,122714,1
12,122715,2
12,122717,1
12,122719,1
12,122720,1
12,122721,1
12,122722,1
12,122723,1
12,122724,1
12,122726,1
12,122727,1
12,122728,1
12,122729,1
12,122730,1
12,122731,1
12,122732,1
12,122733,1
12,122734,10
12,122735,10
12,122736,1
12,122737,1
12,122738,10
12,122739,1
12,122740,1
12,122741,1
12,122742,1
12,122743,1
12,122744,10
12,122745,1
12,122746,1
12,122747,1
12,122748,1
12,122749,1
12,122750,1
12,122751,1
12,122752,1
12,122753,10
12,122754,2
12,122755,1
12,122756,1
12,122757,1
12,122758,1
12,122759,1
12,122760,1
12,122761,1
12,122762,1
12,122763,1
12,122764,10
12,122765,2
12,122766,10
12,122767,1
12,122768,10
12,122769,1
12,122770,1
12,122771,1
12,122772,1
12,122774,1
12,122775,1
12,122776,1
12,122777,1
12,122778,1
12,122779,1
12,122780,1
12,122781,1
12,122782,1
12,122783,1
12,122784,1
12,122785,1
12,122786,1
12,122787,1
12,122788,1
12,122789,1
12,122790,1
12,122791,1
12,122792,2
12,122793,1
12,122794,1
12,122795,1
12,122796,1
12,122797,1
12,122798,10
12,122799,1
12,122800,1
12,122801,1
12,122802,1
12,122803,1
12,122804,1
12,122805,1
12,122806,1
12,122807,1
12,122808,1
12,122809,1
12,122810,1
12,122811,5
12,122812,1
12,122813,1
12,122814,1
12,122815,1
12,122816,5
12,122817,1
12,122818,1
12,122819,1
12,122820,10
12,122821,1
12,122822,1
12,122823,1
12,122824,10
12,122825,10
12,122827,1
12,122828,1
12,122829,10
12,122830,1
12,122831,1
12,122832,1
12,122833,1
12,122834,2
12,122835,10
12,122836,10
12,122837,1
12,122838,2
12,122839,2
12,122840,1
12,122841,1
12,122842,1
12,122843,5
12,122844,10
12,122845,1
12,122846,1
12,122847,1
12,122848,1
12,122849,1
12,122850,1
12,122851,5
12,122852,2
12,122853,1
12,122854,10
12,122855,1
12,122856,10
12,122857,2
12,122858,1
12,122859,1
12,122860,10
12,122861,1
12,122862,1
12,122863,1
12,122864,1
12,122865,1
12,122866,1
12,122867,1
12,122868,1
12,122869,1
12,122870,10
12,122871,1
12,122872,1
12,122873,1
12,122874,1
12,122875,1
12,122876,1
12,122877,10
12,122878,2
12,122879,1
12,122880,1
12,122881,1
12,122882,1
12,122883,1
12,122884,1
12,122885,1
12,122886,1
12,122887,10
12,122888,1
12,122889,10
12,122890,1
12,122891,2
12,122892,10
12,122893,1
12,122894,1
12,122896,2
12,122897,10
12,122898,1
12,122899,1
12,122900,10
12,122901,1
12,122902,1
12,122903,1
12,122904,1
12,122905,1
12,122906,1
12,122907,1
12,122908,1
12,122909,1
12,122910,1
12,122911,1
12,122912,1
12,122913,10
12,122914,1
12,122915,1
12,122916,1
12,122917,1
12,122918,1
12,122919,1
12,122920,10
12,122921,1
12,122922,1
12,122923,1
12,122924,1
12,122925,1
12,122926,1
12,122927,2
12,122928,1
12,122929,1
12,122930,1
12,122931,1
12,122932,1
12,122933,10
12,122934,10
12,122935,10
12,122936,1
12,122937,1
12,122938,1
12,122939,1
12,122940,1
12,122941,10
12,122942,5
12,122943,1
12,122944,1
12,122945,1
12,122946,1
12,122947,10
12,122948,1
12,122949,1
12,122950,1
12,122951,1
12,122952,1
12,122954,1
12,122955,1
12,122956,1
12,122957,1
12,122958,1
12,122959,1
12,122960,1
12,122961,1
12,122962,1
12,122963,10
12,122964,10
12,122965,1
12,122966,1
12,122967,1
12,122968,1
12,122969,10
12,122970,1
12,122971,1
12,122972,1
12,122973,1
12,122974,10
12,122975,1
12,122977,1
12,122978,1
12,122979,1
12,122980,1
12,122981,1
12,122982,10
12,122983,1
12,122984,1
12,122985,1
12,122986,1
12,122987,1
12,122988,1
12,122989,1
12,122990,1
12,122992,1
12,122993,1
12,122994,1
12,122995,1
12,122996,1
12,122997,2
12,122998,1
12,122999,1
12,123000,1
12,123001,1
12,123002,8
12,123003,1
12,123004,1
12,123005,1
12,123006,1
12,123008,1
12,123009,1
12,123010,1
12,123012,1
12,123014,1
12,123016,1
12,123017,1
12,123018,1
12,123019,1
12,123020,5
12,123021,1
12,123022,1
12,123023,1
12,123024,1
12,123025,1
12,123026,1
12,123027,1
12,123028,2
12,123029,1
12,123030,1
12,123031,99
12,123032,1
12,123033,1
12,123034,1
12,123035,1
12,123036,1
12,123037,1
12,123038,1
12,123039,1
13,130001,1
13,130002,1
13,130003,1
13,130004,1
13,130005,1
13,130006,2
13,130007,1
13,130008,10
13,130009,1
13,130010,1
13,130011,1
13,130012,10
13,130013,2
13,130014,10
13,130015,1
13,130016,1
13,130017,1
13,130018,1
13,130019,1
13,130020,1
13,130021,2
13,130022,2
13,130023,2
13,130024,2
13,130025,2
13,130026,1
13,130027,2
13,130028,10
13,130029,10
13,130030,10
13,130031,10
13,130032,1
13,130033,10
13,130034,1
13,130035,1
13,130036,2
13,130037,2
13,130038,2
13,130039,1
13,130040,2
13,130041,1
13,130042,1
13,130043,1
13,130044,1
13,130045,1
13,130046,1
13,130047,1
13,130048,1
13,130049,10
13,130050,1
13,130051,2
13,130052,10
13,130053,1
13,130054,1
13,130055,1
13,130056,1
13,130057,1
13,130058,1
13,130059,1
13,130060,10
13,130061,5
13,130063,1
13,130064,10
13,130065,10
13,130066,10
13,130067,10
13,130068,10
13,130069,10
13,130070,10
13,130071,10
13,130072,10
13,130073,1
13,130074,1
13,130075,1
13,130076,1
13,130077,10
13,130078,10
13,130079,1
13,130080,1
13,130081,10
13,130082,2
13,130083,10
13,130084,1
13,130085,1
13,130086,1
13,130087,1
13,130088,1
13,130090,1
13,130091,1
13,130092,1
13,130093,1
13,130094,1
13,130095,1
13,130096,1
13,130097,1
13,130098,10
13,130099,2
13,130100,1
13,130101,2
13,130102,10
13,130103,10
13,130104,10
13,130105,10
13,130106,1
13,130107,1
13,130108,1
13,130109,1
13,130111,1
13,130112,1
13,130114,1
13,130115,1
13,130116,1
13,130117,1
13,130118,1
13,130119,10
13,130120,1
13,130121,10
13,130122,1
13,130123,1
13,130124,10
13,130125,1
13,130126,2
13,130127,2
13,130128,2
13,130129,1
13,130130,1
13,130131,1
13,130132,1
13,130133,1
13,130134,1
13,130135,1
13,130136,10
13,130137,1
13,130139,1
13,130140,1
13,130141,10
13,130142,1
13,130143,1
13,130144,1
13,130145,1
13,130146,1
13,130147,1
13,130148,1
13,130149,1
13,130150,1
13,130151,1
13,130152,1
13,130153,1
13,130154,1
13,130155,1
13,130156,1
13,130157,1
13,130158,1
13,130159,1
13,130160,1
13,130161,10
13,130162,1
13,130163,10
13,130164,10
13,130165,1
13,130166,1
13,130167,1
13,130168,1
13,130169,1
13,130170,1
13,130171,10
13,130172,1
13,130173,10
13,130174,2
13,130175,10
13,130176,1
13,130177,1
13,130178,1
13,130179,1
13,130180,10
13,130181,1
13,130183,2
13,130183,5
13,130184,2
13,130185,2
13,130186,2
13,130187,1
13,130188,1
13,130189,10
13,130190,1
13,130191,1
13,130192,10
13,130193,2
13,130194,1
13,130195,1
13,130196,10
13,130197,10
13,130198,1
13,130199,1
13,130200,10
13,130201,1
13,130202,1
13,130203,1
13,130204,1
13,130205,1
13,130206,10
13,130207,1
13,130208,1
13,130209,1
13,130210,1
13,130211,2
13,130212,1
13,130213,1
13,130214,10
13,130215,1
13,130216,10
13,130217,10
13,130218,1
13,130219,1
13,130220,1
13,130221,1
13,130222,1
13,130223,1
13,130224,10
13,130225,10
13,130226,1
13,130227,1
13,130228,2
13,130229,1
13,130230,1
13,130231,1
13,130232,1
13,130233,1
13,130234,2
13,130235,1
13,130236,1
13,130237,1
13,130238,1
13,130239,1
13,130240,1
13,130241,1
13,130242,1
13,130243,1
13,130244,1
13,130245,1
13,130246,1
13,130247,1
13,130248,1
13,130249,1
13,130250,1
13,130251,10
13,130252,5
13,130253,1
13,130254,1
13,130255,1
13,130256,2
13,130257,1
13,130258,1
13,130259,1
13,130260,1
13,130261,1
13,130262,1
13,130263,2
13,130264,2
13,130265,1
13,130266,1
13,130267,1
13,130268,1
13,130269,1
13,130270,1
13,130271,1
13,130273,1
13,130274,1
13,130275,2
13,130276,10
13,130277,10
13,130278,1
13,130279,1
13,130280,1
13,130281,10
13,130282,1
13,130283,1
13,130284,1
13,130285,1
13,130286,1
13,130287,10
13,130288,1
13,130289,1
13,130290,1
13,130291,1
13,130292,1
13,130293,1
13,130294,1
13,130295,1
13,130296,1
13,130297,1
13,130298,1
13,130299,1
13,130300,1
13,130301,1
13,130302,1
13,130303,10
13,130304,1
13,130305,1
13,130306,1
13,130307,1
13,130308,1
13,130309,1
13,130310,1
13,130311,10
13,130312,2
13,130313,2
13,130314,2
13,130315,10
13,130316,1
13,130317,1
13,130318,10
13,130319,1
13,130320,1
13,130321,1
13,130322,1
13,130323,1
13,130324,1
13,130325,1
13,130326,1
13,130327,1
13,130328,1
13,130329,1
13,130330,1
13,130331,1
13,130332,1
13,130334,10
13,130335,1
13,130336,10
13,130337,1
13,130338,1
13,130339,1
13,130340,1
13,130341,1
13,130342,1
13,130343,1
13,130344,1
13,130345,1
13,130346,1
13,130347,1
13,130348,10
13,130349,1
13,130350,1
13,130351,10
13,130352,5
13,130353,1
13,130354,1
13,130355,1
13,130356,1
13,130357,1
13,130358,1
13,130359,1
13,130361,10
13,130362,1
13,130363,10
13,130364,1
13,130365,1
13,130366,1
13,130367,1
13,130368,10
13,130369,1
13,130370,1
13,130371,1
13,130372,1
13,130373,1
13,130374,1
13,130375,10
13,130376,1
13,130377,1
13,130378,1
13,130379,2
13,130380,1
13,130381,10
13,130382,1
13,130383,1
13,130384,1
13,130385,10
13,130386,1
13,130387,1
13,130388,10
13,130389,1
13,130390,10
13,130391,10
13,130392,1
13,130393,1
13,130394,10
13,130395,1
13,130396,10
13,130397,1
13,130398,1
13,130399,1
13,130401,1
13,130402,1
13,130403,1
13,130404,1
13,130405,1
13,130406,10
13,130407,1
13,130408,1
13,130409,1
13,130410,1
13,130411,1
13,130412,1
13,130413,10
13,130414,1
13,130415,1
13,130416,10
13,130417,1
13,130418,1
13,130419,1
13,130420,1
13,130421,1
13,130422,1
13,130423,2
13,130424,10
13,130425,2
13,130426,1
13,130427,10
13,130428,10
13,130429,1
13,130430,2
13,130431,1
13,130432,1
13,130433,1
13,130434,1
13,130435,1
13,130437,10
13,130438,10
13,130439,1
13,130440,1
13,130441,1
13,130442,1
13,130443,1
13,130444,1
13,130445,1
13,130446,1
13,130447,1
13,130448,10
13,130449,1
13,130450,1
13,130451,1
13,130452,1
13,130453,1
13,130454,1
13,130456,10
13,130457,10
13,130458,10
13,130459,10
13,130460,1
13,130461,1
13,130462,1
13,130463,1
13,130464,1
13,130465,1
13,130466,1
13,130467,10
13,130468,1
13,130469,2
13,130470,10
13,130471,10
13,130472,2
13,130473,10
13,130474,10
13,130475,10
13,130476,1
13,130477,10
13,130478,10
13,130480,1
13,130481,1
13,130482,1
13,130483,1
13,130484,1
13,130485,1
13,130487,1
13,130488,1
13,130489,10
13,130490,1
13,130491,1
13,130492,1
13,130493,1
13,130494,1
13,130495,1
13,130496,1
13,130497,1
13,130498,10
13,130499,1
13,130500,1
13,130501,1
13,130502,10
13,130503,1
13,130504,1
13,130505,1
13,130506,1
13,130507,1
13,130508,1
13,130509,1
13,130510,1
13,130511,1
13,130512,1
13,130513,1
13,130514,1
13,130515,1
13,130516,1
13,130517,10
13,130518,1
13,130519,1
13,130520,1
13,130521,1
13,130522,10
13,130523,1
13,130525,1
13,130526,1
13,130527,1
13,130528,1
13,130529,1
13,130530,1
13,130531,1
13,130532,1
13,130533,1
13,130534,10
13,130535,10
13,130536,1
13,130537,10
13,130538,1
13,130539,10
13,130540,1
13,130541,1
13,130542,1
13,130543,1
13,130544,10
13,130545,2
13,130547,1
13,130548,1
13,130549,1
13,130550,1
13,130552,1
13,130553,1
13,130555,1
13,130556,10
13,130557,1
13,130558,1
13,130559,1
13,130560,1
13,130561,10
13,130562,10
13,130563,10
13,130564,1
13,130565,1
13,130566,1
13,130567,1
13,130568,1
13,130569,1
13,130571,10
13,130572,10
13,130573,1
13,130574,10
13,130577,1
13,130578,1
13,130579,1
13,130580,1
13,130581,1
13,130582,1
13,130583,1
13,130584,1
13,130585,1
13,130586,1
13,130587,1
13,130588,1
13,130589,10
13,130590,1
13,130591,1
13,130592,1
13,130593,1
13,130595,1
13,130596,1
13,130597,1
13,130598,1
13,130599,1
13,130601,1
13,130602,1
13,130603,1
13,130604,1
13,130605,1
13,130606,1
13,130607,1
13,130608,1
13,130609,1
13,130610,1
13,130612,1
13,130613,1
13,130614,1
13,130615,1
13,130616,1
13,130617,1
13,130618,10
13,130619,1
13,130620,1
13,130621,1
13,130622,1
13,130623,1
13,130624,2
13,130625,1
13,130626,10
13,130627,1
13,130628,1
13,130629,1
13,130630,10
13,130631,1
13,130633,1
13,130634,10
13,130635,1
13,130636,2
13,130638,2
13,130639,10
13,130640,1
13,130641,1
13,130642,10
13,130643,1
13,130644,10
13,130645,1
13,130646,1
13,130647,2
13,130648,1
13,130649,1
13,130650,1
13,130651,10
13,130652,1
13,130653,1
13,130654,1
13,130655,1
13,130656,1
13,130657,1
13,130658,1
13,130659,1
13,130660,1
13,130661,2
13,130662,2
13,130662,10
13,130663,1
13,130664,1
13,130665,1
13,130666,1
13,130667,10
13,130668,1
13,130669,1
13,130670,1
13,130671,1
13,130672,1
13,130673,10
13,130674,10
13,130675,1
13,130676,1
13,130677,1
13,130678,1
13,130679,1
13,130680,10
13,130681,1
13,130682,1
13,130683,1
13,130684,1
13,130685,10
13,130686,1
13,130687,1
13,130688,2
13,130689,1
13,130691,10
13,130692,1
13,130693,1
13,130694,10
13,130695,1
13,130696,1
13,130697,1
13,130698,5
13,130699,1
13,130700,1
13,130701,1
13,130702,10
13,130703,10
13,130704,1
13,130705,1
13,130706,1
13,130707,1
13,130708,2
13,130709,1
13,130710,1
13,130711,1
13,130712,10
13,130713,10
13,130714,10
13,130715,1
13,130716,1
13,130717,1
13,130718,1
13,130719,10
13,130720,2
13,130721,2
13,130722,8
13,130723,10
13,130724,1
13,130726,1
13,130727,1
13,130729,1
13,130730,1
13,130731,1
13,130732,1
13,130733,1
13,130734,1
13,130735,1
13,130736,1
13,130737,1
13,130738,2
13,130739,1
13,130740,1
13,130741,1
13,130742,1
13,130743,1
13,130744,1
13,130745,10
13,130746,1
13,130747,10
13,130748,2
13,130750,1
13,130751,10
13,130752,10
13,130753,1
13,130754,1
13,130755,1
13,130756,10
13,130757,1
13,130758,1
13,130759,1
13,130760,1
13,130761,1
13,130762,2
13,130763,1
13,130764,1
13,130765,1
13,130766,1
13,130767,1
13,130768,1
13,130769,1
13,130770,1
13,130771,1
13,130772,1
13,130773,1
13,130774,1
13,130775,1
13,130776,1
13,130777,1
13,130778,1
13,130779,10
13,130780,1
13,130781,1
13,130782,1
13,130783,1
13,130784,1
13,130785,1
13,130786,2
13,130787,1
13,130790,1
13,130791,1
13,130792,1
13,130793,1
13,130794,10
13,130795,1
13,130796,1
13,130797,1
13,130798,1
13,130799,1
13,130800,1
13,130801,1
13,130802,10
13,130803,1
13,130805,1
13,130806,1
13,130807,1
13,130808,1
13,130809,1
13,130810,1
13,130811,1
13,130812,1
13,130813,1
13,130814,1
13,130815,1
13,130816,1
13,130817,1
13,130818,1
13,130820,1
13,130821,2
13,130822,1
13,130823,10
13,130824,10
13,130825,8
13,130826,1
13,130827,10
13,130828,1
13,130830,1
13,130831,2
13,130832,1
13,130833,1
13,130834,1
13,130835,1
13,130836,10
13,130837,10
13,130838,1
13,130839,1
13,130840,1
13,130841,1
13,130842,10
13,130843,1
13,130844,1
13,130845,1
13,130846,10
13,130847,1
13,130848,1
13,130849,2
13,130850,1
13,130851,1
13,130852,1
13,130853,1
13,130854,10
13,130855,1
13,130856,10
13,130857,1
13,130858,1
13,130859,10
13,130860,10
13,130861,1
13,130862,10
13,130863,1
13,130864,10
13,130865,10
13,130866,10
13,130867,1
13,130868,1
13,130869,10
13,130870,1
13,130871,1
13,130872,1
13,130873,10
13,130874,1
13,130875,1
13,130876,1
13,130877,10
13,130879,1
13,130880,1
13,130881,1
13,130882,1
13,130883,2
13,130884,10
13,130885,1
13,130886,10
13,130887,2
13,130888,1
13,130889,10
13,130890,1
13,130891,1
13,130892,2
13,130893,10
13,130894,1
13,130895,2
13,130896,10
13,130897,2
13,130898,1
13,130899,10
13,130900,10
13,130901,1
13,130902,1
13,130903,1
13,130904,1
13,130905,1
13,130906,1
13,130907,1
13,130908,1
13,130909,10
13,130910,10
13,130911,1
13,130912,10
13,130913,1
13,130914,10
13,130915,1
13,130916,1
13,130917,1
13,130918,10
13,130919,2
13,130920,1
13,130921,1
13,130922,1
13,130923,1
13,130924,1
13,130925,1
13,130926,1
13,130927,1
13,130928,10
13,130929,1
13,130930,1
13,130931,1
13,130932,1
13,130933,1
13,130934,1
13,130935,10
13,130936,1
13,130937,10
13,130938,2
13,130939,1
13,130940,1
13,130941,2
13,130942,10
13,130943,2
13,130944,10
13,130945,10
13,130946,1
13,130948,1
13,130949,1
13,130950,1
13,130951,1
13,130952,1
13,130953,1
13,130954,1
13,130955,1
13,130956,6
13,130957,1
13,130958,1
13,130959,1
13,130960,10
13,130961,1
13,130962,1
13,130963,2
13,130964,1
13,130965,10
13,130966,1
13,130967,10
13,130968,1
13,130969,10
13,130970,1
13,130971,1
13,130972,10
13,130973,1
13,130974,1
13,130975,10
13,130976,1
13,130977,1
13,130978,1
13,130979,1
13,130980,1
13,130981,1
13,130982,1
13,130983,1
13,130984,1
13,130985,1
13,130986,1
13,130987,1
13,130988,1
13,130989,1
13,130990,10
13,130991,1
13,130992,1
13,130993,1
13,130994,1
13,130995,1
13,130996,1
13,130997,1
13,130998,1
13,130999,1
13,131000,1
13,131001,1
13,131002,10
13,131003,1
13,131004,1
13,131005,1
13,131006,1
13,131007,1
13,131008,1
13,131009,1
13,131010,1
13,131012,1
13,131013,1
13,131014,1
13,131015,1
13,131016,1
13,131017,1
13,131018,1
13,131019,1
13,131020,1
13,131021,1
13,131022,1
13,131023,1
13,131024,1
13,131025,1
13,131026,1
13,131027,1
13,131028,1
13,131029,1
13,131030,1
13,131031,1
13,131032,1
13,131033,1
13,131034,1
13,131035,1
13,131036,1
13,131037,1
13,131038,1
13,131039,1
13,131040,1
13,131041,1
13,131042,2
13,131044,1
13,131045,10
13,131046,1
13,131047,1
13,131048,1
13,131049,1
13,131050,1
13,131051,1
13,131052,1
13,131053,1
13,131054,1
13,131055,1
13,131056,1
13,131057,1
13,131058,1
13,131059,1
13,131060,1
13,131061,1
13,131062,1
13,131063,1
13,131064,1
13,131065,1
13,131066,1
13,131067,10
13,131068,1
13,131069,1
13,131070,1
13,131071,1
13,131072,1
13,131073,1
13,131074,1
13,131075,1
13,131076,1
13,131077,1
13,131078,1
13,131079,1
13,131080,1
13,131081,1
13,131082,1
13,131083,1
13,131084,1
13,131085,1
13,131086,1
13,131087,1
13,131088,1
13,131089,1
13,131090,1
13,131091,1
13,131092,1
13,131093,1
13,131094,1
13,131095,1
13,131096,1
13,131097,1
13,131098,1
13,131099,1
13,131100,1
13,131101,1
13,131102,1
13,131103,1
13,131104,1
13,131105,1
13,131106,1
13,131107,1
13,131109,1
13,131111,1
13,131112,1
13,131115,1
13,131116,1
13,131117,1
13,131118,1
13,131119,1
13,131122,1
13,131123,1
13,131124,1
13,131126,1
13,131127,1
13,131128,1
13,131129,1
13,131130,10
13,131131,1
13,131132,1
13,131133,1
13,131134,10
13,131135,1
13,131136,2
13,131137,1
13,131139,10
13,131140,2
13,131141,1
13,131142,1
13,131143,1
13,131144,5
13,131145,1
13,131146,1
13,131147,1
13,131149,1
13,131150,1
13,131151,10
13,131152,5
13,131153,1
13,131154,1
13,131155,1
13,131156,10
13,131157,1
13,131159,10
13,131160,1
13,131162,1
13,131163,1
13,131164,1
13,131165,1
13,131166,1
13,131167,1
13,131168,2
13,131169,1
13,131170,1
13,131171,1
13,131172,1
13,131173,1
13,131174,1
13,131176,1
13,131177,1
13,131178,1
13,131179,1
13,131180,1
13,131181,10
13,131182,1
13,131183,1
13,131184,1
13,131185,1
13,131186,1
13,131187,1
13,131190,1
13,131191,1
13,131192,1
13,131193,1
13,131194,1
13,131195,1
13,131196,1
13,131197,1
13,131198,1
13,131199,1
13,131200,1
13,131201,1
13,131202,1
13,131203,1
13,131204,1
13,131205,1
13,131207,10
13,131208,1
13,131210,1
13,131211,10
13,131212,10
13,131213,10
13,131214,1
13,131215,1
13,131216,1
13,131217,2
13,131218,1
13,131220,1
13,131221,1
13,131222,1
13,131223,1
13,131224,1
13,131225,1
13,131226,1
13,131227,1
13,131228,1
13,131229,1
13,131230,1
13,131231,1
13,131232,1
13,131233,1
13,131234,1
13,131235,1
13,131236,1
13,131237,1
13,131238,1
13,131239,1
13,131240,1
13,131241,1
13,131242,1
13,131243,1
13,131244,1
13,131245,1
13,131246,1
13,131247,1
13,131248,1
13,131251,10
13,131252,98
13,131253,1
13,131254,1
13,131255,1
13,131256,1
13,131257,1
13,131258,1
13,131259,1
13,131260,1
13,131261,1
13,131262,1
13,131263,1
13,131264,1
13,131265,1
13,131266,1
13,131267,1
13,131268,2
13,131269,2
13,131270,10
13,131271,2
13,131272,1
13,131273,1
13,131274,1
13,131276,1
13,131278,1
13,131279,1
13,131280,1
13,131281,1
13,131282,1
13,131283,1
13,131284,1
13,131285,1
13,131286,10
13,131287,1
13,131288,1
13,131289,1
13,131290,5
13,131291,1
13,131292,1
13,131293,1
13,131294,1
13,131295,2
13,131296,1
13,131297,5
13,131298,10
13,131299,8
13,131301,1
13,131302,1
13,131303,1
13,131304,1
13,131305,1
13,131306,1
13,131307,1
13,131308,1
13,131309,5
13,131310,1
13,131311,1
13,131312,1
13,131313,1
13,131314,1
13,131315,1
13,131316,1
13,131317,1
13,131318,10
13,131319,10
13,131320,1
13,131321,2
13,131322,10
13,131323,10
13,131324,1
13,131325,2
13,131327,10
13,131328,2
13,131329,1
13,131330,1
13,131331,1
13,131332,2
13,131333,1
13,131334,1
13,131335,1
13,131336,5
13,131337,2
13,131338,1
13,131339,1
13,131340,2
13,131341,2
13,131342,1
13,131343,10
13,131344,1
13,131345,1
13,131346,1
13,131347,1
13,131348,10
13,131349,1
13,131350,10
13,131351,5
13,131352,10
13,131353,1
13,131354,10
13,131355,1
13,131356,10
13,131357,1
13,131358,2
13,131359,1
13,131360,10
13,131361,1
13,131362,1
13,131363,1
13,131364,1
13,131365,1
13,131366,10
13,131367,1
13,131368,1
13,131369,1
13,131371,1
13,131372,1
13,131373,1
13,131374,10
13,131375,1
15,150001,98
15,150002,1
15,150003,1
15,150004,1
15,150005,2
15,150006,1
15,150007,1
15,150008,10
15,150009,1
15,150010,1
15,150011,1
15,150012,1
15,150013,10
15,150014,10
15,150015,2
15,150015,10
15,150016,1
15,150017,5
15,150018,1
15,150019,2
15,150019,5
15,150020,1
15,150021,1
15,150022,1
15,150023,1
15,150024,6
15,150025,1
15,150026,1
15,150027,2
15,150027,10
15,150028,10
15,150029,10
15,150030,2
15,150031,1
15,150032,1
15,150033,1
15,150034,1
15,150035,10
15,150036,1
15,150037,1
15,150038,1
15,150039,1
15,150040,1
15,150041,1
15,150042,1
15,150043,1
15,150044,1
15,150045,1
15,150046,10
15,150047,10
15,150048,1
15,150049,1
15,150050,1
15,150051,1
15,150052,1
15,150054,1
15,150055,1
15,150056,1
15,150057,1
15,150058,1
15,150059,1
15,150060,2
15,150061,1
15,150062,1
15,150063,1
15,150064,1
15,150065,1
15,150066,1
15,150067,1
15,150068,1
15,150069,1
15,150070,1
15,150071,10
15,150072,1
15,150073,1
15,150074,1
15,150075,1
15,150076,1
15,150077,1
15,150078,1
15,150079,1
15,150080,2
15,150081,2
15,150081,10
15,150082,2
15,150083,1
15,150084,1
15,150085,2
15,150086,1
15,150087,1
15,150088,1
15,150089,1
15,150090,2
15,150091,1
15,150092,1
15,150093,1
15,150094,1
15,150095,1
15,150096,1
15,150097,1
15,150098,1
16,160001,1
16,160002,1
16,160004,5
16,160005,4
16,160005,10
16,160006,4
16,160007,2
16,160007,10
16,160008,2
16,160009,1
16,160010,1
16,160011,10
16,160012,2
16,160012,10
16,160013,4
16,160014,1
16,160015,5
16,160015,10
16,160016,10
16,160017,10
16,160018,1
16,160019,2
16,160020,10
16,160021,4
16,160022,1
16,160023,4
16,160023,10
16,160024,1
16,160025,1
16,160026,1
16,160027,1
16,160028,1
16,160029,1
16,160030,1
16,160031,1
16,160032,10
16,160033,1
16,160034,2
16,160035,10
16,160036,10
16,160037,1
16,160038,10
16,160039,1
16,160040,1
16,160041,1
16,160042,10
16,160043,10
16,160044,10
16,160045,1
16,160046,1
16,160047,1
16,160048,1
16,160049,1
16,160050,1
16,160051,1
16,160052,1
16,160053,1
16,160055,1
16,160056,10
16,160057,1
16,160058,1
16,160059,10
16,160060,1
16,160061,1
16,160062,1
16,160063,1
16,160064,1
16,160065,10
16,160066,1
16,160067,1
16,160068,1
16,160069,2
16,160070,1
16,160071,1
16,160072,1
16,160073,1
16,160074,1
16,160075,1
16,160076,1
16,160077,1
16,160078,1
16,160079,1
16,160080,1
16,160081,1
16,160082,1
16,160083,1
16,160084,1
16,160085,1
16,160086,1
16,160088,1
16,160089,1
16,160090,1
16,160091,1
16,160092,1
16,160093,5
16,160095,1
16,160096,1
16,160097,1
16,160098,1
16,160099,1
16,160100,1
16,160101,1
16,160102,1
16,160103,1
16,160104,10
16,160105,2
16,160106,1
16,160107,1
16,160108,10
16,160109,1
16,160110,1
16,160111,1
16,160112,10
16,160113,1
16,160114,1
16,160115,1
16,160116,1
16,160117,1
16,160118,1
16,160119,1
16,160120,10
16,160121,1
16,160122,1
16,160123,1
16,160124,1
16,160125,1
16,160126,1
16,160127,1
16,160128,10
16,160129,2
16,160129,10
16,160130,1
16,160131,1
16,160132,1
16,160133,1
16,160134,1
16,160135,5
16,160136,1
16,160137,1
16,160138,1
16,160139,1
16,160140,1
16,160141,1
16,160142,1
16,160143,1
16,160144,1
16,160145,1
16,160146,1
16,160147,1
16,160148,2
16,160149,1
16,160150,1
16,160151,1
16,160152,1
16,160153,1
16,160154,1
16,160155,1
16,160156,1
16,160157,10
16,160158,1
16,160159,1
16,160160,1
16,160161,1
16,160162,1
16,160163,1
16,160164,1
16,160165,1
16,160166,1
16,160167,1
16,160168,1
16,160169,1
16,160170,1
16,160171,1
16,160172,1
16,160173,2
16,160174,1
16,160175,10
16,160176,1
16,160177,2
16,160177,10
16,160178,1
16,160179,1
16,160180,10
16,160181,2
16,160182,1
16,160183,1
16,160184,1
16,160185,1
16,160186,1
16,160187,10
16,160188,1
16,160189,1
16,160190,4
16,160191,1
16,160193,1
16,160194,1
16,160195,1
16,160196,1
16,160197,10
16,160198,1
16,160200,1
16,160201,10
16,160202,10
16,160203,1
16,160204,1
16,160205,4
16,160206,1
16,160207,1
16,160208,4
16,160208,10
16,160209,1
16,160210,1
16,160211,10
16,160212,2
16,160213,1
16,160214,1
16,160215,1
16,160216,1
16,160217,4
16,160218,1
16,160219,1
16,160220,10
16,160221,2
16,160222,10
16,160223,1
16,160224,1
16,160225,1
17,170001,5
17,170002,1
17,170003,4
17,170004,4
17,170005,4
17,170006,4
17,170007,1
17,170008,10
17,170009,1
17,170010,1
17,170011,1
17,170012,1
17,170013,12
17,170015,1
17,170016,99
17,170017,4
17,170018,1
17,170019,4
17,170020,1
17,170021,4
17,170022,1
17,170023,1
17,170024,1
17,170025,1
17,170027,1
17,170028,1
17,170029,1
17,170030,1
17,170031,1
17,170032,1
17,170033,1
17,170034,1
17,170035,1
17,170036,1
17,170037,1
17,170038,5
17,170039,1
17,170040,10
17,170041,10
17,170042,1
17,170043,10
17,170044,1
17,170045,3
17,170046,4
17,170047,1
17,170048,1
17,170049,1
17,170050,1
17,170051,1
17,170052,1
17,170053,2
17,170054,1
17,170055,1
17,170056,1
17,170057,1
17,170058,1
17,170059,1
17,170060,1
17,170061,1
17,170062,1
17,170064,1
17,170065,4
17,170066,1
17,170067,1
17,170069,4
17,170070,1
17,170071,1
17,170072,1
17,170073,1
17,170074,1
17,170075,1
17,170076,12
17,170077,5
17,170078,2
17,170079,2
17,170080,5
17,170081,5
17,170082,2
17,170083,2
17,170084,2
17,170085,2
17,170086,2
17,170087,2
17,170088,1
17,170089,1
17,170090,1
17,170091,1
17,170092,1
17,170093,2
17,170094,1
17,170095,99
17,170096,1
17,170097,1
17,170098,1
17,170099,1
17,170100,1
17,170101,99
17,170102,1
17,170103,1
17,170104,1
17,170105,1
17,170106,2
17,170107,1
17,170108,1
17,170109,1
17,170110,1
17,170111,1
17,170112,1
17,170113,1
17,170114,1
17,170115,1
17,170116,1
17,170117,1
17,170118,4
17,170119,1
17,170120,1
17,170121,1
17,170122,1
17,170123,1
17,170124,1
17,170125,1
17,170126,1
17,170127,1
17,170128,1
17,170129,1
17,170130,2
17,170131,1
17,170132,4
17,170133,1
17,170134,1
17,170135,1
17,170136,1
17,170137,4
17,170138,1
17,170139,1
17,170140,1
17,170141,1
17,170142,1
17,170144,1
17,170145,1
17,170146,1
17,170147,1
17,170148,1
17,170149,1
17,170150,1
17,170151,1
17,170152,1
17,170153,1
17,170154,1
17,170155,1
17,170156,5
17,170157,1
17,170158,1
17,170160,1
17,170161,1
17,170162,1
17,170163,1
17,170164,1
17,170165,1
17,170166,1
17,170167,1
17,170168,1
17,170169,1
17,170170,1
17,170171,1
17,170172,1
17,170173,1
17,170174,1
17,170175,1
17,170176,1
17,170177,1
17,170178,2
17,170179,1
17,170180,1
17,170181,1
17,170182,1
17,170183,1
17,170184,1
17,170185,1
17,170186,1
17,170187,2
17,170188,1
17,170189,1
17,170190,2
17,170191,2
17,170192,1
17,170193,2
17,170194,1
17,170195,8
17,170196,10
17,170197,1
17,170198,1
17,170199,1
17,170200,1
17,170201,1
17,170202,1
17,170203,1
17,170204,2
17,170205,10
17,170206,1
17,170207,1
17,170208,1
17,170209,1
17,170210,1
17,170211,1
17,170212,1
17,170213,10
17,170214,1
17,170215,1
17,170216,1
17,170217,1
17,170218,1
17,170219,2
17,170221,1
17,170222,11
17,170223,1
17,170225,2
17,170226,1
17,170227,1
17,170228,1
17,170229,1
17,170230,1
17,170231,1
17,170232,1
17,170233,1
17,170234,2
17,170235,1
17,170236,1
17,170237,4
17,170238,1
17,170239,1
17,170240,1
17,170241,2
17,170242,1
17,170243,1
17,170244,5
17,170245,10
17,170246,2
17,170248,1
17,170249,1
17,170250,4
17,170251,6
17,170252,1
17,170253,2
17,170254,1
17,170255,99
17,170256,1
17,170257,1
17,170258,1
17,170259,1
17,170260,2
17,170261,1
17,170262,2
17,170263,1
17,170264,1
17,170265,1
17,170266,1
17,170267,2
17,170268,1
17,170269,1
17,170270,1
17,170271,2
17,170272,1
17,170273,1
17,170274,99
17,170275,1
17,170276,1
17,170277,1
17,170278,1
17,170279,2
17,170280,2
17,170281,1
17,170282,1
17,170283,1
17,170284,1
17,170285,1
17,170286,1
17,170287,1
17,170288,99
17,170289,1
17,170290,1
17,170291,1
17,170292,2
17,170293,1
17,170294,1
17,170295,1
17,170296,1
17,170297,1
17,170298,1
17,170299,1
17,170301,1
17,170302,1
17,170303,1
17,170304,1
17,170305,1
17,170306,10
17,170307,1
17,170308,5
17,170309,1
17,170310,2
17,170311,1
17,170312,1
17,170313,1
17,170314,1
17,170315,1
17,170316,1
17,170317,1
17,170318,1
17,170319,1
17,170321,1
17,170322,1
17,170323,1
17,170324,10
17,170325,1
17,170326,1
17,170327,1
17,170328,1
17,170329,2
17,170330,1
17,170331,1
17,170332,1
17,170333,1
17,170335,1
17,170336,1
17,170337,1
17,170338,1
17,170339,1
17,170340,2
17,170341,2
17,170342,10
17,170343,1
17,170344,1
17,170345,2
17,170346,1
17,170347,1
17,170348,2
17,170349,1
17,170350,1
17,170351,2
17,170352,10
17,170353,1
17,170354,1
17,170355,1
17,170356,2
17,170357,1
17,170358,1
17,170359,1
17,170360,1
17,170361,1
17,170362,1
17,170363,1
17,170364,1
17,170365,1
17,170366,1
17,170367,1
17,170368,1
17,170369,1
17,170370,1
17,170371,1
17,170372,1
17,170373,1
17,170374,1
17,170375,1
17,170376,1
17,170378,1
17,170379,1
17,170380,1
17,170381,1
17,170382,1
17,170383,1
17,170384,1
17,170385,2
17,170386,10
17,170387,1
17,170388,1
17,170389,1
17,170390,1
17,170391,1
17,170392,1
17,170393,1
17,170394,1
17,170395,1
17,170396,1
17,170397,2
17,170398,1
17,170399,1
17,170400,1
17,170401,1
17,170402,1
17,170403,1
17,170404,1
17,170405,1
17,170406,1
17,170407,1
17,170408,1
17,170409,1
17,170410,10
17,170411,1
17,170412,1
17,170413,1
17,170414,1
17,170415,1
17,170416,1
17,170417,2
17,170418,1
17,170420,1
17,170421,1
17,170422,1
17,170423,1
17,170424,1
17,170425,1
17,170426,2
17,170427,2
17,170428,1
17,170429,1
17,170430,1
17,170431,1
17,170432,1
17,170433,1
17,170434,1
17,170435,1
17,170436,1
17,170437,1
17,170438,1
17,170439,1
17,170440,1
17,170441,1
17,170442,1
17,170443,1
17,170444,1
17,170445,1
17,170446,1
17,170447,1
17,170448,1
17,170449,1
17,170450,1
17,170451,1
17,170452,1
17,170453,1
17,170454,10
17,170455,1
17,170456,1
17,170457,1
17,170458,1
17,170459,10
17,170460,1
17,170461,1
17,170462,1
17,170464,1
17,170465,1
17,170466,1
17,170467,1
17,170468,1
17,170469,1
17,170470,1
17,170471,1
17,170473,1
17,170474,1
17,170475,1
17,170476,1
17,170477,1
17,170478,1
17,170479,2
17,170480,1
17,170481,1
17,170482,1
17,170483,1
17,170484,1
17,170485,1
17,170486,1
17,170487,1
17,170488,1
17,170489,1
17,170490,1
17,170491,1
17,170492,1
17,170493,1
17,170494,1
17,170495,1
17,170496,2
17,170497,1
17,170498,1
17,170499,1
17,170500,99
17,170501,1
17,170502,1
17,170503,1
17,170504,1
17,170505,1
17,170506,1
17,170507,1
17,170508,1
17,170509,1
17,170510,1
17,170511,1
17,170513,1
17,170514,1
17,170515,2
17,170516,2
17,170517,1
17,170518,1
17,170519,10
17,170520,1
17,170521,1
17,170522,1
17,170523,1
17,170524,1
17,170525,1
17,170526,1
17,170527,1
17,170528,1
17,170529,2
17,170530,1
17,170531,1
17,170532,1
17,170533,10
17,170534,1
17,170536,1
17,170537,1
17,170538,1
17,170539,1
17,170540,1
17,170541,1
17,170542,1
17,170543,1
17,170544,1
17,170545,1
17,170546,1
17,170547,1
17,170548,2
17,170549,2
17,170550,2
17,170551,1
17,170552,1
17,170553,1
17,170554,2
17,170555,1
17,170556,2
17,170557,1
17,170558,1
17,170559,1
17,170560,1
17,170562,1
17,170563,1
17,170564,1
17,170565,1
17,170566,1
17,170567,1
17,170568,10
17,170569,1
17,170570,1
17,170571,1
17,170572,1
17,170573,1
17,170574,1
17,170575,1
17,170576,1
17,170577,1
17,170578,1
17,170579,1
17,170580,1
17,170581,1
17,170582,1
17,170583,1
17,170584,1
17,170585,1
17,170586,1
17,170587,1
17,170588,1
17,170589,1
17,170590,1
17,170591,1
17,170592,1
17,170593,2
17,170594,1
17,170595,1
17,170596,1
17,170597,1
17,170598,1
17,170599,1
17,170600,1
17,170601,1
17,170603,1
17,170604,1
17,170605,1
17,170606,1
17,170607,1
17,170608,1
17,170609,1
17,170610,1
17,170611,1
17,170612,1
17,170613,1
17,170614,1
17,170615,1
17,170616,98
17,170617,1
17,170618,1
17,170619,1
17,170620,1
17,170621,1
17,170622,1
17,170623,1
17,170624,1
17,170625,1
17,170626,1
17,170627,1
17,170628,1
17,170629,99
17,170630,1
17,170631,1
17,170632,1
17,170633,2
17,170634,1
17,170635,1
17,170636,1
17,170637,1
17,170638,1
17,170639,1
17,170640,1
17,170641,1
17,170642,1
17,170643,1
17,170644,1
17,170645,1
17,170647,10
17,170648,1
17,170649,1
17,170650,10
17,170651,1
17,170652,1
17,170653,1
17,170654,1
17,170655,1
17,170656,1
17,170657,1
17,170658,1
17,170659,1
17,170660,1
17,170661,1
17,170662,1
17,170663,1
17,170664,1
17,170665,1
17,170666,1
17,170667,1
17,170668,1
17,170669,1
17,170670,1
17,170671,1
17,170672,1
17,170673,1
17,170674,1
17,170675,1
17,170676,1
17,170677,1
17,170678,1
17,170679,1
17,170680,1
17,170681,1
17,170682,1
17,170683,1
17,170684,1
17,170685,1
17,170686,1
17,170687,1
17,170689,1
17,170690,1
17,170691,1
17,170692,1
17,170693,2
17,170694,1
17,170695,1
17,170696,1
17,170697,1
17,170698,1
17,170699,1
17,170701,1
17,170702,1
17,170703,99
17,170704,1
17,170705,1
17,170706,99
17,170707,1
17,170708,1
17,170709,1
17,170711,1
17,170712,1
17,170713,1
17,170715,1
17,170716,1
17,170717,1
17,170718,1
17,170719,1
17,170720,1
17,170721,1
17,170722,1
17,170723,1
17,170724,1
17,170725,1
17,170726,10
17,170727,1
17,170728,1
17,170729,1
17,170730,1
17,170731,1
17,170732,1
17,170733,1
17,170734,1
17,170735,1
17,170736,1
17,170737,2
17,170738,2
17,170739,1
17,170740,1
17,170741,1
17,170742,1
17,170743,1
17,170744,10
17,170745,1
17,170747,1
17,170748,1
17,170749,1
17,170750,1
17,170752,1
17,170753,1
17,170754,99
17,170755,1
17,170756,1
17,170757,1
17,170758,1
17,170759,1
17,170760,1
17,170761,1
17,170762,1
17,170763,1
17,170764,1
17,170765,1
17,170766,1
17,170767,1
17,170768,1
17,170769,1
17,170770,1
17,170771,1
17,170772,1
17,170773,1
17,170774,1
17,170775,1
17,170776,1
17,170777,2
17,170778,1
17,170779,1
17,170780,10
17,170781,1
17,170782,1
17,170783,1
17,170784,1
17,170785,1
17,170786,1
17,170787,1
17,170788,1
17,170789,1
17,170790,1
17,170791,1
17,170792,1
17,170793,1
17,170794,1
17,170795,1
17,170797,1
17,170798,1
17,170799,2
17,170800,1
17,170801,99
17,170802,1
17,170803,1
17,170804,1
17,170805,2
17,170806,1
17,170807,2
17,170808,1
17,170809,1
17,170810,1
17,170811,1
17,170812,1
17,170813,1
17,170815,1
17,170816,1
17,170817,1
17,170818,1
17,170819,1
17,170820,1
17,170821,1
17,170822,1
17,170823,1
17,170824,1
17,170825,1
17,170826,1
17,170827,1
17,170828,1
17,170829,1
17,170830,1
17,170831,1
17,170832,1
17,170833,1
17,170834,1
17,170835,1
17,170836,1
17,170837,1
17,170838,1
17,170839,1
17,170840,1
17,170841,1
17,170842,1
17,170843,1
17,170844,1
17,170845,1
17,170846,1
17,170847,1
17,170848,1
17,170849,1
17,170850,1
17,170851,1
17,170852,1
17,170853,1
17,170855,1
17,170856,1
17,170857,1
17,170858,1
17,170859,1
17,170860,1
17,170861,1
17,170862,1
17,170863,1
17,170864,1
17,170865,1
17,170867,1
17,170869,1
17,170870,1
17,170871,1
17,170872,1
17,170873,1
17,170875,1
17,170876,1
17,170877,1
17,170878,1
17,170879,1
17,170880,1
17,170881,1
17,170882,1
17,170883,1
17,170884,1
17,170885,1
17,170886,1
17,170887,1
17,170888,1
17,170889,2
17,170891,1
17,170892,1
17,170893,1
17,170894,1
17,170895,1
17,170896,1
17,170897,1
17,170898,1
17,170899,2
17,170900,1
17,170901,1
17,170902,1
17,170903,1
17,170904,1
17,170905,99
17,170906,1
17,170907,1
17,170908,1
17,170909,1
17,170910,2
17,170911,1
17,170913,1
17,170914,1
17,170915,1
17,170916,1
17,170917,1
17,170918,1
17,170919,1
17,170920,1
17,170921,1
17,170922,1
17,170923,1
17,170926,1
17,170927,1
17,170928,1
17,170929,1
17,170930,1
17,170931,1
17,170932,1
17,170933,1
17,170934,2
17,170936,1
17,170937,1
17,170938,2
17,170939,1
17,170940,1
17,170941,2
17,170942,1
17,170943,4
17,170944,1
17,170945,1
17,170946,2
17,170947,1
17,170948,10
17,170949,2
17,170950,2
17,170951,2
17,170952,2
17,170953,2
17,170954,2
17,170955,1
17,170956,1
17,170957,1
17,170958,1
17,170959,1
17,170960,1
17,170961,1
17,170962,2
17,170963,1
17,170964,2
17,170965,2
17,170966,1
17,170967,1
17,170968,1
17,170969,1
17,170970,1
17,170971,1
17,170972,10
17,170973,1
17,170974,10
17,170975,12
17,170976,1
17,170977,1
17,170978,1
17,170979,1
17,170981,1
17,170982,1
17,170983,1
17,170984,1
17,170985,10
17,170986,2
17,170987,1
17,170988,1
17,170989,1
17,170990,1
17,170991,1
17,170992,1
17,170993,1
17,170994,1
17,170995,1
17,170996,10
17,170997,4
17,170998,1
17,170999,1
17,171000,1
17,171001,1
17,171002,1
17,171003,1
17,171005,1
17,171007,1
17,171008,1
17,171009,1
17,171011,1
17,171012,1
17,171013,1
17,171014,1
17,171015,2
17,171016,1
17,171017,1
17,171018,1
17,171019,1
17,171020,1
17,171021,1
17,171022,1
17,171023,1
17,171024,1
17,171025,1
17,171026,10
17,171027,1
17,171028,5
17,171029,2
17,171030,2
17,171031,1
17,171032,1
17,171033,1
17,171034,2
17,171035,1
17,171036,1
17,171037,12
17,171038,1
17,171039,1
17,171040,1
17,171042,1
17,171043,1
17,171044,1
17,171045,2
17,171046,1
17,171050,1
17,171051,1
17,171052,10
17,171053,5
17,171054,10
17,171055,1
17,171056,1
17,171057,1
17,171058,1
17,171059,1
17,171060,2
17,171061,1
17,171062,2
17,171063,1
17,171064,2
17,171065,1
17,171066,1
17,171067,1
17,171068,2
17,171069,10
17,171070,8
17,171071,1
17,171072,2
17,171073,4
17,171074,5
17,171076,1
17,171077,1
17,171078,1
17,171079,2
17,171080,1
17,171082,10
17,171083,1
17,171084,1
17,171085,2
17,171086,1
17,171087,1
17,171088,1
17,171089,1
17,171090,1
17,171091,1
17,171092,1
17,171093,2
17,171094,2
17,171095,1
17,171096,2
17,171097,2
17,171098,1
17,171099,5
17,171101,1
17,171102,4
17,171103,1
17,171104,1
17,171105,1
17,171106,2
17,171107,1
17,171108,2
17,171109,1
17,171110,1
17,171111,1
17,171112,2
17,171113,2
17,171114,1
17,171115,1
17,171116,1
17,171117,1
17,171118,1
17,171119,1
17,171120,1
17,171121,4
17,171122,99
17,171123,99
17,171124,1
17,171125,1
17,171126,1
17,171127,1
17,171128,1
17,171129,1
17,171130,1
17,171131,1
17,171132,1
17,171133,99
17,171134,1
18,180001,1
18,180002,10
18,180003,10
18,180004,10
18,180006,1
18,180007,10
18,180008,1
18,180011,10
18,180012,1
18,180013,4
18,180014,1
18,180015,10
18,180016,4
18,180017,1
18,180019,1
18,180020,1
18,180021,1
18,180022,6
18,180022,11
18,180023,10
18,180024,5
18,180025,10
18,180026,5
18,180027,5
18,180028,2
18,180029,1
18,180030,5
18,180031,2
18,180032,10
18,180033,10
18,180034,10
18,180035,1
18,180036,1
18,180038,2
18,180039,10
18,180040,1
18,180041,1
18,180042,1
18,180043,1
18,180044,1
18,180045,1
18,180046,1
18,180047,1
18,180048,4
18,180049,10
18,180050,1
18,180051,1
18,180052,1
18,180053,1
18,180054,1
18,180055,1
18,180056,1
18,180057,1
18,180058,1
18,180059,10
18,180060,10
18,180061,1
18,180062,10
18,180063,10
18,180064,1
18,180065,1
18,180066,10
18,180067,1
18,180068,1
18,180069,1
18,180070,1
18,180071,1
18,180072,1
18,180073,1
18,180074,1
18,180075,1
18,180076,2
18,180077,2
18,180078,1
18,180079,1
18,180080,1
18,180081,10
18,180082,1
18,180083,1
18,180084,1
18,180086,10
18,180087,1
18,180088,1
18,180089,2
18,180090,1
18,180091,1
18,180092,1
18,180093,1
18,180094,1
18,180095,1
18,180096,1
18,180097,4
18,180098,1
18,180099,2
18,180100,1
18,180101,1
18,180102,1
18,180104,1
18,180105,10
18,180106,1
18,180107,1
18,180108,1
18,180109,1
18,180110,2
18,180111,10
18,180113,10
18,180114,1
18,180115,4
18,180116,1
18,180117,1
18,180118,1
18,180119,1
18,180120,1
18,180121,10
18,180122,1
18,180124,10
18,180125,1
18,180126,6
18,180127,1
18,180128,1
18,180129,10
18,180130,1
18,180131,1
18,180132,10
18,180133,1
18,180134,1
18,180135,1
18,180136,1
18,180137,1
18,180138,1
18,180139,1
18,180140,1
18,180141,2
18,180142,1
18,180143,1
18,180144,1
18,180145,1
18,180146,10
18,180147,1
18,180148,4
18,180149,2
18,180150,1
18,180151,1
18,180152,10
18,180153,2
18,180154,10
18,180155,1
18,180156,10
18,180157,1
18,180158,1
18,180159,1
18,180160,2
18,180161,1
18,180163,1
18,180164,1
18,180165,1
18,180166,1
18,180167,1
18,180168,1
18,180169,1
18,180170,1
18,180171,1
18,180172,1
18,180173,1
18,180174,1
18,180175,1
18,180176,1
18,180177,1
18,180178,10
18,180180,1
18,180181,1
18,180182,1
18,180183,1
18,180184,1
18,180185,1
18,180186,1
18,180187,1
18,180188,1
18,180189,1
18,180190,1
18,180191,1
18,180192,1
18,180193,1
18,180194,1
18,180195,1
18,180196,1
18,180197,1
18,180198,1
18,180199,1
18,180200,1
18,180201,1
18,180202,2
18,180203,1
18,180204,2
18,180205,1
18,180206,5
18,180207,1
18,180208,10
18,180209,1
18,180210,1
18,180211,1
18,180213,1
18,180214,1
18,180215,1
18,180216,1
18,180217,10
18,180219,1
18,180220,1
18,180221,1
18,180222,10
18,180223,10
18,180224,1
18,180225,2
18,180226,1
18,180227,1
18,180228,10
18,180229,10
18,180230,1
18,180234,1
18,180236,2
18,180237,1
18,180239,1
18,180240,1
18,180242,1
18,180243,1
18,180244,10
18,180245,1
18,180246,1
18,180247,1
18,180248,1
18,180249,1
18,180250,2
18,180251,1
18,180252,10
18,180253,1
18,180254,10
18,180255,2
18,180256,1
18,180257,1
18,180258,1
18,180259,1
18,180260,1
18,180262,1
18,180263,1
18,180264,1
18,180265,10
18,180266,1
18,180267,10
18,180268,1
18,180269,1
18,180270,1
18,180271,1
18,180272,10
18,180273,1
18,180274,10
18,180275,2
18,180276,1
18,180277,2
18,180278,2
18,180279,1
18,180280,1
18,180281,1
18,180282,1
18,180283,2
18,180284,1
18,180285,1
18,180286,1
18,180287,1
18,180288,10
18,180289,1
18,180290,10
18,180291,1
18,180294,1
18,180295,1
18,180296,1
18,180297,10
18,180298,1
18,180299,1
18,180300,1
18,180301,1
18,180302,1
18,180303,1
18,180304,1
18,180305,1
18,180306,1
18,180307,10
18,180308,10
18,180309,1
18,180310,1
18,180311,1
18,180312,10
18,180313,1
18,180314,1
18,180315,1
18,180316,1
18,180317,1
18,180318,1
18,180319,2
18,180320,1
18,180321,1
18,180322,1
18,180323,1
18,180324,10
18,180325,1
18,180326,1
18,180327,1
18,180329,1
18,180331,10
18,180332,1
18,180333,1
18,180334,1
18,180335,1
18,180336,2
18,180337,1
18,180338,1
18,180339,1
18,180340,1
18,180341,1
18,180342,1
18,180343,7
18,180345,1
18,180346,1
18,180347,1
18,180350,1
18,180351,1
18,180352,1
18,180353,10
18,180354,10
18,180355,10
18,180356,2
18,180357,1
18,180358,1
18,180359,1
18,180360,1
18,180361,1
18,180362,10
18,180363,1
18,180364,1
18,180365,1
18,180366,1
18,180367,1
18,180368,1
18,180369,1
18,180370,10
18,180371,1
18,180372,1
18,180373,2
18,180374,1
18,180375,1
18,180376,1
18,180377,1
18,180378,1
18,180379,10
18,180380,1
18,180381,1
18,180382,1
18,180383,1
18,180384,10
18,180385,1
18,180386,1
18,180387,1
18,180388,1
18,180389,1
18,180390,1
18,180391,1
18,180392,1
18,180393,1
18,180394,1
18,180395,1
18,180396,1
18,180397,1
18,180398,1
18,180399,1
18,180400,1
18,180401,1
18,180402,1
18,180403,1
18,180404,10
18,180405,1
18,180406,1
18,180407,1
18,180408,10
18,180409,1
18,180410,1
18,180411,1
18,180412,5
18,180413,1
18,180414,1
18,180415,2
18,180417,1
18,180418,1
18,180419,1
18,180420,10
18,180421,1
18,180422,1
18,180423,2
18,180424,1
18,180425,1
18,180426,1
18,180427,10
18,180429,1
18,180430,1
18,180431,1
18,180432,1
18,180433,2
18,180434,1
18,180435,10
18,180436,10
18,180437,1
18,180438,1
18,180440,1
18,180441,1
18,180442,2
18,180443,5
18,180444,1
18,180445,1
18,180446,1
18,180448,10
18,180449,1
18,180450,2
18,180451,1
18,180452,10
18,180453,1
18,180454,10
18,180455,1
18,180456,1
18,180457,1
18,180458,5
18,180459,1
18,180460,1
18,180461,1
18,180462,1
18,180463,1
18,180464,1
18,180465,1
18,180466,10
18,180467,1
18,180468,1
18,180469,1
18,180470,1
18,180471,1
18,180472,1
18,180473,2
18,180475,1
18,180476,2
18,180477,1
18,180478,1
18,180479,1
18,180480,10
18,180481,1
18,180482,1
18,180483,1
18,180484,1
18,180485,10
18,180486,1
18,180487,1
18,180488,10
18,180489,1
18,180490,1
18,180491,1
18,180492,1
18,180493,1
18,180494,1
18,180495,1
18,180496,1
18,180497,1
18,180498,1
18,180499,1
18,180500,1
18,180503,1
18,180504,1
18,180505,1
18,180506,1
18,180507,1
18,180508,2
18,180509,1
18,180510,1
18,180511,2
18,180512,1
18,180514,1
18,180516,1
18,180517,1
18,180518,1
18,180519,1
18,180520,1
18,180521,1
18,180522,1
18,180523,1
18,180524,1
18,180525,1
18,180526,1
18,180527,1
18,180528,1
18,180529,1
18,180531,1
18,180532,1
18,180533,2
18,180534,1
18,180535,1
18,180536,1
18,180537,1
18,180538,1
18,180539,1
18,180540,1
18,180541,1
18,180542,1
18,180543,10
18,180544,1
18,180545,1
18,180546,1
18,180547,1
18,180549,1
18,180550,1
18,180551,1
18,180552,1
18,180553,1
18,180554,1
18,180556,1
18,180557,1
18,180558,1
18,180559,1
18,180560,1
18,180561,1
18,180562,1
18,180563,1
18,180564,1
18,180565,1
18,180566,1
18,180567,1
18,180568,1
18,180569,1
18,180570,1
18,180571,1
18,180572,1
18,180573,10
18,180574,1
18,180575,1
18,180576,1
18,180577,1
18,180578,1
18,180579,1
18,180580,1
18,180581,1
18,180582,1
18,180583,1
18,180584,1
18,180585,1
18,180586,1
18,180587,1
18,180588,1
18,180589,1
18,180590,2
18,180591,1
18,180593,1
18,180594,1
18,180595,1
18,180596,1
18,180597,10
18,180598,1
18,180600,1
18,180601,10
18,180602,1
18,180603,1
18,180604,2
18,180605,1
18,180606,6
18,180607,1
18,180608,10
18,180609,1
18,180610,1
18,180611,1
18,180612,1
18,180613,1
18,180614,1
18,180615,10
18,180616,1
18,180617,1
18,180618,1
18,180619,10
18,180620,1
18,180621,1
18,180622,1
18,180623,1
18,180624,1
18,180625,1
18,180626,1
18,180627,2
18,180628,1
18,180629,1
18,180630,1
18,180631,1
18,180632,1
18,180633,1
18,180635,1
18,180636,1
18,180637,1
18,180638,10
18,180639,1
18,180640,1
18,180641,1
18,180642,1
18,180643,1
18,180644,1
18,180645,1
18,180646,1
18,180647,1
18,180648,10
18,180649,1
18,180650,1
18,180651,1
18,180652,1
18,180653,1
18,180654,1
18,180655,1
18,180656,1
18,180657,1
18,180658,1
18,180659,1
18,180660,1
18,180661,1
18,180662,1
18,180663,1
18,180664,1
18,180665,1
18,180666,1
18,180667,2
18,180668,1
18,180669,1
18,180670,1
18,180671,1
18,180672,1
18,180673,1
18,180674,10
18,180675,10
18,180676,1
18,180678,1
18,180679,1
18,180680,1
18,180681,1
18,180682,1
18,180683,1
18,180684,1
18,180685,1
18,180686,2
18,180687,1
18,180688,10
18,180689,10
18,180690,1
18,180691,10
18,180692,1
18,180693,10
18,180694,1
18,180695,1
18,180696,1
18,180697,1
18,180698,1
18,180699,1
18,180700,1
18,180701,10
18,180702,1
18,180703,2
18,180704,1
18,180705,1
18,180706,10
18,180708,1
18,180709,1
18,180710,1
18,180711,10
18,180712,1
18,180713,1
18,180714,1
18,180715,1
18,180716,1
18,180717,10
18,180718,1
18,180719,10
18,180720,2
18,180721,1
18,180722,1
18,180723,1
18,180724,1
18,180725,1
18,180726,1
18,180727,1
18,180728,10
18,180729,2
18,180730,2
18,180731,1
18,180732,1
18,180733,1
18,180734,1
18,180735,1
18,180736,1
18,180737,1
18,180738,10
18,180739,10
18,180740,10
18,180741,2
18,180742,1
18,180743,1
18,180744,1
18,180746,4
18,180747,10
18,180748,1
18,180749,10
18,180750,10
18,180751,10
18,180752,10
18,180754,1
18,180755,1
18,180756,1
18,180757,1
18,180758,2
18,180759,1
18,180760,10
18,180761,10
18,180762,1
18,180763,4
18,180764,1
18,180765,4
18,180766,1
18,180767,1
18,180768,1
18,180770,1
18,180771,1
18,180772,1
18,180773,1
18,180774,1
18,180775,10
18,180776,1
18,180777,4
18,180778,1
18,180779,1
18,180780,1
18,180781,1
18,180782,1
18,180783,2
18,180784,1
18,180785,1
18,180786,1
18,180787,1
18,180788,4
18,180789,1
18,180790,2
18,180792,1
18,180793,1
18,180795,10
18,180796,2
18,180797,1
18,180798,4
18,180799,4
18,180800,1
18,180801,5
18,180802,1
18,180803,1
18,180804,10
18,180805,1
18,180806,10
18,180807,10
18,180808,1
18,180809,10
18,180810,1
18,180811,4
18,180812,10
18,180813,1
18,180814,1
18,180815,1
18,180816,1
18,180817,1
18,180818,1
18,180819,10
18,180820,1
18,180821,2
18,180822,2
18,180823,1
18,180825,99
18,180826,1
18,180827,10
18,180828,1
18,180829,1
18,180830,10
18,180831,4
18,180832,4
18,180833,2
18,180834,1
18,180835,1
19,190001,10
19,190002,1
19,190003,10
19,190004,1
19,190005,1
19,190006,10
19,190007,1
19,190008,10
19,190009,5
19,190009,12
19,190010,10
19,190011,1
19,190012,1
19,190013,5
19,190014,1
19,190015,1
19,190016,1
19,190017,4
19,190017,11
19,190018,10
19,190019,1
19,190020,1
19,190021,1
19,190022,1
19,190023,1
19,190024,10
19,190025,6
19,190026,1
19,190027,1
19,190028,6
19,190030,1
19,190031,10
19,190032,1
19,190033,1
19,190034,1
19,190035,1
19,190036,1
19,190037,1
19,190038,1
19,190039,1
19,190040,1
19,190041,1
19,190042,1
19,190043,1
19,190044,1
19,190045,1
19,190046,1
19,190047,1
19,190048,1
19,190049,1
19,190050,1
19,190051,1
19,190052,1
19,190053,1
19,190054,1
19,190055,4
19,190056,2
19,190057,10
19,190058,1
19,190059,1
19,190060,1
19,190061,1
19,190062,2
19,190063,1
19,190064,1
19,190065,1
19,190066,1
19,190067,1
19,190068,2
19,190068,6
19,190070,1
19,190071,1
19,190072,1
19,190073,1
19,190074,1
19,190075,1
19,190076,1
19,190077,1
19,190078,1
19,190079,1
19,190080,1
19,190081,2
19,190081,10
19,190082,1
19,190083,1
19,190084,1
19,190085,1
19,190086,1
19,190087,1
19,190088,10
19,190089,10
19,190090,1
19,190091,1
19,190092,1
19,190093,2
19,190094,1
19,190095,1
19,190096,1
19,190097,99
19,190098,1
19,190099,1
19,190100,1
19,190101,1
19,190102,1
19,190103,1
19,190104,1
19,190105,1
19,190106,1
19,190107,1
19,190108,1
19,190109,1
19,190110,1
19,190111,10
19,190112,1
19,190113,1
19,190114,10
19,190115,1
19,190116,1
19,190117,1
19,190118,1
19,190119,1
19,190120,1
19,190121,1
19,190122,10
19,190123,1
19,190124,99
19,190125,10
19,190126,10
19,190127,10
19,190128,2
19,190129,1
19,190130,10
19,190131,1
19,190132,1
19,190133,1
19,190134,99
19,190135,1
19,190136,1
19,190137,10
19,190138,1
19,190139,1
19,190140,1
19,190141,99
19,190142,1
19,190143,1
19,190144,1
19,190145,2
19,190145,10
19,190146,1
19,190147,10
19,190148,2
19,190149,1
19,190150,1
19,190151,1
19,190152,1
19,190153,1
19,190154,1
19,190155,1
19,190156,1
19,190157,1
19,190158,1
19,190159,1
19,190160,1
19,190161,1
19,190162,1
19,190163,1
19,190164,1
19,190165,1
19,190166,1
19,190167,1
19,190168,1
19,190169,1
19,190170,1
19,190171,10
19,190172,1
19,190173,1
19,190174,1
19,190175,1
19,190176,1
19,190177,1
19,190178,10
19,190179,1
19,190180,1
19,190181,1
19,190183,1
19,190184,1
19,190185,10
19,190186,1
19,190187,1
19,190188,1
19,190189,1
19,190190,10
19,190191,10
19,190192,1
19,190193,2
19,190194,1
19,190195,1
19,190196,1
19,190197,1
19,190198,1
19,190199,1
19,190200,1
19,190201,1
19,190202,1
19,190203,1
19,190204,1
19,190205,1
19,190206,1
19,190207,1
19,190208,1
19,190209,1
19,190210,1
19,190211,1
19,190212,1
19,190213,1
19,190214,1
19,190215,1
19,190216,1
19,190217,1
19,190218,1
19,190219,1
19,190220,1
19,190222,1
19,190223,1
19,190224,1
19,190225,1
19,190226,1
19,190227,1
19,190228,1
19,190229,1
19,190230,1
19,190231,1
19,190232,1
19,190233,1
19,190234,1
19,190235,1
19,190236,1
19,190237,1
19,190238,1
19,190239,1
19,190240,10
19,190241,1
19,190242,1
19,190243,1
19,190244,1
19,190245,99
19,190246,1
19,190247,1
19,190248,1
19,190249,1
19,190250,1
19,190251,10
19,190252,1
19,190253,1
19,190254,1
19,190256,1
19,190257,1
19,190258,1
19,190259,1
19,190260,1
19,190261,1
19,190262,1
19,190263,1
19,190264,1
19,190265,1
19,190266,1
19,190267,1
19,190268,1
19,190270,1
19,190271,2
19,190272,1
19,190273,1
19,190274,1
19,190275,1
19,190276,1
19,190277,5
19,190277,10
19,190279,1
19,190280,6
19,190281,10
19,190282,1
19,190283,1
19,190284,1
19,190285,1
19,190286,10
19,190287,4
19,190287,11
19,190288,1
19,190289,2
19,190290,10
19,190291,1
19,190292,1
19,190293,1
19,190294,1
19,190295,1
19,190296,1
19,190297,1
19,190299,1
19,190300,1
19,190301,1
19,190302,1
19,190303,1
19,190304,10
19,190306,1
19,190307,1
19,190308,1
19,190309,1
19,190310,12
19,190311,1
19,190312,1
19,190313,2
19,190313,10
19,190314,1
19,190315,10
19,190316,10
19,190317,10
19,190318,5
19,190319,10
19,190320,5
19,190321,1
19,190322,5
19,190323,1
19,190324,10
19,190325,5
19,190326,1
19,190327,1
19,190328,1
19,190329,1
19,190330,1
19,190331,10
19,190332,1
19,190333,1
20,200001,98
20,200002,4
20,200003,4
20,200004,1
20,200005,1
20,200006,98
20,200007,98
20,200009,1
20,200010,1
20,200011,98
20,200012,98
20,200013,98
20,200014,98
20,200015,1
20,200016,98
20,200017,98
20,200018,1
20,200019,1
20,200020,1
20,200021,98
20,200022,1
20,200023,98
20,200024,2
20,200025,98
20,200026,98
20,200027,6
20,200028,98
20,200029,2
20,200030,98
20,200031,98
20,200032,98
20,200033,98
20,200034,98
20,200035,98
20,200037,5
20,200038,98
20,200040,98
20,200041,1
20,200042,98
20,200043,98
20,200044,98
20,200045,98
20,200046,6
20,200047,98
20,200048,98
20,200049,98
20,200050,98
20,200051,98
20,200052,98
20,200053,98
20,200054,11
20,200055,10
20,200056,98
20,200057,6
20,200058,2
20,200059,98
20,200061,6
20,200062,6
20,200063,98
20,200064,1
20,200065,98
20,200066,98
20,200067,98
20,200068,98
20,200069,6
20,200070,1
20,200071,98
20,200072,98
20,200073,1
20,200074,98
20,200075,98
20,200076,6
20,200077,98
20,200078,2
20,200079,98
20,200080,6
20,200080,10
20,200081,98
20,200082,2
20,200083,98
20,200084,98
20,200085,2
20,200086,1
20,200087,98
20,200088,98
20,200090,98
20,200091,2
20,200092,98
20,200094,2
20,200095,98
20,200096,98
20,200097,98
20,200098,98
20,200099,1
20,200100,98
20,200101,1
20,200102,1
20,200103,98
20,200104,10
20,200105,98
20,200106,98
20,200107,10
20,200108,98
20,200109,1
20,200110,98
20,200111,98
20,200112,98
20,200113,98
20,200114,98
20,200115,98
20,200116,98
20,200117,1
20,200118,1
20,200119,1
20,200120,98
20,200121,98
20,200122,1
20,200123,98
20,200124,5
20,200125,98
20,200126,6
20,200127,7
20,200128,98
20,200129,6
20,200130,1
20,200131,98
20,200132,98
20,200133,98
20,200134,98
20,200135,1
20,200136,10
20,200137,1
20,200138,98
20,200139,98
20,200140,12
20,200142,10
20,200143,98
20,200144,10
20,200145,98
20,200146,98
20,200147,98
20,200148,98
20,200149,1
20,200150,98
20,200151,98
20,200152,98
20,200153,1
20,200154,98
20,200155,1
20,200156,98
20,200157,98
20,200158,98
20,200159,98
20,200160,98
20,200161,98
20,200162,10
20,200163,1
20,200164,98
20,200165,98
20,200166,98
20,200167,98
20,200168,98
20,200169,1
20,200170,10
20,200171,98
20,200172,1
20,200173,98
20,200174,1
20,200176,98
20,200177,98
20,200178,10
20,200179,10
20,200180,1
20,200181,98
20,200182,98
20,200184,1
20,200185,1
20,200186,98
20,200187,98
20,200188,98
20,200189,98
20,200190,98
20,200191,99
20,200192,98
20,200193,1
20,200194,98
20,200195,2
20,200196,98
20,200197,1
20,200198,1
20,200199,98
20,200200,98
20,200201,98
20,200203,1
20,200204,98
20,200205,10
20,200206,98
20,200207,98
20,200208,1
20,200209,98
20,200210,98
20,200211,98
20,200212,98
20,200214,1
20,200215,98
20,200216,98
20,200217,98
20,200218,98
20,200219,98
20,200220,98
20,200221,1
20,200222,1
20,200223,98
20,200224,10
20,200225,98
20,200227,98
20,200228,98
20,200229,2
20,200230,1
20,200231,1
20,200232,1
20,200233,1
20,200234,1
20,200235,1
20,200236,98
20,200237,1
20,200238,98
20,200239,98
20,200240,98
20,200241,7
20,200242,1
20,200243,6
20,200244,98
20,200245,98
20,200246,98
20,200247,98
20,200248,98
20,200249,99
20,200250,98
20,200251,1
20,200252,98
20,200253,98
20,200254,1
20,200255,1
20,200256,98
20,200257,98
20,200258,10
20,200259,98
20,200260,98
20,200261,98
20,200262,98
20,200263,1
20,200264,1
20,200265,6
20,200265,10
20,200267,98
20,200268,98
20,200269,1
20,200270,10
20,200271,1
20,200272,6
20,200273,1
20,200274,1
20,200275,6
20,200276,98
20,200277,1
20,200278,2
20,200279,6
20,200280,4
20,200281,98
20,200282,98
20,200283,98
20,200284,98
20,200285,98
20,200286,98
20,200287,1
20,200288,10
20,200290,98
20,200291,98
20,200293,98
20,200294,1
20,200295,6
20,200296,98
20,200297,98
20,200298,98
20,200299,1
20,200300,98
20,200301,98
20,200302,5
20,200303,98
20,200304,98
20,200305,98
20,200306,5
20,200307,98
20,200308,2
20,200309,98
20,200311,2
20,200312,2
20,200313,98
20,200314,98
20,200315,98
20,200316,98
20,200317,98
20,200318,98
20,200319,98
20,200320,98
20,200321,98
20,200322,98
20,200323,98
20,200324,98
20,200325,98
20,200326,98
20,200327,98
20,200328,98
20,200329,98
20,200330,98
21,210001,1
21,210002,1
21,210003,1
21,210004,1
21,210005,1
21,210006,1
21,210007,2
21,210008,10
21,210009,2
21,210010,10
21,210011,10
21,210012,1
21,210013,10
21,210014,1
21,210015,1
21,210016,1
21,210017,1
21,210018,10
21,210019,4
21,210020,8
21,210021,2
21,210021,5
21,210022,1
21,210023,1
21,210024,2
21,210025,1
21,210026,2
21,210027,1
21,210028,4
21,210029,10
21,210030,10
21,210031,10
21,210032,1
21,210033,1
21,210034,2
21,210035,1
21,210036,1
21,210037,1
21,210038,1
21,210039,1
21,210040,10
21,210041,2
21,210042,1
21,210043,1
21,210044,1
21,210045,1
21,210046,1
21,210048,1
21,210049,1
21,210051,2
21,210052,1
21,210053,10
21,210054,1
21,210055,1
21,210056,3
21,210056,12
21,210057,1
21,210058,10
21,210059,1
21,210060,1
21,210061,1
21,210062,3
21,210062,12
21,210063,1
21,210064,10
21,210065,1
21,210066,1
21,210067,1
21,210068,1
21,210069,10
21,210070,1
21,210071,10
21,210072,1
21,210073,1
21,210074,10
21,210075,10
21,210076,1
21,210077,1
21,210078,10
21,210079,2
21,210080,2
21,210081,1
21,210082,5
21,210083,1
21,210084,1
21,210085,2
21,210087,2
21,210088,2
21,210089,2
21,210090,10
21,210091,1
21,210092,1
21,210093,1
21,210094,5
21,210095,1
21,210096,1
21,210097,1
21,210098,1
21,210099,1
21,210100,1
21,210101,1
21,210102,5
21,210103,1
21,210104,1
21,210105,1
21,210106,1
21,210107,1
21,210108,10
21,210109,1
21,210110,10
21,210111,1
21,210112,10
21,210113,1
21,210114,1
21,210115,1
21,210116,10
21,210117,1
21,210118,10
21,210119,1
21,210120,1
21,210121,1
21,210122,1
21,210123,10
21,210124,10
21,210125,1
21,210126,1
21,210127,10
21,210128,1
21,210129,1
21,210130,1
21,210132,2
21,210133,1
21,210134,10
21,210135,1
21,210136,1
21,210137,6
21,210138,1
21,210139,1
21,210140,10
21,210141,1
21,210142,1
21,210143,1
21,210144,10
21,210145,2
21,210146,1
21,210147,1
21,210148,1
21,210149,10
21,210150,10
21,210151,2
21,210152,2
21,210153,1
21,210154,10
21,210155,1
21,210156,10
21,210157,1
21,210158,1
21,210159,10
21,210160,1
21,210161,1
21,210162,1
21,210163,1
21,210164,1
21,210165,1
21,210166,1
21,210167,1
21,210168,1
21,210169,1
21,210170,1
21,210171,1
21,210172,1
21,210173,1
21,210174,1
21,210175,10
21,210176,1
21,210177,1
21,210178,10
21,210179,2
21,210180,1
21,210181,1
21,210182,1
21,210183,1
21,210184,1
21,210185,1
21,210186,2
21,210188,2
21,210189,1
21,210190,10
21,210191,1
21,210193,1
21,210194,1
21,210195,98
21,210196,2
21,210197,10
21,210198,1
21,210199,1
21,210200,1
21,210201,1
21,210202,1
21,210203,2
21,210204,1
21,210205,10
21,210206,1
21,210207,1
21,210208,1
21,210209,10
21,210210,10
21,210211,1
21,210212,1
21,210213,2
21,210214,2
21,210215,10
21,210216,1
21,210217,5
21,210218,1
21,210220,1
21,210221,1
21,210222,1
21,210223,1
21,210224,1
21,210225,1
21,210226,2
21,210227,1
21,210228,1
21,210229,1
21,210230,1
21,210232,1
21,210233,1
21,210234,10
21,210235,1
21,210236,1
21,210237,10
21,210238,10
21,210239,1
21,210240,1
21,210241,1
21,210242,1
21,210243,1
21,210244,1
21,210246,1
21,210247,1
21,210248,2
21,210249,1
21,210250,1
21,210251,1
21,210252,1
21,210253,1
21,210254,1
21,210255,1
21,210256,1
21,210257,10
21,210258,1
21,210259,1
21,210260,1
21,210261,1
21,210262,1
21,210263,1
21,210264,2
21,210265,1
21,210266,1
21,210267,1
21,210268,1
21,210269,1
21,210270,10
21,210271,2
21,210272,10
21,210273,1
21,210274,1
21,210275,1
21,210276,1
21,210277,1
21,210278,1
21,210279,1
21,210280,1
21,210282,1
21,210283,1
21,210284,1
21,210285,1
21,210286,1
21,210287,1
21,210288,1
21,210289,1
21,210290,1
21,210291,1
21,210292,10
21,210293,1
21,210294,1
21,210295,10
21,210296,1
21,210297,1
21,210298,1
21,210299,1
21,210300,1
21,210301,1
21,210302,1
21,210303,1
21,210304,10
21,210305,1
21,210306,1
21,210307,1
21,210308,10
21,210309,10
21,210310,1
21,210311,1
21,210312,1
21,210313,1
21,210314,1
21,210315,1
21,210316,1
21,210317,1
21,210318,1
21,210319,1
21,210321,1
21,210322,10
21,210323,10
21,210324,1
21,210325,1
21,210326,1
21,210327,1
21,210328,1
21,210329,1
21,210330,1
21,210331,1
21,210332,1
21,210333,1
21,210334,10
21,210335,1
21,210336,1
21,210337,1
21,210338,1
21,210339,10
21,210340,2
21,210341,10
21,210342,1
21,210343,10
21,210344,1
21,210345,1
21,210346,1
21,210347,1
21,210348,1
21,210349,1
21,210350,1
21,210351,2
21,210352,1
21,210353,1
21,210354,1
21,210355,1
21,210356,1
21,210357,1
21,210358,2
21,210359,1
21,210360,10
21,210361,1
21,210362,1
21,210363,1
21,210364,1
21,210365,1
21,210366,2
21,210367,1
21,210368,10
21,210369,10
21,210370,1
21,210371,1
21,210372,1
21,210373,1
21,210374,1
21,210375,1
21,210376,1
21,210377,1
21,210378,1
21,210379,1
21,210380,1
21,210381,1
21,210382,1
21,210383,1
21,210384,1
21,210385,1
21,210386,1
21,210387,1
21,210388,2
21,210389,10
21,210390,1
21,210391,1
21,210392,1
21,210393,1
21,210394,1
21,210395,10
21,210396,1
21,210397,1
21,210398,1
21,210399,10
21,210400,10
21,210402,1
21,210403,1
21,210404,1
21,210405,1
21,210406,1
21,210407,1
21,210408,1
21,210409,1
21,210410,1
21,210411,1
21,210412,1
21,210413,1
21,210414,1
21,210415,1
21,210416,1
21,210417,1
21,210418,1
21,210419,1
21,210420,1
21,210421,1
21,210422,1
21,210423,1
21,210424,1
21,210425,1
21,210427,1
21,210428,1
21,210429,1
21,210430,1
21,210431,1
21,210432,10
21,210433,1
21,210434,1
21,210435,1
21,210436,1
21,210437,1
21,210438,1
21,210439,1
21,210440,1
21,210441,1
21,210442,1
21,210443,10
21,210444,1
21,210445,2
21,210446,1
21,210447,1
21,210448,1
21,210449,1
21,210450,1
21,210451,1
21,210452,1
21,210453,1
21,210454,1
21,210455,1
21,210456,1
21,210457,1
21,210458,1
21,210459,1
21,210460,1
21,210461,1
21,210462,1
21,210463,1
21,210464,1
21,210465,1
21,210466,1
21,210467,1
21,210468,1
21,210469,1
21,210470,1
21,210471,1
21,210472,1
21,210473,1
21,210474,1
21,210475,1
21,210476,1
21,210477,10
21,210478,1
21,210479,1
21,210480,1
21,210481,10
21,210482,1
21,210483,1
21,210484,2
21,210485,1
21,210487,2
21,210488,2
21,210489,1
21,210490,1
21,210491,2
21,210492,5
21,210493,1
21,210494,5
21,210495,1
21,210496,1
21,210498,1
21,210499,1
21,210501,1
21,210502,1
21,210503,1
21,210504,1
21,210505,1
21,210506,2
21,210507,1
21,210508,1
21,210509,10
21,210510,1
21,210511,1
21,210512,1
21,210513,1
21,210514,2
21,210515,1
21,210516,1
21,210517,1
21,210518,5
21,210519,1
21,210520,1
21,210521,1
21,210522,1
21,210523,1
21,210524,1
21,210525,10
21,210526,1
21,210527,1
21,210528,1
21,210529,1
21,210530,1
21,210531,1
21,210532,1
21,210533,1
21,210534,1
21,210535,1
21,210536,1
21,210537,1
21,210538,1
21,210539,1
21,210540,1
21,210541,1
21,210542,1
21,210543,1
21,210544,1
21,210545,1
21,210546,1
21,210547,1
21,210548,1
21,210549,1
21,210550,1
21,210551,1
21,210552,1
21,210553,10
21,210554,1
21,210555,1
21,210556,1
21,210557,1
21,210558,1
21,210560,1
21,210561,1
21,210562,1
21,210563,1
21,210564,1
21,210565,1
21,210566,1
21,210567,1
21,210568,1
21,210569,1
21,210570,1
21,210571,2
21,210572,1
21,210573,1
21,210574,1
21,210575,1
21,210576,1
21,210577,1
21,210578,1
21,210579,1
21,210580,10
21,210581,10
21,210582,10
21,210584,10
21,210585,1
21,210586,1
21,210587,10
21,210588,1
21,210589,1
21,210590,2
21,210591,10
21,210592,10
21,210593,1
21,210594,10
21,210595,1
21,210596,10
21,210597,10
21,210598,1
21,210599,2
21,210600,10
21,210601,1
21,210602,10
21,210603,2
21,210603,5
21,210604,1
21,210605,1
21,210606,1
21,210607,1
21,210608,1
21,210609,2
21,210610,10
21,210611,10
21,210612,1
21,210614,1
21,210615,1
21,210616,10
21,210617,10
21,210618,1
21,210619,2
21,210620,1
21,210621,1
21,210622,1
21,210623,1
21,210624,1
21,210625,1
21,210626,1
21,210627,1
21,210628,5
21,210629,1
21,210630,1
21,210631,1
21,210632,1
21,210633,4
21,210634,1
21,210635,10
21,210636,1
21,210637,10
21,210638,10
21,210639,10
21,210640,2
21,210641,10
21,210642,1
21,210643,10
21,210644,10
21,210645,1
21,210646,1
21,210647,10
21,210648,1
21,210649,10
21,210650,10
21,210651,1
21,210652,1
21,210653,2
21,210654,1
21,210655,10
21,210656,2
21,210657,2
21,210658,1
21,210659,10
21,210661,10
21,210662,10
21,210663,10
21,210664,1
21,210665,10
21,210666,1
21,210667,1
21,210668,1
21,210669,10
21,210670,1
21,210671,1
21,210672,98
21,210673,10
21,210674,98
21,210675,2
21,210676,1
21,210677,1
21,210678,5
21,210679,1
21,210680,98
21,210681,2
21,210682,1
21,210683,1
22,220001,5
22,220002,1
22,220003,1
22,220004,1
22,220005,1
22,220006,1
22,220007,1
22,220008,1
22,220009,1
22,220010,1
22,220011,99
22,220012,1
22,220013,1
22,220014,99
22,220015,1
22,220016,1
22,220017,2
22,220018,1
22,220019,2
22,220019,12
22,220020,2
22,220021,1
22,220022,10
22,220023,1
22,220024,1
22,220025,1
22,220026,1
22,220027,99
22,220028,1
22,220029,2
22,220030,1
22,220031,1
22,220032,1
22,220033,10
22,220034,2
22,220034,10
22,220035,1
22,220036,1
22,220037,1
22,220038,1
22,220039,1
22,220040,1
22,220041,1
22,220042,1
22,220043,1
22,220044,1
22,220045,1
22,220046,1
22,220047,1
22,220048,1
22,220049,1
22,220050,10
22,220051,10
22,220052,1
22,220053,1
22,220054,1
22,220055,1
22,220056,1
22,220057,10
22,220058,1
22,220059,99
22,220060,1
22,220061,10
22,220062,1
22,220063,1
22,220064,1
22,220065,2
22,220065,6
22,220066,2
22,220067,1
22,220068,1
22,220069,1
22,220070,1
22,220071,1
22,220072,1
22,220073,1
22,220074,1
22,220075,10
22,220076,1
22,220077,1
22,220078,2
22,220079,1
22,220080,1
22,220081,5
22,220081,10
22,220082,1
22,220083,10
22,220084,10
22,220085,1
22,220086,2
22,220087,10
22,220088,1
22,220089,1
22,220090,1
22,220091,1
22,220094,1
22,220095,1
22,220096,2
22,220097,1
22,220098,1
22,220099,1
22,220100,1
22,220101,10
22,220103,1
22,220104,1
22,220105,1
22,220106,1
22,220107,1
22,220108,1
22,220109,1
22,220110,1
22,220111,1
22,220112,10
22,220113,1
22,220114,1
22,220115,1
22,220116,1
22,220117,2
22,220117,6
22,220118,1
22,220119,1
22,220120,1
22,220121,1
22,220122,1
22,220123,1
22,220124,1
22,220125,1
22,220126,10
22,220127,1
22,220128,1
22,220129,1
22,220130,1
22,220131,1
22,220132,1
22,220133,1
22,220134,1
22,220135,1
22,220136,1
22,220138,2
22,220139,1
22,220140,1
22,220141,1
22,220142,1
22,220143,2
22,220143,10
22,220144,1
22,220145,10
22,220146,1
22,220147,1
22,220148,2
22,220149,1
22,220150,2
22,220150,10
22,220151,1
22,220152,1
22,220153,1
22,220154,1
22,220155,1
22,220156,1
22,220157,1
22,220158,10
22,220159,1
22,220160,5
22,220161,2
22,220162,1
22,220163,1
22,220164,1
22,220165,1
22,220166,10
22,220167,2
22,220168,10
22,220169,1
22,220170,1
22,220171,1
22,220172,1
22,220173,10
22,220174,1
22,220175,1
22,220176,1
22,220177,1
22,220178,1
22,220179,99
22,220180,1
22,220181,10
22,220182,1
22,220183,1
22,220184,2
22,220185,1
22,220186,10
22,220187,1
22,220188,1
22,220189,1
22,220190,1
22,220191,2
22,220191,10
22,220192,1
22,220193,1
22,220194,1
22,220195,1
22,220196,2
22,220196,10
22,220197,1
22,220198,1
22,220199,1
22,220200,1
22,220201,1
22,220202,1
22,220203,10
22,220204,10
22,220205,1
22,220208,10
22,220209,1
22,220210,1
22,220211,1
22,220212,1
22,220213,1
22,220214,1
22,220215,1
22,220216,1
22,220217,1
22,220218,1
22,220219,1
22,220220,1
22,220221,1
22,220222,1
22,220223,1
22,220224,1
22,220225,1
22,220226,1
22,220227,10
22,220228,1
22,220229,1
22,220231,10
22,220232,1
22,220233,1
22,220234,1
22,220235,10
22,220236,1
22,220237,1
22,220238,1
22,220239,1
22,220240,1
22,220241,10
22,220242,1
22,220243,1
22,220244,1
22,220245,1
22,220246,1
22,220247,2
22,220248,5
22,220249,1
22,220250,1
22,220251,1
22,220252,1
22,220253,1
22,220254,1
22,220255,1
22,220256,1
22,220257,1
22,220258,1
22,220259,1
22,220260,1
22,220261,1
22,220262,99
22,220263,10
22,220264,1
22,220265,1
22,220266,1
22,220267,1
22,220268,1
22,220269,10
22,220270,1
22,220271,1
22,220272,1
22,220273,1
22,220274,1
22,220275,1
22,220276,1
22,220277,1
22,220278,1
22,220279,10
22,220280,1
22,220281,1
22,220282,1
22,220283,1
22,220284,1
22,220285,1
22,220286,1
22,220287,1
22,220288,1
22,220289,1
22,220290,1
22,220291,1
22,220292,1
22,220293,10
22,220294,10
22,220296,1
22,220297,2
22,220298,1
22,220299,1
22,220300,1
22,220301,1
22,220303,10
22,220304,1
22,220305,1
22,220306,1
22,220307,1
22,220308,2
22,220308,10
22,220309,1
22,220310,1
22,220311,1
22,220312,1
22,220313,1
22,220314,10
22,220315,1
22,220316,1
22,220317,1
22,220318,1
22,220319,1
22,220320,1
22,220321,10
22,220322,1
22,220323,1
22,220324,1
22,220325,1
22,220326,1
22,220327,10
22,220328,10
22,220329,1
22,220330,1
22,220331,1
22,220332,10
22,220333,1
22,220334,1
22,220335,1
22,220336,1
22,220337,2
22,220338,1
22,220339,10
22,220340,10
22,220341,1
22,220342,1
22,220343,1
22,220344,1
22,220345,1
22,220346,1
22,220347,1
22,220348,1
22,220349,1
22,220350,1
22,220351,2
22,220352,1
22,220353,1
22,220354,10
22,220355,1
22,220356,1
22,220357,1
22,220358,1
22,220359,1
22,220360,1
22,220361,1
22,220362,1
22,220363,1
22,220364,1
22,220365,1
22,220366,1
22,220367,1
22,220368,1
22,220369,1
22,220370,1
22,220371,10
22,220372,1
22,220373,2
22,220373,10
22,220375,1
22,220376,1
22,220377,1
22,220378,10
22,220379,1
22,220380,1
22,220381,1
22,220382,1
22,220383,1
22,220384,2
22,220385,1
22,220386,1
22,220387,1
22,220388,1
22,220389,1
22,220390,1
22,220391,1
22,220392,1
22,220394,1
22,220395,1
22,220396,1
22,220397,1
22,220398,1
22,220399,1
22,220400,1
22,220401,1
22,220402,1
22,220403,1
22,220404,1
22,220405,1
22,220406,1
22,220408,1
22,220409,1
22,220410,1
22,220411,1
22,220412,2
22,220412,10
22,220413,2
22,220414,10
22,220415,1
22,220416,10
22,220417,1
22,220418,1
22,220419,1
22,220420,10
22,220421,1
22,220422,1
22,220423,1
22,220424,1
22,220425,1
22,220426,2
22,220427,10
22,220428,1
22,220429,1
22,220430,1
22,220431,1
22,220432,1
22,220433,2
22,220434,1
22,220435,2
22,220436,99
22,220437,1
22,220438,1
22,220439,1
22,220441,1
22,220442,2
22,220443,1
22,220444,1
22,220445,1
22,220446,1
22,220447,1
22,220448,1
22,220449,1
22,220450,1
22,220451,1
22,220452,1
22,220453,1
22,220454,1
22,220455,10
22,220456,1
22,220457,1
22,220458,1
22,220459,1
22,220460,1
22,220461,10
22,220462,1
22,220463,2
22,220463,10
22,220464,1
22,220465,1
22,220466,1
22,220468,10
22,220469,1
22,220470,2
22,220470,10
22,220471,1
22,220472,1
22,220473,1
22,220474,1
22,220475,1
22,220476,1
22,220477,2
22,220478,1
22,220479,1
22,220480,1
22,220481,1
22,220482,10
22,220484,1
22,220485,1
22,220486,1
22,220487,1
22,220488,1
22,220489,5
22,220490,1
22,220491,1
22,220492,1
22,220493,1
22,220494,1
22,220495,1
22,220496,1
22,220497,1
22,220498,1
22,220499,1
22,220500,2
22,220501,1
22,220502,1
22,220503,1
22,220504,1
22,220505,1
22,220506,1
22,220507,1
22,220508,1
22,220509,1
22,220510,1
22,220511,1
22,220512,1
22,220513,1
22,220514,1
22,220515,1
22,220516,10
22,220517,99
22,220518,1
22,220519,1
22,220520,1
22,220521,1
22,220522,10
22,220523,1
22,220524,1
22,220525,1
22,220526,1
22,220527,1
22,220528,1
22,220529,5
22,220530,1
22,220531,1
22,220533,2
22,220534,2
22,220535,1
22,220536,1
22,220537,2
22,220538,1
22,220539,99
22,220540,2
22,220541,1
22,220542,1
22,220543,1
22,220544,5
22,220545,10
22,220546,1
22,220547,1
22,220548,1
22,220549,1
22,220550,10
22,220551,1
22,220552,1
22,220553,1
22,220554,2
22,220554,10
22,220555,1
22,220556,1
22,220557,2
22,220558,1
22,220559,1
22,220560,1
22,220561,1
22,220562,1
22,220563,1
22,220564,1
22,220565,1
22,220566,1
22,220567,1
22,220568,10
22,220569,1
22,220570,1
22,220571,1
22,220572,1
22,220573,1
22,220574,1
22,220575,1
22,220576,1
22,220577,1
22,220578,1
22,220579,1
22,220580,1
22,220581,1
22,220582,1
22,220583,1
22,220584,1
22,220585,1
22,220586,1
22,220587,1
22,220588,10
22,220589,1
22,220590,1
22,220591,1
22,220592,1
22,220593,1
22,220594,1
22,220595,1
22,220596,1
22,220597,1
22,220598,10
22,220599,10
22,220600,10
22,220601,1
22,220602,1
22,220603,1
22,220604,10
22,220605,1
22,220606,2
22,220607,1
22,220608,1
22,220609,1
22,220610,2
22,220611,1
22,220612,10
22,220613,1
22,220614,1
22,220615,1
22,220616,1
22,220617,10
22,220618,1
22,220619,1
22,220620,1
22,220621,1
22,220623,10
22,220624,1
22,220625,1
22,220626,1
22,220627,10
22,220628,10
22,220629,1
22,220630,10
22,220631,1
22,220632,1
22,220633,1
22,220634,1
22,220635,1
22,220636,10
22,220637,1
22,220640,5
22,220641,1
22,220642,1
22,220643,2
22,220644,10
22,220645,1
22,220646,1
22,220647,1
22,220648,10
22,220649,1
22,220650,1
22,220651,2
22,220652,1
22,220653,1
22,220654,1
22,220655,1
22,220656,1
22,220657,1
22,220658,1
22,220659,1
22,220660,1
22,220661,1
22,220662,1
22,220663,1
22,220664,1
22,220665,1
22,220666,1
22,220667,2
22,220668,1
22,220669,10
22,220670,10
22,220671,1
22,220672,1
22,220673,1
22,220674,1
22,220675,1
22,220676,1
22,220677,1
22,220678,2
22,220679,1
22,220680,1
22,220681,1
22,220682,1
22,220683,1
22,220684,1
22,220685,1
22,220686,1
22,220687,1
22,220688,1
22,220689,1
22,220690,5
22,220691,1
22,220692,1
22,220693,1
22,220694,1
22,220695,1
22,220697,1
22,220698,1
22,220699,1
22,220700,2
22,220701,10
22,220702,1
22,220703,5
22,220704,1
22,220705,1
22,220706,1
22,220707,1
22,220708,1
22,220709,1
22,220710,10
22,220711,1
22,220712,1
22,220713,1
22,220714,1
22,220715,1
22,220716,1
22,220717,1
22,220718,1
22,220719,1
22,220720,1
22,220721,2
22,220722,1
22,220723,2
22,220724,10
22,220725,98
23,230001,1
23,230002,1
23,230003,1
23,230004,1
23,230005,10
23,230006,10
23,230007,10
23,230008,1
23,230009,1
23,230010,2
23,230011,1
23,230012,4
23,230014,10
23,230015,2
23,230016,3
23,230016,12
23,230017,11
23,230018,1
23,230019,1
23,230020,1
23,230021,1
23,230022,1
23,230024,11
23,230025,1
23,230027,1
23,230028,1
23,230030,1
23,230031,1
23,230032,1
23,230033,1
23,230034,1
23,230035,1
23,230036,1
23,230037,1
23,230038,1
23,230039,1
23,230040,2
23,230041,1
23,230042,1
23,230043,1
23,230044,1
23,230045,10
23,230046,1
23,230047,1
23,230048,1
23,230049,10
23,230050,1
23,230051,1
23,230052,1
23,230054,10
23,230055,1
23,230056,1
23,230057,1
23,230058,1
23,230060,1
23,230061,1
23,230062,1
23,230063,1
23,230064,1
23,230065,10
23,230066,1
23,230067,1
23,230068,1
23,230069,1
23,230070,1
23,230071,1
23,230072,2
23,230073,1
23,230074,1
23,230075,2
23,230076,1
23,230077,10
23,230079,1
23,230080,1
23,230081,1
23,230082,10
23,230083,2
23,230084,1
23,230085,1
23,230086,2
23,230087,1
23,230088,10
23,230089,2
23,230090,1
23,230091,10
23,230092,1
23,230093,10
23,230094,1
23,230095,1
23,230096,1
23,230097,1
23,230098,1
23,230099,1
23,230100,1
23,230101,1
23,230102,1
23,230103,1
23,230104,1
23,230105,1
23,230106,1
23,230107,1
23,230108,1
23,230109,1
23,230110,1
23,230112,1
23,230113,2
23,230114,2
23,230115,1
23,230116,1
23,230117,1
23,230118,10
23,230119,1
23,230120,1
23,230121,1
23,230122,1
23,230123,1
23,230124,1
23,230125,1
23,230126,1
23,230127,1
23,230128,1
23,230129,1
23,230130,1
23,230131,1
23,230132,1
23,230133,1
23,230134,1
23,230135,1
23,230136,1
23,230137,1
23,230138,1
23,230139,10
23,230140,1
23,230141,1
23,230142,1
23,230143,10
23,230144,2
23,230145,10
23,230146,10
23,230147,1
23,230148,1
23,230149,10
23,230150,10
23,230151,2
23,230152,1
23,230153,1
23,230154,1
23,230155,1
23,230156,1
23,230157,10
23,230158,10
23,230159,1
23,230160,1
23,230161,11
23,230162,1
23,230163,1
23,230164,1
23,230165,1
23,230166,1
23,230167,1
23,230169,1
23,230170,2
23,230171,1
23,230172,4
23,230173,10
23,230174,1
23,230175,10
23,230176,5
24,240001,2
24,240002,1
24,240003,1
24,240004,1
24,240005,1
24,240006,1
24,240007,10
24,240008,1
24,240009,2
24,240010,1
24,240011,2
24,240012,1
24,240013,10
24,240014,2
24,240015,1
24,240016,1
24,240017,1
24,240018,1
24,240019,10
24,240021,1
24,240022,4
24,240023,1
24,240024,4
24,240025,1
24,240026,1
24,240027,1
24,240028,1
24,240029,10
24,240030,1
24,240031,10
24,240032,1
24,240033,1
24,240034,1
24,240035,1
24,240036,1
24,240037,1
24,240038,1
24,240039,1
24,240040,1
24,240041,1
24,240042,1
24,240043,1
24,240044,1
24,240045,1
24,240046,1
24,240047,1
24,240048,1
24,240049,1
24,240050,1
24,240051,1
24,240052,1
24,240053,1
24,240054,1
24,240055,1
24,240057,1
24,240058,1
24,240059,1
24,240060,1
24,240061,1
24,240062,1
24,240063,1
24,240064,1
24,240065,1
24,240066,1
24,240067,10
24,240068,1
24,240069,1
24,240070,1
24,240071,1
24,240072,1
24,240073,1
24,240074,1
24,240075,1
24,240076,1
24,240077,1
24,240078,1
24,240079,1
24,240080,1
24,240081,1
24,240082,1
24,240083,1
24,240084,1
24,240085,1
24,240086,1
24,240087,1
24,240088,1
24,240089,1
24,240090,1
24,240091,1
24,240092,1
24,240093,10
24,240094,1
24,240095,10
24,240096,2
24,240097,1
24,240098,1
24,240099,1
24,240100,1
24,240101,2
24,240102,1
24,240103,1
24,240104,1
24,240105,1
24,240106,1
24,240107,1
24,240108,1
24,240109,1
24,240110,10
24,240111,1
24,240112,1
24,240113,1
24,240114,10
24,240115,10
24,240116,1
24,240117,1
24,240118,1
24,240119,2
24,240120,1
24,240121,1
24,240122,6
24,240123,1
24,240124,1
24,240125,1
24,240126,1
24,240127,2
24,240128,1
24,240129,1
24,240130,1
24,240131,10
24,240132,10
24,240133,2
24,240134,10
24,240135,10
24,240136,1
24,240137,1
24,240138,1
24,240139,1
24,240140,1
24,240141,1
24,240142,1
24,240143,1
24,240144,1
24,240145,2
24,240146,1
24,240147,1
24,240148,2
24,240149,10
24,240150,1
24,240151,1
24,240152,1
24,240153,1
24,240154,2
24,240155,1
24,240156,1
24,240157,1
24,240158,10
24,240159,1
24,240160,1
24,240161,1
24,240162,1
24,240163,1
24,240164,1
24,240165,1
24,240166,1
24,240167,1
24,240168,1
24,240169,1
24,240170,10
24,240171,1
24,240172,1
24,240173,1
24,240174,1
24,240175,10
24,240176,1
24,240177,1
24,240178,1
24,240179,1
24,240180,1
24,240181,1
24,240182,1
24,240183,1
24,240184,1
24,240185,2
24,240186,2
24,240187,2
24,240188,1
24,240189,2
24,240190,1
24,240191,1
24,240192,1
24,240193,2
24,240194,1
24,240195,1
24,240197,1
24,240198,10
24,240199,1
24,240200,1
24,240201,2
24,240202,2
24,240204,2
24,240205,1
24,240206,1
24,240207,1
24,240208,1
24,240209,1
24,240210,1
24,240211,1
24,240212,10
24,240213,10
24,240214,1
24,240215,1
24,240216,1
24,240217,1
24,240218,1
24,240219,1
24,240220,1
24,240221,1
24,240222,1
24,240223,1
24,240224,1
24,240225,1
24,240226,1
24,240227,1
24,240228,1
24,240229,1
24,240230,2
24,240231,1
24,240232,1
24,240233,1
24,240234,1
24,240235,1
24,240236,2
24,240237,1
24,240238,1
24,240239,1
24,240240,1
24,240241,1
24,240242,1
24,240243,1
24,240244,1
24,240245,10
24,240246,1
24,240247,1
24,240248,1
24,240249,1
24,240250,10
24,240251,1
24,240252,1
24,240253,1
24,240254,1
24,240255,1
24,240256,1
24,240257,10
24,240258,2
24,240258,10
24,240260,1
24,240261,1
24,240262,1
24,240263,1
24,240264,2
24,240265,1
24,240266,1
24,240267,10
24,240268,1
24,240269,1
24,240270,1
24,240271,2
24,240272,1
24,240273,1
24,240274,1
24,240275,1
24,240276,1
24,240278,1
24,240279,1
24,240280,1
24,240281,2
24,240282,1
24,240283,1
24,240285,1
24,240286,1
24,240287,1
24,240288,1
24,240289,1
24,240290,1
24,240291,1
24,240292,10
24,240293,2
24,240294,1
24,240295,1
24,240297,1
24,240298,1
24,240299,1
24,240300,1
24,240301,1
24,240303,1
24,240304,1
24,240305,1
24,240306,1
24,240307,1
24,240308,1
24,240309,1
24,240310,2
24,240311,1
24,240312,1
24,240313,1
24,240314,1
24,240315,1
24,240316,10
24,240317,1
24,240318,1
24,240320,1
24,240321,1
24,240323,1
24,240324,1
24,240325,1
24,240326,2
24,240327,1
24,240328,1
24,240329,1
24,240330,1
24,240331,10
24,240332,1
24,240333,10
24,240334,1
24,240335,1
24,240336,1
24,240337,1
24,240338,1
24,240341,1
24,240343,1
24,240344,1
24,240345,1
24,240346,1
24,240347,10
24,240348,1
24,240349,1
24,240350,10
24,240351,1
24,240352,1
24,240353,1
24,240354,1
24,240355,1
24,240356,1
24,240357,1
24,240358,1
24,240359,1
24,240360,1
24,240361,1
24,240362,2
24,240363,2
24,240364,1
24,240365,2
24,240366,1
24,240367,2
24,240368,1
24,240369,1
24,240370,1
24,240371,1
24,240372,10
24,240373,1
24,240374,1
24,240375,1
24,240376,1
24,240377,1
24,240379,10
24,240380,1
24,240381,2
24,240382,1
24,240383,1
24,240384,1
24,240385,1
24,240386,10
24,240387,1
24,240388,1
24,240389,10
24,240390,10
24,240391,1
24,240392,1
24,240393,1
24,240394,2
24,240395,1
24,240396,1
24,240399,1
24,240400,1
24,240401,1
24,240402,1
24,240403,1
24,240404,1
24,240405,1
24,240406,1
24,240407,1
24,240408,1
24,240409,1
24,240410,1
24,240411,1
24,240412,10
24,240413,1
24,240414,1
24,240415,1
24,240416,1
24,240417,1
24,240418,1
24,240419,1
24,240420,1
24,240421,1
24,240422,1
24,240423,1
24,240424,10
24,240425,1
24,240426,1
24,240427,1
24,240428,1
24,240429,2
24,240430,1
24,240431,1
24,240432,1
24,240434,1
24,240435,1
24,240436,2
24,240437,1
24,240438,1
24,240439,1
24,240440,10
24,240441,1
24,240442,1
24,240443,1
24,240444,1
24,240445,10
24,240446,1
24,240447,1
24,240448,99
24,240449,10
24,240450,1
24,240451,1
24,240452,5
24,240453,1
24,240454,1
24,240455,1
24,240456,1
24,240457,1
24,240458,1
24,240459,1
24,240460,1
24,240461,1
24,240462,10
24,240463,1
24,240464,10
24,240465,1
24,240466,1
24,240467,1
24,240468,1
24,240469,1
24,240470,1
24,240471,1
24,240472,1
24,240473,1
24,240474,10
24,240475,1
24,240476,1
24,240477,1
24,240478,1
24,240479,1
24,240480,2
24,240481,1
24,240482,1
24,240483,2
24,240484,1
24,240485,10
24,240486,10
24,240487,1
24,240488,1
24,240489,1
24,240490,10
24,240491,10
24,240492,2
24,240493,10
24,240494,1
24,240495,1
24,240496,1
24,240497,1
24,240498,1
24,240499,1
24,240500,1
24,240502,1
24,240503,1
24,240504,1
24,240505,1
24,240506,1
24,240507,10
24,240508,2
24,240508,10
24,240509,2
24,240510,1
24,240511,1
24,240512,10
24,240513,1
24,240514,1
24,240515,1
24,240516,1
24,240517,1
24,240518,1
24,240519,1
24,240520,2
24,240521,1
24,240522,2
24,240523,1
24,240524,1
24,240525,1
24,240526,1
24,240527,1
24,240528,1
24,240529,1
24,240530,10
24,240531,1
24,240532,2
24,240533,1
24,240534,1
24,240535,1
24,240536,1
24,240537,1
24,240538,2
24,240539,1
24,240540,1
24,240542,1
24,240543,1
24,240544,1
24,240545,1
24,240546,1
24,240547,1
24,240548,1
24,240549,1
24,240551,1
24,240552,10
24,240553,1
24,240554,1
24,240555,2
24,240556,1
24,240557,1
24,240558,1
24,240559,10
24,240560,2
24,240561,1
24,240562,1
24,240563,1
24,240564,1
24,240565,1
24,240566,1
24,240567,1
24,240568,10
24,240569,1
24,240570,10
24,240571,2
24,240572,2
24,240573,1
25,250001,1
25,250002,1
25,250003,1
25,250004,1
25,250005,1
25,250006,1
25,250007,1
25,250008,1
25,250009,1
25,250010,4
25,250011,4
25,250011,10
25,250012,1
25,250013,1
25,250014,1
25,250015,1
25,250016,1
25,250017,10
25,250018,10
25,250020,3
25,250021,2
25,250022,5
25,250022,10
25,250023,1
25,250024,2
25,250025,1
25,250026,1
25,250027,1
25,250028,1
25,250029,1
25,250030,10
25,250031,1
25,250032,10
25,250033,1
25,250034,1
25,250035,1
25,250036,1
25,250037,2
25,250038,2
25,250038,10
25,250039,1
25,250040,2
25,250041,10
25,250042,1
25,250043,1
25,250045,2
25,250045,10
25,250046,2
25,250047,1
25,250049,6
25,250050,10
25,250051,1
25,250052,1
25,250053,10
25,250054,1
25,250055,4
25,250055,10
25,250056,98
25,250057,1
25,250058,2
25,250058,10
25,250059,10
25,250061,10
25,250062,2
25,250063,1
25,250064,1
25,250065,2
25,250065,10
25,250066,10
25,250067,1
25,250068,1
25,250069,1
25,250070,2
25,250071,1
25,250072,2
25,250073,1
25,250074,10
25,250075,1
25,250076,1
25,250078,10
25,250079,1
25,250080,1
25,250081,1
25,250082,1
25,250083,1
25,250084,1
25,250085,1
25,250086,1
25,250087,1
25,250088,1
25,250089,1
25,250091,1
25,250092,1
25,250093,10
25,250094,1
25,250095,1
25,250096,1
25,250097,1
25,250098,1
25,250099,1
25,250100,1
25,250101,1
25,250102,1
25,250103,2
25,250103,10
25,250104,1
25,250105,1
25,250106,1
25,250107,1
25,250108,10
25,250109,2
25,250110,1
25,250111,1
25,250112,10
25,250113,1
25,250114,10
25,250115,1
25,250116,1
25,250117,1
25,250118,1
25,250119,1
25,250120,1
25,250121,1
25,250122,1
25,250123,1
25,250124,1
25,250125,1
25,250126,10
25,250127,1
25,250128,1
25,250129,1
25,250130,1
25,250131,10
25,250132,1
25,250133,1
25,250134,1
25,250136,1
25,250137,1
25,250138,6
25,250138,10
25,250139,1
25,250140,1
25,250141,1
25,250142,1
25,250143,1
25,250144,1
25,250145,1
25,250146,10
25,250147,1
25,250148,1
25,250149,1
25,250150,3
25,250150,5
25,250151,1
25,250152,1
25,250153,1
25,250154,10
25,250155,1
25,250156,1
25,250157,1
25,250158,1
25,250159,1
25,250160,1
25,250161,1
25,250162,1
25,250163,10
25,250164,10
25,250165,1
25,250166,1
25,250167,1
25,250168,1
25,250169,1
25,250170,1
25,250171,1
25,250172,1
25,250173,1
25,250174,1
25,250175,1
25,250176,1
25,250177,1
25,250178,1
25,250179,10
25,250180,1
25,250182,1
25,250183,1
25,250184,5
25,250184,10
25,250185,1
25,250187,1
25,250188,1
25,250189,2
25,250190,10
25,250192,1
25,250193,1
25,250194,1
25,250195,10
25,250196,10
25,250197,1
25,250198,1
25,250199,1
25,250200,1
25,250201,1
25,250202,1
25,250203,10
25,250204,1
25,250205,10
25,250206,1
25,250207,1
25,250208,1
25,250209,1
25,250210,1
25,250211,98
25,250212,1
25,250214,1
25,250215,1
25,250216,1
25,250217,10
25,250218,10
25,250220,1
25,250221,1
25,250222,1
25,250223,1
25,250224,1
25,250225,1
25,250226,1
25,250227,1
25,250228,1
25,250229,1
25,250230,1
25,250231,1
25,250232,1
25,250233,10
25,250234,10
25,250235,1
25,250236,1
25,250237,1
25,250238,1
25,250239,1
25,250240,1
25,250241,1
25,250242,10
25,250243,1
25,250244,10
25,250245,1
25,250246,1
25,250247,1
25,250248,1
25,250249,1
25,250250,1
25,250251,2
25,250252,2
25,250253,10
25,250254,1
25,250255,1
25,250256,1
25,250257,10
25,250258,1
25,250259,1
25,250260,1
25,250261,2
25,250261,10
25,250262,1
25,250263,5
25,250264,1
25,250265,1
25,250266,1
25,250267,1
25,250268,10
25,250269,1
25,250270,1
25,250271,1
25,250272,1
25,250273,10
25,250274,10
25,250275,1
25,250276,10
25,250277,2
25,250277,10
25,250278,1
25,250279,1
25,250280,1
25,250281,1
25,250283,1
25,250284,1
25,250285,2
25,250286,1
25,250287,10
25,250288,10
25,250289,1
25,250290,1
25,250291,1
25,250292,1
25,250293,98
25,250294,2
25,250294,10
25,250295,1
25,250296,1
25,250297,1
25,250298,1
25,250299,1
25,250300,1
25,250301,10
25,250302,1
25,250303,1
25,250304,1
25,250305,1
25,250306,2
25,250307,2
25,250307,10
25,250308,10
25,250309,10
25,250310,1
25,250311,1
25,250312,1
25,250314,1
25,250315,1
25,250316,1
25,250317,1
25,250318,10
25,250319,1
25,250320,1
25,250321,1
25,250322,1
25,250323,1
25,250324,2
25,250325,1
25,250326,1
25,250327,2
25,250328,1
25,250329,1
25,250330,1
25,250331,1
25,250332,1
25,250333,1
25,250334,1
25,250335,1
25,250336,1
25,250337,4
25,250338,1
25,250339,1
25,250340,1
25,250341,1
25,250342,2
25,250343,10
25,250344,1
25,250345,1
25,250346,1
25,250347,1
25,250348,1
25,250349,1
25,250350,1
25,250351,1
25,250352,1
25,250353,1
25,250354,1
25,250355,1
25,250356,1
25,250357,1
25,250358,1
25,250359,1
25,250360,1
25,250361,1
25,250364,98
25,250365,98
26,260001,2
26,260002,10
26,260003,1
26,260004,4
26,260005,1
26,260006,1
26,260007,1
26,260008,1
26,260009,10
26,260010,4
26,260011,99
26,260012,1
26,260013,1
26,260014,10
26,260015,11
26,260016,4
26,260017,4
26,260018,1
26,260019,1
26,260020,99
26,260021,1
26,260022,10
26,260023,4
26,260024,10
26,260025,10
26,260026,4
26,260027,1
26,260028,1
26,260029,2
26,260030,4
26,260031,5
26,260032,1
26,260033,1
26,260034,11
26,260035,2
26,260036,10
26,260037,4
26,260038,2
26,260039,10
26,260040,1
26,260041,10
26,260042,10
26,260043,5
26,260044,10
26,260045,1
26,260046,2
26,260047,1
26,260048,2
26,260049,1
26,260050,10
26,260051,1
26,260052,5
26,260053,4
26,260054,99
26,260055,1
26,260056,1
26,260057,1
26,260058,10
26,260059,1
26,260060,1
26,260061,1
26,260062,1
26,260063,1
26,260064,1
26,260065,1
26,260066,1
26,260067,10
26,260068,10
26,260069,1
26,260070,1
26,260071,1
26,260072,1
26,260073,1
26,260074,1
26,260075,4
26,260076,10
26,260077,1
26,260078,1
26,260079,1
26,260080,1
26,260081,1
26,260082,10
26,260083,1
26,260084,10
26,260085,10
26,260086,1
26,260087,1
26,260088,1
26,260089,1
26,260090,10
26,260091,1
26,260092,10
26,260093,1
26,260094,1
26,260095,4
26,260096,1
26,260097,1
26,260098,4
26,260099,1
26,260100,1
26,260101,2
26,260102,10
26,260103,1
26,260104,8
26,260105,10
26,260106,1
26,260107,1
26,260108,10
26,260109,4
26,260111,10
26,260112,10
26,260113,1
26,260114,1
26,260115,2
26,260116,10
26,260117,1
26,260118,1
26,260119,1
26,260120,1
26,260121,10
26,260122,2
26,260123,1
26,260124,1
26,260125,1
26,260126,1
26,260127,10
26,260128,1
26,260129,10
26,260130,1
26,260131,10
26,260132,1
26,260133,10
26,260134,4
26,260135,1
26,260136,1
26,260137,1
26,260138,1
26,260139,1
26,260140,1
26,260141,1
26,260142,4
26,260143,4
26,260144,10
26,260145,1
26,260146,10
26,260147,10
26,260148,10
26,260149,1
26,260150,1
26,260151,1
26,260152,4
26,260153,1
26,260154,1
26,260155,1
26,260156,4
26,260157,4
26,260158,10
26,260159,10
26,260160,1
26,260161,10
26,260162,10
26,260163,1
26,260164,2
26,260165,1
26,260166,1
26,260167,1
26,260168,1
26,260169,1
26,260170,1
26,260171,1
26,260172,1
26,260173,10
26,260174,10
26,260175,2
26,260176,10
26,260177,1
26,260178,1
26,260179,1
26,260180,2
26,260181,1
26,260182,10
26,260183,10
26,260184,1
26,260185,1
26,260186,10
26,260187,1
26,260188,2
26,260189,2
26,260190,1
26,260191,2
26,260192,2
26,260193,99
26,260194,1
26,260195,1
26,260196,1
26,260197,2
26,260198,2
26,260199,1
26,260200,1
26,260201,1
26,260202,1
26,260203,2
26,260204,2
26,260205,1
26,260206,1
26,260207,1
26,260208,1
26,260209,1
26,260210,1
26,260211,10
26,260212,1
26,260213,2
26,260214,10
26,260215,1
26,260216,1
26,260217,10
26,260218,5
26,260219,1
26,260220,1
26,260221,1
26,260222,1
26,260223,1
26,260224,1
26,260225,1
26,260226,1
26,260227,1
26,260228,1
26,260229,10
26,260230,1
26,260231,1
26,260232,2
26,260233,10
26,260234,1
26,260235,2
26,260236,1
26,260237,10
26,260238,1
26,260239,1
26,260241,1
26,260242,1
26,260245,1
26,260246,10
26,260247,1
26,260248,1
26,260249,1
26,260250,1
26,260251,1
26,260252,1
26,260253,1
26,260254,1
26,260255,1
26,260256,1
26,260257,1
26,260259,1
26,260260,10
26,260261,10
26,260262,1
26,260263,1
26,260264,10
26,260265,10
26,260266,10
26,260267,1
26,260268,1
26,260269,1
26,260270,1
26,260271,1
26,260272,5
26,260273,1
26,260274,10
26,260275,1
26,260276,1
26,260277,1
26,260279,1
26,260280,1
26,260281,1
26,260282,1
26,260283,10
26,260284,1
26,260285,1
26,260286,10
26,260287,1
26,260288,2
26,260289,10
26,260290,1
26,260291,1
26,260292,1
26,260293,1
26,260294,1
26,260295,4
26,260296,1
26,260297,1
26,260298,1
26,260299,1
26,260300,1
26,260301,1
26,260302,10
26,260303,1
26,260304,1
26,260305,1
26,260306,1
26,260307,1
26,260308,1
26,260309,1
26,260310,1
26,260311,1
26,260312,10
26,260313,1
26,260314,1
26,260315,1
26,260316,1
26,260317,1
26,260318,1
26,260319,1
26,260320,1
26,260321,1
26,260322,1
26,260323,1
26,260324,1
26,260325,10
26,260326,1
26,260327,1
26,260328,1
26,260329,1
26,260330,1
26,260331,1
26,260332,1
26,260333,2
26,260334,1
26,260335,1
26,260336,1
26,260337,1
26,260338,10
26,260339,1
26,260340,1
26,260341,1
26,260342,1
26,260343,10
26,260344,1
26,260345,1
26,260346,1
26,260347,2
26,260348,10
26,260349,1
26,260350,1
26,260351,1
26,260352,2
26,260353,5
26,260354,10
26,260355,1
26,260356,1
26,260357,2
26,260358,1
26,260359,1
26,260360,1
26,260361,1
26,260362,1
26,260363,1
26,260364,1
26,260365,1
26,260366,10
26,260367,1
26,260368,1
26,260369,1
26,260370,10
26,260371,1
26,260372,1
26,260373,1
26,260374,1
26,260375,1
26,260376,1
26,260377,1
26,260378,1
26,260379,1
26,260380,1
26,260381,1
26,260382,1
26,260383,1
26,260384,1
26,260385,1
26,260386,1
26,260387,2
26,260388,10
26,260389,1
26,260390,1
26,260391,1
26,260392,1
26,260393,10
26,260394,1
26,260395,1
26,260396,1
26,260398,1
26,260399,1
26,260400,1
26,260401,1
26,260402,10
26,260403,1
26,260404,1
26,260405,1
26,260406,1
26,260407,1
26,260408,1
26,260409,1
26,260410,1
26,260411,10
26,260412,1
26,260413,1
26,260414,1
26,260415,1
26,260416,1
26,260417,1
26,260418,1
26,260419,1
26,260420,1
26,260421,1
26,260422,4
26,260423,10
26,260424,1
26,260425,1
26,260426,1
26,260427,1
26,260428,1
26,260429,1
26,260430,10
26,260431,1
26,260432,1
26,260433,1
26,260434,1
26,260435,1
26,260436,1
26,260437,1
26,260438,1
26,260439,1
26,260440,1
26,260441,1
26,260442,2
26,260443,1
26,260444,1
26,260445,1
26,260446,1
26,260447,1
26,260448,1
26,260449,10
26,260450,1
26,260451,1
26,260452,1
26,260453,1
26,260454,10
26,260455,1
26,260456,2
26,260457,1
26,260458,1
26,260460,1
26,260461,10
26,260462,1
26,260463,1
26,260464,1
26,260465,1
26,260466,1
26,260467,1
26,260468,1
26,260469,1
26,260470,1
26,260471,1
26,260472,1
26,260473,1
26,260474,1
26,260475,1
26,260476,1
26,260477,1
26,260478,10
26,260479,1
26,260480,1
26,260481,1
26,260482,1
26,260483,1
26,260484,1
26,260485,1
26,260486,1
26,260487,1
26,260488,1
26,260489,1
26,260490,1
26,260491,1
26,260492,1
26,260493,1
26,260494,99
26,260495,1
26,260496,10
26,260497,10
26,260498,1
26,260499,1
26,260500,2
26,260501,10
26,260502,10
26,260503,1
26,260504,1
26,260505,2
26,260506,1
26,260507,10
26,260508,1
26,260509,1
26,260510,1
26,260511,1
26,260512,10
26,260513,1
26,260514,1
26,260515,1
26,260516,1
26,260517,1
26,260518,1
26,260519,1
26,260520,10
26,260521,1
26,260522,1
26,260523,2
26,260524,1
26,260525,1
26,260526,1
26,260527,1
26,260528,1
26,260529,2
26,260530,1
26,260531,1
26,260532,1
26,260533,1
26,260534,10
26,260535,1
26,260536,10
26,260537,1
26,260538,1
26,260539,5
26,260540,1
26,260541,1
26,260542,1
26,260543,10
26,260544,1
26,260545,1
26,260546,1
26,260547,1
26,260548,1
26,260549,1
26,260550,1
26,260551,1
26,260552,10
26,260553,1
26,260554,1
26,260555,1
26,260556,1
26,260557,1
26,260558,99
26,260559,1
26,260560,1
26,260561,1
26,260562,1
26,260563,1
26,260564,10
26,260565,1
26,260566,1
26,260567,1
26,260568,1
26,260569,1
26,260570,10
26,260571,1
26,260572,1
26,260573,99
26,260574,2
26,260575,1
26,260576,10
26,260577,1
26,260578,1
26,260579,1
26,260580,1
26,260581,1
26,260582,1
26,260583,1
26,260584,1
26,260585,1
26,260586,1
26,260587,1
26,260588,1
26,260589,1
26,260590,1
26,260591,1
26,260592,1
26,260593,10
26,260594,1
26,260595,1
26,260596,1
26,260597,1
26,260598,1
26,260599,1
26,260600,1
26,260601,2
26,260602,1
26,260603,1
26,260604,1
26,260605,1
26,260606,1
26,260607,1
26,260608,1
26,260609,1
26,260610,1
26,260611,1
26,260612,1
26,260613,1
26,260614,1
26,260615,1
26,260616,2
26,260617,1
26,260618,1
26,260619,1
26,260620,1
26,260621,2
26,260622,1
26,260623,1
26,260624,1
26,260625,10
26,260626,1
26,260627,1
26,260628,1
26,260629,1
26,260630,1
26,260631,1
26,260632,1
26,260633,1
26,260634,1
26,260635,1
26,260636,1
26,260637,10
26,260638,1
26,260639,1
26,260640,1
26,260641,10
26,260642,10
26,260643,1
26,260644,1
26,260645,1
26,260646,2
26,260647,1
26,260648,1
26,260649,1
26,260650,5
26,260651,1
26,260652,1
26,260653,1
26,260654,1
26,260655,2
26,260656,1
26,260657,1
26,260658,10
26,260659,1
26,260660,1
26,260661,1
26,260662,1
26,260663,1
26,260664,1
26,260665,5
26,260666,1
26,260667,2
26,260668,1
26,260670,1
26,260671,1
26,260672,2
26,260673,1
26,260674,1
26,260675,1
26,260676,1
26,260677,1
26,260678,10
26,260679,1
26,260680,1
26,260681,10
26,260682,1
26,260683,1
26,260684,10
26,260685,10
26,260686,1
26,260687,1
26,260688,1
26,260689,1
26,260690,1
26,260691,1
26,260692,1
26,260693,2
26,260694,10
26,260695,1
26,260696,10
26,260697,1
26,260698,1
26,260699,10
26,260700,1
26,260701,10
26,260702,1
26,260703,1
26,260704,1
26,260705,10
26,260706,1
26,260707,1
26,260708,10
26,260709,10
26,260710,1
26,260711,1
26,260712,1
26,260713,1
26,260714,2
26,260715,1
26,260716,1
26,260717,1
26,260718,1
26,260719,1
26,260720,1
26,260721,1
26,260722,1
26,260723,1
26,260724,1
26,260725,1
26,260726,1
26,260727,2
26,260728,1
26,260729,1
26,260730,1
26,260731,1
26,260732,1
26,260733,2
26,260734,1
26,260735,2
26,260736,1
26,260737,1
26,260738,1
26,260739,4
26,260740,1
26,260741,10
26,260742,99
26,260743,10
26,260744,10
26,260745,1
26,260746,10
26,260747,1
26,260748,1
26,260749,1
26,260750,10
26,260751,1
26,260752,1
26,260753,10
26,260754,1
26,260755,1
26,260756,1
26,260757,1
26,260758,10
26,260759,1
26,260760,1
26,260761,1
26,260762,1
26,260763,1
26,260764,1
26,260765,1
26,260766,1
26,260767,1
26,260768,1
26,260769,1
26,260770,1
26,260772,1
26,260773,4
26,260774,1
26,260775,1
26,260776,1
26,260777,1
26,260778,1
26,260779,1
26,260780,1
26,260781,1
26,260782,2
26,260783,4
26,260784,1
26,260785,1
26,260786,5
26,260787,4
26,260788,1
26,260789,1
26,260790,1
26,260791,2
26,260792,10
26,260793,1
26,260794,1
26,260795,1
26,260796,1
26,260797,10
26,260798,1
26,260799,10
26,260800,1
26,260801,1
26,260802,1
26,260803,1
26,260804,1
26,260805,1
26,260806,1
26,260807,1
26,260808,1
26,260809,1
26,260810,1
26,260811,1
26,260812,1
26,260813,1
26,260814,1
26,260815,10
26,260816,1
26,260817,10
26,260818,1
26,260819,10
26,260820,1
26,260821,10
26,260822,1
26,260823,10
26,260824,1
26,260825,1
26,260826,1
26,260827,10
26,260828,1
26,260829,1
26,260830,1
26,260831,1
26,260832,2
26,260833,1
26,260834,1
26,260835,10
26,260836,10
26,260837,1
26,260838,10
26,260839,10
26,260840,1
26,260841,1
26,260842,2
26,260843,2
26,260844,10
26,260845,1
26,260846,2
26,260847,1
26,260848,1
26,260849,1
26,260850,1
26,260851,1
26,260852,10
26,260853,1
26,260854,1
26,260855,1
26,260856,1
26,260857,4
26,260858,1
26,260859,1
26,260860,10
26,260861,1
26,260862,1
26,260863,1
26,260864,2
26,260865,1
26,260866,1
26,260867,1
26,260868,4
26,260869,1
26,260870,10
26,260871,10
26,260872,1
26,260873,1
26,260874,1
26,260875,5
26,260876,1
26,260877,1
26,260878,10
26,260879,1
26,260880,1
26,260881,1
26,260882,1
26,260883,99
26,260884,10
26,260885,4
26,260886,1
26,260887,4
26,260888,1
26,260889,10
26,260890,3
26,260891,4
26,260892,1
26,260893,4
26,260894,1
26,260895,4
26,260896,1
26,260897,2
26,260898,1
26,260899,1
26,260900,10
26,260901,1
26,260902,5
26,260903,99
26,260904,10
26,260905,1
26,260906,2
26,260907,10
26,260908,1
26,260909,2
26,260910,2
26,260911,10
26,260912,10
26,260913,10
26,260914,10
26,260915,2
26,260916,2
26,260917,1
26,260918,10
26,260919,2
26,260920,1
26,260921,10
26,260922,1
26,260923,1
26,260924,1
26,260925,1
26,260926,1
26,260927,1
26,260928,1
26,260929,1
26,260930,10
26,260931,2
26,260932,1
26,260933,1
26,260934,1
26,260935,10
26,260936,1
26,260937,1
26,260938,4
26,260939,1
26,260940,1
26,260941,1
26,260942,1
26,260943,1
26,260944,1
26,260945,1
26,260946,1
26,260947,1
26,260948,1
26,260949,1
26,260950,1
26,260951,1
26,260952,1
26,260953,10
26,260954,1
26,260955,1
26,260956,1
26,260957,10
26,260958,10
26,260959,1
26,260960,1
26,260961,10
26,260962,1
26,260963,1
26,260964,1
26,260965,1
26,260966,1
26,260967,1
26,260968,1
26,260969,1
26,260970,1
26,260971,4
26,260971,11
26,260972,1
26,260973,1
26,260974,4
26,260975,10
26,260976,1
26,260977,1
26,260978,1
26,260979,1
26,260980,1
26,260981,1
26,260983,1
26,260984,1
26,260985,2
26,260986,1
26,260987,1
26,260988,1
26,260989,1
26,260990,1
26,260991,1
26,260992,2
26,260993,1
26,260994,1
26,260995,1
26,260996,1
26,260997,1
26,260998,10
26,260999,1
26,261000,1
26,261001,1
26,261002,1
26,261003,1
26,261004,1
26,261005,1
26,261006,1
26,261007,1
26,261008,10
26,261009,1
26,261010,1
26,261011,1
26,261012,10
26,261013,1
26,261014,1
26,261015,1
26,261016,1
26,261017,1
26,261018,1
26,261019,10
26,261020,10
26,261021,10
26,261022,1
27,270001,1
27,270002,3
27,270002,10
27,270002,12
27,270003,10
27,270004,10
27,270005,1
27,270006,10
27,270007,10
27,270008,1
27,270009,1
27,270010,1
27,270011,1
27,270012,1
27,270013,1
27,270014,1
27,270015,10
27,270016,5
27,270017,1
27,270018,1
27,270019,5
27,270019,10
27,270020,5
27,270021,5
27,270022,1
27,270023,1
27,270024,1
27,270025,10
27,270026,1
27,270027,5
27,270027,10
27,270028,1
27,270029,1
27,270030,1
27,270031,1
27,270032,1
27,270033,1
27,270034,10
27,270035,1
27,270036,1
27,270037,10
27,270038,1
27,270039,1
27,270040,1
27,270041,7
27,270041,10
27,270042,1
27,270043,1
27,270044,1
27,270045,1
27,270046,1
27,270047,1
27,270048,1
27,270049,1
27,270050,1
27,270051,10
27,270052,10
27,270053,1
27,270054,10
27,270055,4
27,270056,1
27,270057,1
27,270058,4
27,270059,1
27,270060,4
27,270061,10
27,270062,1
27,270063,4
27,270064,1
27,270065,1
27,270066,1
27,270067,1
27,270068,10
27,270069,1
27,270070,1
27,270071,1
27,270073,1
27,270074,1
27,270075,1
27,270076,1
27,270077,1
27,270078,1
27,270079,1
27,270080,1
27,270081,2
27,270081,10
27,270082,1
27,270083,10
27,270084,10
27,270085,2
27,270086,10
27,270087,10
27,270088,10
27,270089,2
27,270089,10
27,270090,1
27,270091,10
27,270092,99
27,270093,1
27,270094,1
27,270095,1
27,270096,1
27,270097,10
27,270098,1
27,270099,1
27,270100,1
27,270101,1
27,270102,1
27,270103,1
27,270104,1
27,270105,10
27,270106,1
27,270107,2
27,270108,1
27,270109,1
27,270110,1
27,270111,10
27,270112,2
27,270113,1
27,270114,1
27,270115,2
27,270116,1
27,270117,1
27,270118,1
27,270119,1
27,270120,1
27,270121,2
27,270121,10
27,270122,1
27,270123,1
27,270124,1
27,270125,1
27,270126,1
27,270127,1
27,270128,1
27,270129,1
27,270130,1
27,270131,1
27,270132,1
27,270133,1
27,270134,1
27,270136,1
27,270137,1
27,270138,1
27,270139,1
27,270141,10
27,270142,1
27,270143,1
27,270144,1
27,270145,1
27,270146,1
27,270147,1
27,270148,1
27,270149,2
27,270150,1
27,270151,1
27,270152,1
27,270153,10
27,270154,10
27,270155,2
27,270155,10
27,270156,10
27,270157,1
27,270158,1
27,270159,1
27,270160,1
27,270161,10
27,270162,1
27,270163,1
27,270165,1
27,270166,1
27,270167,1
27,270168,1
27,270169,10
27,270170,1
27,270171,1
27,270172,10
27,270173,1
27,270174,1
27,270175,1
27,270176,1
27,270177,1
27,270178,1
27,270179,1
27,270180,1
27,270181,10
27,270182,1
27,270183,1
27,270184,1
27,270185,1
27,270186,1
27,270187,10
27,270188,1
27,270189,1
27,270190,10
27,270191,1
27,270192,1
27,270193,10
27,270194,1
27,270195,1
27,270196,1
27,270197,10
27,270198,1
27,270199,1
27,270200,10
27,270201,1
27,270202,10
27,270203,1
27,270204,2
27,270205,1
27,270206,10
27,270207,10
27,270208,1
27,270209,2
27,270210,1
27,270211,1
27,270212,10
27,270214,1
27,270215,10
27,270216,2
27,270217,2
27,270218,1
27,270219,1
27,270220,1
27,270221,2
27,270221,10
27,270222,2
27,270222,10
27,270223,1
27,270224,1
27,270225,10
27,270226,1
27,270227,1
27,270228,1
27,270229,1
27,270230,1
27,270231,1
27,270232,10
27,270233,1
27,270234,1
27,270235,10
27,270236,1
27,270237,10
27,270238,1
27,270239,1
27,270240,1
27,270241,1
27,270242,1
27,270243,1
27,270244,1
27,270245,1
27,270246,1
27,270247,1
27,270248,1
27,270249,1
27,270250,1
27,270251,1
27,270252,1
27,270253,1
27,270254,1
27,270255,1
27,270256,1
27,270257,1
27,270259,1
27,270260,5
27,270261,1
27,270262,1
27,270263,1
27,270264,1
27,270265,1
27,270266,1
27,270267,1
27,270268,1
27,270269,1
27,270270,1
27,270271,1
27,270272,1
27,270273,1
27,270274,1
27,270275,1
27,270276,1
27,270279,1
27,270280,1
27,270281,10
27,270282,1
27,270283,1
27,270284,1
27,270285,1
27,270286,1
27,270287,10
27,270288,1
27,270289,10
27,270290,1
27,270291,1
27,270292,1
27,270293,1
27,270294,1
27,270295,1
27,270296,10
27,270297,1
27,270298,1
27,270299,1
27,270300,1
27,270301,1
27,270302,1
27,270303,1
27,270304,1
27,270305,1
27,270306,1
27,270307,1
27,270308,1
27,270309,10
27,270310,1
27,270311,1
27,270312,1
27,270313,1
27,270314,1
27,270315,1
27,270316,1
27,270317,1
27,270318,1
27,270319,1
27,270320,1
27,270321,1
27,270322,1
27,270323,1
27,270324,1
27,270325,1
27,270326,1
27,270327,1
27,270328,1
27,270329,1
27,270330,1
27,270331,1
27,270332,1
27,270333,1
27,270334,1
27,270335,1
27,270336,1
27,270337,1
27,270339,1
27,270340,1
27,270341,1
27,270342,4
27,270343,1
27,270345,2
27,270345,10
27,270346,1
27,270347,1
27,270348,1
27,270349,1
27,270350,1
27,270351,1
27,270352,1
27,270353,10
27,270354,2
27,270355,10
27,270356,1
27,270357,10
27,270358,1
27,270359,1
27,270360,1
27,270361,1
27,270362,1
27,270363,2
27,270364,2
27,270365,10
27,270366,1
27,270367,1
27,270368,4
27,270369,10
27,270370,1
27,270371,1
27,270372,4
27,270372,11
27,270373,1
27,270374,4
27,270375,1
27,270377,1
27,270378,1
27,270379,1
27,270380,4
27,270381,10
27,270382,10
27,270383,10
27,270384,98
27,270385,1
27,270386,1
27,270387,10
27,270388,10
27,270389,1
27,270390,10
27,270391,10
27,270392,1
27,270393,1
27,270394,1
27,270395,1
27,270396,4
27,270397,10
27,270398,1
27,270399,4
27,270400,1
27,270401,1
27,270402,2
27,270403,1
27,270404,10
27,270405,10
27,270406,1
27,270407,1
27,270408,10
27,270409,4
27,270409,10
27,270410,4
27,270411,98
27,270412,4
27,270412,10
27,270413,10
27,270414,5
27,270415,5
27,270416,5
27,270417,10
27,270418,10
27,270419,5
27,270420,10
27,270421,98
27,270422,5
27,270423,1
27,270424,1
27,270425,4
27,270425,10
27,270426,4
27,270426,7
27,270427,1
27,270428,1
27,270429,1
27,270430,10
27,270431,10
27,270432,1
27,270433,1
27,270434,99
27,270435,99
27,270436,99
27,270437,99
27,270438,99
27,270439,99
27,270440,99
27,270441,99
27,270442,1
28,280001,1
28,280002,1
28,280003,1
28,280004,1
28,280005,1
28,280006,1
28,280007,10
28,280008,2
28,280008,10
28,280009,10
28,280010,2
28,280011,10
28,280012,1
28,280013,1
28,280014,1
28,280015,1
28,280016,10
28,280017,10
28,280018,1
28,280019,1
28,280020,1
28,280021,1
28,280022,3
28,280023,1
28,280024,1
28,280025,12
28,280026,1
28,280027,12
28,280028,10
28,280029,1
28,280030,1
28,280031,1
28,280032,1
28,280033,1
28,280034,2
28,280034,10
28,280035,2
28,280035,10
28,280036,2
28,280036,10
28,280037,2
28,280038,2
28,280038,10
28,280039,10
28,280040,1
28,280041,1
28,280042,1
28,280043,10
28,280044,1
28,280045,10
28,280046,10
28,280047,1
28,280048,1
28,280049,1
28,280050,1
28,280051,1
28,280052,1
28,280053,1
28,280054,1
28,280055,1
28,280056,1
28,280057,1
28,280058,1
28,280059,2
28,280060,10
28,280061,1
28,280062,1
28,280063,1
28,280064,2
28,280065,1
28,280066,1
28,280067,1
28,280068,1
28,280069,1
28,280070,10
28,280071,1
28,280072,10
28,280073,10
28,280074,1
28,280075,2
28,280076,2
28,280077,1
28,280078,1
28,280079,1
28,280080,1
28,280081,1
28,280082,2
28,280083,2
28,280084,1
28,280085,1
28,280086,1
28,280087,1
28,280088,1
28,280089,1
28,280090,1
28,280091,1
28,280092,1
28,280093,1
28,280094,10
28,280095,10
28,280096,1
28,280097,1
28,280098,1
28,280099,1
28,280100,1
28,280101,1
28,280102,1
28,280103,1
28,280104,1
28,280105,1
28,280106,10
28,280107,1
28,280108,1
28,280109,2
28,280110,2
28,280110,10
28,280111,1
28,280112,1
28,280113,1
28,280114,2
28,280114,10
28,280115,10
28,280116,1
28,280117,1
28,280118,1
28,280119,1
28,280120,1
28,280121,1
28,280122,1
28,280123,1
28,280124,1
28,280125,1
28,280126,1
28,280127,2
28,280127,10
28,280128,1
28,280129,1
28,280130,1
28,280131,1
28,280132,1
28,280133,1
28,280134,1
28,280135,1
28,280136,1
28,280137,1
28,280138,1
28,280139,1
28,280140,1
28,280141,1
28,280142,1
28,280143,1
28,280144,1
28,280145,2
28,280146,1
28,280147,99
28,280148,1
28,280149,1
28,280150,1
28,280151,1
28,280152,1
28,280153,1
28,280154,1
28,280155,1
28,280156,1
28,280157,1
28,280158,1
28,280159,1
28,280160,1
28,280161,10
28,280162,1
28,280163,1
28,280164,1
28,280165,2
28,280166,2
28,280167,2
28,280168,1
28,280169,1
28,280170,10
28,280171,1
28,280172,1
28,280173,2
28,280174,1
28,280175,10
28,280176,1
28,280177,2
28,280178,10
28,280179,1
28,280180,1
28,280181,1
28,280182,1
28,280183,1
28,280184,1
28,280185,1
28,280186,1
28,280187,1
28,280188,1
28,280189,1
28,280190,1
28,280191,1
28,280192,1
28,280193,10
28,280194,1
28,280195,1
28,280196,1
28,280197,1
28,280198,1
28,280199,1
28,280200,10
28,280201,2
28,280202,1
28,280203,1
28,280204,1
28,280205,1
28,280206,1
28,280207,1
28,280208,1
28,280209,1
28,280210,1
28,280211,1
28,280212,1
28,280213,1
28,280214,1
28,280215,1
28,280216,1
28,280217,1
28,280218,99
28,280219,1
28,280220,1
28,280221,1
28,280222,1
28,280223,1
28,280224,10
28,280225,2
28,280226,10
28,280227,1
28,280228,1
28,280229,1
28,280230,1
28,280231,1
28,280232,1
28,280233,1
28,280234,10
28,280235,1
28,280236,1
28,280237,1
28,280238,1
28,280239,1
28,280240,1
28,280241,1
28,280242,1
28,280243,1
28,280244,1
28,280245,2
28,280245,10
28,280246,1
28,280247,1
28,280248,1
28,280249,1
28,280250,2
28,280251,1
28,280252,1
28,280253,1
28,280254,5
28,280255,1
28,280256,1
28,280257,10
28,280258,1
28,280259,1
28,280260,1
28,280261,1
28,280262,1
28,280263,1
28,280264,1
28,280265,1
28,280266,1
28,280267,1
28,280268,1
28,280269,1
28,280270,2
28,280271,1
28,280272,1
28,280273,1
28,280274,1
28,280275,1
28,280276,1
28,280277,1
28,280278,2
28,280279,1
28,280280,1
28,280281,1
28,280282,2
28,280283,1
28,280284,1
28,280285,1
28,280286,1
28,280287,1
28,280288,1
28,280289,1
28,280290,1
28,280291,1
28,280292,1
28,280293,1
28,280294,1
28,280295,1
28,280296,1
28,280297,1
28,280299,2
28,280301,1
28,280302,1
28,280303,1
28,280304,1
28,280305,1
28,280306,1
28,280307,1
28,280308,1
28,280309,10
28,280310,1
28,280311,1
28,280312,1
28,280313,1
28,280314,1
28,280315,1
28,280316,1
28,280317,1
28,280318,1
28,280319,1
28,280320,1
28,280321,2
28,280321,10
28,280322,1
28,280323,1
28,280324,2
28,280325,10
28,280326,1
28,280327,1
28,280328,10
28,280329,1
28,280330,1
28,280331,2
28,280332,1
28,280333,1
28,280334,1
28,280335,1
28,280336,1
28,280337,2
28,280338,2
28,280339,2
28,280340,10
28,280341,1
28,280342,1
28,280343,1
28,280344,1
28,280345,1
28,280346,1
28,280347,1
28,280348,1
28,280349,2
28,280349,10
28,280350,10
28,280351,10
28,280352,10
28,280353,1
28,280354,2
28,280355,1
28,280356,1
28,280357,1
28,280358,1
28,280359,1
28,280360,1
28,280361,1
28,280362,1
28,280363,1
28,280364,1
28,280365,99
28,280366,1
28,280367,1
28,280368,1
28,280369,1
28,280370,1
28,280371,1
28,280372,1
28,280373,1
28,280374,1
28,280375,1
28,280376,1
28,280377,1
28,280378,1
28,280379,1
28,280380,1
28,280381,1
28,280382,1
28,280383,1
28,280384,1
28,280385,99
28,280386,1
28,280387,1
28,280388,1
28,280389,1
28,280390,1
28,280391,1
28,280392,1
28,280393,1
28,280394,1
28,280395,1
28,280396,1
28,280397,1
28,280398,1
28,280399,1
28,280400,2
28,280401,1
28,280402,1
28,280403,1
28,280404,1
28,280405,1
28,280406,1
28,280407,2
28,280408,1
28,280409,2
28,280409,10
28,280410,1
28,280411,1
28,280412,1
28,280413,10
28,280414,1
28,280415,1
28,280416,1
28,280417,1
28,280418,1
28,280419,1
28,280420,2
28,280421,99
28,280422,1
28,280423,1
28,280424,1
28,280425,1
28,280426,1
28,280427,1
28,280428,1
28,280429,2
28,280430,2
28,280430,6
28,280431,1
28,280432,1
28,280433,1
28,280434,1
28,280435,1
28,280436,5
28,280437,1
28,280438,1
28,280439,1
28,280440,1
28,280441,1
28,280442,1
28,280443,1
28,280444,1
28,280445,1
28,280446,1
28,280447,10
28,280448,1
28,280449,1
28,280450,2
28,280450,10
28,280451,1
28,280452,1
28,280453,1
28,280454,1
28,280455,1
28,280456,1
28,280457,1
28,280458,1
28,280459,1
28,280460,1
28,280461,1
28,280462,10
28,280463,10
28,280464,1
28,280465,2
28,280466,1
28,280467,1
28,280468,1
28,280469,1
28,280470,1
28,280471,10
28,280472,1
28,280473,1
28,280474,1
28,280475,1
28,280476,1
28,280477,1
28,280478,1
28,280479,1
28,280480,1
28,280481,1
28,280482,99
28,280483,1
28,280484,1
28,280485,1
28,280486,1
28,280487,1
28,280488,1
28,280489,1
28,280490,1
28,280491,1
28,280492,1
28,280493,1
28,280494,1
28,280495,1
28,280496,1
28,280497,1
28,280498,1
28,280499,1
28,280500,1
28,280501,1
28,280502,1
28,280503,1
28,280504,1
28,280505,1
28,280506,1
28,280507,1
28,280508,1
28,280509,1
28,280510,1
28,280511,1
28,280512,1
28,280513,1
28,280514,5
28,280515,1
28,280516,1
28,280517,1
28,280518,1
28,280519,1
28,280520,1
28,280521,1
28,280522,1
28,280523,1
28,280524,1
28,280525,1
28,280526,1
28,280527,10
28,280528,1
28,280529,1
28,280530,1
28,280531,1
28,280532,1
28,280533,1
28,280534,1
28,280535,1
28,280536,1
28,280537,1
28,280538,2
28,280539,1
28,280540,10
28,280541,1
28,280542,99
28,280543,1
28,280544,1
28,280545,10
28,280546,1
28,280547,5
28,280548,10
28,280549,1
28,280550,1
28,280551,1
28,280552,10
28,280553,1
28,280554,1
28,280555,1
28,280556,1
28,280557,2
28,280557,5
28,280558,1
28,280559,1
28,280560,1
28,280561,1
28,280562,10
28,280563,1
28,280564,1
28,280565,1
28,280566,1
28,280567,2
28,280568,1
28,280569,1
28,280570,1
28,280571,1
28,280572,1
28,280573,1
28,280574,1
28,280575,1
28,280576,1
28,280577,1
28,280578,1
28,280579,10
28,280580,2
28,280581,1
28,280582,1
28,280583,1
28,280584,1
28,280585,1
28,280586,10
28,280587,1
28,280588,1
28,280589,1
28,280590,1
28,280591,2
28,280591,10
28,280592,2
28,280593,1
28,280594,1
28,280595,1
28,280596,1
28,280597,2
28,280598,1
28,280599,1
28,280600,1
28,280601,1
28,280602,1
28,280603,1
28,280604,10
28,280605,1
28,280606,1
28,280607,1
28,280608,10
28,280609,2
28,280610,5
28,280610,10
28,280611,10
28,280612,1
28,280613,1
28,280614,1
28,280615,1
28,280616,1
28,280617,1
28,280618,1
28,280619,1
28,280620,1
28,280621,1
28,280622,1
28,280623,2
28,280623,10
28,280624,1
28,280625,1
28,280626,1
28,280627,1
28,280628,1
28,280629,10
28,280630,1
28,280631,2
28,280632,1
28,280633,2
28,280634,2
28,280634,10
28,280635,1
28,280636,1
28,280637,1
28,280638,1
28,280639,1
28,280640,98
28,280641,99
28,280642,98
28,280643,1
28,280644,98
28,280645,98
28,280646,1
28,280647,1
28,280648,98
28,280649,98
28,280650,98
28,280651,1
28,280652,1
28,280653,1
28,280654,1
28,280655,1
28,280656,1
28,280657,1
28,280658,1
28,280659,2
28,280660,8
28,280661,98
28,280662,1
28,280663,98
28,280664,98
28,280665,98
28,280666,1
28,280667,1
28,280668,1
28,280670,1
28,280671,1
28,280672,98
28,280673,1
28,280674,98
28,280675,1
28,280676,98
28,280677,1
28,280678,98
28,280679,1
28,280680,1
28,280681,2
29,290001,1
29,290002,1
29,290003,1
29,290004,1
29,290005,10
29,290007,10
29,290008,1
29,290009,10
29,290010,1
29,290011,10
29,290012,2
29,290012,10
29,290013,4
29,290013,10
29,290014,1
29,290015,1
29,290016,10
29,290017,10
29,290018,98
29,290019,1
29,290020,10
29,290021,1
29,290022,10
29,290023,10
29,290024,1
29,290025,3
29,290026,4
29,290027,1
29,290028,1
29,290029,10
29,290030,10
29,290031,5
29,290032,5
29,290032,10
29,290033,2
29,290033,10
29,290034,2
29,290034,5
29,290034,10
29,290035,10
29,290036,10
29,290037,5
29,290037,10
29,290038,5
29,290039,5
29,290039,10
29,290040,10
29,290041,2
29,290042,10
29,290043,1
29,290044,1
29,290045,10
29,290047,1
29,290048,10
29,290049,1
29,290050,10
29,290051,1
29,290052,1
29,290053,10
29,290054,1
29,290055,10
29,290056,1
29,290057,1
29,290058,1
29,290059,1
29,290060,1
29,290061,4
29,290062,1
29,290063,1
29,290064,1
29,290065,1
29,290066,1
29,290067,1
29,290068,1
29,290069,10
29,290070,1
29,290071,1
29,290072,1
29,290073,1
29,290074,1
29,290075,10
29,290076,1
29,290077,1
29,290078,1
29,290079,1
29,290080,3
29,290081,2
29,290082,2
29,290082,10
29,290083,1
29,290084,1
29,290085,1
29,290086,10
29,290087,4
29,290088,3
29,290089,10
29,290090,10
29,290091,10
29,290092,1
29,290093,10
29,290094,1
29,290095,1
29,290096,10
29,290097,1
29,290098,1
29,290099,1
29,290100,1
29,290101,1
29,290102,1
29,290103,1
29,290104,1
29,290105,1
29,290106,1
29,290107,1
29,290108,10
29,290109,1
29,290110,1
29,290111,1
29,290112,1
29,290113,1
29,290114,10
29,290115,1
29,290116,1
29,290117,1
29,290118,1
29,290119,1
29,290120,1
29,290121,1
29,290122,1
29,290123,10
29,290124,10
29,290125,1
29,290126,1
29,290127,1
29,290128,10
29,290129,2
29,290129,10
29,290130,2
29,290131,2
29,290131,10
29,290132,10
29,290133,1
29,290134,1
29,290135,1
29,290136,1
29,290137,1
29,290138,1
29,290139,1
29,290140,10
29,290141,1
29,290142,1
29,290143,5
29,290144,1
29,290145,1
29,290146,1
29,290147,1
29,290148,1
29,290149,1
29,290150,1
29,290151,1
29,290152,1
29,290153,10
29,290154,10
29,290155,2
29,290155,10
29,290156,1
29,290158,10
29,290159,10
29,290160,1
29,290161,1
29,290162,1
29,290163,1
29,290164,1
29,290165,10
29,290166,1
29,290167,1
29,290168,1
29,290169,1
29,290170,2
29,290171,1
29,290172,10
29,290173,1
29,290174,1
29,290175,1
29,290176,99
29,290177,10
29,290178,2
29,290179,1
29,290180,1
29,290181,1
29,290182,1
29,290183,1
29,290184,10
29,290185,1
29,290186,10
29,290187,10
29,290188,1
29,290189,10
29,290190,1
29,290191,10
29,290192,2
29,290192,10
29,290193,1
29,290194,1
29,290195,10
29,290196,1
29,290197,1
29,290198,10
29,290199,1
29,290200,1
29,290201,1
29,290202,1
29,290204,1
29,290206,1
29,290207,2
29,290209,10
29,290210,1
29,290211,1
29,290212,1
29,290213,1
29,290214,1
29,290215,1
29,290216,1
29,290217,10
29,290218,1
29,290219,2
29,290219,10
29,290220,10
29,290221,1
29,290222,1
29,290223,10
29,290224,10
29,290225,10
29,290226,1
29,290227,1
29,290228,1
29,290229,1
29,290230,1
29,290231,1
29,290232,1
29,290233,1
29,290234,2
29,290235,2
29,290235,10
29,290236,10
29,290237,10
29,290238,1
29,290239,10
29,290240,10
29,290241,10
29,290242,1
29,290243,1
29,290244,1
29,290245,1
29,290246,1
29,290247,1
29,290248,1
29,290249,1
29,290250,1
29,290251,1
29,290252,10
29,290253,10
29,290254,1
29,290255,1
29,290256,1
29,290257,10
29,290258,1
29,290259,1
29,290260,1
29,290261,10
29,290262,1
29,290263,10
29,290264,1
29,290265,99
29,290266,2
29,290267,10
29,290268,1
29,290269,2
29,290269,10
29,290270,10
29,290271,1
29,290272,1
29,290273,10
29,290274,1
29,290275,1
29,290276,2
29,290276,10
29,290277,1
29,290278,1
29,290279,1
29,290280,1
29,290281,1
29,290282,1
29,290283,1
29,290284,10
29,290285,1
29,290286,1
29,290287,1
29,290288,10
29,290289,1
29,290290,1
29,290291,2
29,290291,10
29,290292,10
29,290293,2
29,290293,10
29,290294,10
29,290295,1
29,290296,1
29,290297,1
29,290298,1
29,290299,1
29,290300,1
29,290301,1
29,290302,1
29,290303,10
29,290304,1
29,290305,10
29,290306,1
29,290307,1
29,290308,10
29,290309,1
29,290310,1
29,290311,1
29,290312,1
29,290313,1
29,290314,10
29,290315,10
29,290316,1
29,290317,1
29,290318,1
29,290319,1
29,290320,1
29,290321,1
29,290322,1
29,290323,1
29,290324,1
29,290325,1
29,290326,5
29,290327,1
29,290328,1
29,290330,1
29,290331,1
29,290332,1
29,290333,1
29,290334,1
29,290335,1
29,290336,1
29,290337,1
29,290338,1
29,290339,1
29,290340,1
29,290341,1
29,290342,2
29,290343,1
29,290344,1
29,290345,10
29,290346,1
29,290347,1
29,290348,1
29,290349,1
29,290350,1
29,290351,1
29,290352,1
29,290353,1
29,290354,1
29,290355,1
29,290356,1
29,290357,1
29,290358,10
29,290359,10
29,290360,1
29,290361,1
29,290362,1
29,290363,1
29,290364,1
29,290365,1
29,290366,10
29,290367,1
29,290368,1
29,290369,1
29,290370,1
29,290371,1
29,290372,1
29,290373,1
29,290374,1
29,290375,10
29,290376,10
29,290377,2
29,290377,10
29,290378,1
29,290379,1
29,290380,1
29,290381,1
29,290382,2
29,290383,1
29,290384,2
29,290384,10
29,290385,1
29,290386,1
29,290387,1
29,290388,1
29,290389,1
29,290390,1
29,290391,10
29,290392,1
29,290393,10
29,290394,10
29,290395,1
29,290396,1
29,290397,1
29,290398,2
29,290398,10
29,290399,2
29,290399,10
29,290400,10
29,290401,1
29,290402,1
29,290403,10
29,290404,1
29,290405,10
29,290406,1
29,290407,1
29,290408,10
29,290409,1
29,290410,1
29,290411,10
29,290412,1
29,290413,10
29,290414,1
29,290415,1
29,290416,10
29,290417,10
29,290418,1
29,290419,1
29,290420,1
29,290421,10
29,290422,1
29,290423,2
29,290425,1
29,290426,1
29,290427,1
29,290428,1
29,290429,1
29,290430,1
29,290431,1
29,290432,1
29,290433,1
29,290434,10
29,290435,1
29,290436,1
29,290437,1
29,290438,1
29,290439,1
29,290440,1
29,290441,1
29,290442,1
29,290443,1
29,290444,1
29,290445,10
29,290446,1
29,290447,1
29,290448,1
29,290449,1
29,290450,1
29,290451,1
29,290452,1
29,290453,1
29,290454,1
29,290455,1
29,290456,10
29,290457,1
29,290458,10
29,290459,10
29,290460,1
29,290461,1
29,290462,1
29,290463,1
29,290464,1
29,290465,1
29,290466,1
29,290467,1
29,290468,1
29,290469,1
29,290470,10
29,290471,1
29,290472,1
29,290473,10
29,290474,1
29,290475,1
29,290476,1
29,290477,1
29,290478,1
29,290479,1
29,290480,1
29,290481,1
29,290482,1
29,290483,1
29,290484,1
29,290485,1
29,290486,1
29,290487,1
29,290488,1
29,290489,1
29,290490,1
29,290491,1
29,290492,1
29,290493,1
29,290494,1
29,290495,1
29,290496,1
29,290497,1
29,290498,1
29,290499,1
29,290500,10
29,290501,10
29,290502,1
29,290503,1
29,290504,1
29,290505,99
29,290506,99
29,290507,1
29,290508,10
29,290509,10
29,290510,1
29,290511,1
29,290512,2
29,290512,10
29,290513,2
29,290513,10
29,290514,1
29,290515,1
29,290516,1
29,290517,10
29,290518,1
29,290519,99
29,290520,1
29,290521,1
29,290522,10
29,290523,1
29,290524,1
29,290525,1
29,290526,1
29,290527,1
29,290528,1
29,290529,1
29,290531,10
29,290532,1
29,290533,1
29,290534,1
29,290535,1
29,290536,1
29,290537,1
29,290538,1
29,290539,1
29,290540,4
29,290540,10
29,290541,1
29,290542,1
29,290543,1
29,290544,1
29,290545,1
29,290546,1
29,290547,1
29,290548,2
29,290548,10
29,290549,1
29,290550,1
29,290551,1
29,290552,1
29,290553,1
29,290554,1
29,290555,1
29,290556,1
29,290557,1
29,290558,1
29,290559,1
29,290560,1
29,290561,1
29,290562,1
29,290563,10
29,290564,1
29,290565,1
29,290566,1
29,290567,1
29,290568,10
29,290569,1
29,290570,10
29,290571,1
29,290572,1
29,290573,1
29,290574,1
29,290575,1
29,290576,1
29,290577,1
29,290578,1
29,290579,1
29,290580,1
29,290581,1
29,290582,1
29,290583,1
29,290584,1
29,290585,1
29,290586,1
29,290587,1
29,290588,1
29,290589,5
29,290590,1
29,290591,1
29,290592,1
29,290593,1
29,290594,1
29,290595,1
29,290596,1
29,290597,1
29,290598,1
29,290599,1
29,290600,1
29,290601,10
29,290602,10
29,290603,10
29,290604,1
29,290605,1
29,290606,1
29,290607,1
29,290608,10
29,290609,1
29,290610,10
29,290611,1
29,290612,1
29,290613,10
29,290614,1
29,290615,10
29,290616,1
29,290617,1
29,290618,1
29,290619,1
29,290620,10
29,290621,10
29,290622,1
29,290623,1
29,290624,10
29,290625,2
29,290626,2
29,290626,10
29,290627,2
29,290628,2
29,290629,2
29,290629,10
29,290630,10
29,290631,10
29,290632,1
29,290633,1
29,290634,1
29,290635,1
29,290636,1
29,290637,10
29,290638,1
29,290639,10
29,290640,1
29,290641,1
29,290642,1
29,290643,1
29,290644,1
29,290645,1
29,290646,1
29,290647,1
29,290648,1
29,290649,1
29,290650,1
29,290651,1
29,290652,1
29,290653,1
29,290654,1
29,290656,1
29,290657,1
29,290659,1
29,290660,1
29,290661,1
29,290662,1
29,290663,1
29,290664,1
29,290665,1
29,290666,1
29,290667,1
29,290668,1
29,290669,1
29,290670,10
29,290671,1
29,290672,1
29,290673,10
29,290674,1
29,290675,1
29,290676,1
29,290677,1
29,290678,1
29,290679,1
29,290680,1
29,290681,5
29,290681,10
29,290683,1
29,290685,1
29,290686,1
29,290687,1
29,290688,1
29,290689,1
29,290690,1
29,290691,1
29,290692,1
29,290693,1
29,290694,1
29,290695,1
29,290696,1
29,290697,1
29,290698,1
29,290699,1
29,290700,1
29,290701,1
29,290702,1
29,290703,1
29,290704,1
29,290705,1
29,290706,1
29,290707,1
29,290708,1
29,290709,10
29,290711,1
29,290712,1
29,290713,1
29,290714,1
29,290715,1
29,290716,1
29,290717,1
29,290718,10
29,290719,1
29,290720,1
29,290721,1
29,290722,1
29,290723,1
29,290724,10
29,290725,10
29,290726,10
29,290727,1
29,290728,1
29,290729,10
29,290730,1
29,290731,1
29,290732,1
29,290733,1
29,290734,1
29,290735,10
29,290736,1
29,290737,1
29,290738,1
29,290739,1
29,290740,1
29,290741,2
29,290742,10
29,290743,10
29,290744,1
29,290745,1
29,290746,1
29,290747,1
29,290748,1
29,290749,10
29,290750,2
29,290751,1
29,290752,1
29,290753,1
29,290754,1
29,290755,1
29,290756,1
29,290757,2
29,290758,1
29,290759,2
29,290759,10
29,290760,10
29,290761,1
29,290762,1
29,290763,1
29,290764,1
29,290765,1
29,290766,1
29,290767,1
29,290768,1
29,290769,5
29,290770,1
29,290771,1
29,290772,1
29,290773,1
29,290774,2
29,290775,2
29,290775,10
29,290776,10
29,290778,1
29,290779,1
29,290780,1
29,290781,1
29,290782,1
29,290783,1
29,290784,1
29,290785,1
29,290786,1
29,290787,1
29,290788,1
29,290789,1
29,290790,10
29,290791,10
29,290792,1
29,290793,1
29,290794,1
29,290795,10
29,290796,2
29,290797,1
29,290798,1
29,290799,1
29,290800,1
29,290801,1
29,290802,4
29,290802,10
29,290803,4
29,290803,10
29,290804,10
29,290805,10
29,290806,1
29,290807,1
29,290809,1
29,290810,1
29,290811,1
29,290812,1
29,290813,1
29,290814,1
29,290815,1
29,290816,1
29,290817,1
29,290818,1
29,290819,1
29,290820,1
29,290821,1
29,290822,10
29,290823,10
29,290824,1
29,290825,1
29,290826,10
29,290827,2
29,290828,1
29,290830,1
29,290831,1
29,290832,10
29,290833,1
29,290834,1
29,290835,1
29,290836,1
29,290837,1
29,290839,10
29,290840,1
29,290841,10
29,290842,1
29,290843,1
29,290844,1
29,290845,5
29,290846,2
29,290847,1
29,290848,10
29,290849,2
29,290849,10
29,290850,1
29,290851,1
29,290852,1
29,290853,1
29,290854,1
29,290855,1
29,290856,1
29,290857,1
29,290858,10
29,290859,10
29,290860,1
29,290861,1
29,290862,1
29,290863,1
29,290864,1
29,290865,10
29,290866,1
29,290867,1
29,290868,1
29,290869,1
29,290870,2
29,290870,10
29,290871,1
29,290872,5
29,290873,2
29,290873,10
29,290874,99
29,290875,5
29,290876,1
29,290877,1
29,290878,5
29,290879,1
29,290880,10
29,290881,5
29,290881,10
29,290882,10
29,290883,10
29,290884,5
29,290885,5
29,290886,2
29,290887,5
29,290888,5
29,290889,1
29,290890,1
29,290891,2
29,290891,10
29,290892,1
29,290893,1
29,290894,1
29,290895,1
29,290896,1
29,290897,5
29,290897,10
29,290898,10
29,290899,2
29,290900,1
30,300002,4
30,300003,10
30,300004,1
30,300005,10
30,300006,10
30,300007,1
30,300008,1
30,300009,10
30,300010,4
30,300011,1
30,300012,1
30,300013,1
30,300014,10
30,300015,10
30,300016,1
30,300017,1
30,300018,4
30,300019,4
30,300020,10
30,300021,1
30,300022,10
30,300023,1
30,300024,10
30,300025,1
30,300026,1
30,300027,1
30,300028,2
30,300029,10
30,300030,1
30,300031,1
30,300032,1
30,300033,1
30,300034,10
30,300035,1
30,300036,10
30,300037,10
30,300038,10
30,300039,10
30,300040,1
30,300041,1
30,300042,10
30,300043,10
30,300044,10
30,300045,10
30,300046,10
30,300047,1
30,300048,10
30,300049,10
30,300050,1
30,300051,4
30,300052,1
30,300053,10
30,300054,10
30,300055,1
30,300056,10
30,300057,1
30,300058,1
30,300059,5
30,300060,10
30,300061,1
30,300062,1
30,300063,2
30,300064,10
30,300065,1
30,300066,1
30,300067,1
30,300068,10
30,300069,1
30,300070,1
30,300071,1
30,300072,2
30,300073,10
30,300074,1
30,300075,10
30,300076,1
30,300077,10
30,300078,1
30,300079,1
30,300080,10
30,300081,1
30,300082,10
30,300083,1
30,300084,1
30,300085,1
30,300086,1
30,300087,1
30,300088,1
30,300089,1
30,300090,1
30,300091,10
30,300092,1
30,300093,1
30,300094,10
30,300095,1
30,300096,10
30,300097,10
30,300098,2
30,300099,1
30,300100,10
30,300101,1
30,300102,1
30,300103,10
30,300104,1
30,300105,1
30,300106,1
30,300107,1
30,300108,1
30,300109,1
30,300110,10
30,300111,1
30,300112,1
30,300113,6
30,300114,1
30,300115,10
30,300116,1
30,300117,10
30,300118,10
30,300119,10
30,300120,1
30,300121,1
30,300122,1
30,300123,1
30,300124,10
30,300125,1
30,300126,1
30,300127,1
30,300128,1
30,300129,1
30,300130,1
30,300131,1
30,300132,10
30,300133,10
30,300134,1
30,300135,10
30,300136,10
30,300137,1
30,300138,10
30,300139,10
30,300140,1
30,300141,1
30,300142,98
30,300143,1
30,300144,1
30,300145,1
30,300146,99
30,300147,1
30,300148,1
30,300149,1
30,300150,10
30,300151,1
30,300152,1
30,300153,10
30,300154,10
30,300155,2
30,300156,1
30,300157,1
30,300158,1
30,300159,1
30,300160,2
30,300161,1
30,300162,1
30,300163,1
30,300164,10
30,300165,1
30,300166,5
30,300167,5
30,300168,1
30,300169,98
30,300170,1
30,300171,98
30,300172,1
30,300173,1
30,300174,1
30,300175,10
30,300176,1
30,300177,10
30,300178,10
30,300179,99
30,300180,10
30,300181,1
30,300182,1
30,300183,10
30,300184,1
30,300185,1
30,300186,10
30,300187,10
30,300188,10
30,300189,10
30,300190,1
30,300191,1
30,300192,10
30,300193,10
30,300194,1
31,310001,1
31,310002,1
31,310003,12
31,310004,10
31,310005,1
31,310006,1
31,310007,1
31,310008,1
31,310009,11
31,310010,1
31,310011,1
31,310012,5
31,310013,12
31,310014,1
31,310015,1
31,310016,4
31,310017,11
31,310018,5
31,310019,1
31,310020,1
31,310021,5
31,310022,1
31,310023,1
31,310024,1
31,310025,1
31,310026,4
31,310027,1
31,310028,1
31,310029,1
31,310030,1
31,310031,10
31,310032,1
31,310033,1
31,310034,1
31,310036,99
31,310037,1
31,310038,1
31,310039,1
31,310040,1
31,310041,1
31,310042,1
31,310043,1
31,310044,1
31,310045,1
31,310046,10
31,310047,2
31,310048,99
31,310049,1
31,310050,1
31,310051,1
31,310052,1
31,310053,1
31,310054,1
31,310055,1
31,310056,1
31,310057,7
31,310058,1
31,310059,1
31,310060,6
31,310061,1
31,310062,2
31,310063,1
31,310064,1
31,310065,10
31,310066,1
31,310067,10
31,310068,1
31,310069,2
31,310069,10
31,310070,1
31,310071,1
31,310072,1
31,310073,1
31,310074,1
31,310076,7
31,310077,1
31,310078,99
31,310079,10
31,310080,1
31,310081,1
31,310082,10
31,310083,1
31,310084,1
31,310085,1
31,310086,10
31,310087,1
31,310088,1
31,310089,1
31,310090,1
31,310091,1
31,310092,1
31,310093,1
31,310094,1
31,310095,99
31,310096,10
31,310097,1
31,310098,1
31,310099,1
31,310100,1
31,310101,1
31,310102,1
31,310103,1
31,310104,1
31,310105,10
31,310106,10
31,310107,1
31,310108,1
31,310109,2
31,310109,10
31,310110,10
31,310111,1
31,310112,1
31,310113,1
31,310114,1
31,310115,5
31,310117,10
31,310118,1
31,310119,1
31,310120,1
31,310121,1
31,310123,1
31,310124,1
31,310125,1
31,310126,1
31,310127,10
31,310128,1
31,310129,1
31,310130,1
31,310131,1
31,310132,10
31,310134,1
31,310135,10
31,310136,1
31,310137,1
31,310138,1
31,310139,1
31,310140,1
31,310141,1
31,310142,1
31,310143,1
31,310144,1
31,310145,1
31,310146,1
31,310147,1
31,310148,1
31,310149,1
31,310150,1
31,310151,1
31,310152,1
31,310153,1
31,310154,2
31,310155,1
31,310156,6
31,310157,1
31,310158,1
31,310159,1
31,310160,1
31,310161,1
31,310162,1
31,310163,1
31,310164,1
31,310165,1
31,310166,1
31,310167,1
31,310168,1
31,310169,1
31,310170,1
31,310171,1
31,310172,1
31,310173,1
31,310174,1
31,310175,1
31,310176,1
31,310177,1
31,310178,1
31,310179,1
31,310180,1
31,310181,1
31,310182,1
31,310183,2
31,310184,1
31,310185,1
31,310186,1
31,310187,1
31,310188,10
31,310189,10
31,310190,1
31,310191,1
31,310192,1
31,310193,10
31,310193,11
31,310194,1
31,310196,1
31,310197,12
31,310198,1
31,310199,1
31,310200,1
31,310201,2
31,310202,5
31,310203,1
31,310204,1
31,310205,5
31,310205,10
31,310206,1
31,310207,1
31,310208,1
31,310210,5
31,310211,1
31,310212,1
31,310213,2
31,310213,12
31,310214,1
31,310215,1
31,310216,1
31,310217,1
31,310218,1
31,310219,1
31,310220,1
31,310221,1
31,310222,1
31,310223,10
31,310224,1
31,310225,10
31,310226,1
31,310227,1
31,310228,1
31,310229,1
31,310230,1
32,320001,1
32,320002,1
32,320003,1
32,320004,1
32,320005,1
32,320006,1
32,320007,10
32,320008,10
32,320009,1
32,320010,1
32,320011,1
32,320012,10
32,320013,10
32,320014,1
32,320015,1
32,320016,1
32,320017,1
32,320018,1
32,320019,1
32,320020,1
32,320021,1
32,320022,1
32,320023,1
32,320024,1
32,320025,1
32,320026,1
32,320027,10
32,320028,1
32,320029,10
32,320030,1
32,320031,10
32,320032,1
32,320033,10
32,320034,1
32,320035,1
32,320036,1
32,320037,1
32,320038,1
32,320039,1
32,320040,1
32,320041,1
32,320042,1
32,320043,1
32,320044,1
32,320045,1
32,320046,1
32,320047,1
32,320048,2
32,320049,2
32,320050,1
32,320051,98
32,320052,10
32,320053,10
32,320054,1
32,320055,1
32,320056,1
32,320057,1
32,320058,4
32,320058,10
32,320059,1
32,320060,4
32,320061,1
32,320062,1
32,320063,1
32,320064,1
32,320065,4
32,320065,10
32,320066,2
32,320067,1
32,320068,1
32,320069,1
32,320070,2
32,320071,10
32,320072,1
32,320073,1
32,320074,1
32,320075,1
32,320076,1
32,320077,1
32,320078,1
32,320079,1
32,320080,1
32,320081,1
32,320082,1
32,320083,1
32,320084,1
32,320085,1
32,320086,10
32,320087,1
32,320088,10
32,320089,1
32,320090,1
32,320091,1
32,320092,1
32,320093,10
32,320094,1
32,320095,1
32,320096,1
32,320097,1
32,320098,10
32,320099,10
32,320100,1
32,320101,1
32,320102,1
32,320103,1
32,320104,1
32,320105,1
32,320106,1
32,320107,1
32,320108,1
32,320109,1
32,320110,1
32,320111,1
32,320112,1
32,320113,10
32,320114,1
32,320116,1
32,320117,10
32,320118,1
32,320119,1
32,320120,1
32,320121,1
32,320122,1
32,320123,1
32,320124,10
32,320125,99
32,320126,1
32,320127,2
32,320127,10
32,320128,1
32,320129,1
32,320130,2
32,320131,1
32,320132,1
32,320133,1
32,320134,1
32,320135,1
32,320136,1
32,320137,1
32,320138,10
32,320139,1
32,320140,1
32,320141,1
32,320142,1
32,320143,1
32,320144,1
32,320145,1
32,320146,1
32,320147,1
32,320148,1
32,320149,1
32,320150,1
32,320151,1
32,320152,1
32,320153,1
32,320154,1
32,320156,1
32,320157,1
32,320158,1
32,320159,1
32,320160,1
32,320161,1
32,320162,1
32,320163,1
32,320164,1
32,320165,1
32,320166,1
32,320167,1
32,320168,1
32,320169,1
32,320170,1
32,320171,98
32,320172,1
32,320173,1
32,320174,1
32,320175,1
32,320176,1
32,320177,1
32,320178,1
32,320179,10
32,320180,1
32,320181,1
32,320182,1
32,320183,1
32,320184,1
32,320185,1
32,320186,1
32,320187,1
32,320188,1
32,320189,10
32,320190,1
32,320191,1
32,320192,1
32,320193,1
32,320194,1
32,320195,1
32,320196,10
32,320197,10
32,320198,1
32,320199,1
32,320200,1
32,320201,1
32,320202,1
32,320203,1
32,320204,1
32,320205,1
32,320206,1
32,320207,1
32,320208,1
32,320209,1
32,320210,1
32,320211,1
32,320212,1
32,320213,10
32,320214,1
32,320215,1
32,320216,1
32,320217,1
32,320218,1
32,320219,1
32,320220,1
32,320221,10
32,320222,1
32,320223,1
32,320224,1
32,320225,1
32,320226,1
32,320227,1
32,320228,1
32,320229,1
32,320230,1
32,320231,1
32,320232,1
32,320233,1
32,320234,1
32,320235,1
32,320236,1
32,320237,1
32,320238,1
32,320239,1
32,320240,1
32,320241,1
32,320242,1
32,320243,1
32,320244,1
32,320245,1
32,320246,1
32,320247,1
32,320248,1
32,320249,10
32,320250,1
32,320251,1
32,320252,1
32,320253,1
32,320254,1
32,320255,1
32,320256,1
32,320257,10
32,320258,1
32,320259,1
32,320260,1
32,320261,1
32,320262,1
32,320264,1
32,320265,1
32,320266,1
32,320267,1
32,320269,1
32,320270,1
32,320271,1
32,320272,1
32,320273,1
32,320274,1
32,320275,1
32,320276,1
32,320277,1
32,320278,10
32,320279,1
32,320280,1
32,320281,1
32,320282,1
32,320283,1
32,320284,1
32,320285,1
32,320286,1
32,320287,1
32,320288,1
32,320289,1
32,320290,1
32,320291,1
32,320292,1
32,320293,1
32,320294,1
32,320295,1
32,320296,1
32,320297,1
32,320298,4
32,320298,11
32,320299,1
32,320300,1
32,320301,1
32,320302,1
32,320303,1
32,320304,1
32,320306,1
32,320307,1
32,320308,1
32,320309,4
32,320310,10
32,320311,1
32,320312,10
32,320313,1
32,320314,1
32,320315,1
32,320316,1
32,320317,1
32,320319,1
32,320320,1
32,320321,1
32,320323,1
32,320324,1
32,320325,1
32,320326,1
32,320327,1
32,320328,1
32,320329,1
32,320330,1
32,320331,1
32,320332,1
32,320333,1
32,320334,1
32,320335,1
32,320336,1
32,320337,1
32,320338,1
32,320339,1
32,320340,10
32,320341,2
32,320341,10
32,320342,1
32,320343,1
32,320344,1
32,320345,1
32,320346,1
32,320347,1
32,320348,1
32,320349,1
32,320350,1
32,320351,1
32,320352,1
32,320353,1
32,320354,1
32,320355,1
32,320356,1
32,320357,1
32,320358,10
32,320359,1
32,320360,1
32,320361,1
32,320362,1
32,320363,1
32,320364,1
32,320365,1
32,320366,1
32,320370,1
32,320371,1
32,320372,1
32,320373,1
32,320374,1
32,320375,10
32,320376,10
32,320377,1
32,320378,1
32,320379,10
32,320380,1
32,320381,1
32,320382,1
32,320383,1
32,320384,10
32,320385,1
32,320386,1
32,320387,10
32,320388,1
33,330001,10
33,330002,1
33,330003,3
33,330005,1
33,330006,1
33,330007,1
33,330008,1
33,330010,1
33,330011,1
33,330012,1
33,330013,2
33,330014,10
33,330015,1
33,330016,1
33,330017,2
33,330018,1
33,330019,1
33,330020,1
33,330021,1
33,330022,10
33,330023,1
33,330024,10
33,330025,1
33,330026,1
33,330027,1
33,330028,1
33,330029,1
33,330030,10
33,330031,10
33,330032,2
33,330033,1
33,330034,1
33,330035,1
33,330036,1
33,330037,2
33,330038,1
33,330039,1
33,330040,1
33,330041,1
33,330042,1
33,330043,1
33,330044,1
33,330045,1
33,330046,1
33,330047,1
33,330048,1
33,330049,1
33,330050,1
33,330051,1
33,330052,1
33,330053,10
33,330054,1
33,330055,10
33,330056,1
33,330057,1
33,330058,1
33,330059,1
33,330060,1
33,330061,1
33,330062,1
33,330063,1
33,330064,1
33,330065,1
33,330066,1
33,330067,1
33,330068,1
33,330069,10
33,330070,1
33,330071,1
33,330072,1
33,330073,1
33,330074,1
33,330075,1
33,330076,1
33,330077,1
33,330078,1
33,330079,1
33,330080,1
33,330081,1
33,330082,1
33,330083,1
33,330084,1
33,330085,1
33,330086,1
33,330087,1
33,330088,1
33,330089,10
33,330090,10
33,330091,1
33,330092,1
33,330093,1
33,330094,1
33,330095,1
33,330097,98
33,330098,1
33,330099,1
33,330100,1
33,330101,1
33,330102,1
33,330103,1
33,330104,1
33,330105,1
33,330106,1
33,330107,1
33,330108,1
33,330109,1
33,330110,1
33,330111,1
33,330112,1
33,330113,1
33,330114,1
33,330115,1
33,330116,10
33,330117,1
33,330118,10
33,330119,99
33,330120,4
33,330121,1
33,330122,5
33,330123,1
34,340001,1
34,340002,1
34,340003,1
34,340004,4
34,340005,2
34,340006,10
34,340007,2
34,340007,5
34,340008,2
34,340009,1
34,340010,1
34,340011,1
34,340012,1
34,340013,10
34,340014,2
34,340014,5
34,340015,10
34,340016,10
34,340017,2
34,340018,2
34,340019,10
34,340020,1
34,340021,5
34,340022,1
34,340023,1
34,340024,1
34,340025,1
34,340027,1
34,340028,1
34,340029,1
34,340030,1
34,340031,1
34,340032,1
34,340033,1
34,340034,2
34,340035,1
34,340036,4
34,340037,1
34,340038,1
34,340039,1
34,340040,1
34,340041,1
34,340042,2
34,340043,1
34,340044,1
34,340045,10
34,340046,1
34,340047,1
34,340048,1
34,340049,1
34,340050,1
34,340051,2
34,340051,5
34,340052,1
34,340053,2
34,340054,1
34,340055,1
34,340056,1
34,340057,4
34,340058,1
34,340059,2
34,340060,10
34,340061,2
34,340062,1
34,340063,2
34,340064,1
34,340065,1
34,340066,2
34,340067,1
34,340068,1
34,340069,1
34,340070,1
34,340071,1
34,340072,1
34,340073,1
34,340074,1
34,340075,4
34,340076,2
34,340077,2
34,340078,2
34,340079,1
34,340080,1
34,340081,1
34,340082,1
34,340083,1
34,340084,1
34,340085,1
34,340086,1
34,340087,1
34,340088,1
34,340089,1
34,340090,2
34,340091,1
34,340092,1
34,340093,1
34,340094,1
34,340095,1
34,340096,1
34,340097,1
34,340098,1
34,340099,1
34,340100,1
34,340101,1
34,340102,1
34,340103,1
34,340104,1
34,340105,1
34,340106,1
34,340107,10
34,340108,1
34,340109,1
34,340110,1
34,340111,1
34,340112,1
34,340113,1
34,340114,1
34,340115,1
34,340116,1
34,340117,1
34,340118,1
34,340119,1
34,340120,10
34,340121,1
34,340122,1
34,340123,1
34,340124,10
34,340125,1
34,340126,1
34,340127,1
34,340128,1
34,340129,1
34,340130,1
34,340131,1
34,340132,1
34,340133,1
34,340134,1
34,340135,1
34,340136,1
34,340137,10
34,340138,1
34,340139,1
34,340140,2
34,340141,1
34,340142,1
34,340143,10
34,340144,1
34,340145,1
34,340146,1
34,340147,1
34,340148,1
34,340149,1
34,340150,1
34,340151,2
34,340152,1
34,340153,1
34,340154,1
34,340155,1
34,340156,1
34,340157,1
34,340158,2
34,340159,1
34,340160,1
34,340161,1
34,340162,1
34,340163,1
34,340164,1
34,340165,1
34,340166,1
34,340167,1
34,340168,10
34,340169,1
34,340170,1
34,340171,1
34,340172,1
34,340173,1
34,340174,1
34,340175,10
34,340176,1
34,340177,1
34,340178,1
34,340180,1
34,340181,1
34,340182,1
34,340183,1
34,340184,1
34,340185,1
34,340186,1
34,340187,1
34,340188,1
34,340189,1
34,340190,1
34,340191,2
34,340192,1
34,340193,1
34,340194,1
34,340195,1
34,340196,1
34,340197,1
34,340198,1
34,340199,1
34,340200,1
34,340201,1
34,340202,1
34,340203,1
34,340204,1
34,340205,1
34,340206,1
34,340207,1
34,340208,1
34,340209,1
34,340210,1
34,340211,1
34,340212,1
34,340213,1
34,340214,1
34,340215,1
34,340216,1
34,340218,1
34,340219,1
34,340220,1
34,340221,1
34,340222,2
34,340224,1
34,340225,10
34,340226,1
34,340227,1
34,340228,1
34,340229,2
34,340230,1
34,340231,1
34,340232,1
34,340233,10
34,340234,1
34,340235,1
34,340236,1
34,340237,1
34,340239,1
34,340240,1
34,340241,1
34,340242,1
34,340243,1
34,340245,1
34,340246,1
34,340248,2
34,340249,2
34,340250,1
34,340251,1
34,340252,1
34,340253,2
34,340254,2
34,340255,1
34,340256,1
34,340257,3
34,340257,4
34,340258,1
34,340259,1
34,340260,1
34,340261,1
34,340262,1
34,340263,1
34,340264,1
34,340265,1
34,340266,1
34,340267,1
34,340268,1
34,340269,1
34,340270,1
34,340271,1
34,340272,1
34,340273,1
34,340274,1
34,340275,1
34,340276,1
34,340277,2
34,340278,1
34,340279,1
34,340280,1
34,340281,1
34,340282,1
34,340283,1
34,340284,1
34,340285,10
34,340286,1
34,340287,2
34,340288,1
34,340289,1
34,340290,1
34,340291,1
34,340292,1
34,340293,1
34,340294,1
34,340295,1
34,340296,1
34,340297,1
34,340298,1
34,340299,1
34,340300,1
34,340301,1
34,340302,1
34,340303,1
34,340304,1
34,340305,1
34,340306,1
34,340307,1
34,340308,1
34,340309,1
34,340310,2
34,340311,1
34,340312,1
34,340313,1
34,340314,1
34,340315,1
34,340316,1
34,340317,1
34,340318,1
34,340319,1
34,340320,1
34,340321,1
34,340322,1
34,340323,1
34,340324,1
34,340325,1
34,340326,1
34,340327,1
34,340329,1
34,340330,1
34,340331,1
34,340332,2
34,340333,1
34,340334,1
34,340336,1
34,340337,1
34,340338,1
34,340339,1
34,340340,10
34,340341,2
34,340342,10
34,340343,2
34,340344,1
34,340345,1
34,340346,1
34,340347,1
34,340348,1
34,340349,2
34,340350,2
34,340351,2
34,340352,10
34,340353,2
34,340354,1
34,340355,1
34,340356,2
34,340357,1
34,340358,1
34,340359,1
34,340360,1
34,340362,1
34,340363,1
34,340364,1
34,340365,1
34,340366,2
34,340367,1
34,340368,1
34,340369,1
34,340370,2
34,340371,1
34,340372,2
34,340373,10
34,340374,1
34,340375,1
34,340376,1
34,340377,1
34,340378,1
34,340379,1
34,340380,10
34,340381,1
34,340382,1
34,340383,1
34,340384,1
34,340385,1
34,340386,1
34,340387,1
34,340388,1
34,340389,1
34,340390,1
34,340391,1
34,340392,1
34,340393,1
34,340394,1
34,340395,1
34,340396,1
34,340397,2
34,340398,1
34,340399,2
34,340399,5
34,340399,10
34,340400,1
34,340401,1
34,340402,2
34,340403,1
34,340404,1
34,340405,98
34,340406,1
34,340407,1
34,340408,1
34,340409,1
34,340410,1
34,340411,2
34,340412,1
34,340413,1
34,340414,1
34,340415,98
34,340416,1
34,340417,1
34,340418,1
34,340419,1
34,340420,1
34,340421,1
34,340422,10
34,340423,1
34,340424,1
34,340425,1
34,340426,1
34,340427,1
34,340428,1
34,340429,10
34,340430,1
34,340431,1
34,340432,1
34,340433,1
34,340434,1
34,340435,1
34,340436,1
34,340437,1
34,340438,10
34,340439,1
34,340440,1
34,340441,1
34,340442,1
34,340443,1
34,340444,1
34,340445,1
34,340446,1
34,340447,1
34,340448,1
34,340449,10
34,340450,1
34,340451,5
34,340451,10
34,340452,1
34,340453,2
34,340454,1
34,340455,1
34,340456,1
34,340457,1
34,340458,1
34,340459,1
34,340460,1
34,340461,1
34,340462,1
34,340464,1
34,340465,1
34,340466,1
34,340467,1
34,340468,1
34,340469,1
34,340470,1
34,340471,1
34,340472,1
34,340473,1
34,340474,1
34,340475,1
34,340476,2
34,340477,1
34,340478,1
34,340479,1
34,340480,1
34,340481,1
34,340482,1
34,340483,1
34,340484,1
34,340485,1
34,340486,1
34,340487,1
34,340488,1
34,340489,1
34,340490,1
34,340491,1
34,340492,1
34,340493,1
34,340494,1
34,340495,1
34,340496,1
34,340497,1
34,340498,1
34,340499,1
34,340500,1
34,340501,1
34,340502,1
34,340503,1
34,340504,1
34,340505,1
34,340506,1
34,340507,1
34,340508,1
34,340509,1
34,340510,1
34,340511,1
34,340512,1
34,340514,1
34,340515,1
34,340516,2
34,340517,1
34,340518,1
34,340519,1
34,340520,1
34,340521,1
34,340522,1
34,340523,1
34,340524,1
34,340525,1
34,340526,1
34,340527,1
34,340528,1
34,340529,1
34,340530,1
34,340531,1
34,340532,1
34,340533,1
34,340534,1
34,340535,1
34,340536,1
34,340537,1
34,340538,1
34,340539,1
34,340540,1
34,340541,2
34,340542,1
34,340543,1
34,340544,1
34,340545,1
34,340546,1
34,340547,1
34,340548,1
34,340549,10
34,340550,1
34,340551,1
34,340552,1
34,340553,1
34,340554,2
34,340555,1
34,340556,1
34,340557,1
34,340558,1
34,340559,1
34,340560,1
34,340561,1
34,340562,1
34,340563,2
34,340564,1
34,340565,1
34,340566,1
34,340567,1
34,340568,2
34,340569,1
34,340570,1
34,340571,1
34,340572,1
34,340573,1
34,340574,1
34,340575,1
34,340576,1
34,340577,1
34,340578,1
34,340579,1
34,340580,1
34,340581,1
34,340582,1
34,340583,1
34,340584,1
34,340585,1
34,340586,1
34,340587,1
34,340588,1
34,340589,1
34,340590,1
34,340591,1
34,340592,1
34,340593,10
34,340594,10
34,340595,1
34,340596,1
34,340597,1
34,340598,1
34,340599,98
34,340600,2
34,340601,10
34,340602,1
34,340603,1
34,340604,2
34,340605,1
34,340606,1
34,340607,2
34,340608,10
34,340609,2
34,340610,2
34,340611,1
34,340612,1
34,340613,1
34,340614,2
34,340615,1
34,340616,1
34,340617,1
34,340618,1
34,340619,1
34,340620,1
34,340621,1
34,340622,1
34,340623,1
34,340624,1
34,340625,1
34,340626,2
34,340627,1
34,340628,2
34,340629,1
34,340630,1
34,340631,2
34,340632,1
34,340633,1
34,340634,1
34,340635,2
34,340636,1
34,340637,1
34,340638,1
34,340639,1
34,340640,1
34,340641,4
34,340642,1
34,340643,1
34,340644,1
34,340645,1
34,340646,1
34,340647,1
34,340648,1
34,340649,2
34,340650,1
35,350001,1
35,350002,4
35,350003,1
35,350004,1
35,350005,1
35,350006,1
35,350007,1
35,350008,1
35,350009,1
35,350010,10
35,350011,1
35,350012,1
35,350013,1
35,350014,1
35,350015,1
35,350016,1
35,350017,1
35,350018,1
35,350019,1
35,350020,1
35,350021,1
35,350022,4
35,350023,2
35,350024,1
35,350025,1
35,350026,1
35,350027,1
35,350028,1
35,350029,1
35,350030,1
35,350031,1
35,350032,1
35,350033,1
35,350034,4
35,350035,1
35,350036,1
35,350037,1
35,350038,1
35,350039,1
35,350040,1
35,350041,1
35,350042,1
35,350043,1
35,350044,4
35,350045,1
35,350046,1
35,350047,1
35,350048,1
35,350049,1
35,350050,1
35,350051,1
35,350052,7
35,350053,7
35,350054,1
35,350055,1
35,350056,1
35,350057,1
35,350058,1
35,350059,1
35,350060,1
35,350061,1
35,350062,1
35,350063,1
35,350064,1
35,350065,1
35,350066,1
35,350067,1
35,350068,1
35,350069,2
35,350070,1
35,350071,2
35,350072,1
35,350073,1
35,350074,1
35,350075,1
35,350076,6
35,350077,1
35,350078,1
35,350079,1
35,350080,1
35,350081,1
35,350082,1
35,350083,1
35,350084,10
35,350085,2
35,350086,1
35,350087,1
35,350088,1
35,350089,1
35,350090,1
35,350091,1
35,350092,1
35,350093,1
35,350094,1
35,350095,1
35,350096,1
35,350097,1
35,350098,1
35,350099,1
35,350100,1
35,350101,1
35,350102,1
35,350103,1
35,350104,1
35,350105,10
35,350106,1
35,350107,1
35,350108,10
35,350109,1
35,350110,1
35,350111,1
35,350112,1
35,350113,1
35,350114,1
35,350115,1
35,350116,1
35,350117,1
35,350118,1
35,350119,1
35,350120,1
35,350121,1
35,350122,1
35,350123,1
35,350124,1
35,350125,1
35,350126,1
35,350127,1
35,350128,1
35,350129,1
35,350130,1
35,350131,1
35,350132,1
35,350133,1
35,350134,1
35,350135,1
35,350136,1
35,350137,1
35,350138,1
35,350139,1
35,350140,1
35,350141,1
35,350142,1
35,350143,1
35,350144,1
35,350145,1
35,350146,1
35,350147,1
35,350148,1
35,350149,1
35,350150,1
35,350151,1
35,350152,1
35,350153,99
35,350154,1
35,350155,1
35,350156,1
35,350157,1
35,350158,1
35,350159,1
35,350160,1
35,350161,1
35,350162,1
35,350163,1
35,350164,2
35,350164,10
35,350165,1
35,350166,1
35,350167,1
35,350168,98
35,350169,1
35,350170,1
35,350171,1
35,350172,1
35,350173,1
35,350174,1
35,350175,1
35,350176,1
35,350177,1
35,350178,1
35,350179,1
35,350180,1
35,350181,10
35,350182,98
35,350183,1
35,350184,1
35,350185,1
35,350186,98
35,350187,1
35,350188,1
35,350189,1
35,350190,1
35,350191,1
35,350192,1
35,350193,1
35,350194,1
35,350195,1
35,350196,1
35,350197,1
35,350198,1
35,350199,1
35,350200,1
35,350201,1
35,350202,1
35,350203,1
35,350204,2
35,350205,1
35,350206,2
35,350207,1
35,350208,1
35,350209,1
35,350210,2
35,350211,1
35,350212,1
35,350213,1
35,350214,1
35,350215,1
35,350216,2
35,350217,1
35,350218,1
35,350219,1
35,350220,1
35,350221,1
35,350222,10
35,350223,1
35,350224,1
35,350225,1
35,350226,1
35,350227,1
35,350228,1
35,350229,1
35,350230,1
35,350231,1
35,350232,1
35,350233,1
35,350234,1
35,350235,1
35,350236,1
35,350237,1
35,350238,1
35,350239,1
35,350240,1
35,350241,1
35,350242,1
35,350243,1
35,350244,1
35,350245,1
35,350246,1
35,350247,1
35,350248,1
35,350249,1
35,350250,1
35,350251,10
35,350252,1
35,350253,1
35,350254,1
35,350255,2
35,350256,1
35,350257,1
35,350258,1
35,350259,1
35,350260,1
35,350261,1
35,350262,1
35,350263,1
35,350264,1
35,350265,1
35,350266,1
35,350267,1
35,350268,1
35,350269,1
35,350270,1
35,350271,1
35,350272,1
35,350273,1
35,350274,1
35,350275,1
35,350276,6
35,350276,10
35,350277,2
35,350277,10
35,350278,10
35,350279,1
35,350280,1
35,350281,1
35,350282,1
35,350283,1
35,350284,1
35,350285,1
35,350286,1
35,350287,1
35,350288,2
35,350289,1
35,350290,10
35,350291,4
35,350291,10
35,350291,11
35,350292,4
35,350293,1
35,350294,2
35,350295,1
35,350296,1
35,350297,1
35,350298,1
35,350299,1
35,350300,1
35,350301,1
35,350302,1
35,350303,10
35,350304,1
35,350305,1
35,350306,1
35,350307,1
35,350308,1
35,350309,1
35,350310,10
35,350311,1
35,350312,1
35,350313,1
35,350314,1
35,350315,1
35,350316,1
35,350317,1
35,350318,1
35,350319,98
35,350320,1
35,350321,1
35,350322,1
35,350323,1
35,350324,1
35,350325,1
35,350326,10
35,350327,1
35,350328,1
35,350329,1
35,350330,1
35,350331,1
35,350332,1
35,350333,1
35,350334,1
35,350335,1
35,350336,1
35,350337,1
35,350338,1
35,350339,1
35,350340,1
35,350341,1
35,350342,1
35,350343,1
35,350344,1
35,350345,1
35,350346,1
35,350347,1
35,350348,1
35,350349,1
35,350350,1
35,350351,1
35,350352,1
35,350353,1
35,350354,10
35,350355,1
35,350356,1
35,350357,98
35,350358,1
35,350359,1
35,350360,1
35,350361,1
35,350362,1
35,350363,1
35,350364,1
35,350365,1
35,350366,1
35,350367,1
35,350368,1
35,350369,98
35,350370,1
35,350371,1
35,350372,1
35,350374,1
35,350375,1
35,350376,10
35,350377,98
35,350378,1
35,350379,1
36,360002,2
36,360004,1
36,360005,1
36,360006,1
36,360007,1
36,360008,1
36,360009,2
36,360010,1
36,360011,1
36,360012,1
36,360013,10
36,360014,10
36,360015,1
36,360016,2
36,360017,10
36,360018,10
36,360019,1
36,360020,1
36,360021,4
36,360022,10
36,360024,2
36,360025,1
36,360026,1
36,360027,2
36,360028,98
36,360030,1
36,360031,10
36,360032,2
36,360033,1
36,360034,10
36,360035,10
36,360036,1
36,360037,1
36,360038,4
36,360039,1
36,360040,1
36,360041,1
36,360042,1
36,360043,1
36,360044,1
36,360045,1
36,360046,2
36,360047,1
36,360048,1
36,360049,4
36,360050,4
36,360051,1
36,360052,2
36,360053,1
36,360054,10
36,360055,4
36,360056,4
36,360057,2
36,360058,1
36,360059,1
36,360060,1
36,360061,2
36,360062,4
36,360063,1
36,360064,1
36,360065,1
36,360066,1
36,360068,1
36,360069,1
36,360070,1
36,360071,1
36,360072,4
36,360073,1
36,360074,10
36,360075,1
36,360076,1
36,360077,1
36,360078,1
36,360079,1
36,360080,1
36,360081,1
36,360082,1
36,360083,1
36,360084,1
36,360085,1
36,360086,10
36,360087,10
36,360088,1
36,360089,1
36,360090,1
36,360091,1
36,360092,1
36,360093,10
36,360094,4
36,360095,10
36,360096,2
36,360097,10
36,360098,1
36,360099,1
36,360100,1
36,360103,1
36,360104,1
36,360105,10
36,360106,1
36,360107,1
36,360108,1
36,360109,1
36,360110,1
36,360112,1
36,360114,10
36,360115,1
36,360116,1
36,360118,10
36,360119,1
36,360120,2
36,360122,1
36,360123,10
36,360124,2
36,360125,1
36,360126,2
36,360127,1
36,360128,10
36,360129,10
36,360130,1
36,360131,2
36,360132,10
36,360133,1
36,360134,1
36,360135,1
36,360136,10
36,360137,1
36,360138,10
36,360139,1
36,360140,1
36,360141,1
36,360142,1
36,360143,2
36,360144,1
36,360145,1
36,360146,10
36,360147,1
36,360148,1
36,360149,1
36,360150,10
36,360151,10
36,360152,10
36,360153,1
36,360154,1
36,360155,1
36,360156,98
36,360157,1
36,360158,4
36,360159,1
36,360160,5
36,360161,1
36,360162,1
36,360163,4
36,360164,2
36,360165,1
36,360166,2
36,360167,1
36,360168,1
36,360169,10
36,360170,2
36,360171,10
36,360172,10
36,360173,1
36,360174,10
36,360175,2
36,360176,10
36,360177,1
36,360178,10
36,360179,2
36,360180,10
36,360181,10
36,360182,10
36,360183,1
36,360184,2
36,360185,2
36,360186,1
36,360187,2
36,360188,1
36,360189,2
36,360190,1
36,360191,1
36,360192,1
36,360193,2
36,360194,2
36,360195,1
36,360196,1
36,360197,1
36,360198,1
36,360199,1
36,360200,1
36,360201,10
36,360202,1
36,360203,1
36,360204,98
36,360205,1
36,360206,1
36,360207,10
36,360208,2
36,360209,1
36,360210,10
36,360211,1
36,360212,10
36,360213,10
36,360214,2
36,360215,1
36,360216,10
36,360217,10
36,360218,10
36,360219,10
36,360220,10
36,360221,10
36,360222,10
36,360223,1
36,360224,10
36,360225,1
36,360226,1
36,360227,1
36,360228,1
36,360229,1
36,360230,10
36,360231,98
36,360232,1
36,360233,1
36,360234,1
36,360235,2
36,360236,10
36,360237,1
36,360240,1
36,360241,5
36,360242,1
36,360243,1
36,360244,1
36,360245,10
36,360246,1
36,360248,10
36,360249,10
36,360250,2
36,360251,1
36,360252,2
36,360253,1
36,360254,10
36,360255,1
36,360258,2
36,360259,1
36,360260,2
36,360261,10
36,360262,10
36,360263,1
36,360264,1
36,360265,1
36,360266,1
36,360267,1
36,360268,1
36,360269,1
36,360270,10
36,360271,10
36,360272,1
36,360273,1
36,360274,1
36,360275,10
36,360276,10
36,360277,1
36,360278,10
36,360279,1
36,360280,1
36,360281,1
36,360282,1
36,360283,1
36,360284,1
36,360285,1
36,360286,1
36,360287,2
36,360288,1
36,360289,1
36,360290,1
36,360291,1
36,360292,1
36,360293,10
36,360294,1
36,360295,1
36,360296,1
36,360297,1
36,360298,1
36,360299,1
36,360300,1
36,360301,1
36,360302,1
36,360303,1
36,360304,1
36,360305,1
36,360306,1
36,360307,1
36,360308,10
36,360310,1
36,360311,1
36,360312,4
36,360313,1
36,360314,1
36,360315,1
36,360316,1
36,360317,1
36,360319,1
36,360320,1
36,360321,1
36,360322,1
36,360324,10
36,360325,1
36,360326,1
36,360327,10
36,360328,10
36,360329,1
36,360331,1
36,360332,1
36,360333,2
36,360334,1
36,360335,1
36,360336,10
36,360337,1
36,360338,2
36,360339,1
36,360340,1
36,360341,1
36,360342,1
36,360343,1
36,360344,1
36,360345,1
36,360347,1
36,360348,1
36,360349,1
36,360350,1
36,360351,1
36,360352,1
36,360353,1
36,360354,1
36,360355,1
36,360356,10
36,360357,1
36,360358,10
36,360360,1
36,360361,10
36,360362,1
36,360363,1
36,360364,10
36,360365,1
36,360367,1
36,360368,10
36,360369,1
36,360370,1
36,360371,1
36,360372,1
36,360373,10
36,360374,2
36,360375,1
36,360376,1
36,360377,1
36,360378,1
36,360379,1
36,360380,1
36,360381,1
36,360382,1
36,360383,1
36,360384,1
36,360385,4
36,360386,1
36,360387,1
36,360388,1
36,360389,1
36,360390,10
36,360391,1
36,360392,10
36,360393,1
36,360394,1
36,360395,10
36,360396,1
36,360397,10
36,360398,10
36,360399,1
36,360400,1
36,360401,1
36,360402,1
36,360403,1
36,360404,10
36,360405,1
36,360406,10
36,360407,1
36,360408,2
36,360409,1
36,360410,10
36,360411,1
36,360412,1
36,360413,10
36,360414,2
36,360415,2
36,360416,2
36,360417,10
36,360419,1
36,360420,1
36,360421,1
36,360422,1
36,360423,1
36,360424,1
36,360425,1
36,360426,1
36,360427,2
36,360428,1
36,360429,1
36,360430,1
36,360431,1
36,360432,10
36,360433,1
36,360434,10
36,360435,1
36,360436,1
36,360437,1
36,360438,1
36,360439,1
36,360440,1
36,360442,1
36,360443,1
36,360444,2
36,360445,1
36,360446,1
36,360447,10
36,360448,1
36,360449,1
36,360450,1
36,360451,2
36,360452,1
36,360453,1
36,360454,10
36,360455,1
36,360456,1
36,360457,1
36,360458,1
36,360459,1
36,360460,1
36,360461,1
36,360462,1
36,360463,1
36,360464,1
36,360465,1
36,360466,1
36,360467,1
36,360468,1
36,360469,1
36,360470,10
36,360471,1
36,360472,1
36,360473,2
36,360474,10
36,360475,10
36,360476,1
36,360477,1
36,360478,1
36,360479,1
36,360480,1
36,360481,1
36,360482,1
36,360483,1
36,360484,1
36,360485,10
36,360486,1
36,360487,10
36,360488,10
36,360489,1
36,360490,10
36,360491,1
36,360492,10
36,360493,10
36,360494,10
36,360495,10
36,360496,2
36,360497,1
36,360498,1
36,360499,2
36,360500,1
36,360502,1
36,360503,1
36,360504,1
36,360505,1
36,360506,1
36,360507,1
36,360508,1
36,360509,1
36,360510,1
36,360511,10
36,360512,2
36,360513,1
36,360514,1
36,360515,1
36,360516,2
36,360517,10
36,360518,1
36,360519,10
36,360520,1
36,360521,1
36,360522,1
36,360523,1
36,360524,1
36,360525,2
36,360526,1
36,360527,1
36,360528,1
36,360529,1
36,360530,1
36,360531,1
36,360532,1
36,360533,1
36,360534,1
36,360535,1
36,360536,10
36,360537,1
36,360538,1
36,360539,1
36,360540,1
36,360541,1
36,360542,1
36,360543,1
36,360545,1
36,360546,1
36,360547,10
36,360548,1
36,360549,1
36,360550,10
36,360551,1
36,360552,1
36,360553,1
36,360554,1
36,360555,1
36,360556,1
36,360557,1
36,360558,1
36,360559,1
36,360560,10
36,360561,1
36,360562,1
36,360563,1
36,360564,1
36,360565,10
36,360566,1
36,360567,10
36,360568,10
36,360569,1
36,360570,1
36,360571,1
36,360572,1
36,360573,1
36,360574,1
36,360575,2
36,360576,1
36,360578,10
36,360579,1
36,360580,10
36,360581,1
36,360582,1
36,360583,1
36,360584,1
36,360585,1
36,360586,1
36,360587,1
36,360588,1
36,360589,1
36,360590,1
36,360591,1
36,360592,1
36,360593,1
36,360594,10
36,360595,10
36,360596,1
36,360597,10
36,360598,1
36,360599,1
36,360600,10
36,360601,1
36,360602,10
36,360603,10
36,360604,1
36,360605,1
36,360606,10
36,360607,1
36,360608,1
36,360609,1
36,360610,10
36,360611,2
36,360612,2
36,360613,10
36,360614,1
36,360615,1
36,360616,1
36,360617,1
36,360618,1
36,360619,1
36,360620,1
36,360621,10
36,360622,10
36,360623,1
36,360624,1
36,360625,10
36,360626,10
36,360627,1
36,360628,1
36,360629,1
36,360630,1
36,360631,10
36,360632,1
36,360633,1
36,360634,10
36,360635,1
36,360636,1
36,360637,1
36,360638,1
36,360639,1
36,360640,1
36,360641,10
36,360642,98
36,360643,1
36,360644,10
36,360645,1
36,360646,2
36,360647,2
36,360648,1
36,360649,1
36,360650,10
36,360651,10
36,360652,1
36,360653,1
36,360654,1
36,360655,10
36,360656,1
36,360657,10
36,360658,10
36,360659,1
36,360660,1
36,360661,1
36,360662,1
36,360663,1
36,360664,1
36,360666,1
36,360667,10
36,360668,1
36,360670,10
36,360671,1
36,360672,1
36,360673,1
36,360674,2
36,360675,1
36,360676,1
36,360677,1
36,360678,1
36,360679,1
36,360680,2
36,360681,10
36,360682,10
36,360683,1
36,360684,1
36,360685,1
36,360686,10
36,360687,10
36,360688,10
36,360689,1
36,360690,1
36,360691,1
36,360692,1
36,360693,1
36,360694,10
36,360695,10
36,360696,1
36,360697,10
36,360698,1
36,360699,1
36,360700,2
36,360701,5
36,360702,1
36,360703,1
36,360704,10
36,360705,1
36,360706,2
36,360707,2
36,360708,1
36,360710,1
36,360711,10
36,360712,5
36,360713,10
36,360714,1
36,360715,1
36,360716,10
36,360717,10
36,360718,1
36,360719,1
36,360720,1
36,360721,1
36,360722,10
36,360723,1
36,360724,1
36,360725,1
36,360726,1
36,360727,10
36,360728,1
36,360729,1
36,360730,1
36,360731,1
36,360732,1
36,360733,1
36,360734,1
36,360735,1
36,360736,1
36,360737,1
36,360738,1
36,360739,1
36,360740,10
36,360741,1
36,360742,1
36,360743,1
36,360744,10
36,360745,1
36,360746,1
36,360747,10
36,360748,2
36,360749,10
36,360750,1
36,360751,10
36,360752,1
36,360753,1
36,360754,1
36,360755,2
36,360756,1
36,360757,1
36,360758,2
36,360759,1
36,360760,10
36,360761,2
36,360762,1
36,360764,10
36,360765,1
36,360766,1
36,360767,1
36,360768,1
36,360769,1
36,360770,1
36,360771,1
36,360772,1
36,360773,1
36,360774,10
36,360775,1
36,360776,1
36,360777,1
36,360778,1
36,360779,1
36,360780,1
36,360781,1
36,360782,10
36,360783,1
36,360784,1
36,360785,1
36,360786,1
36,360787,1
36,360788,1
36,360789,1
36,360790,10
36,360791,10
36,360792,1
36,360793,1
36,360794,1
36,360795,10
36,360796,1
36,360798,1
36,360799,10
36,360800,1
36,360801,10
36,360802,1
36,360803,10
36,360804,10
36,360805,1
36,360807,1
36,360808,10
36,360809,1
36,360810,10
36,360811,1
36,360812,1
36,360813,1
36,360814,10
36,360815,1
36,360816,10
36,360817,1
36,360818,1
36,360819,1
36,360820,1
36,360821,1
36,360822,1
36,360824,1
36,360825,1
36,360826,1
36,360827,1
36,360828,5
36,360829,2
36,360830,1
36,360831,10
36,360832,2
36,360833,1
36,360834,1
36,360835,10
36,360836,1
36,360837,10
36,360838,1
36,360839,10
36,360840,1
36,360841,1
36,360842,1
36,360843,1
36,360844,1
36,360845,1
36,360846,10
36,360847,10
36,360848,1
36,360849,10
36,360850,1
36,360851,1
36,360852,10
36,360853,1
36,360854,1
36,360855,2
36,360856,1
36,360857,2
36,360858,1
36,360859,10
36,360860,10
36,360861,10
36,360862,1
36,360863,10
36,360864,1
36,360865,1
36,360866,1
36,360867,1
36,360868,1
36,360869,10
36,360870,10
36,360871,1
36,360872,1
36,360873,1
36,360874,1
36,360875,10
36,360876,1
36,360877,1
36,360878,2
36,360879,1
36,360880,1
36,360881,1
36,360882,1
36,360883,1
36,360885,1
36,360886,98
36,360887,10
36,360888,1
36,360889,1
36,360890,1
36,360891,10
36,360892,10
36,360893,1
36,360894,10
36,360895,1
36,360896,1
36,360897,10
36,360898,1
36,360899,1
36,360900,1
36,360901,10
36,360902,10
36,360903,1
36,360904,1
36,360905,1
36,360906,10
36,360907,4
36,360908,1
36,360909,10
36,360910,10
36,360911,1
36,360912,10
36,360913,1
36,360914,1
36,360915,2
36,360916,10
36,360917,1
36,360918,1
36,360919,4
36,360920,1
36,360921,1
36,360922,1
36,360923,1
36,360924,2
36,360925,1
36,360926,10
36,360927,1
36,360928,1
36,360929,1
36,360930,5
36,360931,2
36,360932,1
36,360933,1
36,360934,1
36,360935,1
36,360936,1
36,360937,10
36,360938,10
36,360939,10
36,360940,2
36,360941,1
36,360942,4
36,360943,1
36,360944,10
36,360945,1
36,360946,2
36,360947,10
36,360948,10
36,360949,2
36,360950,2
36,360951,98
36,360952,2
36,360953,10
36,360954,4
36,360955,1
36,360956,4
36,360957,10
36,360958,1
36,360959,1
36,360960,1
36,360961,10
36,360962,1
36,360963,1
36,360964,2
36,360965,1
36,360966,4
36,360967,1
36,360968,1
36,360969,1
36,360970,1
36,360971,1
36,360972,2
36,360973,1
36,360974,1
36,360975,10
36,360976,1
36,360977,1
36,360978,1
36,360979,1
36,360980,1
36,360981,4
36,360983,1
36,360984,10
36,360985,1
36,360986,1
36,360987,10
36,360988,10
36,360989,2
36,360990,10
36,360991,4
36,360992,4
36,360993,2
36,360994,4
36,360995,1
36,360996,4
36,360997,10
36,360998,4
36,360999,1
36,361000,1
36,361001,10
36,361002,1
36,361003,2
36,361004,1
36,361005,1
36,361006,1
36,361007,1
36,361008,98
36,361009,2
36,361010,2
36,361011,10
36,361012,10
36,361013,1
36,361014,2
36,361015,10
36,361016,1
36,361017,1
36,361018,4
36,361019,1
36,361020,1
36,361021,1
36,361022,1
36,361023,10
36,361024,1
36,361025,1
36,361026,1
36,361027,1
36,361028,1
36,361029,10
36,361030,2
36,361031,5
36,361032,1
36,361033,1
36,361034,1
36,361035,10
36,361036,10
36,361037,1
36,361038,1
36,361039,1
36,361040,1
36,361041,1
36,361042,2
36,361043,1
36,361044,1
36,361045,1
36,361046,1
36,361047,1
36,361048,1
36,361049,10
36,361050,1
36,361051,2
36,361052,1
36,361053,1
36,361054,10
36,361055,10
36,361056,1
36,361057,1
36,361058,1
36,361059,1
36,361060,10
36,361061,1
36,361062,1
36,361063,1
36,361064,10
36,361066,1
36,361067,4
36,361068,10
36,361069,1
36,361070,1
36,361071,1
36,361072,10
36,361073,1
36,361074,10
37,370001,1
37,370002,2
37,370002,10
37,370003,10
37,370004,1
37,370005,1
37,370006,1
37,370007,2
37,370008,1
37,370009,10
37,370010,1
37,370011,1
37,370012,2
37,370013,1
37,370014,2
37,370015,10
37,370016,1
37,370017,1
37,370018,1
37,370019,1
37,370020,1
37,370021,1
37,370022,1
37,370023,1
37,370024,1
37,370025,1
37,370026,1
37,370027,1
37,370028,1
37,370029,2
37,370030,2
37,370031,1
37,370032,1
37,370033,1
37,370034,10
37,370035,1
37,370037,10
37,370038,2
37,370039,1
37,370040,1
37,370041,1
37,370042,1
37,370043,2
37,370044,1
37,370045,1
37,370046,1
37,370047,10
37,370048,1
37,370049,1
37,370050,1
37,370051,1
37,370052,1
37,370053,1
37,370054,1
37,370055,5
37,370056,2
37,370057,1
37,370059,1
37,370060,10
37,370061,10
37,370062,1
37,370063,1
37,370064,10
37,370065,1
37,370066,1
37,370067,1
37,370068,10
37,370069,1
37,370070,10
37,370071,1
37,370072,1
37,370073,1
37,370074,1
37,370075,1
37,370076,2
37,370077,2
37,370078,1
37,370079,1
37,370080,1
37,370081,1
37,370082,1
37,370083,1
37,370084,1
37,370085,10
37,370086,1
37,370087,1
37,370088,1
37,370089,1
37,370090,1
37,370091,1
37,370092,2
37,370093,1
37,370094,1
37,370095,1
37,370096,2
37,370098,10
37,370099,2
37,370100,1
37,370101,1
37,370102,1
37,370103,1
37,370104,1
37,370105,1
37,370106,2
37,370106,10
37,370107,1
37,370108,1
37,370109,1
37,370110,1
37,370111,1
37,370112,1
37,370113,10
37,370114,1
37,370115,1
37,370116,1
37,370118,1
37,370119,2
37,370119,10
37,370120,1
37,370121,1
37,370122,10
37,370123,1
37,370124,1
37,370125,2
37,370125,10
37,370126,1
37,370127,1
37,370128,1
37,370129,1
37,370130,1
37,370131,1
37,370132,1
37,370133,1
37,370134,1
37,370135,2
37,370136,1
37,370137,1
37,370138,1
37,370139,1
37,370140,1
37,370141,1
37,370142,2
37,370142,10
37,370143,1
37,370144,1
37,370145,1
37,370146,1
37,370147,1
37,370149,1
37,370150,1
37,370151,2
37,370152,1
37,370153,1
37,370154,10
37,370155,1
37,370156,1
37,370157,1
37,370158,1
37,370159,1
37,370160,1
37,370161,1
37,370162,1
37,370163,1
37,370164,1
37,370165,1
37,370166,1
37,370167,1
37,370168,2
37,370170,10
37,370171,1
37,370172,1
37,370173,1
37,370174,1
37,370175,1
37,370176,1
37,370177,1
37,370178,1
37,370179,1
37,370180,1
37,370181,1
37,370183,1
37,370184,1
37,370186,1
37,370187,1
37,370188,2
37,370188,10
37,370189,10
37,370191,10
37,370192,1
37,370193,1
37,370194,5
37,370195,1
37,370196,1
37,370197,1
37,370198,1
37,370199,1
37,370200,1
37,370201,1
37,370202,1
37,370203,1
37,370204,1
37,370205,1
37,370206,1
37,370207,1
37,370208,1
37,370209,1
37,370210,1
37,370211,1
37,370212,2
37,370212,10
37,370213,1
37,370214,1
37,370215,1
37,370216,1
37,370217,1
37,370218,1
37,370219,10
37,370220,2
37,370221,1
37,370222,1
37,370223,1
37,370224,1
37,370225,10
37,370226,1
37,370227,2
37,370228,10
37,370229,1
37,370230,1
37,370231,1
37,370232,10
37,370233,1
37,370234,1
37,370235,2
37,370235,10
37,370236,10
37,370237,1
37,370238,1
37,370239,1
37,370240,2
37,370240,10
37,370241,1
37,370242,2
37,370242,10
37,370243,1
37,370244,1
37,370245,1
37,370246,1
37,370247,10
37,370248,2
37,370250,1
37,370252,1
37,370253,1
37,370254,2
37,370255,1
37,370256,1
37,370257,1
37,370258,1
37,370259,10
37,370260,2
37,370261,1
37,370262,1
37,370263,1
37,370264,1
37,370265,1
37,370266,1
37,370267,2
37,370268,1
37,370269,1
37,370270,1
37,370271,1
37,370272,1
37,370273,1
37,370274,1
37,370275,1
37,370276,1
37,370277,1
37,370278,2
37,370279,1
37,370280,1
37,370281,1
37,370282,1
37,370283,1
37,370284,1
37,370285,1
37,370286,1
37,370287,10
37,370288,10
37,370289,1
37,370290,5
37,370291,1
37,370292,1
37,370293,1
37,370294,2
37,370295,1
37,370296,10
37,370297,2
37,370297,10
37,370298,1
37,370299,1
37,370300,1
37,370301,1
37,370302,1
37,370303,10
37,370304,1
37,370305,1
37,370306,1
37,370307,1
37,370308,1
37,370309,1
37,370310,1
37,370311,1
37,370312,1
37,370313,1
37,370314,1
37,370315,10
37,370316,1
37,370317,1
37,370318,1
37,370319,10
37,370320,1
37,370321,1
37,370322,1
37,370323,1
37,370324,1
37,370325,1
37,370326,1
37,370327,1
37,370328,1
37,370329,1
37,370330,1
37,370331,10
37,370332,1
37,370334,1
37,370335,1
37,370336,10
37,370337,1
37,370338,1
37,370339,10
37,370340,1
37,370341,1
37,370342,1
37,370343,1
37,370344,1
37,370345,1
37,370346,1
37,370347,1
37,370348,1
37,370349,1
37,370351,1
37,370352,1
37,370353,1
37,370354,1
37,370355,10
37,370356,1
37,370357,1
37,370358,1
37,370359,1
37,370360,1
37,370361,1
37,370362,1
37,370363,1
37,370364,1
37,370365,1
37,370366,1
37,370367,1
37,370368,1
37,370369,1
37,370370,1
37,370371,1
37,370372,1
37,370373,1
37,370374,1
37,370375,1
37,370376,1
37,370377,1
37,370378,1
37,370379,1
37,370380,1
37,370382,1
37,370383,1
37,370384,1
37,370385,1
37,370386,10
37,370388,1
37,370389,1
37,370390,1
37,370391,1
37,370392,1
37,370394,1
37,370395,1
37,370396,1
37,370397,1
37,370398,1
37,370399,1
37,370400,1
37,370401,1
37,370402,1
37,370403,1
37,370404,1
37,370405,1
37,370406,1
37,370407,1
37,370408,1
37,370410,1
37,370411,1
37,370412,1
37,370413,1
37,370414,1
37,370415,1
37,370416,1
37,370417,1
37,370418,1
37,370419,1
37,370420,10
37,370421,10
37,370422,1
37,370423,1
37,370424,1
37,370425,1
37,370426,1
37,370427,1
37,370428,1
37,370429,10
37,370430,1
37,370431,1
37,370432,1
37,370433,1
37,370434,1
37,370435,10
37,370436,10
37,370437,2
37,370437,10
37,370438,1
37,370439,1
37,370440,1
37,370441,1
37,370442,1
37,370443,1
37,370444,1
37,370445,1
37,370446,2
37,370446,10
37,370447,10
37,370448,1
37,370449,1
37,370450,1
37,370451,1
37,370452,2
37,370453,10
37,370454,2
37,370454,10
37,370455,1
37,370456,1
37,370457,6
37,370458,1
37,370459,1
37,370460,1
37,370461,1
37,370462,1
37,370463,1
37,370464,1
37,370465,1
37,370466,1
37,370467,1
37,370468,1
37,370469,10
37,370470,10
37,370471,10
37,370472,2
37,370472,10
37,370473,2
37,370473,10
37,370474,1
37,370475,1
37,370476,1
37,370477,1
37,370478,2
37,370479,1
37,370480,2
37,370481,2
37,370482,1
37,370483,1
37,370484,1
37,370485,1
37,370486,1
37,370487,1
37,370488,1
37,370489,1
37,370490,1
37,370491,1
37,370492,1
37,370493,1
37,370494,1
37,370495,1
37,370496,1
37,370497,1
37,370498,1
37,370499,10
37,370500,1
37,370501,1
37,370502,1
37,370503,2
37,370504,10
37,370505,10
37,370506,1
37,370507,1
37,370508,1
37,370509,1
37,370510,1
37,370511,1
37,370512,2
37,370513,1
37,370514,1
37,370515,1
37,370516,2
37,370517,1
37,370518,1
37,370519,1
37,370520,1
37,370521,1
37,370522,1
37,370523,1
37,370524,1
37,370525,10
37,370526,1
37,370527,1
37,370528,1
37,370529,1
37,370531,1
37,370532,1
37,370533,1
37,370534,1
37,370535,1
37,370536,1
37,370537,1
37,370538,1
37,370539,2
37,370540,1
37,370542,5
37,370543,10
37,370544,1
37,370545,1
37,370546,1
37,370547,1
37,370548,1
37,370549,1
37,370550,2
37,370551,2
37,370552,1
37,370553,10
37,370554,1
37,370555,1
37,370556,1
37,370557,1
37,370558,1
37,370559,1
37,370560,1
37,370561,1
37,370562,1
37,370563,1
37,370565,10
37,370566,10
37,370567,1
37,370568,1
37,370569,1
37,370570,1
37,370571,1
37,370572,1
37,370573,1
37,370574,1
37,370575,1
37,370576,1
37,370577,1
37,370578,1
37,370579,1
37,370580,1
37,370581,2
37,370582,1
37,370583,2
37,370584,1
37,370585,10
37,370586,1
37,370587,1
37,370588,1
37,370589,2
37,370590,2
37,370591,1
37,370592,1
37,370593,1
37,370594,1
37,370595,1
37,370596,1
37,370598,1
37,370599,1
37,370600,1
37,370601,1
37,370602,1
37,370603,1
37,370604,1
37,370605,1
37,370606,1
37,370607,1
37,370608,1
37,370609,2
37,370611,1
37,370612,1
37,370613,1
37,370614,1
37,370615,1
37,370616,1
37,370617,1
37,370618,1
37,370619,1
37,370620,1
37,370621,1
37,370622,1
37,370623,1
37,370624,1
37,370625,1
37,370626,1
37,370627,1
37,370628,1
37,370629,1
37,370630,1
37,370631,1
37,370632,1
37,370633,1
37,370634,1
37,370635,1
37,370636,1
37,370637,1
37,370638,1
37,370639,1
37,370640,1
37,370641,1
37,370642,1
37,370643,1
37,370644,1
37,370645,1
37,370646,1
37,370647,1
37,370648,1
37,370649,1
37,370650,1
37,370651,1
37,370652,1
37,370653,1
37,370654,10
37,370655,1
37,370656,1
37,370657,1
37,370658,1
37,370659,1
37,370660,1
37,370661,1
37,370662,1
37,370663,1
37,370664,2
37,370665,1
37,370666,1
37,370667,1
37,370668,1
37,370669,1
37,370670,1
37,370671,10
37,370672,1
37,370673,10
37,370674,1
37,370675,1
37,370676,1
37,370677,1
37,370678,1
37,370679,1
37,370680,1
37,370681,1
37,370682,1
37,370683,1
37,370684,1
37,370685,1
37,370686,1
37,370687,1
37,370688,1
37,370689,1
37,370690,1
37,370691,1
37,370692,1
37,370693,1
37,370694,1
37,370695,1
37,370697,1
37,370698,1
37,370699,1
37,370700,1
37,370701,1
37,370702,10
37,370703,10
37,370704,1
37,370705,1
37,370706,1
37,370707,1
37,370709,1
37,370710,10
37,370711,1
37,370712,1
37,370714,1
37,370715,1
37,370716,10
37,370717,1
37,370719,1
37,370720,1
37,370721,1
37,370722,1
37,370723,1
37,370724,1
37,370726,1
37,370727,1
37,370728,1
37,370729,1
37,370730,1
37,370731,1
37,370732,1
37,370733,1
37,370734,5
37,370735,1
37,370736,1
37,370737,1
37,370738,1
37,370739,1
37,370740,1
37,370741,1
37,370742,1
37,370743,1
37,370744,1
37,370745,2
37,370746,1
37,370747,1
37,370749,1
37,370750,1
37,370751,1
37,370752,1
37,370753,1
37,370754,1
37,370755,1
37,370756,1
37,370758,1
37,370759,1
37,370760,2
37,370761,1
37,370762,1
37,370763,1
37,370765,1
37,370766,1
37,370767,1
37,370768,5
37,370769,2
37,370770,1
37,370771,2
37,370772,1
37,370773,1
37,370774,1
37,370775,10
37,370776,1
37,370777,1
37,370778,2
37,370779,1
37,370780,1
37,370781,1
37,370782,1
37,370783,10
37,370784,10
37,370785,1
37,370786,1
37,370787,10
37,370788,1
37,370789,1
37,370790,1
37,370791,10
37,370792,1
37,370793,1
37,370794,1
37,370795,1
37,370796,1
37,370797,1
37,370798,1
37,370799,1
37,370800,2
37,370802,1
37,370803,2
37,370804,10
37,370805,10
37,370806,1
37,370807,1
37,370808,2
37,370808,10
37,370809,1
37,370810,1
37,370811,1
37,370812,1
37,370813,1
37,370814,1
37,370815,10
37,370816,10
37,370817,10
37,370818,1
37,370819,1
37,370820,1
37,370821,1
37,370822,1
37,370823,1
37,370824,1
37,370825,1
37,370826,1
37,370827,1
37,370828,1
37,370829,10
37,370830,2
37,370831,10
37,370832,1
37,370833,1
37,370834,1
37,370835,1
37,370837,1
37,370838,1
37,370839,1
37,370840,1
37,370841,1
37,370842,10
37,370843,1
37,370844,1
37,370845,1
37,370846,2
37,370847,2
37,370848,1
37,370849,10
37,370850,2
37,370851,1
37,370852,1
37,370853,2
37,370853,10
37,370854,1
37,370855,10
37,370856,1
37,370857,1
37,370858,1
37,370859,1
37,370860,1
37,370861,1
37,370862,1
37,370863,1
37,370864,1
37,370865,1
37,370866,1
37,370867,1
37,370868,1
37,370869,1
37,370870,1
37,370871,1
37,370872,1
37,370873,1
37,370874,2
37,370874,10
37,370875,1
37,370876,2
37,370877,1
37,370878,1
37,370880,1
37,370882,10
37,370883,1
37,370884,2
37,370885,10
37,370886,1
37,370887,1
37,370888,1
37,370889,1
37,370890,1
37,370891,1
37,370892,10
37,370893,1
37,370894,1
37,370895,1
37,370896,1
37,370897,10
37,370898,1
37,370899,10
37,370900,1
37,370901,1
37,370902,1
37,370903,1
37,370904,1
37,370905,1
37,370906,1
37,370907,1
37,370909,1
37,370910,1
37,370911,1
37,370912,1
37,370913,2
37,370914,1
37,370915,1
37,370917,2
37,370917,10
37,370918,2
37,370919,1
37,370920,1
37,370921,1
37,370922,1
37,370924,1
37,370925,1
37,370926,1
37,370927,2
37,370927,10
37,370929,1
37,370930,1
37,370931,1
37,370932,1
37,370933,1
37,370934,1
37,370935,1
37,370936,1
37,370937,1
37,370938,2
37,370939,1
37,370940,1
37,370941,10
37,370942,1
37,370943,1
37,370944,10
37,370945,1
37,370946,1
37,370947,2
37,370948,10
37,370949,1
37,370950,1
37,370951,1
37,370952,1
37,370953,10
37,370954,1
37,370955,1
37,370956,1
37,370957,1
37,370958,1
37,370959,1
37,370960,1
37,370961,1
37,370962,1
37,370963,1
37,370964,1
37,370965,1
37,370966,1
37,370967,1
37,370968,1
37,370969,10
37,370970,1
37,370971,1
37,370972,1
37,370973,1
37,370974,1
37,370975,1
37,370976,10
37,370977,1
37,370978,10
37,370979,10
37,370980,1
37,370981,1
37,370982,1
37,370983,1
37,370984,1
37,370985,1
37,370986,2
37,370987,1
37,370988,1
37,370989,2
37,370990,1
37,370991,1
37,370992,10
37,370993,1
37,370994,2
37,370995,2
37,370996,1
37,370997,1
37,370998,1
37,371000,2
37,371001,1
37,371002,1
37,371003,2
37,371004,1
37,371005,1
37,371006,1
37,371007,1
37,371008,1
37,371009,1
37,371010,2
37,371011,1
37,371012,2
37,371012,10
37,371014,2
37,371014,10
37,371015,1
37,371016,1
37,371017,1
37,371018,1
37,371019,1
37,371020,1
37,371021,1
37,371022,2
37,371023,2
37,371024,2
37,371025,2
37,371026,1
37,371027,2
37,371028,10
37,371029,1
37,371030,2
37,371031,1
37,371032,1
37,371033,1
37,371034,1
37,371035,1
37,371037,1
37,371038,1
37,371039,10
37,371040,2
37,371041,1
37,371042,2
37,371043,1
37,371044,1
37,371045,1
37,371046,1
37,371047,1
37,371048,1
37,371049,10
37,371050,1
37,371051,1
37,371052,1
37,371053,1
37,371054,1
37,371055,1
37,371056,1
37,371057,1
37,371058,1
37,371059,1
37,371060,2
37,371062,1
37,371063,1
37,371064,1
37,371065,1
37,371066,2
37,371067,10
37,371068,2
37,371068,10
37,371069,10
37,371070,1
37,371071,2
37,371071,10
37,371072,1
37,371073,1
37,371074,1
37,371075,1
37,371076,1
37,371077,1
37,371078,1
37,371079,10
37,371080,1
37,371081,1
37,371082,2
37,371083,1
37,371084,2
37,371085,5
37,371086,1
37,371087,10
37,371088,5
37,371089,10
37,371090,2
37,371091,1
37,371092,1
37,371093,1
37,371094,1
37,371095,1
37,371096,2
37,371097,1
37,371098,1
37,371099,1
37,371100,1
37,371101,2
37,371101,10
37,371102,2
37,371103,1
37,371104,1
37,371105,2
37,371106,1
37,371107,1
37,371108,1
37,371110,1
37,371111,1
37,371112,1
37,371113,1
37,371114,1
37,371115,1
37,371116,1
37,371117,1
37,371118,1
37,371119,1
37,371120,5
37,371121,1
37,371122,1
37,371123,1
37,371124,1
37,371125,1
37,371126,1
37,371127,1
37,371128,1
37,371129,1
37,371130,1
37,371131,1
37,371132,10
37,371133,1
37,371134,1
37,371135,1
37,371136,1
37,371137,1
37,371138,1
37,371139,1
37,371140,1
37,371141,10
37,371142,1
37,371143,1
37,371144,1
37,371145,1
37,371146,1
37,371147,1
37,371148,1
37,371149,1
37,371150,1
37,371151,1
37,371152,1
37,371153,1
37,371154,1
37,371155,1
37,371156,1
37,371157,1
37,371158,1
37,371159,1
37,371160,1
37,371161,1
37,371162,1
37,371163,1
37,371164,1
37,371165,1
37,371166,1
37,371167,1
37,371168,1
37,371169,1
37,371170,1
37,371171,1
37,371172,1
37,371173,1
37,371175,1
37,371176,1
37,371177,1
37,371178,1
37,371179,1
37,371180,1
37,371181,1
37,371182,1
37,371183,1
37,371184,1
37,371185,1
37,371186,1
37,371187,1
37,371188,1
37,371189,1
37,371190,1
37,371191,1
37,371192,1
37,371193,1
37,371194,1
37,371195,1
37,371196,1
37,371197,1
37,371198,1
37,371199,1
37,371200,1
37,371201,5
37,371202,1
37,371203,1
37,371204,1
37,371205,1
37,371206,1
37,371207,1
37,371208,1
37,371209,1
37,371210,1
37,371211,1
37,371212,1
37,371213,1
37,371214,1
37,371215,1
37,371216,1
37,371217,1
37,371218,1
37,371219,1
37,371220,1
37,371221,10
37,371222,1
37,371223,1
37,371224,1
37,371226,1
37,371228,1
37,371229,1
37,371230,1
37,371231,1
37,371232,1
37,371233,1
37,371234,1
37,371235,1
37,371236,1
37,371237,1
37,371238,1
37,371239,1
37,371240,1
37,371241,1
37,371242,1
37,371243,1
37,371244,1
37,371245,1
37,371246,1
37,371247,1
37,371248,1
37,371249,1
37,371250,1
37,371251,10
37,371252,10
37,371253,1
37,371254,2
37,371254,10
37,371255,1
37,371256,1
37,371257,1
37,371258,1
37,371259,1
37,371260,5
37,371261,1
37,371262,1
37,371263,1
37,371264,1
37,371265,1
37,371266,1
37,371267,1
37,371268,1
37,371269,1
37,371270,10
37,371271,1
37,371272,1
37,371273,1
37,371274,2
37,371275,1
37,371276,1
37,371277,10
37,371278,1
37,371279,1
37,371280,1
37,371281,1
37,371282,1
37,371283,1
37,371284,1
37,371285,1
37,371286,1
37,371287,1
37,371288,1
37,371289,1
37,371290,2
37,371290,10
37,371291,1
37,371292,1
37,371293,5
37,371294,1
37,371295,1
37,371297,1
37,371298,1
37,371299,1
37,371300,1
37,371301,1
37,371302,1
37,371303,1
37,371304,1
37,371305,1
37,371306,1
37,371307,1
37,371308,1
37,371309,1
37,371310,10
37,371311,10
37,371312,1
37,371313,1
37,371314,1
37,371315,5
37,371316,1
37,371318,1
37,371319,1
37,371320,1
37,371321,1
37,371322,1
37,371323,1
37,371324,1
37,371325,1
37,371326,2
37,371326,10
37,371327,1
37,371328,1
37,371329,1
37,371330,10
37,371331,1
37,371334,1
37,371335,10
37,371336,1
37,371337,1
37,371338,1
37,371339,1
37,371340,1
37,371341,1
37,371342,1
37,371343,1
37,371344,1
37,371345,1
37,371346,1
37,371347,1
37,371348,2
37,371349,1
37,371350,1
37,371351,1
37,371352,1
37,371353,1
37,371354,10
37,371355,1
37,371356,1
37,371357,1
37,371358,5
37,371359,1
37,371360,10
37,371361,1
37,371362,1
37,371363,1
37,371364,2
37,371364,10
37,371365,1
37,371366,1
37,371368,1
37,371369,1
37,371370,1
37,371371,1
37,371372,1
37,371373,4
37,371374,1
37,371375,1
37,371376,1
37,371377,1
37,371378,1
37,371379,1
37,371380,1
37,371381,1
37,371382,2
37,371383,1
37,371384,1
37,371385,4
37,371385,10
37,371386,10
37,371387,1
37,371388,1
37,371389,1
37,371390,1
37,371391,10
37,371392,2
37,371393,1
37,371394,1
37,371395,10
37,371396,1
37,371397,2
37,371397,10
37,371398,1
37,371399,1
37,371400,1
37,371401,1
37,371402,1
37,371403,1
37,371404,1
37,371405,1
37,371406,1
37,371407,1
37,371408,1
37,371409,10
37,371410,1
37,371411,1
37,371412,1
37,371413,10
37,371414,1
37,371415,1
37,371416,2
37,371416,10
37,371417,1
37,371418,1
37,371419,1
37,371420,1
37,371421,1
37,371422,1
37,371423,1
37,371424,1
37,371425,10
37,371426,1
37,371427,1
37,371428,1
37,371429,1
37,371430,1
37,371431,1
37,371432,1
37,371433,1
37,371434,1
37,371435,2
37,371435,10
37,371436,10
37,371437,10
37,371438,10
37,371439,1
37,371440,1
37,371441,1
37,371442,1
37,371443,1
37,371444,1
37,371445,2
37,371445,10
37,371446,1
37,371447,1
37,371448,1
37,371449,1
37,371450,1
37,371451,1
37,371452,5
37,371453,1
37,371454,1
37,371455,1
37,371456,1
37,371457,1
37,371458,10
37,371459,1
37,371460,1
37,371461,1
37,371462,1
37,371463,1
37,371464,1
37,371465,1
37,371466,2
37,371466,10
37,371467,1
37,371468,1
37,371469,2
37,371470,1
37,371471,99
37,371472,1
37,371473,1
37,371474,1
37,371475,1
37,371476,1
37,371477,1
37,371478,1
37,371479,1
37,371480,2
37,371481,1
37,371482,8
37,371483,1
37,371485,1
37,371486,1
37,371487,1
37,371488,1
37,371489,5
37,371490,1
37,371491,1
37,371492,1
37,371493,2
37,371494,1
37,371495,1
37,371496,2
37,371496,10
37,371497,2
37,371497,10
37,371498,1
37,371499,1
37,371500,1
37,371501,1
37,371502,1
37,371503,1
37,371504,1
37,371505,1
37,371506,2
37,371507,1
37,371508,1
37,371509,2
37,371510,1
37,371511,1
37,371512,1
37,371513,1
37,371514,1
37,371515,1
37,371516,1
37,371517,1
37,371518,1
37,371519,1
37,371520,1
37,371521,2
37,371522,1
37,371523,1
37,371524,1
37,371525,2
37,371526,1
37,371527,1
37,371528,1
37,371529,1
37,371530,1
37,371531,1
37,371532,1
37,371533,1
37,371534,1
37,371535,1
37,371536,1
37,371537,1
37,371538,1
37,371539,1
37,371540,10
37,371541,98
37,371542,99
37,371543,1
37,371544,99
37,371545,99
37,371546,2
37,371547,1
37,371548,99
37,371550,99
37,371551,1
37,371552,1
37,371553,1
37,371554,10
37,371555,5
37,371556,1
37,371557,1
37,371558,1
37,371559,1
37,371560,2
37,371561,1
37,371562,1
38,380001,10
38,380002,1
38,380003,1
38,380004,99
38,380005,10
38,380006,1
38,380007,98
38,380008,1
38,380009,1
38,380010,1
38,380011,1
38,380012,1
38,380013,1
38,380014,1
38,380015,1
38,380016,99
38,380017,1
38,380018,2
38,380018,5
38,380019,1
38,380020,2
38,380021,1
38,380022,1
38,380023,99
38,380024,1
38,380025,1
38,380026,1
38,380027,1
38,380028,1
38,380029,1
38,380030,2
38,380031,1
38,380032,1
38,380033,1
38,380034,1
38,380035,1
38,380036,1
38,380037,1
38,380038,1
38,380039,1
38,380040,1
38,380041,1
38,380042,99
38,380043,1
38,380044,1
38,380045,1
38,380046,1
38,380047,1
38,380048,1
38,380049,1
38,380050,1
38,380051,5
38,380052,99
38,380053,1
38,380054,99
38,380055,1
38,380056,1
38,380057,1
38,380058,1
38,380059,10
38,380060,1
38,380061,10
38,380062,1
38,380063,1
38,380064,1
38,380065,1
38,380066,1
38,380067,1
38,380068,1
38,380069,1
38,380070,1
38,380071,10
38,380072,1
38,380073,2
38,380073,10
38,380074,5
38,380075,2
38,380076,4
38,380076,11
38,380077,10
38,380078,1
38,380079,10
38,380080,10
38,380081,1
38,380082,10
38,380083,10
38,380084,1
39,390001,1
39,390002,10
39,390003,2
39,390004,10
39,390005,1
39,390006,10
39,390007,1
39,390008,1
39,390009,4
39,390009,7
39,390010,1
39,390011,6
39,390012,10
39,390013,2
39,390014,2
39,390016,10
39,390017,1
39,390018,1
39,390019,4
39,390020,10
39,390021,1
39,390023,10
39,390024,1
39,390025,10
39,390026,4
39,390027,2
39,390028,10
39,390029,10
39,390030,10
39,390031,2
39,390032,1
39,390033,10
39,390034,4
39,390035,10
39,390036,10
39,390037,1
39,390038,1
39,390039,1
39,390041,2
39,390042,1
39,390044,2
39,390045,2
39,390046,10
39,390047,2
39,390048,2
39,390050,5
39,390051,2
39,390052,10
39,390053,2
39,390054,2
39,390055,10
39,390056,10
39,390057,4
39,390058,1
39,390059,1
39,390060,10
39,390061,10
39,390062,1
39,390063,1
39,390064,10
39,390065,10
39,390067,4
39,390068,1
39,390069,1
39,390070,1
39,390071,10
39,390072,10
39,390073,1
39,390074,1
39,390075,1
39,390076,1
39,390077,10
39,390078,1
39,390079,10
39,390080,1
39,390081,10
39,390082,1
39,390084,1
39,390085,4
39,390086,10
39,390087,10
39,390088,10
39,390089,10
39,390090,10
39,390091,4
39,390092,10
39,390093,1
39,390094,1
39,390095,1
39,390096,1
39,390097,10
39,390098,1
39,390099,4
39,390100,10
39,390101,1
39,390102,1
39,390103,1
39,390104,10
39,390105,1
39,390107,1
39,390108,1
39,390109,1
39,390110,1
39,390111,10
39,390112,1
39,390113,10
39,390114,1
39,390115,10
39,390116,99
39,390117,1
39,390118,1
39,390119,1
39,390120,1
39,390121,1
39,390122,1
39,390123,1
39,390125,1
39,390126,1
39,390127,10
39,390128,10
39,390129,1
39,390130,1
39,390131,2
39,390132,10
39,390133,2
39,390134,1
39,390135,2
39,390136,1
39,390137,2
39,390138,10
39,390139,1
39,390140,10
39,390142,1
39,390143,1
39,390144,1
39,390145,1
39,390146,1
39,390147,1
39,390148,10
39,390149,1
39,390150,2
39,390151,2
39,390153,2
39,390154,10
39,390155,1
39,390156,1
39,390157,10
39,390158,10
39,390159,1
39,390160,1
39,390161,1
39,390162,10
39,390163,1
39,390164,1
39,390165,4
39,390167,10
39,390168,1
39,390169,2
39,390170,2
39,390171,4
39,390172,10
39,390173,1
39,390174,4
39,390175,2
39,390176,4
39,390177,10
39,390178,1
39,390179,10
39,390180,1
39,390181,10
39,390182,10
39,390183,12
39,390184,10
39,390185,1
39,390186,10
39,390187,1
39,390188,1
39,390189,1
39,390190,1
39,390191,1
39,390192,1
39,390193,10
39,390195,10
39,390196,10
39,390197,1
39,390198,10
39,390199,1
39,390200,2
39,390201,1
39,390202,2
39,390203,1
39,390204,10
39,390205,2
39,390206,1
39,390207,1
39,390208,1
39,390209,10
39,390210,1
39,390211,1
39,390212,1
39,390213,10
39,390214,10
39,390215,1
39,390216,1
39,390217,10
39,390218,10
39,390219,10
39,390220,1
39,390221,10
39,390222,10
39,390223,1
39,390224,1
39,390225,10
39,390226,10
39,390227,10
39,390228,10
39,390229,2
39,390230,10
39,390231,1
39,390232,1
39,390233,2
39,390234,1
39,390235,1
39,390236,1
39,390237,1
39,390238,1
39,390239,2
39,390240,1
39,390241,1
39,390242,10
39,390243,1
39,390244,1
39,390245,1
39,390246,1
39,390247,1
39,390248,10
39,390249,1
39,390250,10
39,390251,1
39,390252,10
39,390253,10
39,390254,10
39,390255,1
39,390256,1
39,390257,1
39,390258,2
39,390259,2
39,390260,1
39,390261,1
39,390262,1
39,390263,2
39,390264,10
39,390266,1
39,390267,10
39,390268,10
39,390269,1
39,390270,1
39,390271,1
39,390272,10
39,390273,1
39,390274,1
39,390275,1
39,390276,1
39,390277,1
39,390278,1
39,390279,1
39,390280,1
39,390281,10
39,390282,10
39,390283,1
39,390284,1
39,390285,1
39,390286,1
39,390287,2
39,390288,2
39,390289,10
39,390290,1
39,390291,2
39,390292,10
39,390293,1
39,390294,1
39,390295,1
39,390296,1
39,390297,1
39,390298,1
39,390299,10
39,390300,1
39,390301,1
39,390303,1
39,390304,1
39,390305,1
39,390306,1
39,390307,1
39,390308,10
39,390309,1
39,390311,99
39,390312,10
39,390313,1
39,390314,1
39,390315,1
39,390316,1
39,390317,1
39,390318,10
39,390319,1
39,390320,10
39,390321,1
39,390322,1
39,390323,1
39,390324,10
39,390325,1
39,390326,1
39,390327,1
39,390328,1
39,390329,1
39,390330,10
39,390331,2
39,390332,2
39,390333,10
39,390334,1
39,390335,1
39,390336,2
39,390337,10
39,390338,1
39,390339,1
39,390340,1
39,390341,10
39,390342,10
39,390344,10
39,390345,1
39,390346,1
39,390347,5
39,390348,10
39,390349,1
39,390350,1
39,390351,1
39,390352,10
39,390353,10
39,390354,1
39,390355,10
39,390356,1
39,390357,2
39,390358,1
39,390359,10
39,390360,10
39,390361,1
39,390362,1
39,390363,1
39,390364,1
39,390365,1
39,390366,10
39,390367,1
39,390368,1
39,390369,1
39,390370,2
39,390371,10
39,390372,10
39,390373,1
39,390374,1
39,390375,1
39,390376,1
39,390377,1
39,390378,2
39,390379,1
39,390380,1
39,390381,1
39,390382,1
39,390384,1
39,390385,2
39,390386,1
39,390387,1
39,390388,10
39,390390,1
39,390391,10
39,390392,1
39,390393,1
39,390394,1
39,390395,10
39,390396,1
39,390397,2
39,390398,1
39,390399,2
39,390400,1
39,390401,1
39,390403,1
39,390404,1
39,390405,10
39,390406,1
39,390407,10
39,390408,1
39,390409,10
39,390410,10
39,390411,1
39,390412,1
39,390413,10
39,390414,1
39,390415,2
39,390416,1
39,390417,1
39,390418,10
39,390420,1
39,390421,1
39,390422,1
39,390423,1
39,390424,10
39,390425,1
39,390426,1
39,390427,10
39,390428,1
39,390429,1
39,390430,1
39,390431,1
39,390432,1
39,390433,1
39,390434,2
39,390435,1
39,390436,2
39,390437,1
39,390438,1
39,390439,1
39,390440,1
39,390441,2
39,390442,1
39,390443,10
39,390444,1
39,390445,1
39,390446,1
39,390448,1
39,390449,10
39,390450,1
39,390451,1
39,390452,1
39,390453,1
39,390454,1
39,390455,1
39,390457,1
39,390458,1
39,390459,1
39,390460,1
39,390462,1
39,390464,10
39,390465,1
39,390467,10
39,390468,1
39,390469,1
39,390470,1
39,390471,1
39,390472,1
39,390473,1
39,390474,1
39,390475,1
39,390476,1
39,390477,1
39,390478,1
39,390479,1
39,390480,10
39,390481,1
39,390482,1
39,390483,10
39,390484,1
39,390485,1
39,390486,1
39,390487,1
39,390488,10
39,390489,1
39,390490,1
39,390491,1
39,390492,10
39,390493,1
39,390494,1
39,390495,1
39,390497,1
39,390498,1
39,390499,1
39,390500,1
39,390501,1
39,390502,2
39,390503,1
39,390504,1
39,390505,10
39,390506,1
39,390507,1
39,390508,1
39,390509,1
39,390510,1
39,390511,10
39,390512,1
39,390513,10
39,390514,10
39,390515,10
39,390516,1
39,390517,10
39,390518,1
39,390519,10
39,390520,1
39,390521,1
39,390522,1
39,390523,1
39,390524,2
39,390525,1
39,390526,1
39,390527,1
39,390528,2
39,390529,1
39,390530,10
39,390531,1
39,390532,1
39,390533,10
39,390534,1
39,390535,2
39,390536,1
39,390537,1
39,390538,10
39,390539,1
39,390540,10
39,390541,1
39,390542,1
39,390543,1
39,390544,2
39,390545,1
39,390546,1
39,390547,1
39,390548,1
39,390549,1
39,390550,1
39,390551,1
39,390552,10
39,390553,1
39,390554,1
39,390556,1
39,390558,10
39,390559,10
39,390560,1
39,390561,1
39,390562,10
39,390563,1
39,390565,1
39,390566,1
39,390567,10
39,390568,10
39,390569,1
39,390570,10
39,390571,1
39,390572,10
39,390573,1
39,390574,1
39,390575,1
39,390576,1
39,390577,1
39,390578,1
39,390579,10
39,390580,1
39,390581,1
39,390582,1
39,390583,1
39,390584,1
39,390585,1
39,390586,10
39,390587,1
39,390588,1
39,390589,1
39,390590,1
39,390591,1
39,390592,1
39,390593,1
39,390594,2
39,390595,2
39,390596,10
39,390597,10
39,390598,1
39,390599,10
39,390600,1
39,390601,10
39,390602,1
39,390603,1
39,390604,1
39,390605,1
39,390606,1
39,390607,1
39,390608,1
39,390609,1
39,390610,1
39,390611,1
39,390612,10
39,390613,5
39,390615,2
39,390616,10
39,390617,10
39,390618,1
39,390619,2
39,390620,10
39,390621,10
39,390622,1
39,390623,1
39,390624,10
39,390625,10
39,390626,1
39,390627,10
39,390629,1
39,390630,1
39,390631,10
39,390632,1
39,390633,1
39,390634,1
39,390635,10
39,390636,1
39,390637,10
39,390638,1
39,390639,1
39,390640,1
39,390641,1
39,390642,1
39,390643,10
39,390644,1
39,390646,1
39,390648,1
39,390650,1
39,390651,1
39,390652,1
39,390653,1
39,390654,1
39,390655,10
39,390656,1
39,390657,10
39,390658,1
39,390659,10
39,390660,1
39,390661,2
39,390662,1
39,390663,1
39,390664,1
39,390665,1
39,390666,10
39,390667,1
39,390668,1
39,390669,1
39,390670,1
39,390671,10
39,390672,1
39,390673,1
39,390674,1
39,390675,1
39,390676,1
39,390677,10
39,390678,1
39,390679,1
39,390680,1
39,390681,1
39,390682,1
39,390683,1
39,390684,10
39,390685,1
39,390686,1
39,390687,1
39,390688,1
39,390689,1
39,390690,1
39,390691,1
39,390692,1
39,390694,1
39,390695,1
39,390696,1
39,390697,10
39,390698,1
39,390699,1
39,390700,1
39,390701,1
39,390702,1
39,390703,10
39,390704,1
39,390705,1
39,390706,1
39,390707,1
39,390708,1
39,390709,10
39,390710,1
39,390711,1
39,390712,1
39,390713,1
39,390714,1
39,390715,1
39,390716,1
39,390717,1
39,390718,1
39,390719,1
39,390720,1
39,390721,1
39,390722,1
39,390723,1
39,390724,1
39,390725,1
39,390726,1
39,390727,1
39,390728,1
39,390729,10
39,390730,1
39,390731,1
39,390732,10
39,390735,1
39,390736,1
39,390737,1
39,390738,10
39,390739,1
39,390740,1
39,390741,1
39,390742,1
39,390743,1
39,390745,10
39,390747,1
39,390748,1
39,390749,1
39,390750,1
39,390751,1
39,390752,1
39,390753,1
39,390754,1
39,390755,1
39,390756,99
39,390757,1
39,390758,1
39,390760,1
39,390761,2
39,390762,1
39,390763,1
39,390764,10
39,390765,1
39,390766,1
39,390767,1
39,390768,1
39,390769,1
39,390770,1
39,390771,1
39,390772,1
39,390773,1
39,390774,10
39,390775,1
39,390776,10
39,390777,1
39,390778,1
39,390779,10
39,390780,1
39,390781,1
39,390782,1
39,390783,1
39,390784,1
39,390785,1
39,390786,98
39,390787,1
39,390788,1
39,390789,1
39,390790,1
39,390791,1
39,390792,1
39,390793,1
39,390794,1
39,390795,1
39,390796,1
39,390797,1
39,390798,1
39,390799,1
39,390800,1
39,390801,1
39,390802,1
39,390803,1
39,390804,10
39,390805,1
39,390806,1
39,390807,10
39,390808,1
39,390809,1
39,390810,2
39,390811,1
39,390812,1
39,390813,10
39,390814,1
39,390815,1
39,390816,1
39,390817,1
39,390818,10
39,390819,10
39,390820,1
39,390821,1
39,390822,10
39,390824,10
39,390825,1
39,390826,1
39,390827,1
39,390828,1
39,390829,1
39,390830,2
39,390831,10
39,390832,1
39,390833,1
39,390834,1
39,390835,1
39,390836,1
39,390837,1
39,390838,1
39,390839,10
39,390841,2
39,390842,1
39,390843,1
39,390844,1
39,390845,1
39,390846,1
39,390847,1
39,390848,10
39,390849,2
39,390850,1
39,390851,1
39,390852,1
39,390853,1
39,390854,1
39,390855,10
39,390856,10
39,390857,1
39,390858,1
39,390859,1
39,390860,1
39,390861,1
39,390862,2
39,390863,1
39,390864,1
39,390865,1
39,390866,1
39,390867,10
39,390868,1
39,390869,2
39,390870,1
39,390871,1
39,390872,1
39,390873,1
39,390874,1
39,390875,1
39,390876,10
39,390877,10
39,390878,1
39,390879,1
39,390880,1
39,390881,1
39,390882,1
39,390883,1
39,390884,1
39,390885,10
39,390886,1
39,390887,1
39,390888,1
39,390889,1
39,390890,1
39,390891,1
39,390892,1
39,390893,2
39,390894,1
39,390895,10
39,390896,10
39,390897,10
39,390898,1
39,390899,1
39,390900,1
39,390901,1
39,390902,1
39,390903,10
39,390904,1
39,390905,1
39,390906,1
39,390907,1
39,390908,1
39,390909,1
39,390910,1
39,390911,1
39,390912,1
39,390913,1
39,390914,1
39,390915,1
39,390917,1
39,390918,1
39,390919,1
39,390920,1
39,390921,1
39,390922,1
39,390923,1
39,390924,1
39,390925,1
39,390926,1
39,390927,1
39,390928,1
39,390929,1
39,390930,1
39,390931,1
39,390932,1
39,390933,1
39,390934,1
39,390935,10
39,390936,1
39,390937,1
39,390938,1
39,390939,1
39,390940,10
39,390941,1
39,390942,1
39,390943,1
39,390944,1
39,390945,1
39,390946,1
39,390947,1
39,390948,10
39,390949,1
39,390950,1
39,390951,10
39,390952,1
39,390954,1
39,390955,1
39,390956,1
39,390957,10
39,390958,1
39,390959,10
39,390960,10
39,390961,1
39,390962,1
39,390963,1
39,390964,1
39,390965,1
39,390966,1
39,390967,10
39,390968,10
39,390969,1
39,390970,1
39,390971,1
39,390972,1
39,390973,1
39,390974,1
39,390975,1
39,390976,10
39,390977,2
39,390978,10
39,390979,1
39,390981,1
39,390982,1
39,390983,1
39,390984,1
39,390985,1
39,390986,2
39,390987,1
39,390988,1
39,390989,10
39,390990,1
39,390991,10
39,390992,10
39,390993,1
39,390994,10
39,390995,10
39,390996,1
39,390997,1
39,390998,2
39,390999,10
39,391001,10
39,391002,10
39,391003,10
39,391004,10
39,391005,10
39,391006,2
39,391007,1
39,391008,10
39,391009,10
39,391010,10
39,391011,10
39,391012,1
39,391013,1
39,391014,1
39,391015,1
39,391016,2
39,391017,10
39,391018,1
39,391019,1
39,391020,1
39,391021,1
39,391023,5
39,391024,1
39,391025,10
39,391026,1
39,391027,10
39,391028,1
39,391029,1
39,391030,1
39,391031,10
39,391032,10
39,391033,1
39,391034,2
39,391035,1
39,391036,1
39,391037,1
39,391038,10
39,391039,1
39,391040,10
39,391041,10
39,391042,4
39,391043,1
39,391044,2
39,391045,1
39,391047,10
39,391048,4
39,391049,10
39,391050,4
39,391051,10
39,391052,1
39,391053,1
39,391054,4
39,391056,2
39,391057,1
39,391058,2
39,391059,10
39,391061,10
39,391062,1
39,391063,1
39,391064,10
39,391065,10
39,391066,1
39,391067,10
39,391068,1
39,391069,10
39,391070,10
39,391071,1
39,391072,1
39,391073,10
39,391074,10
39,391075,2
39,391076,1
39,391077,10
39,391078,1
39,391079,10
39,391080,10
39,391081,2
39,391082,10
39,391083,2
39,391084,1
39,391085,1
39,391086,1
39,391087,10
39,391088,10
39,391090,10
39,391091,2
39,391092,1
39,391093,1
39,391094,4
39,391095,10
39,391096,1
39,391097,1
39,391098,2
39,391099,1
39,391100,1
39,391101,1
39,391102,1
39,391103,10
39,391104,10
39,391106,1
39,391107,2
39,391108,1
39,391109,1
39,391110,1
39,391111,10
39,391112,1
39,391113,1
39,391114,1
39,391116,10
39,391117,1
39,391118,10
39,391119,10
39,391120,1
39,391121,2
39,391122,2
39,391123,10
39,391124,2
39,391125,1
39,391126,10
39,391127,1
39,391128,1
39,391129,10
39,391130,2
39,391131,1
40,400001,1
40,400002,1
40,400003,1
40,400004,1
40,400005,10
40,400006,1
40,400007,10
40,400008,10
40,400009,2
40,400010,10
40,400011,1
40,400012,1
40,400013,10
40,400014,10
40,400015,1
40,400016,10
40,400017,1
40,400018,10
40,400019,1
40,400020,1
40,400022,2
40,400023,5
40,400024,2
40,400025,1
40,400026,10
40,400027,1
40,400028,11
40,400029,1
40,400030,1
40,400031,1
40,400032,1
40,400033,1
40,400034,1
40,400035,1
40,400036,1
40,400037,2
40,400038,2
40,400039,10
40,400040,10
40,400041,1
40,400043,1
40,400044,1
40,400045,1
40,400046,1
40,400047,1
40,400048,1
40,400049,10
40,400050,10
40,400051,1
40,400052,1
40,400053,10
40,400054,10
40,400055,1
40,400056,1
40,400057,1
40,400058,1
40,400060,1
40,400061,1
40,400062,10
40,400063,10
40,400064,1
40,400065,1
40,400066,1
40,400067,1
40,400068,10
40,400069,2
40,400070,2
40,400071,10
40,400072,1
40,400073,1
40,400074,1
40,400075,1
40,400076,1
40,400077,10
40,400078,10
40,400079,1
40,400080,10
40,400081,10
40,400082,1
40,400083,1
40,400084,1
40,400085,10
40,400086,5
40,400087,2
40,400088,1
40,400089,1
40,400090,10
40,400091,1
40,400092,10
40,400093,1
40,400094,1
40,400095,98
40,400096,1
40,400097,1
40,400098,1
40,400099,10
40,400100,1
40,400101,1
40,400102,1
40,400103,1
40,400104,1
40,400105,10
40,400106,1
40,400107,1
40,400108,1
40,400109,1
40,400110,10
40,400111,1
40,400113,1
40,400114,1
40,400115,1
40,400116,1
40,400117,10
40,400118,1
40,400119,10
40,400120,1
40,400121,1
40,400122,1
40,400123,1
40,400124,1
40,400125,1
40,400126,10
40,400127,1
40,400128,1
40,400129,1
40,400130,1
40,400131,1
40,400132,10
40,400133,1
40,400134,1
40,400135,2
40,400136,10
40,400137,1
40,400138,1
40,400139,1
40,400140,10
40,400141,1
40,400142,1
40,400143,1
40,400144,1
40,400145,1
40,400146,1
40,400147,1
40,400148,1
40,400149,1
40,400150,1
40,400151,1
40,400152,1
40,400153,10
40,400155,1
40,400156,10
40,400157,1
40,400158,1
40,400159,1
40,400160,10
40,400161,1
40,400162,1
40,400163,10
40,400164,1
40,400165,10
40,400166,1
40,400167,1
40,400168,2
40,400169,10
40,400170,2
40,400171,2
40,400172,1
40,400173,1
40,400174,10
40,400175,10
40,400176,10
40,400177,1
40,400178,1
40,400179,1
40,400180,10
40,400181,1
40,400182,1
40,400183,1
40,400184,1
40,400185,1
40,400186,5
40,400187,1
40,400188,1
40,400189,1
40,400190,1
40,400191,1
40,400192,1
40,400193,1
40,400194,1
40,400195,1
40,400196,1
40,400197,1
40,400198,1
40,400199,1
40,400200,1
40,400201,1
40,400202,1
40,400203,10
40,400204,1
40,400205,1
40,400206,1
40,400207,1
40,400208,1
40,400209,1
40,400210,1
40,400211,10
40,400212,1
40,400213,1
40,400214,1
40,400215,10
40,400216,1
40,400217,1
40,400218,10
40,400219,1
40,400220,1
40,400221,1
40,400222,1
40,400223,1
40,400224,1
40,400225,10
40,400226,1
40,400227,1
40,400228,1
40,400229,1
40,400230,1
40,400231,1
40,400232,10
40,400233,10
40,400234,1
40,400235,1
40,400236,1
40,400237,1
40,400238,1
40,400239,1
40,400240,10
40,400241,1
40,400242,10
40,400243,1
40,400244,1
40,400245,1
40,400246,1
40,400247,1
40,400248,1
40,400249,1
40,400250,1
40,400251,1
40,400252,10
40,400253,1
40,400254,1
40,400255,1
40,400256,10
40,400257,1
40,400258,2
40,400259,10
40,400260,2
40,400261,1
40,400262,1
40,400263,1
40,400264,10
40,400265,10
40,400266,10
40,400267,1
40,400268,1
40,400269,1
40,400270,1
40,400271,1
40,400272,1
40,400273,1
40,400274,1
40,400275,10
40,400276,1
40,400277,10
40,400278,10
40,400279,1
40,400280,1
40,400281,10
40,400282,1
40,400283,10
40,400284,1
40,400285,1
40,400286,1
40,400288,1
40,400289,1
40,400290,1
40,400291,1
40,400292,1
40,400293,1
40,400294,1
40,400295,99
40,400296,1
40,400297,10
40,400298,10
40,400299,1
40,400300,1
40,400301,1
40,400302,1
40,400303,1
40,400304,2
40,400305,1
40,400306,1
40,400307,1
40,400308,1
40,400309,1
40,400310,1
40,400311,1
40,400312,1
40,400313,2
40,400314,1
40,400315,1
40,400316,1
40,400317,10
40,400318,1
40,400319,1
40,400320,1
40,400321,1
40,400322,1
40,400323,1
40,400324,1
40,400325,10
40,400326,10
40,400327,1
40,400328,1
40,400329,1
40,400331,1
40,400332,1
40,400333,1
40,400334,1
40,400335,1
40,400336,1
40,400337,1
40,400338,10
40,400339,1
40,400340,1
40,400341,10
40,400342,1
40,400343,1
40,400344,1
40,400345,1
40,400346,1
40,400347,1
40,400348,1
40,400349,1
40,400350,1
40,400351,2
40,400352,10
40,400353,10
40,400354,1
40,400355,1
40,400356,1
40,400357,1
40,400358,1
40,400359,1
40,400360,1
40,400361,1
40,400362,10
40,400363,1
40,400364,1
40,400365,1
40,400366,1
40,400367,1
40,400368,1
40,400369,1
40,400370,5
40,400371,1
40,400372,1
40,400373,1
40,400374,2
40,400375,10
40,400376,10
40,400377,1
40,400378,10
40,400379,1
40,400380,1
40,400381,1
40,400382,1
40,400383,1
40,400384,1
40,400385,1
40,400386,1
40,400387,1
40,400388,2
40,400389,1
40,400390,1
40,400391,1
40,400392,10
40,400393,10
40,400394,10
40,400395,1
40,400396,10
40,400397,1
40,400398,1
40,400399,10
40,400400,1
40,400401,1
40,400402,5
40,400403,10
40,400404,1
40,400405,1
40,400406,10
40,400407,1
40,400408,1
40,400409,1
40,400410,1
40,400411,1
40,400412,1
40,400413,1
40,400414,1
40,400415,10
40,400416,1
40,400417,1
40,400418,1
40,400419,1
40,400420,1
40,400421,1
40,400422,1
40,400423,1
40,400424,1
40,400425,1
40,400426,1
40,400427,1
40,400428,1
40,400429,1
40,400430,1
40,400431,10
40,400432,1
40,400433,1
40,400434,10
40,400435,1
40,400436,1
40,400437,1
40,400438,1
40,400439,1
40,400440,1
40,400441,10
40,400442,10
40,400443,1
40,400444,1
40,400445,10
40,400446,1
40,400447,1
40,400448,1
40,400449,10
40,400450,1
40,400451,10
40,400452,10
40,400453,1
40,400454,1
40,400455,10
40,400456,1
40,400457,1
40,400458,10
40,400459,2
40,400460,2
40,400461,2
40,400462,2
40,400463,2
40,400464,10
40,400465,1
40,400466,1
40,400467,10
40,400468,2
40,400469,1
40,400470,1
40,400471,5
40,400472,10
40,400473,1
40,400474,99
40,400475,2
40,400476,1
40,400477,1
40,400478,1
40,400479,1
40,400480,1
40,400481,10
40,400482,1
40,400483,1
40,400484,1
40,400485,2
40,400486,2
40,400487,2
40,400488,1
40,400489,1
40,400490,1
40,400491,1
40,400492,10
40,400493,1
40,400494,10
40,400495,1
40,400496,1
40,400497,1
40,400498,1
40,400499,1
40,400500,1
40,400502,1
40,400503,10
40,400504,1
40,400505,1
40,400506,1
40,400507,10
40,400508,10
40,400509,2
40,400510,1
40,400511,1
40,400512,1
40,400513,1
40,400514,1
40,400515,1
40,400516,1
40,400517,10
40,400518,1
40,400519,8
40,400520,10
40,400521,10
40,400522,1
40,400524,1
40,400525,1
40,400526,1
40,400527,1
40,400528,1
40,400529,1
40,400530,10
40,400531,10
40,400532,10
40,400533,2
40,400534,10
40,400535,1
40,400536,1
40,400537,1
40,400538,1
40,400539,1
40,400540,1
40,400541,1
40,400542,1
40,400543,1
40,400544,1
40,400545,1
40,400546,1
40,400547,1
40,400548,2
40,400549,1
40,400551,1
40,400552,1
40,400553,1
40,400554,1
40,400555,1
40,400556,2
40,400557,1
40,400558,1
40,400559,10
40,400560,1
40,400561,1
40,400562,10
40,400563,1
40,400564,1
40,400565,1
40,400566,10
40,400567,1
40,400568,1
40,400569,1
40,400570,10
40,400571,1
40,400572,1
40,400573,1
40,400574,1
40,400576,1
40,400577,1
40,400578,10
40,400579,1
40,400580,1
40,400581,2
40,400582,10
40,400583,2
40,400584,1
40,400585,1
40,400586,1
40,400587,1
40,400588,1
40,400589,1
40,400590,5
40,400591,10
40,400592,1
40,400593,1
40,400594,1
40,400595,1
40,400596,1
40,400597,1
40,400598,1
40,400599,5
40,400600,1
40,400601,1
40,400602,1
40,400603,1
40,400604,1
40,400605,1
41,410001,10
41,410002,1
41,410003,10
41,410004,2
41,410005,10
41,410006,1
41,410007,1
41,410008,2
41,410009,2
41,410010,2
41,410011,2
41,410012,10
41,410013,10
41,410014,10
41,410015,99
41,410016,10
41,410017,5
41,410018,10
41,410019,2
41,410019,10
41,410020,2
41,410021,2
41,410021,10
41,410022,98
41,410023,1
41,410024,10
41,410025,10
41,410026,2
41,410027,10
41,410028,1
41,410029,99
41,410030,98
41,410031,10
41,410032,2
41,410032,10
41,410033,2
41,410034,10
41,410035,2
41,410036,2
41,410036,10
41,410037,1
41,410038,10
41,410039,2
41,410040,10
41,410041,10
41,410043,10
41,410044,2
41,410045,1
41,410046,1
41,410047,10
41,410048,4
41,410049,2
41,410050,4
41,410050,5
41,410051,99
41,410052,1
41,410053,1
41,410054,1
41,410055,10
41,410057,98
41,410059,1
41,410060,10
41,410061,2
41,410062,10
41,410064,4
41,410065,2
41,410066,10
41,410067,4
41,410068,1
41,410069,10
41,410070,10
41,410071,10
41,410072,1
41,410073,4
41,410074,2
41,410075,10
41,410076,1
41,410077,1
41,410078,1
41,410079,1
41,410080,1
41,410081,1
41,410082,99
41,410083,98
41,410084,10
41,410085,1
41,410086,1
41,410087,10
41,410088,2
41,410090,2
41,410091,2
41,410092,1
41,410093,2
41,410094,10
41,410095,1
41,410096,1
41,410097,1
41,410098,1
41,410099,10
41,410100,1
41,410101,10
41,410102,1
41,410103,10
41,410104,2
41,410105,1
41,410106,98
41,410107,1
41,410108,1
41,410109,1
41,410110,1
41,410111,1
41,410112,2
41,410113,10
41,410115,1
41,410116,1
41,410117,1
41,410118,1
41,410119,1
41,410120,1
41,410121,1
41,410122,1
41,410123,99
41,410124,10
41,410125,10
41,410126,2
41,410127,10
41,410128,1
41,410130,10
41,410131,4
41,410132,2
41,410133,1
41,410134,1
41,410135,99
41,410136,1
41,410138,10
41,410139,10
41,410140,1
41,410141,98
41,410142,1
41,410143,1
41,410144,1
41,410145,4
41,410146,1
41,410147,2
41,410148,4
41,410149,2
41,410150,98
41,410151,98
41,410153,1
41,410154,98
41,410155,10
41,410156,1
41,410157,1
41,410158,98
41,410159,2
41,410160,1
41,410161,10
41,410162,2
41,410163,10
41,410165,98
41,410166,1
41,410167,1
41,410168,98
41,410169,1
41,410170,1
41,410171,1
41,410172,1
41,410173,1
41,410174,1
41,410175,1
41,410176,1
41,410177,1
41,410178,1
41,410179,1
41,410180,1
41,410181,1
41,410182,1
41,410183,1
41,410184,1
41,410185,10
41,410186,1
41,410187,1
41,410188,1
41,410189,1
41,410190,1
41,410191,1
41,410192,1
41,410193,1
41,410194,1
41,410195,10
41,410197,1
41,410198,1
41,410199,1
41,410200,1
41,410201,98
41,410203,1
41,410205,1
41,410206,1
41,410207,1
41,410208,1
41,410209,1
41,410210,98
41,410211,1
41,410213,98
41,410214,1
41,410215,1
41,410216,1
41,410217,1
41,410218,10
41,410219,1
41,410220,1
41,410221,1
41,410222,1
41,410224,99
41,410225,1
41,410226,1
41,410227,1
41,410228,1
41,410229,1
41,410230,1
41,410231,1
41,410232,1
41,410233,1
41,410234,1
41,410235,1
41,410236,1
41,410237,1
41,410238,1
41,410239,1
41,410240,98
41,410241,1
41,410242,1
41,410243,1
41,410245,1
41,410246,1
41,410247,10
41,410248,1
41,410249,1
41,410250,1
41,410251,1
41,410252,1
41,410253,1
41,410254,1
41,410255,1
41,410256,1
41,410257,1
41,410258,1
41,410260,1
41,410261,1
41,410262,1
41,410263,1
41,410264,1
41,410265,1
41,410266,1
41,410267,1
41,410268,1
41,410269,1
41,410270,1
41,410271,2
41,410272,98
41,410273,1
41,410274,1
41,410275,1
41,410276,1
41,410277,1
41,410278,1
41,410279,98
41,410281,1
41,410282,1
41,410283,1
41,410284,1
41,410285,1
41,410286,1
41,410287,10
41,410288,1
41,410289,1
41,410290,98
41,410291,1
41,410292,1
41,410293,1
41,410294,1
41,410295,1
41,410296,10
41,410297,10
41,410298,1
41,410299,1
41,410300,1
41,410302,1
41,410303,98
41,410304,1
41,410305,1
41,410306,1
41,410307,1
41,410308,1
41,410309,1
41,410310,1
41,410311,1
41,410312,1
41,410313,98
41,410314,1
41,410315,10
41,410316,1
41,410318,1
41,410319,1
41,410320,1
41,410321,1
41,410322,1
41,410323,1
41,410324,1
41,410325,1
41,410326,1
41,410327,1
41,410328,1
41,410329,1
41,410330,1
41,410331,1
41,410332,1
41,410333,1
41,410334,1
41,410336,1
41,410338,2
41,410339,10
41,410340,1
41,410341,1
41,410342,1
41,410343,1
41,410344,1
41,410345,1
41,410346,1
41,410347,98
41,410348,1
41,410349,1
41,410350,1
41,410351,1
41,410352,98
41,410353,98
41,410355,1
41,410357,1
41,410358,1
41,410359,1
41,410360,1
41,410361,1
41,410362,10
41,410363,10
41,410364,1
41,410365,10
41,410366,1
41,410367,1
41,410368,1
41,410369,1
41,410370,1
41,410371,1
41,410372,1
41,410373,98
41,410374,1
41,410375,1
41,410376,1
41,410377,1
41,410378,1
41,410379,1
41,410381,1
41,410383,1
41,410385,4
41,410386,2
41,410387,10
41,410388,1
41,410389,1
41,410390,98
41,410391,2
41,410392,2
41,410393,1
41,410394,1
41,410395,1
41,410396,1
41,410398,1
41,410399,10
41,410400,1
41,410401,1
41,410402,1
41,410403,2
41,410403,10
41,410404,10
41,410405,2
41,410406,1
41,410407,98
41,410408,1
41,410410,2
41,410411,1
41,410412,1
41,410413,2
41,410413,10
41,410414,2
41,410415,2
41,410416,10
41,410417,1
41,410418,5
41,410419,2
41,410420,2
41,410421,1
41,410423,10
41,410425,98
41,410426,1
41,410427,1
41,410428,1
41,410429,1
41,410430,5
41,410431,1
41,410432,1
41,410433,5
41,410434,1
41,410435,1
41,410436,10
41,410437,10
41,410438,2
41,410439,2
41,410440,98
41,410441,2
41,410443,10
41,410444,98
41,410445,1
41,410446,1
41,410447,1
41,410448,1
41,410449,1
41,410450,1
41,410451,98
41,410452,1
41,410453,98
41,410454,1
41,410455,1
41,410456,10
41,410457,1
41,410458,2
41,410459,98
41,410460,2
41,410461,2
41,410462,2
41,410463,1
41,410464,1
41,410465,2
41,410466,2
41,410467,1
41,410468,1
41,410469,10
41,410470,10
41,410471,10
41,410473,1
41,410474,10
41,410475,10
41,410476,98
41,410477,1
41,410478,5
41,410479,1
41,410480,1
41,410481,98
41,410484,2
41,410485,2
41,410486,10
41,410487,1
41,410488,10
41,410489,10
41,410490,2
41,410491,1
41,410492,1
41,410493,98
41,410494,2
41,410495,4
41,410496,10
41,410497,1
41,410498,5
41,410499,2
41,410499,10
41,410500,10
41,410501,10
41,410502,2
41,410503,1
41,410504,1
41,410505,10
41,410506,2
41,410507,2
41,410508,4
41,410509,1
41,410510,2
41,410511,2
41,410512,2
41,410513,2
41,410514,2
41,410515,1
41,410516,98
41,410517,1
41,410518,98
41,410519,10
41,410520,1
41,410521,98
41,410522,1
41,410523,98
41,410524,5
41,410525,5
41,410525,10
41,410527,1
42,420001,2
42,420002,1
42,420003,1
42,420004,1
42,420005,10
42,420006,3
42,420006,11
42,420007,1
42,420008,10
42,420009,1
42,420010,1
42,420011,10
42,420012,1
42,420013,1
42,420014,1
42,420015,4
42,420016,1
42,420017,1
42,420018,2
42,420018,5
42,420019,1
42,420020,1
42,420021,1
42,420022,1
42,420023,1
42,420024,1
42,420025,2
42,420026,2
42,420027,1
42,420028,4
42,420029,11
42,420030,1
42,420031,1
42,420032,1
42,420033,1
42,420034,1
42,420035,1
42,420036,2
42,420037,1
42,420038,10
42,420039,1
42,420040,2
42,420040,5
42,420041,5
42,420042,1
42,420043,1
42,420044,1
42,420045,1
42,420046,1
42,420047,1
42,420048,1
42,420049,1
42,420050,1
42,420051,1
42,420052,1
42,420053,1
42,420054,1
42,420055,1
42,420056,1
42,420057,1
42,420058,1
42,420059,10
42,420060,1
42,420061,1
42,420062,1
42,420063,1
42,420064,1
42,420065,1
42,420066,1
42,420067,1
42,420068,1
42,420069,1
42,420070,1
42,420071,1
42,420072,10
42,420073,1
42,420074,1
42,420075,1
42,420076,1
42,420077,1
42,420078,1
42,420079,1
42,420080,2
42,420081,1
42,420082,1
42,420083,1
42,420084,1
42,420085,2
42,420086,1
42,420087,1
42,420088,1
42,420089,1
42,420090,1
42,420091,10
42,420092,2
42,420093,1
42,420094,4
42,420095,1
42,420096,1
42,420097,1
42,420099,1
42,420100,1
42,420101,4
42,420101,10
42,420102,1
42,420103,1
42,420104,1
42,420105,4
42,420106,2
42,420107,1
42,420108,1
42,420109,1
42,420110,1
42,420111,1
42,420112,1
42,420113,10
42,420114,2
42,420115,1
42,420116,1
42,420117,1
42,420118,1
42,420119,1
42,420120,1
42,420121,1
42,420122,2
42,420123,1
42,420124,1
42,420125,2
42,420126,1
42,420127,1
42,420128,1
42,420129,6
42,420129,11
42,420130,1
42,420131,10
42,420133,1
42,420134,2
42,420134,10
42,420135,1
42,420136,1
42,420137,2
42,420138,1
42,420139,1
42,420140,1
42,420141,1
42,420142,1
42,420143,1
42,420144,2
42,420145,1
42,420146,10
42,420147,2
42,420148,10
42,420149,10
42,420150,1
42,420151,1
42,420152,2
42,420153,1
42,420154,2
42,420156,1
42,420157,1
42,420158,1
42,420159,4
42,420159,10
42,420160,2
42,420161,1
42,420162,1
42,420163,1
42,420164,2
42,420165,1
42,420166,1
42,420167,2
42,420168,1
42,420169,1
42,420170,99
42,420171,1
42,420172,1
42,420173,1
42,420174,1
42,420175,1
42,420176,1
42,420177,1
42,420178,2
42,420179,1
42,420180,1
42,420181,1
42,420182,1
42,420183,1
42,420184,1
42,420185,1
42,420186,1
42,420187,1
42,420188,4
42,420189,1
42,420190,1
42,420191,1
42,420192,1
42,420193,2
42,420194,1
42,420195,1
42,420196,1
42,420197,1
42,420198,1
42,420199,1
42,420200,1
42,420201,1
42,420202,10
42,420203,1
42,420204,5
42,420205,1
42,420207,1
42,420208,1
42,420209,1
42,420210,10
42,420211,10
42,420212,10
42,420213,1
42,420214,98
42,420215,1
42,420216,1
42,420217,10
42,420218,2
42,420219,1
42,420220,1
42,420221,1
42,420222,1
42,420223,1
42,420224,1
42,420225,1
42,420226,1
42,420227,1
42,420228,10
42,420229,1
42,420230,1
42,420231,1
42,420232,1
42,420233,1
42,420234,1
42,420235,1
42,420236,10
42,420237,1
42,420238,1
42,420239,1
42,420240,1
42,420241,1
42,420242,1
42,420243,2
42,420244,1
42,420245,1
42,420246,1
42,420247,1
42,420248,1
42,420249,1
42,420250,1
42,420251,1
42,420252,1
42,420253,1
42,420254,1
42,420255,1
42,420256,1
42,420257,1
42,420258,1
42,420259,10
42,420260,1
42,420261,1
42,420262,1
42,420263,1
42,420264,1
42,420265,1
42,420266,1
42,420267,1
42,420268,1
42,420269,1
42,420270,1
42,420271,1
42,420272,1
42,420273,1
42,420274,2
42,420275,2
42,420276,1
42,420277,1
42,420278,2
42,420280,2
42,420281,1
42,420282,1
42,420283,1
42,420284,1
42,420285,1
42,420286,1
42,420287,1
42,420288,1
42,420289,1
42,420290,1
42,420291,1
42,420292,1
42,420293,1
42,420294,2
42,420295,1
42,420296,2
42,420297,1
42,420298,2
42,420299,10
42,420300,1
42,420301,1
42,420302,1
42,420303,2
42,420304,1
42,420305,1
42,420306,1
42,420307,2
42,420308,4
42,420309,5
42,420310,99
42,420311,2
42,420312,2
42,420313,1
42,420314,1
42,420315,2
42,420316,1
42,420317,1
42,420318,1
42,420320,2
42,420321,1
42,420322,2
42,420323,10
42,420324,2
42,420325,1
42,420326,1
42,420327,10
42,420328,2
42,420329,1
42,420330,10
42,420331,1
42,420332,1
42,420333,1
42,420334,1
42,420335,1
42,420336,2
42,420336,6
42,420337,1
42,420338,1
42,420339,1
42,420340,1
42,420341,2
42,420342,1
42,420343,1
42,420344,1
42,420345,1
42,420346,1
42,420347,1
42,420348,1
42,420349,2
42,420350,1
42,420351,1
42,420352,1
42,420353,1
42,420354,98
42,420355,98
42,420356,1
42,420357,1
42,420358,2
42,420359,1
42,420360,1
42,420361,1
42,420362,1
42,420363,10
42,420364,1
42,420365,1
42,420366,1
42,420367,1
42,420368,1
42,420369,1
42,420370,1
42,420371,5
42,420372,10
42,420373,1
42,420374,1
42,420375,1
42,420376,1
42,420377,1
42,420378,1
42,420379,1
42,420380,1
42,420381,1
42,420382,1
42,420383,1
42,420384,1
42,420385,1
42,420386,1
42,420387,1
42,420388,1
42,420389,1
42,420390,1
42,420391,1
42,420392,1
42,420393,1
42,420394,1
42,420395,1
42,420396,1
42,420397,1
42,420398,1
42,420399,1
42,420400,1
42,420401,1
42,420402,1
42,420403,2
42,420404,98
42,420405,1
42,420406,1
42,420407,1
42,420408,1
42,420409,1
42,420410,1
42,420411,1
42,420412,1
42,420413,1
42,420414,1
42,420415,1
42,420416,1
42,420417,1
42,420418,1
42,420419,1
42,420420,1
42,420421,1
42,420422,1
42,420423,1
42,420424,1
42,420425,1
42,420426,1
42,420427,1
42,420428,10
42,420429,1
42,420431,1
42,420432,1
42,420433,1
42,420434,99
42,420435,1
42,420436,1
42,420437,1
42,420438,1
42,420439,1
42,420440,1
42,420441,1
42,420442,1
42,420443,1
42,420444,1
42,420445,1
42,420446,1
42,420447,1
42,420448,1
42,420449,1
42,420450,1
42,420451,1
42,420452,1
42,420453,5
42,420454,1
42,420455,1
42,420456,98
42,420457,1
42,420458,1
42,420459,1
42,420460,1
42,420461,1
42,420462,1
42,420463,1
42,420464,1
42,420465,1
42,420466,1
42,420467,1
42,420468,2
42,420469,1
42,420470,1
42,420471,1
42,420472,1
42,420473,1
42,420474,1
42,420475,1
42,420476,1
42,420477,1
42,420478,1
42,420479,1
42,420480,1
42,420481,1
42,420482,1
42,420483,1
42,420484,1
42,420485,1
42,420486,1
42,420487,1
42,420488,1
42,420489,1
42,420490,1
42,420491,1
42,420492,1
42,420493,1
42,420494,1
42,420495,1
42,420496,1
42,420497,1
42,420498,1
42,420499,1
42,420500,1
42,420501,1
42,420502,1
42,420503,1
42,420504,1
42,420505,1
42,420506,1
42,420507,1
42,420508,10
42,420509,1
42,420510,1
42,420511,1
42,420512,1
42,420513,1
42,420514,1
42,420515,1
42,420516,1
42,420517,1
42,420518,2
42,420519,1
42,420520,10
42,420521,1
42,420522,1
42,420523,1
42,420524,1
42,420525,1
42,420526,1
42,420527,1
42,420528,1
42,420529,2
42,420530,1
42,420531,1
42,420532,1
42,420533,1
42,420534,1
42,420535,1
42,420536,1
42,420537,1
42,420538,1
42,420539,2
42,420540,10
42,420541,1
42,420542,1
42,420543,1
42,420544,1
42,420545,1
42,420546,1
42,420547,1
42,420548,1
42,420549,1
42,420550,1
42,420551,1
42,420552,1
42,420553,1
42,420554,1
42,420555,1
42,420556,1
42,420557,1
42,420558,1
42,420559,1
42,420560,1
42,420561,2
42,420562,1
42,420563,1
42,420564,1
42,420565,1
42,420566,98
42,420567,1
42,420568,1
42,420569,1
42,420570,1
42,420571,1
42,420572,1
42,420573,1
42,420574,1
42,420575,1
42,420576,1
42,420577,1
42,420578,1
42,420579,1
42,420580,1
42,420581,2
42,420582,1
42,420583,1
42,420584,1
42,420585,5
42,420586,1
42,420587,1
42,420588,1
42,420589,1
42,420590,1
42,420591,1
42,420592,1
42,420593,1
42,420594,1
42,420595,1
42,420596,1
42,420597,1
42,420598,1
42,420599,1
42,420600,1
42,420601,1
42,420602,1
42,420603,1
42,420604,1
42,420605,1
42,420606,1
42,420607,1
42,420608,2
42,420609,1
42,420610,1
42,420611,1
42,420612,1
42,420613,1
42,420614,2
42,420615,1
42,420616,1
42,420617,10
42,420618,1
42,420619,1
42,420620,1
42,420621,2
42,420622,1
42,420623,2
42,420624,10
42,420625,1
42,420626,1
42,420627,1
42,420628,1
42,420629,1
42,420630,1
42,420631,1
42,420632,1
42,420633,1
42,420634,2
42,420635,1
42,420636,1
42,420637,1
42,420638,1
42,420639,1
42,420640,1
42,420641,1
42,420642,1
42,420643,1
42,420644,1
42,420645,10
42,420646,1
42,420647,1
42,420648,1
42,420649,1
42,420650,1
42,420651,1
42,420652,1
42,420653,1
42,420654,1
42,420655,1
42,420656,1
42,420657,1
42,420658,1
42,420659,1
42,420660,1
42,420661,1
42,420662,1
42,420663,10
42,420664,1
42,420665,1
42,420666,10
42,420667,1
42,420668,1
42,420669,2
42,420669,5
42,420670,2
42,420671,1
42,420672,2
42,420672,10
42,420673,2
42,420674,1
42,420675,1
42,420676,2
42,420677,1
42,420678,2
42,420679,1
42,420680,2
42,420681,1
42,420682,2
42,420683,1
42,420684,2
42,420685,1
42,420686,1
42,420687,1
42,420688,1
42,420689,1
42,420690,1
42,420691,1
42,420692,1
42,420693,1
42,420694,1
42,420695,2
42,420696,1
42,420697,1
42,420698,2
42,420699,1
42,420700,1
42,420701,1
42,420702,1
42,420703,5
42,420704,1
42,420705,2
42,420706,1
42,420707,2
42,420708,1
42,420709,1
42,420710,1
42,420711,10
42,420712,1
42,420713,1
42,420714,1
42,420715,1
42,420716,1
42,420717,1
42,420718,1
42,420719,1
42,420720,1
42,420721,1
42,420722,1
42,420723,1
42,420724,1
42,420725,1
42,420726,2
42,420726,5
42,420727,1
42,420728,1
42,420729,1
42,420730,10
42,420731,1
42,420732,1
42,420733,1
42,420734,1
42,420735,1
42,420736,1
42,420737,1
42,420738,1
42,420739,1
42,420740,1
42,420741,10
42,420742,1
42,420743,2
42,420744,10
42,420745,1
42,420746,1
42,420747,1
42,420748,1
42,420749,1
42,420750,1
42,420751,1
42,420752,1
42,420753,1
42,420754,1
42,420755,1
42,420756,1
42,420757,10
42,420759,10
42,420760,2
42,420761,10
42,420762,1
42,420763,1
42,420764,1
42,420765,1
42,420766,1
42,420767,1
42,420768,1
42,420769,5
42,420770,1
42,420771,1
42,420772,1
42,420773,1
42,420774,1
42,420775,1
42,420776,1
42,420777,1
42,420778,1
42,420779,1
42,420780,1
42,420781,1
42,420782,1
42,420783,1
42,420784,1
42,420785,1
42,420786,2
42,420787,1
42,420788,1
42,420789,1
42,420790,1
42,420791,1
42,420792,1
42,420793,1
42,420794,1
42,420795,1
42,420796,1
42,420797,1
42,420798,1
42,420799,1
42,420800,10
42,420801,1
42,420802,1
42,420803,1
42,420804,1
42,420805,1
42,420806,1
42,420807,1
42,420808,10
42,420809,1
42,420810,1
42,420811,1
42,420812,1
42,420813,1
42,420814,1
42,420815,1
42,420816,1
42,420817,2
42,420818,1
42,420819,1
42,420820,1
42,420821,1
42,420822,1
42,420823,1
42,420824,1
42,420825,5
42,420826,1
42,420827,1
42,420828,1
42,420829,1
42,420830,1
42,420831,1
42,420832,1
42,420833,1
42,420834,1
42,420835,1
42,420836,1
42,420837,1
42,420838,1
42,420839,1
42,420840,1
42,420841,1
42,420842,1
42,420843,1
42,420844,10
42,420845,1
42,420846,1
42,420847,1
42,420848,1
42,420849,1
42,420850,10
42,420851,5
42,420852,10
42,420853,1
42,420854,1
42,420855,1
42,420856,1
42,420857,1
42,420858,1
42,420859,1
42,420860,1
42,420861,1
42,420862,2
42,420863,1
42,420864,1
42,420865,1
42,420866,1
42,420867,1
42,420868,1
42,420869,1
42,420870,1
42,420871,1
42,420872,1
42,420873,1
42,420874,1
42,420875,1
42,420876,1
42,420877,1
42,420878,2
42,420879,1
42,420880,1
42,420881,1
42,420882,1
42,420883,1
42,420884,1
42,420885,2
42,420886,1
42,420887,1
42,420888,1
42,420889,1
42,420890,1
42,420891,1
42,420892,1
42,420893,1
42,420894,1
42,420895,1
42,420896,1
42,420897,1
42,420898,1
42,420899,2
42,420900,1
42,420901,1
42,420902,4
42,420903,10
42,420904,2
42,420905,4
42,420905,12
42,420906,3
42,420906,4
42,420907,1
42,420908,1
42,420909,1
42,420910,2
42,420911,1
42,420912,1
42,420913,1
42,420914,1
42,420915,1
42,420916,1
42,420917,10
42,420918,1
42,420919,1
42,420920,1
42,420921,1
42,420922,1
42,420923,1
42,420924,1
42,420925,1
42,420926,1
42,420927,1
42,420928,1
42,420929,1
42,420930,1
42,420931,1
42,420932,1
42,420933,2
42,420934,1
42,420935,1
42,420936,1
42,420937,1
42,420938,1
42,420939,1
42,420940,2
42,420941,2
42,420942,4
42,420943,1
42,420944,1
42,420945,1
42,420946,1
42,420947,1
42,420948,10
42,420949,1
42,420950,2
42,420951,4
42,420952,1
42,420953,1
42,420954,1
42,420955,1
42,420956,1
42,420957,1
42,420958,1
42,420959,4
42,420960,10
42,420961,1
42,420962,1
42,420963,1
42,420964,2
42,420965,1
42,420966,4
42,420966,11
42,420967,1
42,420968,1
42,420969,1
42,420970,1
42,420971,1
42,420972,1
42,420973,1
42,420974,1
42,420975,1
42,420976,2
42,420977,2
42,420978,1
42,420979,1
42,420980,2
42,420981,2
42,420982,2
42,420983,1
42,420984,1
42,420985,1
42,420986,2
42,420987,10
42,420988,5
42,420989,98
42,420990,1
42,420991,1
42,420992,1
42,420993,1
42,420994,10
42,420995,1
42,420996,1
42,420997,2
42,420998,1
42,420999,1
42,421000,1
42,421001,1
42,421002,1
42,421003,1
42,421004,1
42,421005,1
42,421008,1
42,421009,1
42,421010,1
42,421011,1
42,421012,1
42,421013,98
42,421014,1
42,421015,1
42,421016,1
42,421017,1
42,421018,1
42,421019,1
42,421020,2
42,421021,2
42,421022,1
42,421023,1
42,421024,1
42,421025,1
42,421026,1
42,421027,10
42,421028,1
42,421029,1
42,421031,4
42,421032,1
42,421033,1
42,421034,2
42,421035,10
42,421036,1
42,421037,1
42,421038,2
42,421039,1
42,421040,1
42,421041,4
42,421041,11
42,421042,4
42,421043,11
42,421044,2
42,421045,1
42,421046,1
42,421047,1
42,421048,1
42,421049,1
42,421050,1
42,421051,1
42,421052,10
42,421053,1
42,421054,1
42,421055,1
42,421056,1
42,421057,1
42,421058,4
42,421059,1
42,421060,1
42,421061,2
42,421062,1
42,421063,1
42,421064,2
42,421065,10
42,421066,1
42,421067,1
42,421068,2
42,421071,1
42,421072,1
42,421073,1
44,440001,1
44,440003,1
44,440004,1
44,440005,1
44,440006,1
44,440007,10
44,440008,1
44,440009,1
44,440010,1
44,440011,1
44,440012,1
44,440013,1
44,440014,1
44,440016,10
44,440017,1
44,440018,1
44,440019,1
44,440020,1
44,440022,1
44,440023,10
44,440024,1
44,440025,2
44,440026,1
44,440027,1
44,440028,2
44,440029,1
44,440030,1
44,440031,1
44,440032,1
44,440033,1
44,440034,1
44,440035,10
44,440036,2
44,440038,1
44,440039,1
44,440040,10
44,440041,1
44,440042,1
44,440043,1
44,440044,1
44,440045,1
44,440046,1
44,440047,1
44,440048,1
44,440049,1
44,440050,1
44,440051,1
44,440052,1
45,450001,1
45,450002,1
45,450003,1
45,450004,1
45,450005,1
45,450006,1
45,450007,1
45,450008,1
45,450009,1
45,450010,1
45,450011,2
45,450012,1
45,450013,1
45,450014,1
45,450015,1
45,450016,1
45,450018,1
45,450019,1
45,450020,1
45,450021,1
45,450022,1
45,450023,1
45,450024,1
45,450025,1
45,450026,1
45,450027,1
45,450028,1
45,450029,1
45,450030,1
45,450031,1
45,450032,1
45,450033,1
45,450034,1
45,450035,1
45,450036,1
45,450037,1
45,450038,1
45,450039,1
45,450040,1
45,450041,1
45,450042,1
45,450043,1
45,450044,1
45,450045,1
45,450046,2
45,450047,1
45,450048,1
45,450049,1
45,450050,1
45,450051,2
45,450052,1
45,450053,1
45,450054,1
45,450055,1
45,450056,1
45,450057,1
45,450058,10
45,450059,1
45,450060,2
45,450061,10
45,450062,2
45,450063,2
45,450064,10
45,450065,1
45,450066,1
45,450067,1
45,450068,1
45,450069,1
45,450070,1
45,450071,10
45,450072,2
45,450073,1
45,450074,1
45,450075,1
45,450076,1
45,450077,1
45,450078,1
45,450079,1
45,450080,1
45,450081,2
45,450082,2
45,450083,1
45,450084,1
45,450085,2
45,450086,2
45,450087,2
45,450088,1
45,450089,1
45,450090,1
45,450091,1
45,450092,1
45,450093,1
45,450094,1
45,450095,1
45,450096,1
45,450097,1
45,450098,1
45,450099,1
45,450100,1
45,450101,1
45,450102,10
45,450103,1
45,450104,1
45,450105,1
45,450106,1
45,450107,1
45,450108,1
45,450109,2
45,450110,1
45,450111,1
45,450112,1
45,450113,1
45,450114,1
45,450115,1
45,450116,1
45,450117,1
45,450118,1
45,450119,1
45,450120,1
45,450121,1
45,450122,1
45,450123,1
45,450124,1
45,450125,1
45,450126,1
45,450127,1
45,450128,1
45,450129,10
45,450130,10
45,450131,2
45,450132,1
45,450133,2
45,450134,1
45,450135,1
45,450136,1
45,450137,1
45,450138,1
45,450139,1
45,450140,2
45,450141,5
45,450142,1
45,450143,2
45,450144,10
45,450145,1
45,450146,1
45,450147,1
45,450148,1
45,450149,1
45,450150,1
45,450151,1
45,450152,1
45,450153,1
45,450154,1
45,450155,1
45,450156,1
45,450157,1
45,450158,1
45,450159,1
45,450160,1
45,450161,1
45,450162,1
45,450163,1
45,450164,1
45,450165,1
45,450166,1
45,450167,1
45,450168,1
45,450169,1
45,450170,1
45,450171,1
45,450172,1
45,450173,1
45,450174,1
45,450175,1
45,450176,1
45,450177,1
45,450178,1
45,450179,1
45,450180,1
45,450181,1
45,450182,1
45,450183,2
45,450184,2
45,450185,10
45,450186,1
45,450187,1
45,450188,1
45,450189,1
45,450190,10
45,450191,10
45,450192,2
45,450193,1
45,450194,1
45,450195,1
45,450196,1
45,450197,1
45,450198,1
45,450199,1
45,450200,1
45,450201,1
45,450202,1
45,450203,1
45,450204,1
45,450205,1
45,450206,2
45,450207,2
45,450208,1
45,450209,1
45,450210,1
45,450211,1
45,450212,1
45,450213,1
45,450214,1
45,450215,1
45,450216,1
45,450217,1
45,450218,1
45,450219,1
45,450220,1
45,450221,1
45,450222,1
45,450223,1
45,450224,1
45,450225,1
45,450226,1
45,450227,1
45,450228,1
45,450229,1
45,450230,1
45,450231,1
45,450232,1
45,450233,1
45,450234,2
45,450235,10
45,450236,10
45,450237,1
45,450238,1
45,450239,1
45,450240,1
45,450241,1
45,450242,1
45,450243,1
45,450244,1
45,450245,1
45,450246,1
45,450247,1
45,450248,1
45,450249,1
45,450250,1
45,450251,1
45,450252,1
45,450253,10
45,450254,1
45,450255,10
45,450256,1
45,450257,1
45,450258,1
45,450259,1
45,450260,1
45,450261,1
45,450262,1
45,450263,1
45,450264,1
45,450265,1
45,450266,1
45,450267,1
45,450268,1
45,450269,1
45,450270,1
45,450271,10
45,450272,1
45,450273,1
45,450274,1
45,450275,1
45,450276,1
45,450277,1
45,450278,1
45,450279,1
45,450280,1
45,450281,1
45,450282,1
45,450283,2
45,450284,1
45,450285,99
45,450286,1
45,450287,1
45,450288,1
45,450289,1
45,450291,1
45,450292,1
45,450293,1
45,450294,1
45,450295,1
45,450296,1
45,450297,1
45,450298,1
45,450299,1
45,450300,1
45,450301,5
45,450302,1
45,450303,1
45,450304,10
45,450305,1
45,450306,2
45,450307,1
45,450308,1
45,450309,1
45,450310,5
45,450311,1
45,450312,1
45,450313,1
45,450314,1
45,450315,1
45,450316,10
45,450317,2
45,450318,2
45,450319,2
45,450320,2
45,450321,1
45,450322,2
45,450323,1
45,450324,1
45,450325,1
45,450326,1
45,450327,1
45,450328,1
45,450329,1
45,450330,1
45,450331,1
45,450332,1
45,450333,1
45,450334,1
45,450335,1
45,450336,1
45,450337,1
45,450338,1
45,450339,2
45,450340,10
45,450341,1
45,450342,1
45,450343,5
45,450344,1
45,450345,1
45,450346,1
45,450347,1
45,450348,5
45,450349,1
45,450350,1
45,450351,1
45,450352,1
45,450353,1
45,450354,1
45,450355,1
45,450356,1
45,450357,1
45,450358,1
45,450359,1
45,450361,1
45,450362,1
45,450363,1
45,450364,1
45,450365,1
45,450366,1
45,450367,1
45,450368,1
45,450369,1
45,450370,1
45,450371,1
45,450372,1
45,450373,1
45,450374,1
45,450375,1
45,450376,1
45,450377,1
45,450378,1
45,450379,1
45,450380,1
45,450381,1
45,450382,1
45,450383,1
45,450384,1
45,450385,1
45,450386,1
45,450387,1
45,450388,1
45,450389,1
45,450390,1
45,450391,1
45,450392,10
45,450393,1
45,450394,1
45,450395,1
45,450396,1
45,450397,1
45,450398,1
45,450399,1
45,450400,1
45,450401,1
45,450402,1
45,450403,10
45,450404,1
45,450405,1
45,450406,1
45,450407,1
45,450408,1
45,450409,1
45,450410,1
45,450411,1
45,450412,1
45,450413,1
45,450414,1
45,450415,1
45,450416,1
45,450417,1
45,450418,1
45,450419,1
45,450420,1
45,450421,1
45,450422,1
45,450423,1
45,450424,1
45,450425,1
45,450426,1
45,450427,1
45,450428,1
45,450429,1
45,450430,1
45,450431,1
45,450432,1
45,450433,1
45,450434,1
45,450435,1
45,450436,1
45,450437,1
45,450438,1
45,450439,1
45,450440,1
45,450441,1
45,450442,1
45,450443,1
45,450444,1
45,450445,1
45,450446,1
45,450447,1
45,450448,1
45,450449,1
45,450450,1
45,450451,1
45,450452,1
45,450453,1
45,450454,1
45,450455,1
45,450456,1
45,450457,1
45,450458,1
45,450459,1
45,450460,1
45,450461,1
45,450462,10
45,450463,1
45,450464,1
45,450465,1
45,450466,1
45,450467,1
45,450468,1
45,450469,1
45,450470,1
45,450471,1
45,450472,1
45,450473,1
45,450474,1
45,450475,1
45,450476,1
45,450477,1
45,450478,1
45,450479,1
45,450480,1
45,450481,1
45,450482,1
45,450483,1
45,450484,1
45,450485,1
45,450486,1
45,450487,1
45,450488,1
45,450489,1
45,450490,1
45,450491,1
45,450492,1
45,450493,1
45,450494,1
45,450495,1
45,450496,1
45,450497,2
45,450498,10
45,450499,2
45,450500,1
45,450501,1
45,450502,1
45,450503,1
45,450504,2
45,450505,1
45,450506,2
45,450507,2
45,450508,1
45,450509,1
45,450510,1
45,450511,1
45,450512,1
45,450513,1
45,450514,1
45,450515,10
45,450516,1
45,450517,1
45,450518,1
45,450519,1
45,450520,2
45,450521,1
45,450522,1
45,450523,10
45,450524,1
45,450525,1
45,450526,1
45,450527,1
45,450528,1
45,450529,1
45,450530,10
45,450531,10
45,450532,1
45,450533,1
45,450534,1
45,450535,1
45,450536,1
45,450537,1
45,450538,1
45,450539,1
45,450540,1
45,450541,1
45,450542,1
45,450543,1
45,450544,1
45,450545,1
45,450546,1
45,450547,1
45,450548,1
45,450549,1
45,450550,2
45,450551,1
45,450552,1
45,450553,2
45,450554,1
45,450555,10
45,450556,1
45,450557,1
45,450558,2
45,450559,1
45,450560,1
45,450561,1
45,450562,1
45,450563,1
45,450564,1
45,450565,1
45,450566,1
45,450567,1
45,450568,1
45,450569,1
45,450570,1
45,450571,1
45,450572,1
45,450573,1
45,450574,1
45,450575,1
45,450576,1
45,450577,1
45,450578,1
45,450579,1
45,450580,1
45,450581,1
45,450582,1
45,450583,1
45,450584,1
45,450585,1
45,450586,1
45,450587,1
45,450588,1
45,450589,1
45,450590,1
45,450591,1
45,450592,1
45,450593,1
45,450594,1
45,450595,1
45,450596,10
45,450597,1
45,450598,2
45,450599,1
45,450600,1
45,450601,10
45,450602,1
45,450603,1
45,450604,1
45,450605,1
45,450606,10
45,450608,1
45,450609,1
45,450610,1
45,450611,2
45,450612,1
45,450613,1
45,450614,10
45,450615,1
45,450616,1
45,450617,2
45,450618,2
45,450619,1
45,450620,1
45,450621,1
45,450622,1
45,450623,1
45,450624,1
45,450625,1
45,450626,1
45,450627,1
45,450628,1
45,450629,1
45,450630,1
45,450631,1
45,450632,1
45,450633,1
45,450634,1
45,450635,1
45,450636,1
45,450637,1
45,450638,1
45,450639,2
45,450640,2
45,450641,2
45,450642,2
45,450643,2
45,450644,1
45,450645,1
45,450646,6
45,450647,1
45,450648,10
45,450649,10
45,450650,1
45,450651,1
45,450652,1
45,450653,1
45,450654,1
45,450655,1
45,450656,1
45,450657,2
45,450658,1
45,450659,1
45,450660,1
45,450661,1
45,450662,1
45,450663,1
45,450664,1
45,450665,10
45,450666,1
45,450667,1
45,450668,1
45,450669,1
45,450670,1
45,450671,1
45,450672,1
45,450673,1
45,450674,1
45,450675,1
45,450676,1
45,450677,1
45,450678,1
45,450679,1
45,450680,1
45,450681,1
45,450682,1
45,450683,1
45,450684,1
45,450685,5
45,450686,1
45,450687,1
45,450688,1
45,450689,1
45,450690,1
45,450691,1
45,450692,1
45,450693,1
45,450694,1
45,450695,1
45,450696,2
45,450697,1
45,450698,1
45,450699,1
45,450700,1
45,450701,1
45,450702,10
45,450703,1
45,450704,1
45,450705,1
45,450706,1
45,450707,1
45,450708,1
45,450709,1
45,450710,1
45,450711,10
45,450712,1
45,450713,1
45,450714,2
45,450715,1
45,450716,1
45,450717,1
45,450718,1
45,450719,1
45,450720,1
45,450721,1
45,450722,1
45,450723,1
45,450724,1
45,450725,1
45,450726,1
45,450727,1
45,450728,1
45,450729,1
45,450730,1
45,450731,1
45,450732,1
45,450733,1
45,450734,1
45,450735,1
45,450736,1
45,450737,1
45,450738,1
45,450739,1
45,450740,1
45,450741,1
45,450742,1
45,450743,1
45,450744,1
45,450745,1
45,450746,1
45,450747,1
45,450748,1
45,450749,1
45,450750,1
45,450751,1
45,450752,1
45,450753,1
45,450754,1
45,450755,1
45,450756,1
45,450757,1
45,450758,1
45,450759,1
45,450760,1
45,450761,1
45,450762,1
45,450763,1
45,450764,1
45,450765,1
45,450766,1
45,450767,1
45,450768,1
45,450769,1
45,450770,1
45,450771,1
45,450772,1
45,450773,1
45,450774,1
45,450775,1
45,450776,10
45,450777,1
45,450778,1
45,450779,1
45,450780,1
45,450781,1
45,450782,1
45,450783,1
45,450784,1
45,450785,1
45,450786,1
45,450787,1
45,450788,1
45,450789,1
45,450790,1
45,450791,1
45,450792,1
45,450793,1
45,450794,1
45,450795,1
45,450796,1
45,450797,1
45,450798,1
45,450799,1
45,450800,1
45,450801,1
45,450802,2
45,450803,1
45,450804,1
45,450805,10
45,450806,2
45,450807,1
45,450808,2
45,450809,5
45,450810,1
45,450811,1
45,450812,1
45,450813,1
45,450814,1
45,450815,2
45,450816,2
45,450817,10
45,450818,1
45,450819,1
45,450820,5
45,450821,1
45,450822,10
45,450823,1
45,450824,1
45,450825,2
45,450826,1
45,450827,1
45,450828,1
45,450829,1
45,450830,1
45,450831,1
45,450832,1
45,450833,1
45,450834,1
45,450835,1
45,450836,1
45,450837,1
45,450838,1
45,450839,1
45,450840,1
45,450841,2
45,450842,1
45,450843,2
45,450844,1
45,450845,1
45,450846,1
45,450847,1
45,450848,1
45,450849,1
45,450850,1
45,450851,1
45,450852,1
45,450853,1
45,450854,1
45,450855,1
45,450856,1
45,450857,1
45,450858,1
45,450859,1
45,450860,1
45,450861,1
45,450862,1
45,450863,1
45,450864,1
45,450865,1
45,450866,1
45,450867,1
45,450868,1
45,450869,1
45,450870,1
45,450871,1
45,450872,1
45,450873,1
45,450874,1
45,450875,1
45,450876,1
45,450877,1
45,450878,1
45,450879,1
45,450880,1
45,450881,1
45,450882,1
45,450883,1
45,450884,1
45,450885,1
45,450886,1
45,450887,1
45,450888,2
45,450889,2
45,450890,1
45,450891,2
45,450892,1
45,450893,1
45,450894,1
45,450895,1
45,450896,1
45,450897,1
45,450898,1
45,450899,1
45,450900,1
45,450901,1
45,450902,1
45,450903,1
45,450904,2
45,450905,2
45,450906,1
45,450907,1
45,450908,1
45,450909,1
45,450910,1
45,450911,1
45,450912,1
45,450913,1
45,450914,10
45,450915,10
45,450916,1
45,450917,1
45,450918,1
45,450919,1
45,450920,1
45,450921,1
45,450922,1
45,450923,1
45,450924,1
45,450925,1
45,450926,1
45,450927,1
45,450928,1
45,450929,1
45,450930,1
45,450931,1
45,450932,1
45,450933,2
45,450934,2
45,450935,2
45,450936,1
45,450937,1
45,450938,1
45,450939,1
45,450940,1
45,450941,1
45,450942,1
45,450943,1
45,450944,1
45,450945,1
45,450946,1
45,450947,1
45,450948,2
45,450949,1
45,450950,1
45,450951,1
45,450952,10
46,460001,5
46,460001,10
46,460002,1
46,460003,1
46,460004,1
46,460005,4
46,460006,1
46,460007,5
46,460008,1
46,460009,1
46,460010,1
46,460011,1
46,460012,1
46,460013,1
46,460014,1
46,460015,1
46,460016,1
46,460017,10
46,460018,1
46,460019,10
46,460020,1
46,460021,1
46,460022,10
46,460023,1
46,460024,1
46,460025,1
46,460026,1
46,460027,1
46,460028,10
46,460029,1
46,460030,1
46,460031,6
46,460032,1
46,460033,1
46,460034,1
46,460035,1
46,460036,1
46,460037,1
46,460038,1
46,460039,1
46,460040,1
46,460041,10
46,460042,1
46,460043,1
46,460044,1
46,460045,2
46,460045,10
46,460046,1
46,460047,1
46,460048,1
46,460049,1
46,460050,1
46,460051,1
46,460052,1
46,460053,1
46,460054,1
46,460055,1
46,460056,10
46,460057,10
46,460058,10
46,460059,1
46,460060,1
46,460061,1
46,460062,1
46,460063,1
46,460064,1
46,460065,1
46,460066,1
46,460067,1
46,460068,1
46,460069,1
46,460070,1
46,460071,1
46,460072,1
46,460073,1
46,460074,1
46,460075,2
46,460075,10
46,460076,1
46,460077,1
46,460078,1
46,460079,1
46,460080,10
46,460081,1
46,460082,1
46,460083,1
46,460084,1
46,460085,1
46,460086,1
46,460087,10
46,460088,1
46,460089,1
46,460090,1
46,460091,1
46,460092,1
46,460093,1
46,460094,1
46,460095,1
46,460096,1
46,460097,1
46,460098,1
46,460099,1
46,460100,1
46,460101,1
46,460102,1
46,460103,1
46,460104,1
46,460105,1
46,460106,5
46,460107,1
46,460108,1
46,460109,1
46,460110,1
46,460111,5
46,460112,1
46,460113,10
46,460114,4
46,460114,10
46,460115,1
46,460116,5
46,460116,10
46,460117,1
46,460118,1
46,460119,1
46,460120,1
46,460121,1
46,460122,10
46,460122,11
46,460123,98
46,460124,4
46,460124,11
46,460125,1
46,460126,10
46,460127,5
46,460127,10
46,460128,10
46,460129,4
46,460130,1
46,460131,1
46,460132,1
46,460133,8
46,460133,10
46,460134,98
47,470001,1
47,470002,10
47,470003,1
47,470004,1
47,470005,1
47,470006,1
47,470007,1
47,470008,1
47,470009,1
47,470011,2
47,470011,6
47,470012,1
47,470013,10
47,470014,11
47,470014,12
47,470015,1
47,470016,1
47,470017,2
47,470018,1
47,470020,1
47,470022,4
47,470023,1
47,470024,1
47,470025,1
47,470026,10
47,470027,1
47,470028,1
47,470029,4
47,470030,1
47,470031,2
47,470031,5
47,470032,4
47,470033,1
47,470034,1
47,470035,1
47,470036,1
47,470038,10
47,470038,12
47,470039,1
47,470042,2
47,470042,10
47,470043,2
47,470044,1
47,470045,2
47,470046,10
47,470047,2
47,470048,10
47,470049,1
47,470050,2
47,470051,2
47,470052,5
47,470052,10
47,470053,2
47,470054,2
47,470055,2
47,470056,1
47,470057,1
47,470059,1
47,470060,10
47,470061,2
47,470062,1
47,470063,1
47,470064,10
47,470065,1
47,470067,10
47,470068,1
47,470069,1
47,470070,1
47,470071,2
47,470072,1
47,470073,1
47,470074,2
47,470075,1
47,470076,1
47,470077,1
47,470078,1
47,470079,1
47,470080,10
47,470081,2
47,470083,1
47,470084,1
47,470085,1
47,470087,1
47,470088,1
47,470089,1
47,470090,1
47,470091,2
47,470092,1
47,470093,10
47,470094,1
47,470095,4
47,470095,12
47,470096,1
47,470097,10
47,470099,1
47,470100,2
47,470101,10
47,470102,1
47,470103,1
47,470105,2
47,470106,1
47,470107,1
47,470108,2
47,470109,10
47,470110,1
47,470111,99
47,470112,1
47,470113,1
47,470114,1
47,470115,1
47,470116,2
47,470117,1
47,470118,1
47,470119,1
47,470120,1
47,470121,1
47,470122,1
47,470123,10
47,470124,1
47,470125,1
47,470126,1
47,470127,1
47,470128,1
47,470129,1
47,470130,10
47,470131,1
47,470132,1
47,470133,10
47,470134,1
47,470135,1
47,470136,1
47,470138,1
47,470139,1
47,470140,1
47,470141,1
47,470142,1
47,470143,1
47,470144,1
47,470145,1
47,470146,1
47,470148,1
47,470149,2
47,470150,1
47,470151,2
47,470152,1
47,470153,10
47,470154,2
47,470154,10
47,470155,2
47,470157,1
47,470158,2
47,470159,1
47,470160,1
47,470162,1
47,470163,1
47,470164,1
47,470166,2
47,470167,1
47,470168,1
47,470169,1
47,470170,1
47,470171,1
47,470172,1
47,470173,1
47,470174,10
47,470175,2
47,470176,1
47,470178,1
47,470179,1
47,470180,10
47,470181,1
47,470182,1
47,470183,1
47,470184,1
47,470185,1
47,470186,1
47,470187,1
47,470188,10
47,470189,2
47,470190,1
47,470191,1
47,470192,1
47,470193,1
47,470194,1
47,470195,1
47,470196,1
47,470197,1
47,470198,10
47,470199,1
47,470200,1
47,470201,1
47,470202,1
47,470203,1
47,470204,1
47,470205,1
47,470206,1
47,470207,10
47,470208,1
47,470209,1
47,470210,10
47,470211,1
47,470212,1
47,470214,1
47,470215,1
47,470216,1
47,470217,1
47,470218,2
47,470219,1
47,470220,1
47,470221,1
47,470222,1
47,470223,2
47,470224,1
47,470225,1
47,470226,1
47,470227,1
47,470228,1
47,470229,1
47,470230,1
47,470231,1
47,470232,1
47,470233,1
47,470234,2
47,470234,10
47,470235,1
47,470236,1
47,470237,1
47,470238,1
47,470240,1
47,470241,1
47,470242,4
47,470243,1
47,470244,1
47,470245,1
47,470246,1
47,470247,1
47,470248,1
47,470249,1
47,470250,1
47,470251,1
47,470252,2
47,470253,2
47,470254,1
47,470255,10
47,470257,10
47,470258,1
47,470259,1
47,470260,1
47,470261,1
47,470263,10
47,470264,1
47,470265,1
47,470266,1
47,470267,10
47,470268,1
47,470269,1
47,470271,1
47,470272,1
47,470273,1
47,470274,1
47,470275,10
47,470276,1
47,470277,1
47,470278,10
47,470279,1
47,470280,1
47,470281,1
47,470282,10
47,470283,2
47,470283,10
47,470284,2
47,470285,1
47,470286,1
47,470287,1
47,470288,1
47,470289,1
47,470290,1
47,470291,1
47,470292,1
47,470293,1
47,470294,1
47,470295,1
47,470296,1
47,470297,1
47,470298,1
47,470299,2
47,470299,10
47,470300,1
47,470301,1
47,470302,1
47,470304,1
47,470305,10
47,470306,1
47,470308,1
47,470309,1
47,470310,1
47,470312,1
47,470313,1
47,470314,1
47,470315,1
47,470316,1
47,470317,1
47,470318,1
47,470319,1
47,470320,1
47,470321,1
47,470322,1
47,470323,2
47,470324,2
47,470325,1
47,470326,1
47,470327,1
47,470328,2
47,470329,1
47,470330,1
47,470331,1
47,470332,10
47,470333,1
47,470334,2
47,470335,1
47,470336,1
47,470337,1
47,470338,1
47,470339,10
47,470340,1
47,470341,1
47,470342,2
47,470344,2
47,470345,1
47,470346,1
47,470347,1
47,470348,1
47,470349,1
47,470350,1
47,470351,1
47,470352,1
47,470353,1
47,470354,1
47,470355,2
47,470356,1
47,470357,5
47,470358,1
47,470359,1
47,470360,1
47,470361,1
47,470363,1
47,470364,1
47,470365,1
47,470366,1
47,470367,10
47,470368,1
47,470369,1
47,470370,1
47,470371,1
47,470372,10
47,470374,1
47,470375,2
47,470376,1
47,470377,2
47,470377,6
47,470378,10
47,470379,1
47,470380,10
47,470381,1
47,470382,1
47,470383,1
47,470384,2
47,470384,10
47,470385,1
47,470386,1
47,470388,1
47,470389,1
47,470390,1
47,470391,1
47,470392,10
47,470393,1
47,470394,1
47,470395,1
47,470397,1
47,470398,1
47,470399,1
47,470400,1
47,470401,1
47,470402,1
47,470403,1
47,470404,1
47,470405,1
47,470407,1
47,470408,1
47,470409,2
47,470410,10
47,470411,1
47,470412,1
47,470413,1
47,470414,2
47,470415,1
47,470416,1
47,470417,1
47,470418,1
47,470419,1
47,470420,2
47,470421,1
47,470422,1
47,470423,1
47,470424,1
47,470425,1
47,470426,10
47,470427,1
47,470428,1
47,470429,1
47,470430,1
47,470431,1
47,470432,1
47,470433,1
47,470434,2
47,470435,1
47,470436,1
47,470437,1
47,470438,1
47,470439,1
47,470440,10
47,470441,10
47,470442,1
47,470443,1
47,470444,1
47,470445,1
47,470446,1
47,470447,1
47,470448,1
47,470449,1
47,470450,1
47,470452,1
47,470453,10
47,470454,1
47,470455,1
47,470456,1
47,470457,1
47,470458,1
47,470460,10
47,470461,1
47,470462,1
47,470463,1
47,470464,1
47,470465,1
47,470466,1
47,470467,1
47,470468,1
47,470469,10
47,470471,1
47,470472,1
47,470473,1
47,470474,1
47,470475,1
47,470476,10
47,470477,10
47,470478,1
47,470479,1
47,470480,1
47,470481,1
47,470482,1
47,470483,1
47,470484,1
47,470485,7
47,470486,1
47,470487,1
47,470490,1
47,470491,1
47,470492,1
47,470493,1
47,470494,1
47,470495,1
47,470496,1
47,470497,1
47,470498,1
47,470499,10
47,470500,1
47,470501,1
47,470502,1
47,470503,1
47,470504,1
47,470505,1
47,470506,2
47,470507,1
47,470508,1
47,470509,1
47,470510,1
47,470511,1
47,470514,1
47,470515,1
47,470516,7
47,470517,2
47,470518,1
47,470519,1
47,470520,1
47,470521,1
47,470522,1
47,470523,1
47,470524,1
47,470525,1
47,470526,1
47,470527,1
47,470528,1
47,470529,1
47,470530,1
47,470531,1
47,470532,1
47,470533,1
47,470534,1
47,470535,1
47,470536,1
47,470538,1
47,470539,1
47,470540,1
47,470541,1
47,470542,2
47,470543,1
47,470544,1
47,470545,1
47,470546,1
47,470547,1
47,470548,1
47,470549,10
47,470550,1
47,470551,10
47,470553,1
47,470554,1
47,470555,1
47,470556,1
47,470557,1
47,470558,1
47,470559,1
47,470560,1
47,470561,1
47,470562,1
47,470563,1
47,470564,1
47,470566,1
47,470567,1
47,470568,1
47,470569,1
47,470570,1
47,470571,1
47,470572,1
47,470573,1
47,470574,10
47,470575,2
47,470576,1
47,470577,1
47,470578,1
47,470579,1
47,470580,1
47,470581,1
47,470582,1
47,470583,1
47,470584,1
47,470585,1
47,470586,10
47,470587,1
47,470588,2
47,470588,10
47,470589,10
47,470590,1
47,470591,10
47,470592,1
47,470593,1
47,470594,2
47,470595,10
47,470596,1
47,470598,1
47,470599,1
47,470600,10
47,470601,2
47,470602,1
47,470603,1
47,470604,10
47,470605,2
47,470605,6
47,470606,1
47,470607,1
47,470608,2
47,470609,2
47,470610,1
47,470611,1
47,470612,1
47,470613,1
47,470616,1
47,470617,10
47,470618,1
47,470619,1
47,470620,1
47,470621,2
47,470623,1
47,470625,1
47,470626,1
47,470627,1
47,470628,10
47,470629,1
47,470630,1
47,470632,10
47,470633,1
47,470634,1
47,470635,1
47,470636,1
47,470637,1
47,470638,1
47,470639,1
47,470640,1
47,470641,1
47,470643,1
47,470644,99
47,470645,1
47,470646,1
47,470647,1
47,470648,1
47,470649,1
47,470650,1
47,470651,1
47,470653,1
47,470654,1
47,470655,1
47,470656,2
47,470657,1
47,470659,99
47,470660,1
47,470661,1
47,470662,1
47,470663,1
47,470664,1
47,470665,1
47,470666,1
47,470668,1
47,470669,1
47,470670,1
47,470671,1
47,470672,10
47,470673,1
47,470674,2
47,470675,1
47,470676,1
47,470677,10
47,470678,1
47,470679,1
47,470680,1
47,470681,1
47,470682,10
47,470683,1
47,470685,1
47,470686,1
47,470687,1
47,470688,1
47,470689,1
47,470690,1
47,470691,1
47,470692,1
47,470693,1
47,470694,1
47,470695,1
47,470696,1
47,470697,1
47,470698,1
47,470699,1
47,470700,1
47,470701,1
47,470702,1
47,470703,1
47,470704,1
47,470705,1
47,470706,1
47,470707,1
47,470708,1
47,470709,1
47,470710,1
47,470711,1
47,470712,1
47,470714,1
47,470715,1
47,470716,1
47,470718,1
47,470719,1
47,470720,1
47,470721,1
47,470722,1
47,470723,1
47,470724,1
47,470725,1
47,470726,1
47,470727,2
47,470728,1
47,470729,10
47,470730,1
47,470731,1
47,470732,1
47,470734,1
47,470735,1
47,470736,1
47,470737,1
47,470738,99
47,470739,1
47,470740,1
47,470741,1
47,470742,1
47,470743,1
47,470744,1
47,470745,1
47,470746,1
47,470747,1
47,470748,1
47,470749,1
47,470750,1
47,470751,1
47,470752,1
47,470753,1
47,470754,1
47,470755,10
47,470756,1
47,470757,1
47,470758,2
47,470759,1
47,470760,10
47,470761,1
47,470762,1
47,470763,1
47,470764,1
47,470765,1
47,470766,1
47,470767,1
47,470768,1
47,470769,1
47,470770,10
47,470771,1
47,470772,1
47,470773,1
47,470774,2
47,470775,2
47,470776,1
47,470777,1
47,470778,1
47,470779,99
47,470780,1
47,470781,2
47,470782,10
47,470783,1
47,470784,2
47,470785,2
47,470786,1
47,470787,1
47,470788,1
47,470789,1
47,470790,2
47,470791,1
47,470792,1
47,470793,1
47,470795,1
47,470796,1
47,470797,1
47,470798,1
47,470799,1
47,470800,1
47,470801,1
47,470802,1
47,470803,2
47,470804,1
47,470805,1
47,470806,10
47,470807,1
47,470808,1
47,470809,1
47,470810,2
47,470811,1
47,470812,1
47,470813,1
47,470814,1
47,470816,1
47,470817,1
47,470818,1
47,470819,10
47,470820,2
47,470821,10
47,470822,1
47,470823,10
47,470825,1
47,470826,5
47,470827,2
47,470828,1
47,470829,1
47,470830,2
47,470832,2
47,470833,1
47,470834,1
47,470835,1
47,470836,1
47,470837,1
47,470838,1
47,470839,10
47,470840,2
47,470841,2
47,470842,1
47,470843,2
47,470843,10
47,470844,1
47,470845,1
47,470846,1
47,470847,10
47,470848,1
47,470849,1
47,470851,1
47,470852,10
47,470853,1
47,470854,1
47,470855,1
47,470856,10
47,470857,1
47,470858,1
47,470859,1
47,470860,5
47,470861,1
47,470862,1
47,470863,1
47,470864,1
47,470865,5
47,470866,1
47,470867,1
47,470868,1
47,470869,1
47,470870,1
47,470871,1
47,470872,1
47,470873,1
47,470874,1
47,470875,1
47,470876,1
47,470877,1
47,470878,1
47,470880,1
47,470881,1
47,470882,1
47,470883,1
47,470884,1
47,470885,1
47,470886,1
47,470887,1
47,470888,1
47,470889,1
47,470890,1
47,470891,1
47,470892,1
47,470893,1
47,470894,1
47,470896,1
47,470897,1
47,470898,1
47,470899,1
47,470900,1
47,470901,1
47,470902,1
47,470903,1
47,470905,1
47,470906,1
47,470908,1
47,470909,1
47,470910,1
47,470911,1
47,470912,1
47,470913,1
47,470914,1
47,470915,1
47,470916,1
47,470917,1
47,470918,1
47,470919,1
47,470921,1
47,470922,1
47,470923,1
47,470924,1
47,470925,1
47,470926,1
47,470927,1
47,470928,1
47,470929,1
47,470930,1
47,470931,1
47,470932,1
47,470933,1
47,470934,1
47,470935,1
47,470936,1
47,470937,1
47,470938,1
47,470939,1
47,470940,1
47,470941,1
47,470942,1
47,470943,1
47,470944,1
47,470945,1
47,470946,1
47,470947,1
47,470948,1
47,470950,1
47,470951,1
47,470952,1
47,470953,1
47,470954,1
47,470955,1
47,470956,1
47,470957,1
47,470958,1
47,470959,10
47,470960,1
47,470961,1
47,470962,1
47,470963,1
47,470964,1
47,470965,1
47,470966,1
47,470967,1
47,470968,1
47,470969,1
47,470970,1
47,470971,1
47,470972,1
47,470973,10
47,470974,10
47,470975,1
47,470976,1
47,470977,10
47,470978,1
47,470980,1
47,470981,1
47,470982,1
47,470983,1
47,470984,1
47,470985,10
47,470986,1
47,470987,5
47,470988,2
47,470989,1
47,470990,1
47,470991,1
47,470992,1
47,470993,1
47,470994,10
47,470995,1
47,470996,2
47,470999,2
47,471000,1
47,471001,10
47,471002,1
47,471003,1
47,471004,1
47,471005,1
47,471006,1
47,471007,1
47,471008,2
47,471009,1
47,471010,1
47,471012,1
47,471013,2
47,471013,10
47,471014,1
47,471015,1
47,471016,1
47,471017,2
47,471018,1
47,471019,1
47,471020,1
47,471021,10
47,471022,1
47,471023,1
47,471024,1
47,471025,1
47,471026,1
47,471027,2
47,471028,2
47,471029,1
47,471030,1
47,471031,1
47,471033,10
47,471034,1
47,471035,1
47,471036,1
47,471037,1
47,471038,10
47,471039,1
47,471040,1
47,471041,1
47,471042,1
47,471043,1
47,471044,1
47,471045,1
47,471046,1
47,471047,1
47,471048,1
47,471049,1
47,471050,1
47,471051,1
47,471052,1
47,471053,1
47,471054,10
47,471055,1
47,471056,4
47,471056,10
47,471057,1
47,471058,1
47,471059,2
47,471060,1
47,471061,1
47,471062,1
47,471063,1
47,471064,1
47,471065,1
47,471066,1
47,471067,1
47,471068,1
47,471069,1
47,471070,1
47,471071,2
47,471072,10
47,471073,1
47,471074,1
47,471075,1
47,471076,1
47,471077,1
47,471078,2
47,471079,1
47,471080,1
47,471081,2
47,471082,1
47,471083,10
47,471084,2
47,471085,1
47,471086,10
47,471087,2
47,471088,1
47,471089,10
47,471090,1
47,471091,1
47,471093,2
47,471093,10
47,471094,1
47,471095,1
47,471096,1
47,471097,1
47,471098,1
47,471099,1
47,471100,1
47,471101,2
47,471102,1
47,471104,1
47,471105,1
47,471106,1
47,471107,1
47,471109,1
47,471110,1
47,471111,1
47,471112,10
47,471113,1
47,471115,1
47,471116,2
47,471117,2
47,471118,1
47,471119,1
47,471120,2
47,471121,10
47,471122,1
47,471123,2
47,471124,1
47,471125,1
47,471126,1
47,471127,10
47,471128,1
47,471129,1
47,471130,1
47,471131,1
47,471132,2
47,471133,1
47,471134,2
47,471135,10
47,471136,1
47,471137,10
47,471138,1
47,471140,2
47,471141,1
47,471142,1
47,471143,1
47,471144,1
47,471145,2
47,471145,10
47,471146,1
47,471147,1
47,471148,1
47,471149,1
47,471151,1
47,471152,1
47,471153,1
47,471154,1
47,471155,1
47,471156,1
47,471157,1
47,471158,98
47,471159,1
47,471160,1
47,471161,1
47,471162,10
47,471163,10
47,471164,1
47,471165,1
47,471166,1
47,471167,1
47,471168,1
47,471169,1
47,471170,1
47,471171,1
48,480001,1
48,480002,1
48,480003,1
48,480004,1
48,480005,5
48,480006,1
48,480007,1
48,480008,1
48,480009,1
48,480010,1
48,480011,1
48,480012,1
48,480013,1
48,480014,2
48,480015,1
48,480016,1
48,480017,1
48,480018,1
48,480019,2
48,480020,1
48,480021,2
48,480022,1
48,480023,10
48,480024,1
48,480025,1
48,480026,10
48,480027,1
48,480028,1
48,480029,2
48,480030,5
48,480031,1
48,480032,1
48,480033,5
48,480034,1
48,480035,1
48,480036,5
48,480037,2
48,480038,1
48,480039,10
48,480040,10
48,480041,10
48,480042,1
48,480043,1
48,480044,2
48,480045,10
48,480046,1
48,480047,1
48,480048,1
48,480049,1
48,480050,10
48,480051,10
48,480052,2
48,480053,1
48,480054,1
48,480055,4
48,480056,1
48,480057,1
48,480058,10
48,480059,1
48,480060,10
48,480061,1
48,480062,1
48,480063,1
48,480064,1
48,480065,1
48,480066,10
48,480067,1
48,480068,1
48,480069,4
48,480070,1
48,480071,5
48,480072,1
48,480073,1
48,480074,1
48,480075,1
48,480076,1
48,480077,1
48,480078,10
48,480079,10
48,480080,1
48,480081,1
48,480082,1
48,480084,10
48,480085,1
48,480086,1
48,480087,1
48,480088,10
48,480089,1
48,480090,2
48,480091,10
48,480092,2
48,480093,1
48,480094,1
48,480095,1
48,480096,1
48,480097,10
48,480098,5
48,480099,1
48,480100,1
48,480101,10
48,480102,1
48,480103,1
48,480104,1
48,480105,10
48,480106,10
48,480107,1
48,480108,1
48,480109,1
48,480110,10
48,480111,1
48,480112,1
48,480113,1
48,480114,1
48,480115,10
48,480116,1
48,480117,10
48,480118,1
48,480119,1
48,480120,2
48,480121,1
48,480122,1
48,480123,5
48,480124,3
48,480125,1
48,480126,10
48,480127,1
48,480128,1
48,480129,10
48,480130,1
48,480131,3
48,480132,1
48,480133,10
48,480134,1
48,480135,1
48,480136,1
48,480137,1
48,480138,1
48,480139,2
48,480140,1
48,480141,10
48,480142,1
48,480143,1
48,480144,2
48,480145,1
48,480146,2
48,480147,2
48,480148,1
48,480149,1
48,480150,1
48,480151,1
48,480152,10
48,480153,2
48,480154,1
48,480155,1
48,480156,10
48,480157,1
48,480158,10
48,480159,2
48,480160,10
48,480161,10
48,480162,10
48,480163,2
48,480164,10
48,480165,1
48,480166,10
48,480167,3
48,480168,1
48,480169,5
48,480170,1
48,480171,1
48,480172,5
48,480173,10
48,480174,2
48,480175,1
48,480176,1
48,480177,99
48,480178,1
48,480179,1
48,480180,1
48,480181,1
48,480182,1
48,480183,10
48,480185,1
48,480186,1
48,480187,1
48,480188,10
48,480189,1
48,480190,2
48,480191,5
48,480192,1
48,480193,1
48,480194,1
48,480195,1
48,480197,1
48,480198,1
48,480199,2
48,480200,1
48,480201,1
48,480202,1
48,480203,1
48,480204,1
48,480205,6
48,480206,1
48,480207,1
48,480208,1
48,480209,2
48,480210,10
48,480211,1
48,480212,2
48,480213,2
48,480214,1
48,480215,1
48,480216,2
48,480217,10
48,480218,10
48,480219,1
48,480220,10
48,480221,1
48,480222,1
48,480223,1
48,480224,1
48,480225,10
48,480227,1
48,480228,1
48,480229,99
48,480230,1
48,480231,2
48,480232,1
48,480233,1
48,480234,1
48,480235,1
48,480236,10
48,480237,1
48,480238,1
48,480239,1
48,480240,1
48,480241,1
48,480242,5
48,480243,10
48,480244,1
48,480245,1
48,480246,1
48,480247,1
48,480248,1
48,480249,1
48,480250,5
48,480251,10
48,480252,1
48,480253,2
48,480254,10
48,480255,5
48,480256,2
48,480257,1
48,480258,10
48,480259,10
48,480260,10
48,480261,1
48,480262,1
48,480263,1
48,480264,1
48,480265,1
48,480266,2
48,480267,2
48,480268,2
48,480269,2
48,480270,1
48,480271,1
48,480272,2
48,480273,10
48,480274,1
48,480275,1
48,480276,1
48,480277,1
48,480278,1
48,480279,1
48,480280,1
48,480281,1
48,480282,1
48,480283,1
48,480284,10
48,480285,10
48,480286,1
48,480287,1
48,480288,1
48,480289,10
48,480290,1
48,480291,1
48,480292,1
48,480293,10
48,480294,1
48,480295,2
48,480296,1
48,480297,2
48,480298,2
48,480299,1
48,480300,3
48,480301,1
48,480303,1
48,480304,1
48,480305,1
48,480306,10
48,480307,1
48,480308,1
48,480309,1
48,480310,2
48,480311,10
48,480312,1
48,480313,1
48,480314,1
48,480315,1
48,480316,1
48,480317,1
48,480318,1
48,480319,10
48,480320,1
48,480321,1
48,480322,1
48,480323,1
48,480324,2
48,480325,10
48,480326,1
48,480327,10
48,480328,2
48,480329,2
48,480330,2
48,480331,10
48,480333,1
48,480334,2
48,480336,1
48,480337,1
48,480338,1
48,480340,1
48,480341,10
48,480342,1
48,480343,1
48,480344,10
48,480345,1
48,480346,1
48,480347,2
48,480348,10
48,480349,2
48,480350,10
48,480351,1
48,480352,1
48,480353,1
48,480354,1
48,480356,10
48,480357,1
48,480358,1
48,480359,1
48,480360,1
48,480361,1
48,480362,1
48,480363,2
48,480364,1
48,480365,1
48,480366,10
48,480367,1
48,480368,1
48,480369,1
48,480370,1
48,480371,1
48,480372,1
48,480373,1
48,480374,2
48,480375,2
48,480376,1
48,480377,1
48,480378,1
48,480379,2
48,480380,1
48,480381,5
48,480382,1
48,480383,1
48,480384,1
48,480385,1
48,480386,1
48,480387,1
48,480388,1
48,480389,10
48,480390,1
48,480391,1
48,480392,1
48,480393,10
48,480394,1
48,480395,1
48,480396,1
48,480397,1
48,480398,10
48,480399,1
48,480400,1
48,480401,1
48,480402,1
48,480404,2
48,480405,1
48,480406,1
48,480407,1
48,480408,1
48,480409,1
48,480410,10
48,480411,10
48,480412,10
48,480413,1
48,480416,1
48,480417,1
48,480418,1
48,480419,1
48,480420,1
48,480421,1
48,480422,1
48,480423,1
48,480424,1
48,480425,1
48,480426,1
48,480427,1
48,480428,1
48,480430,10
48,480431,1
48,480432,1
48,480433,10
48,480434,1
48,480435,1
48,480436,1
48,480437,1
48,480438,2
48,480439,10
48,480440,1
48,480441,1
48,480442,2
48,480443,1
48,480444,1
48,480445,1
48,480446,1
48,480447,1
48,480448,1
48,480449,1
48,480450,10
48,480451,1
48,480452,1
48,480453,1
48,480454,1
48,480455,1
48,480456,1
48,480457,1
48,480458,1
48,480459,1
48,480460,1
48,480461,1
48,480462,1
48,480463,1
48,480464,1
48,480465,1
48,480466,1
48,480467,1
48,480468,1
48,480469,1
48,480470,1
48,480471,1
48,480472,98
48,480473,1
48,480474,1
48,480475,1
48,480476,1
48,480477,1
48,480478,1
48,480479,1
48,480480,1
48,480481,1
48,480482,10
48,480483,1
48,480484,1
48,480485,1
48,480486,1
48,480487,1
48,480488,1
48,480490,1
48,480491,1
48,480492,1
48,480493,1
48,480494,1
48,480495,1
48,480496,10
48,480497,1
48,480498,1
48,480499,1
48,480500,1
48,480501,10
48,480502,1
48,480503,10
48,480504,2
48,480505,1
48,480506,10
48,480507,1
48,480508,1
48,480509,1
48,480510,1
48,480511,1
48,480512,1
48,480513,10
48,480514,1
48,480515,1
48,480516,10
48,480517,1
48,480518,1
48,480519,5
48,480520,1
48,480521,10
48,480522,1
48,480523,1
48,480524,1
48,480525,1
48,480526,1
48,480527,1
48,480528,1
48,480529,1
48,480530,1
48,480531,1
48,480532,1
48,480533,10
48,480534,1
48,480535,5
48,480536,1
48,480537,1
48,480538,10
48,480539,10
48,480540,1
48,480541,1
48,480542,1
48,480543,1
48,480544,1
48,480545,1
48,480546,1
48,480547,1
48,480548,2
48,480549,1
48,480550,1
48,480551,10
48,480552,1
48,480553,1
48,480554,10
48,480555,2
48,480556,1
48,480557,1
48,480558,1
48,480559,1
48,480561,1
48,480562,5
48,480563,1
48,480564,1
48,480565,1
48,480566,10
48,480567,1
48,480568,1
48,480569,1
48,480570,2
48,480572,1
48,480573,1
48,480574,1
48,480575,1
48,480576,1
48,480577,1
48,480578,1
48,480579,1
48,480580,1
48,480581,1
48,480582,1
48,480583,1
48,480585,1
48,480586,5
48,480587,1
48,480589,1
48,480590,1
48,480591,1
48,480592,1
48,480593,1
48,480594,10
48,480595,1
48,480596,1
48,480597,1
48,480598,1
48,480600,1
48,480601,1
48,480602,1
48,480603,1
48,480604,10
48,480605,1
48,480606,1
48,480607,1
48,480608,1
48,480609,1
48,480610,1
48,480611,1
48,480612,5
48,480613,1
48,480614,10
48,480615,1
48,480616,1
48,480617,1
48,480618,1
48,480619,10
48,480620,10
48,480621,1
48,480622,1
48,480623,1
48,480624,10
48,480625,1
48,480626,1
48,480627,1
48,480628,10
48,480629,1
48,480630,1
48,480631,1
48,480632,1
48,480633,10
48,480634,10
48,480635,5
48,480636,10
48,480637,2
48,480638,1
48,480639,1
48,480640,1
48,480641,10
48,480642,1
48,480643,1
48,480644,1
48,480645,1
48,480646,10
48,480647,1
48,480648,10
48,480649,2
48,480650,1
48,480651,1
48,480652,1
48,480653,10
48,480654,1
48,480655,1
48,480656,1
48,480657,10
48,480658,10
48,480659,1
48,480660,2
48,480661,1
48,480662,1
48,480663,1
48,480664,1
48,480665,1
48,480666,1
48,480667,10
48,480668,1
48,480669,10
48,480670,10
48,480671,10
48,480672,2
48,480673,10
48,480675,1
48,480676,1
48,480677,10
48,480678,1
48,480679,10
48,480680,1
48,480681,1
48,480682,1
48,480683,1
48,480684,10
48,480685,1
48,480686,10
48,480687,1
48,480688,1
48,480689,1
48,480690,1
48,480691,1
48,480692,10
48,480693,1
48,480694,2
48,480695,1
48,480696,10
48,480697,1
48,480698,1
48,480699,10
48,480700,1
48,480701,1
48,480702,10
48,480704,10
48,480705,1
48,480706,1
48,480707,10
48,480708,10
48,480709,1
48,480710,1
48,480711,10
48,480712,1
48,480713,1
48,480714,1
48,480715,2
48,480716,2
48,480717,1
48,480719,2
48,480720,1
48,480721,1
48,480722,1
48,480723,1
48,480725,1
48,480726,10
48,480727,1
48,480728,1
48,480729,1
48,480730,10
48,480731,10
48,480732,1
48,480733,1
48,480734,2
48,480735,1
48,480736,10
48,480737,10
48,480738,1
48,480739,1
48,480740,10
48,480741,1
48,480742,1
48,480743,1
48,480744,2
48,480745,1
48,480746,1
48,480747,1
48,480748,2
48,480749,1
48,480750,1
48,480751,1
48,480752,1
48,480753,2
48,480754,1
48,480755,1
48,480756,1
48,480757,1
48,480758,1
48,480760,1
48,480761,1
48,480763,10
48,480764,2
48,480765,10
48,480766,10
48,480767,1
48,480768,10
48,480769,1
48,480770,1
48,480771,1
48,480772,1
48,480773,10
48,480774,10
48,480775,10
48,480776,1
48,480777,10
48,480778,1
48,480779,10
48,480780,10
48,480781,1
48,480782,10
48,480784,2
48,480785,1
48,480786,1
48,480787,1
48,480788,10
48,480789,1
48,480790,10
48,480791,1
48,480792,1
48,480793,1
48,480794,1
48,480795,1
48,480796,1
48,480797,1
48,480798,1
48,480799,1
48,480800,1
48,480801,1
48,480802,1
48,480803,10
48,480804,1
48,480805,10
48,480806,1
48,480807,1
48,480808,1
48,480809,1
48,480810,1
48,480811,1
48,480812,1
48,480813,1
48,480814,1
48,480815,10
48,480816,10
48,480817,1
48,480818,1
48,480819,1
48,480820,5
48,480821,1
48,480822,1
48,480823,1
48,480824,1
48,480825,1
48,480826,10
48,480827,1
48,480828,1
48,480829,1
48,480830,1
48,480831,1
48,480832,1
48,480833,1
48,480834,1
48,480836,10
48,480837,1
48,480838,1
48,480839,1
48,480840,10
48,480841,1
48,480842,1
48,480843,1
48,480844,1
48,480845,1
48,480846,1
48,480847,1
48,480848,2
48,480849,1
48,480850,1
48,480851,10
48,480852,2
48,480853,1
48,480854,1
48,480855,1
48,480856,1
48,480857,1
48,480858,2
48,480859,10
48,480860,10
48,480861,1
48,480862,1
48,480863,1
48,480864,10
48,480865,10
48,480866,10
48,480868,1
48,480869,1
48,480870,1
48,480871,2
48,480872,2
48,480873,10
48,480875,1
48,480876,1
48,480877,10
48,480878,1
48,480879,1
48,480880,1
48,480881,1
48,480882,1
48,480883,10
48,480884,10
48,480886,1
48,480887,1
48,480888,1
48,480889,10
48,480890,1
48,480891,1
48,480893,1
48,480894,1
48,480895,1
48,480896,1
48,480897,1
48,480898,1
48,480899,1
48,480900,1
48,480901,1
48,480902,1
48,480903,1
48,480904,10
48,480905,10
48,480906,10
48,480907,1
48,480908,1
48,480909,1
48,480910,1
48,480911,1
48,480912,2
48,480913,1
48,480914,1
48,480915,1
48,480916,1
48,480918,1
48,480919,1
48,480920,1
48,480921,1
48,480922,1
48,480923,1
48,480924,1
48,480925,10
48,480926,1
48,480927,1
48,480928,1
48,480929,1
48,480930,1
48,480931,1
48,480932,1
48,480934,1
48,480935,1
48,480936,1
48,480937,1
48,480938,1
48,480939,1
48,480940,2
48,480941,1
48,480942,1
48,480943,1
48,480944,1
48,480945,1
48,480946,1
48,480947,1
48,480948,1
48,480949,1
48,480950,1
48,480951,1
48,480952,1
48,480953,1
48,480954,1
48,480955,1
48,480956,1
48,480957,1
48,480958,1
48,480959,2
48,480960,1
48,480961,10
48,480962,1
48,480963,10
48,480964,2
48,480965,1
48,480966,1
48,480967,10
48,480968,10
48,480969,10
48,480970,2
48,480971,2
48,480972,1
48,480973,1
48,480974,1
48,480975,1
48,480976,1
48,480977,1
48,480978,1
48,480979,1
48,480980,1
48,480981,1
48,480982,10
48,480983,1
48,480984,1
48,480985,1
48,480986,1
48,480987,1
48,480988,1
48,480989,10
48,480990,1
48,480991,1
48,480992,10
48,480993,1
48,480994,2
48,480995,10
48,480996,1
48,480997,10
48,480998,2
48,480999,1
48,481000,1
48,481001,1
48,481002,1
48,481003,1
48,481004,1
48,481005,10
48,481006,10
48,481007,1
48,481008,1
48,481009,1
48,481010,99
48,481011,1
48,481012,1
48,481013,1
48,481014,1
48,481015,1
48,481016,1
48,481017,1
48,481018,1
48,481019,10
48,481020,1
48,481021,1
48,481022,1
48,481023,1
48,481024,1
48,481025,1
48,481026,2
48,481027,1
48,481028,1
48,481029,1
48,481030,10
48,481031,2
48,481032,1
48,481033,1
48,481034,10
48,481035,10
48,481036,2
48,481037,1
48,481038,1
48,481039,10
48,481041,1
48,481042,2
48,481043,2
48,481044,2
48,481045,2
48,481046,1
48,481047,10
48,481048,10
48,481049,1
48,481050,10
48,481051,1
48,481052,1
48,481053,1
48,481054,2
48,481055,1
48,481056,1
48,481057,1
48,481059,1
48,481060,1
48,481061,10
48,481062,1
48,481063,1
48,481064,1
48,481066,1
48,481067,1
48,481068,1
48,481070,1
48,481071,1
48,481072,1
48,481073,2
48,481074,10
48,481075,1
48,481076,1
48,481077,1
48,481078,1
48,481079,10
48,481080,1
48,481081,2
48,481082,1
48,481083,10
48,481084,1
48,481085,1
48,481086,1
48,481087,1
48,481088,1
48,481089,10
48,481090,10
48,481091,1
48,481092,1
48,481093,10
48,481094,1
48,481095,1
48,481096,10
48,481097,1
48,481098,1
48,481099,1
48,481100,1
48,481101,1
48,481102,1
48,481103,1
48,481104,10
48,481105,1
48,481106,1
48,481107,1
48,481108,1
48,481109,1
48,481110,1
48,481111,1
48,481112,1
48,481113,10
48,481114,1
48,481115,1
48,481116,2
48,481117,1
48,481118,1
48,481119,1
48,481120,2
48,481121,10
48,481123,1
48,481124,1
48,481125,1
48,481126,10
48,481127,1
48,481128,1
48,481129,2
48,481130,1
48,481131,10
48,481132,1
48,481133,1
48,481134,1
48,481135,1
48,481136,1
48,481137,5
48,481138,1
48,481139,1
48,481140,1
48,481141,1
48,481142,1
48,481143,1
48,481144,1
48,481145,1
48,481146,10
48,481147,1
48,481148,10
48,481149,1
48,481150,1
48,481151,1
48,481152,1
48,481153,1
48,481154,1
48,481155,1
48,481156,1
48,481157,1
48,481158,10
48,481159,1
48,481160,10
48,481161,10
48,481162,10
48,481163,1
48,481164,10
48,481165,1
48,481166,10
48,481167,1
48,481168,1
48,481169,1
48,481170,1
48,481171,1
48,481172,10
48,481173,10
48,481174,2
48,481175,1
48,481176,5
48,481177,1
48,481178,2
48,481180,2
48,481181,2
48,481182,2
48,481183,1
48,481185,2
48,481186,1
48,481187,1
48,481188,1
48,481189,1
48,481190,1
48,481191,10
48,481192,1
48,481193,2
48,481194,2
48,481195,1
48,481196,1
48,481197,1
48,481198,1
48,481199,2
48,481200,1
48,481201,1
48,481202,1
48,481203,1
48,481204,1
48,481205,1
48,481206,1
48,481207,10
48,481208,2
48,481209,10
48,481210,2
48,481211,10
48,481212,10
48,481213,10
48,481214,1
48,481215,1
48,481216,10
48,481217,1
48,481218,5
48,481219,1
48,481220,1
48,481221,5
48,481222,1
48,481223,1
48,481224,1
48,481225,10
48,481226,2
48,481227,10
48,481228,1
48,481229,10
48,481230,10
48,481231,2
48,481232,10
48,481233,1
48,481234,2
48,481235,10
48,481236,10
48,481237,1
48,481238,1
48,481239,1
48,481240,1
48,481241,1
48,481242,1
48,481243,1
48,481244,2
48,481245,10
48,481246,1
48,481247,1
48,481248,10
48,481250,2
48,481251,10
48,481252,1
48,481253,1
48,481254,1
48,481255,10
48,481256,1
48,481258,1
48,481259,1
48,481261,1
48,481262,10
48,481263,10
48,481264,1
48,481265,1
48,481266,1
48,481267,1
48,481268,1
48,481269,1
48,481270,10
48,481271,1
48,481272,1
48,481273,1
48,481274,10
48,481275,10
48,481276,10
48,481277,1
48,481278,1
48,481279,1
48,481280,10
48,481281,10
48,481282,2
48,481283,1
48,481284,1
48,481286,1
48,481287,10
48,481288,10
48,481289,1
48,481290,1
48,481291,1
48,481292,10
48,481293,1
48,481294,10
48,481295,10
48,481296,10
48,481297,1
48,481298,1
48,481299,10
48,481300,1
48,481301,2
48,481302,1
48,481303,2
48,481304,1
48,481305,1
48,481306,1
48,481307,1
48,481308,1
48,481309,2
48,481310,1
48,481311,1
48,481312,10
48,481313,1
48,481314,1
48,481315,1
48,481316,1
48,481317,1
48,481318,1
48,481320,1
48,481322,1
48,481323,1
48,481324,1
48,481325,10
48,481326,1
48,481327,1
48,481328,1
48,481329,1
48,481330,1
48,481331,1
48,481332,1
48,481333,1
48,481335,1
48,481336,1
48,481337,1
48,481338,1
48,481339,1
48,481340,10
48,481341,1
48,481342,10
48,481343,10
48,481344,2
48,481345,1
48,481346,1
48,481347,10
48,481348,1
48,481349,1
48,481350,10
48,481351,1
48,481352,1
48,481353,1
48,481354,10
48,481355,1
48,481356,1
48,481357,1
48,481358,2
48,481359,2
48,481360,1
48,481361,1
48,481362,1
48,481363,1
48,481364,1
48,481365,1
48,481366,1
48,481367,1
48,481368,2
48,481369,1
48,481370,1
48,481371,1
48,481372,10
48,481373,1
48,481374,10
48,481375,1
48,481376,1
48,481377,1
48,481378,1
48,481379,1
48,481380,1
48,481381,10
48,481382,1
48,481383,1
48,481384,1
48,481385,10
48,481386,1
48,481387,1
48,481388,1
48,481389,10
48,481390,10
48,481391,1
48,481392,1
48,481393,5
48,481394,2
48,481395,2
48,481396,1
48,481397,2
48,481398,1
48,481399,1
48,481400,1
48,481401,10
48,481402,1
48,481403,10
48,481404,1
48,481405,1
48,481406,10
48,481407,1
48,481408,1
48,481409,1
48,481410,1
48,481411,1
48,481412,1
48,481413,1
48,481414,1
48,481415,1
48,481416,1
48,481417,1
48,481418,1
48,481419,1
48,481420,10
48,481421,1
48,481422,10
48,481424,10
48,481425,10
48,481426,1
48,481427,1
48,481428,2
48,481429,1
48,481430,1
48,481431,1
48,481432,10
48,481433,1
48,481434,1
48,481435,2
48,481436,1
48,481437,1
48,481438,1
48,481439,10
48,481440,1
48,481441,1
48,481442,1
48,481443,1
48,481444,2
48,481445,1
48,481446,1
48,481447,1
48,481448,1
48,481449,1
48,481450,1
48,481451,1
48,481452,1
48,481453,1
48,481454,2
48,481455,1
48,481456,1
48,481457,1
48,481458,10
48,481459,2
48,481460,1
48,481461,10
48,481462,1
48,481463,1
48,481464,2
48,481465,1
48,481466,1
48,481467,1
48,481468,10
48,481469,1
48,481470,1
48,481471,10
48,481472,2
48,481473,2
48,481474,1
48,481475,10
48,481476,10
48,481477,1
48,481478,1
48,481479,1
48,481480,1
48,481481,10
48,481482,1
48,481483,1
48,481484,1
48,481485,10
48,481486,1
48,481487,10
48,481488,10
48,481489,1
48,481490,1
48,481491,1
48,481492,1
48,481493,1
48,481494,1
48,481495,1
48,481496,1
48,481497,10
48,481498,2
48,481499,10
48,481501,10
48,481502,1
48,481503,1
48,481504,2
48,481506,10
48,481507,10
48,481508,10
48,481509,1
48,481510,1
48,481511,1
48,481512,1
48,481513,1
48,481514,1
48,481515,2
48,481516,1
48,481517,1
48,481518,1
48,481519,1
48,481520,1
48,481521,1
48,481522,1
48,481523,1
48,481524,1
48,481525,1
48,481526,2
48,481527,1
48,481529,10
48,481530,1
48,481531,1
48,481532,1
48,481533,2
48,481534,2
48,481535,1
48,481536,10
48,481537,10
48,481538,10
48,481539,1
48,481540,1
48,481541,1
48,481542,1
48,481543,1
48,481544,1
48,481545,1
48,481546,1
48,481547,1
48,481548,1
48,481549,2
48,481550,1
48,481551,1
48,481552,1
48,481553,1
48,481554,10
48,481556,1
48,481557,1
48,481558,1
48,481559,1
48,481560,1
48,481561,1
48,481562,1
48,481563,1
48,481564,10
48,481565,1
48,481566,1
48,481567,10
48,481568,2
48,481569,2
48,481570,1
48,481571,1
48,481572,1
48,481573,1
48,481574,10
48,481575,1
48,481576,1
48,481577,1
48,481578,1
48,481579,1
48,481580,1
48,481581,10
48,481582,1
48,481583,1
48,481584,1
48,481585,1
48,481586,1
48,481587,1
48,481588,1
48,481589,1
48,481590,1
48,481591,1
48,481592,1
48,481593,1
48,481594,2
48,481595,1
48,481596,10
48,481597,10
48,481598,1
48,481599,1
48,481600,1
48,481601,10
48,481602,10
48,481603,1
48,481604,1
48,481605,10
48,481606,1
48,481607,1
48,481608,2
48,481609,1
48,481610,1
48,481611,1
48,481612,1
48,481613,1
48,481614,1
48,481615,10
48,481616,10
48,481617,1
48,481618,2
48,481619,1
48,481620,1
48,481621,1
48,481622,1
48,481623,1
48,481624,1
48,481625,1
48,481626,1
48,481627,1
48,481628,1
48,481629,1
48,481630,1
48,481631,1
48,481632,1
48,481633,1
48,481634,1
48,481635,1
48,481636,10
48,481637,1
48,481638,1
48,481639,1
48,481640,1
48,481642,1
48,481643,1
48,481645,1
48,481646,1
48,481647,1
48,481648,1
48,481649,1
48,481650,10
48,481651,1
48,481652,1
48,481653,1
48,481654,1
48,481655,1
48,481656,1
48,481657,1
48,481658,1
48,481659,1
48,481660,1
48,481661,1
48,481662,1
48,481663,10
48,481664,1
48,481665,1
48,481666,1
48,481667,1
48,481668,1
48,481669,1
48,481670,1
48,481671,1
48,481672,1
48,481673,1
48,481674,1
48,481675,1
48,481676,1
48,481677,1
48,481678,1
48,481679,1
48,481680,10
48,481681,1
48,481682,1
48,481683,1
48,481684,2
48,481684,3
48,481685,1
48,481686,1
48,481687,1
48,481688,1
48,481689,1
48,481690,10
48,481691,1
48,481692,1
48,481693,1
48,481694,1
48,481695,10
48,481696,1
48,481697,1
48,481698,1
48,481699,1
48,481700,1
48,481701,1
48,481702,1
48,481703,10
48,481704,1
48,481705,1
48,481706,1
48,481707,1
48,481708,1
48,481709,1
48,481710,1
48,481711,1
48,481712,1
48,481713,1
48,481714,10
48,481715,1
48,481716,1
48,481717,1
48,481719,1
48,481720,1
48,481721,1
48,481722,10
48,481723,1
48,481724,1
48,481725,1
48,481726,1
48,481727,1
48,481728,1
48,481729,10
48,481730,1
48,481731,1
48,481732,1
48,481733,1
48,481734,1
48,481735,1
48,481736,1
48,481737,1
48,481738,1
48,481739,1
48,481740,2
48,481741,1
48,481742,1
48,481743,1
48,481744,1
48,481745,1
48,481746,1
48,481747,1
48,481750,1
48,481751,1
48,481752,1
48,481753,1
48,481754,1
48,481755,1
48,481756,1
48,481757,1
48,481758,1
48,481759,1
48,481760,1
48,481761,99
48,481762,1
48,481763,1
48,481764,1
48,481765,1
48,481766,1
48,481767,1
48,481768,1
48,481769,1
48,481770,1
48,481771,1
48,481772,1
48,481773,1
48,481774,1
48,481775,1
48,481776,1
48,481777,1
48,481778,1
48,481779,1
48,481780,10
48,481782,1
48,481783,1
48,481784,1
48,481785,1
48,481786,1
48,481787,1
48,481788,1
48,481789,1
48,481790,1
48,481791,1
48,481793,10
48,481794,1
48,481795,1
48,481796,1
48,481797,1
48,481798,99
48,481799,1
48,481800,1
48,481801,1
48,481802,2
48,481803,1
48,481804,1
48,481805,1
48,481806,1
48,481807,1
48,481808,1
48,481809,1
48,481810,1
48,481811,1
48,481812,2
48,481813,1
48,481814,2
48,481815,1
48,481816,1
48,481817,10
48,481818,1
48,481819,1
48,481820,2
48,481821,1
48,481822,1
48,481823,1
48,481824,1
48,481825,1
48,481826,1
48,481827,10
48,481828,10
48,481829,1
48,481830,1
48,481831,1
48,481832,1
48,481833,1
48,481834,2
48,481835,1
48,481836,1
48,481837,1
48,481838,1
48,481839,1
48,481840,10
48,481841,1
48,481842,1
48,481843,1
48,481844,1
48,481845,2
48,481846,2
48,481847,10
48,481848,10
48,481849,1
48,481850,10
48,481851,1
48,481852,1
48,481853,1
48,481854,1
48,481855,1
48,481856,1
48,481857,1
48,481858,98
48,481859,1
48,481860,1
48,481861,1
48,481862,1
48,481863,10
48,481864,1
48,481865,1
48,481866,1
48,481867,1
48,481868,1
48,481869,1
48,481870,1
48,481871,1
48,481872,1
48,481873,1
48,481874,10
48,481875,1
48,481876,1
48,481877,1
48,481878,10
48,481879,10
48,481880,1
48,481882,1
48,481883,1
48,481884,2
48,481885,1
48,481886,10
48,481887,10
48,481888,1
48,481889,1
48,481890,1
48,481891,1
48,481892,1
48,481893,2
48,481894,1
48,481895,1
48,481896,1
48,481897,1
48,481898,1
48,481899,10
48,481900,1
48,481901,1
48,481902,1
48,481903,1
48,481904,1
48,481905,1
48,481906,1
48,481907,1
48,481908,1
48,481909,1
48,481910,1
48,481911,1
48,481912,2
48,481913,1
48,481914,1
48,481915,10
48,481916,1
48,481917,1
48,481918,1
48,481919,1
48,481921,1
48,481922,1
48,481923,1
48,481924,1
48,481925,1
48,481926,1
48,481927,10
48,481928,1
48,481929,1
48,481930,1
48,481931,1
48,481932,1
48,481933,10
48,481934,1
48,481935,1
48,481936,1
48,481937,1
48,481938,1
48,481939,1
48,481940,10
48,481941,1
48,481942,1
48,481943,1
48,481944,1
48,481945,1
48,481946,1
48,481947,1
48,481948,1
48,481949,10
48,481950,1
48,481951,1
48,481952,10
48,481953,1
48,481954,1
48,481955,1
48,481956,1
48,481957,1
48,481958,1
48,481959,1
48,481961,1
48,481962,1
48,481963,10
48,481964,1
48,481965,1
48,481966,1
48,481967,2
48,481968,1
48,481969,2
48,481970,1
48,481971,2
48,481972,10
48,481973,10
48,481974,1
48,481975,2
48,481976,1
48,481977,1
48,481978,1
48,481979,1
48,481980,1
48,481981,1
48,481982,1
48,481983,1
48,481984,1
48,481985,10
48,481986,1
48,481987,1
48,481988,1
48,481989,2
48,481990,1
48,481991,1
48,481992,1
48,481993,1
48,481994,1
48,481995,1
48,481996,1
48,481997,1
48,481998,1
48,481999,1
48,482000,1
48,482001,10
48,482002,1
48,482003,1
48,482004,1
48,482005,1
48,482006,2
48,482007,2
48,482008,1
48,482009,1
48,482010,1
48,482011,1
48,482012,1
48,482013,1
48,482014,2
48,482015,2
48,482016,1
48,482017,1
48,482018,1
48,482019,1
48,482020,1
48,482021,1
48,482022,1
48,482023,1
48,482024,10
48,482025,1
48,482026,1
48,482027,10
48,482028,1
48,482029,1
48,482030,1
48,482031,1
48,482032,2
48,482033,1
48,482034,1
48,482035,10
48,482036,1
48,482037,1
48,482038,1
48,482039,1
48,482040,1
48,482041,1
48,482042,1
48,482043,10
48,482044,10
48,482045,10
48,482046,1
48,482047,1
48,482048,1
48,482049,10
48,482050,1
48,482051,1
48,482052,10
48,482053,1
48,482054,1
48,482055,1
48,482056,1
48,482057,1
48,482058,2
48,482059,1
48,482060,10
48,482062,1
48,482063,1
48,482064,5
48,482065,1
48,482066,1
48,482067,1
48,482068,1
48,482069,10
48,482070,1
48,482071,1
48,482072,1
48,482073,1
48,482074,1
48,482075,1
48,482076,1
48,482077,1
48,482078,10
48,482079,2
48,482081,1
48,482083,1
48,482084,1
48,482085,1
48,482087,2
48,482088,1
48,482089,10
48,482090,1
48,482091,1
48,482092,1
48,482093,1
48,482094,1
48,482095,1
48,482096,1
48,482097,1
48,482098,1
48,482099,1
48,482100,1
48,482101,1
48,482102,1
48,482104,1
48,482105,1
48,482106,10
48,482107,1
48,482108,10
48,482109,1
48,482110,1
48,482111,1
48,482112,1
48,482113,1
48,482114,1
48,482115,1
48,482116,1
48,482117,1
48,482118,1
48,482119,10
48,482120,1
48,482121,1
48,482122,1
48,482123,1
48,482124,10
48,482125,1
48,482126,1
48,482127,1
48,482128,1
48,482129,1
48,482130,1
48,482131,1
48,482132,1
48,482133,1
48,482134,1
48,482135,2
48,482136,1
48,482137,1
48,482139,2
48,482140,1
48,482141,1
48,482142,1
48,482143,1
48,482144,1
48,482145,1
48,482146,1
48,482147,10
48,482148,1
48,482149,1
48,482150,1
48,482151,1
48,482152,1
48,482153,1
48,482154,10
48,482155,1
48,482156,1
48,482157,1
48,482158,1
48,482159,1
48,482160,1
48,482161,1
48,482162,1
48,482163,1
48,482164,1
48,482165,1
48,482166,10
48,482167,2
48,482168,1
48,482169,1
48,482170,1
48,482171,1
48,482172,1
48,482173,1
48,482175,10
48,482176,10
48,482177,1
48,482178,1
48,482179,1
48,482180,1
48,482181,1
48,482182,1
48,482183,1
48,482184,1
48,482185,1
48,482186,1
48,482187,1
48,482188,1
48,482189,1
48,482191,1
48,482192,1
48,482193,1
48,482194,1
48,482196,2
48,482197,1
48,482198,1
48,482199,1
48,482200,1
48,482201,1
48,482202,1
48,482203,10
48,482204,1
48,482205,1
48,482206,1
48,482207,1
48,482208,1
48,482209,1
48,482210,1
48,482211,10
48,482212,2
48,482213,1
48,482214,1
48,482215,1
48,482216,1
48,482217,1
48,482218,1
48,482219,1
48,482220,1
48,482221,1
48,482222,1
48,482223,1
48,482224,1
48,482225,10
48,482226,1
48,482227,1
48,482228,1
48,482229,1
48,482230,1
48,482231,1
48,482232,1
48,482233,1
48,482234,1
48,482235,1
48,482236,1
48,482237,1
48,482238,1
48,482239,1
48,482240,1
48,482241,1
48,482242,1
48,482243,1
48,482244,1
48,482245,1
48,482246,1
48,482247,1
48,482248,1
48,482249,1
48,482250,1
48,482251,1
48,482252,1
48,482253,1
48,482254,1
48,482255,1
48,482256,1
48,482257,1
48,482258,1
48,482259,1
48,482260,1
48,482261,1
48,482262,1
48,482263,1
48,482264,1
48,482265,1
48,482266,1
48,482267,1
48,482268,1
48,482269,1
48,482270,1
48,482271,1
48,482272,1
48,482273,1
48,482274,1
48,482275,1
48,482276,1
48,482277,1
48,482278,1
48,482279,1
48,482280,1
48,482281,1
48,482282,1
48,482283,1
48,482284,1
48,482285,1
48,482286,1
48,482287,1
48,482288,1
48,482289,1
48,482290,10
48,482291,1
48,482292,1
48,482293,1
48,482294,1
48,482295,1
48,482296,1
48,482297,1
48,482298,1
48,482299,1
48,482300,1
48,482301,1
48,482302,1
48,482304,1
48,482305,1
48,482306,1
48,482307,1
48,482308,1
48,482309,1
48,482310,1
48,482311,1
48,482312,1
48,482313,1
48,482314,1
48,482315,1
48,482316,1
48,482317,1
48,482318,1
48,482319,1
48,482320,1
48,482321,1
48,482322,1
48,482323,1
48,482324,1
48,482326,1
48,482327,1
48,482328,1
48,482329,1
48,482330,1
48,482331,1
48,482332,1
48,482333,1
48,482334,1
48,482335,1
48,482336,1
48,482337,1
48,482338,10
48,482339,1
48,482340,1
48,482341,1
48,482342,1
48,482343,1
48,482344,1
48,482345,1
48,482346,1
48,482347,1
48,482348,1
48,482349,1
48,482350,1
48,482351,1
48,482352,1
48,482353,1
48,482354,1
48,482356,1
48,482357,1
48,482358,1
48,482359,1
48,482360,1
48,482361,1
48,482362,1
48,482363,1
48,482364,1
48,482365,1
48,482366,10
48,482367,1
48,482368,1
48,482369,1
48,482370,1
48,482371,1
48,482372,10
48,482373,1
48,482374,10
48,482375,1
48,482376,10
48,482377,1
48,482378,10
48,482379,1
48,482380,1
48,482381,1
48,482382,1
48,482383,1
48,482384,1
48,482385,10
48,482386,1
48,482387,1
48,482388,10
48,482389,1
48,482390,1
48,482391,10
48,482392,1
48,482393,1
48,482394,1
48,482395,1
48,482396,1
48,482397,10
48,482398,1
48,482399,1
48,482400,10
48,482401,10
48,482402,1
48,482403,1
48,482404,1
48,482405,10
48,482406,1
48,482407,10
48,482408,1
48,482409,1
48,482411,1
48,482412,10
48,482413,1
48,482414,1
48,482415,1
48,482416,1
48,482417,1
48,482418,1
48,482419,1
48,482420,1
48,482422,1
48,482423,1
48,482424,1
48,482425,1
48,482426,1
48,482427,1
48,482428,1
48,482429,1
48,482430,1
48,482431,1
48,482432,1
48,482433,1
48,482434,1
48,482435,1
48,482436,2
48,482437,2
48,482438,1
48,482439,1
48,482440,1
48,482441,2
48,482442,1
48,482443,1
48,482444,1
48,482445,1
48,482446,1
48,482447,1
48,482448,1
48,482450,10
48,482451,1
48,482452,2
48,482454,10
48,482456,1
48,482458,1
48,482459,10
48,482460,10
48,482461,1
48,482462,1
48,482463,1
48,482464,10
48,482465,1
48,482466,1
48,482467,10
48,482468,10
48,482469,1
48,482470,1
48,482471,1
48,482472,1
48,482473,1
48,482474,1
48,482475,1
48,482476,1
48,482477,1
48,482478,10
48,482479,1
48,482480,10
48,482481,1
48,482482,1
48,482483,1
48,482484,1
48,482485,1
48,482487,1
48,482488,1
48,482489,1
48,482490,1
48,482491,1
48,482492,10
48,482493,1
48,482494,1
48,482495,1
48,482496,1
48,482497,1
48,482498,1
48,482499,1
48,482500,1
48,482501,1
48,482502,1
48,482503,1
48,482504,1
48,482505,2
48,482506,2
48,482507,1
48,482508,2
48,482509,10
48,482510,1
48,482511,1
48,482512,1
48,482513,1
48,482514,1
48,482515,1
48,482516,1
48,482517,10
48,482518,1
48,482519,1
48,482520,10
48,482522,1
48,482523,1
48,482524,1
48,482525,1
48,482526,1
48,482527,1
48,482528,1
48,482529,1
48,482530,1
48,482531,1
48,482532,10
48,482533,1
48,482534,1
48,482535,1
48,482536,2
48,482537,10
48,482538,1
48,482539,1
48,482540,1
48,482541,10
48,482542,1
48,482543,10
48,482544,1
48,482545,1
48,482546,1
48,482547,1
48,482548,1
48,482549,1
48,482551,1
48,482552,1
48,482553,10
48,482554,1
48,482555,2
48,482556,1
48,482557,1
48,482558,1
48,482559,1
48,482560,1
48,482561,1
48,482562,10
48,482563,2
48,482564,10
48,482565,1
48,482566,1
48,482567,1
48,482568,1
48,482570,1
48,482571,1
48,482572,1
48,482573,1
48,482574,1
48,482575,1
48,482576,10
48,482577,10
48,482578,1
48,482579,1
48,482580,10
48,482581,1
48,482582,1
48,482583,10
48,482584,10
48,482585,1
48,482586,1
48,482587,1
48,482588,1
48,482589,1
48,482590,1
48,482591,1
48,482592,1
48,482593,1
48,482594,1
48,482595,1
48,482596,10
48,482597,1
48,482598,1
48,482599,1
48,482600,1
48,482601,1
48,482602,1
48,482603,1
48,482604,1
48,482605,1
48,482606,1
48,482607,1
48,482608,1
48,482609,1
48,482610,1
48,482611,10
48,482612,1
48,482613,1
48,482615,1
48,482616,1
48,482617,1
48,482618,1
48,482620,1
48,482621,1
48,482623,1
48,482624,1
48,482625,1
48,482626,1
48,482627,1
48,482628,10
48,482629,1
48,482630,1
48,482631,10
48,482632,1
48,482633,1
48,482634,1
48,482635,1
48,482636,1
48,482637,1
48,482638,1
48,482639,1
48,482640,10
48,482641,1
48,482642,1
48,482643,1
48,482644,1
48,482645,1
48,482646,1
48,482647,1
48,482648,1
48,482649,1
48,482650,10
48,482651,1
48,482652,1
48,482653,2
48,482654,1
48,482655,2
48,482656,1
48,482657,1
48,482658,1
48,482659,1
48,482660,1
48,482661,1
48,482662,1
48,482663,1
48,482664,1
48,482665,1
48,482666,1
48,482667,1
48,482668,1
48,482669,1
48,482670,99
48,482671,1
48,482672,1
48,482673,1
48,482674,1
48,482675,1
48,482676,1
48,482677,1
48,482678,1
48,482679,1
48,482680,1
48,482681,1
48,482682,1
48,482683,1
48,482684,1
48,482685,1
48,482686,10
48,482687,1
48,482688,1
48,482689,1
48,482690,10
48,482691,10
48,482692,1
48,482693,1
48,482694,1
48,482695,1
48,482696,1
48,482697,1
48,482698,1
48,482699,1
48,482700,1
48,482701,1
48,482702,1
48,482703,1
48,482704,1
48,482705,1
48,482706,10
48,482707,1
48,482708,5
48,482709,1
48,482710,1
48,482711,1
48,482712,1
48,482713,1
48,482714,1
48,482715,1
48,482717,1
48,482718,1
48,482719,1
48,482720,1
48,482721,1
48,482722,10
48,482723,1
48,482724,1
48,482725,1
48,482726,1
48,482727,1
48,482728,1
48,482729,1
48,482730,1
48,482731,1
48,482732,1
48,482733,1
48,482734,1
48,482735,1
48,482736,1
48,482737,1
48,482738,1
48,482739,1
48,482740,10
48,482741,1
48,482742,1
48,482743,1
48,482744,1
48,482746,1
48,482747,1
48,482748,1
48,482749,1
48,482750,1
48,482751,1
48,482752,1
48,482753,1
48,482754,1
48,482755,2
48,482756,10
48,482757,1
48,482758,1
48,482759,1
48,482760,1
48,482761,1
48,482762,1
48,482763,1
48,482764,1
48,482765,1
48,482766,1
48,482767,1
48,482768,10
48,482769,1
48,482770,10
48,482771,1
48,482773,10
48,482774,1
48,482775,1
48,482776,1
48,482777,1
48,482778,1
48,482779,1
48,482780,1
48,482781,1
48,482782,1
48,482783,1
48,482784,1
48,482785,1
48,482786,1
48,482787,1
48,482788,10
48,482789,1
48,482790,1
48,482791,1
48,482792,1
48,482793,1
48,482794,1
48,482795,1
48,482796,1
48,482797,1
48,482798,1
48,482799,1
48,482800,1
48,482802,1
48,482803,1
48,482804,1
48,482805,1
48,482806,1
48,482807,1
48,482808,1
48,482809,1
48,482810,1
48,482811,1
48,482812,1
48,482813,1
48,482814,10
48,482815,1
48,482816,1
48,482817,1
48,482818,1
48,482819,1
48,482820,1
48,482822,1
48,482823,1
48,482824,1
48,482825,1
48,482826,1
48,482827,1
48,482828,1
48,482829,1
48,482830,1
48,482831,1
48,482832,1
48,482833,1
48,482834,1
48,482835,1
48,482836,1
48,482837,1
48,482838,1
48,482839,1
48,482840,1
48,482841,1
48,482842,1
48,482843,1
48,482844,1
48,482845,1
48,482846,1
48,482847,1
48,482848,1
48,482849,1
48,482850,1
48,482851,1
48,482852,1
48,482853,1
48,482854,1
48,482855,1
48,482856,1
48,482857,1
48,482858,10
48,482859,10
48,482860,1
48,482861,1
48,482862,1
48,482864,1
48,482865,1
48,482866,1
48,482867,1
48,482868,1
48,482869,1
48,482870,1
48,482871,1
48,482872,1
48,482873,1
48,482874,1
48,482875,1
48,482876,1
48,482877,1
48,482878,1
48,482879,1
48,482880,1
48,482881,1
48,482882,1
48,482883,1
48,482884,1
48,482885,10
48,482886,1
48,482887,1
48,482888,1
48,482889,1
48,482890,1
48,482891,1
48,482892,1
48,482893,1
48,482894,1
48,482895,1
48,482896,1
48,482897,1
48,482898,1
48,482899,1
48,482900,1
48,482901,1
48,482902,1
48,482903,1
48,482904,1
48,482905,1
48,482906,1
48,482907,1
48,482908,1
48,482909,1
48,482910,1
48,482911,1
48,482912,1
48,482913,1
48,482914,1
48,482915,1
48,482916,1
48,482917,1
48,482918,1
48,482919,1
48,482920,1
48,482921,1
48,482922,1
48,482923,1
48,482924,1
48,482925,1
48,482926,1
48,482927,1
48,482928,1
48,482929,1
48,482930,1
48,482931,1
48,482932,1
48,482933,1
48,482934,1
48,482935,1
48,482937,1
48,482938,1
48,482939,1
48,482940,1
48,482941,10
48,482943,1
48,482944,1
48,482945,1
48,482946,1
48,482947,1
48,482948,1
48,482949,1
48,482950,1
48,482951,1
48,482952,1
48,482953,1
48,482954,2
48,482955,1
48,482956,1
48,482957,1
48,482959,1
48,482960,1
48,482961,1
48,482962,1
48,482963,1
48,482964,10
48,482965,1
48,482966,1
48,482967,1
48,482968,10
48,482969,1
48,482970,1
48,482971,1
48,482972,1
48,482973,1
48,482974,1
48,482976,1
48,482977,1
48,482978,10
48,482980,1
48,482981,1
48,482982,1
48,482983,1
48,482984,1
48,482985,1
48,482986,1
48,482987,1
48,482988,1
48,482989,1
48,482990,1
48,482991,1
48,482992,5
48,482993,1
48,482995,1
48,482996,1
48,482997,1
48,482998,1
48,482999,1
48,483001,1
48,483002,1
48,483003,1
48,483004,1
48,483005,1
48,483006,1
48,483007,1
48,483008,1
48,483009,1
48,483010,1
48,483011,1
48,483012,1
48,483013,1
48,483014,1
48,483015,1
48,483016,1
48,483017,1
48,483018,1
48,483019,1
48,483020,5
48,483021,1
48,483022,1
48,483023,1
48,483024,1
48,483025,1
48,483026,1
48,483027,1
48,483028,1
48,483029,1
48,483030,1
48,483031,1
48,483032,1
48,483033,1
48,483034,1
48,483035,1
48,483036,1
48,483037,1
48,483038,1
48,483039,1
48,483040,1
48,483041,1
48,483042,1
48,483043,1
48,483044,5
48,483045,10
48,483046,1
48,483047,1
48,483048,1
48,483049,1
48,483050,1
48,483051,1
48,483052,1
48,483053,1
48,483054,1
48,483055,10
48,483056,1
48,483057,1
48,483058,1
48,483059,1
48,483060,1
48,483061,1
48,483062,1
48,483063,1
48,483064,10
48,483065,1
48,483066,1
48,483067,10
48,483068,1
48,483069,10
48,483070,1
48,483071,1
48,483072,1
48,483073,1
48,483074,1
48,483075,1
48,483076,1
48,483077,1
48,483078,1
48,483079,5
48,483080,1
48,483081,1
48,483082,1
48,483083,1
48,483084,1
48,483085,10
48,483086,1
48,483087,2
48,483088,2
48,483089,1
48,483090,10
48,483092,2
48,483093,1
48,483094,1
48,483095,1
48,483096,1
48,483097,1
48,483098,1
48,483100,1
48,483101,1
48,483102,1
48,483103,1
48,483104,1
48,483105,10
48,483106,1
48,483107,10
48,483108,1
48,483109,1
48,483110,1
48,483111,1
48,483112,1
48,483113,1
48,483114,1
48,483115,1
48,483116,1
48,483117,1
48,483118,1
48,483119,1
48,483120,1
48,483121,1
48,483122,1
48,483123,1
48,483124,1
48,483125,10
48,483126,1
48,483127,1
48,483128,1
48,483129,1
48,483130,1
48,483131,2
48,483132,1
48,483133,1
48,483134,10
48,483135,2
48,483136,1
48,483137,1
48,483138,1
48,483139,1
48,483140,1
48,483141,1
48,483142,10
48,483143,1
48,483144,1
48,483145,10
48,483146,10
48,483147,1
48,483148,1
48,483149,1
48,483150,1
48,483151,1
48,483152,1
48,483153,10
48,483154,5
48,483155,1
48,483156,1
48,483157,10
48,483158,1
48,483159,1
48,483160,1
48,483161,1
48,483162,1
48,483163,1
48,483164,1
48,483165,1
48,483166,10
48,483167,10
48,483169,1
48,483170,1
48,483171,10
48,483172,1
48,483173,10
48,483174,1
48,483175,1
48,483176,1
48,483177,10
48,483178,10
48,483179,1
48,483180,10
48,483181,1
48,483182,1
48,483183,1
48,483184,10
48,483185,1
48,483186,10
48,483187,10
48,483188,1
48,483189,10
48,483190,10
48,483191,10
48,483192,1
48,483193,1
48,483194,10
48,483195,1
48,483196,1
48,483197,1
48,483198,1
48,483199,1
48,483200,1
48,483201,1
48,483202,1
48,483203,1
48,483204,10
48,483206,1
48,483207,10
48,483208,1
48,483209,1
48,483210,1
48,483211,1
48,483212,10
48,483213,1
48,483214,1
48,483215,10
48,483216,1
48,483217,1
48,483218,1
48,483219,1
48,483220,1
48,483221,10
48,483222,10
48,483223,10
48,483224,1
48,483225,1
48,483226,1
48,483227,2
48,483228,10
48,483229,10
48,483230,10
48,483231,10
48,483232,10
48,483233,1
48,483234,10
48,483235,1
48,483236,1
48,483238,1
48,483239,1
48,483240,10
48,483241,1
48,483242,1
48,483243,1
48,483244,1
48,483245,1
48,483246,1
48,483247,1
48,483248,1
48,483249,1
48,483250,10
48,483251,10
48,483252,1
48,483253,1
48,483254,1
48,483255,10
48,483256,1
48,483257,1
48,483258,1
48,483259,1
48,483260,1
48,483261,1
48,483262,1
48,483263,1
48,483264,1
48,483265,1
48,483266,1
48,483267,1
48,483268,1
48,483269,1
48,483270,1
48,483271,1
48,483272,1
48,483274,1
48,483275,1
48,483276,2
48,483277,1
48,483278,10
48,483279,10
48,483280,1
48,483281,1
48,483282,1
48,483283,1
48,483284,1
48,483285,1
48,483286,1
48,483287,1
48,483288,1
48,483289,1
48,483290,1
48,483291,1
48,483292,1
48,483293,1
48,483294,1
48,483295,1
48,483296,10
48,483297,1
48,483298,1
48,483299,1
48,483300,1
48,483301,1
48,483302,10
48,483303,1
48,483304,1
48,483305,10
48,483306,10
48,483307,98
48,483308,2
48,483309,1
48,483310,10
48,483311,1
48,483312,1
48,483313,1
48,483314,1
48,483315,1
48,483316,1
48,483317,1
48,483318,1
48,483319,1
48,483320,1
48,483321,1
48,483322,1
48,483323,10
48,483324,10
48,483325,5
48,483326,1
48,483327,10
48,483328,1
48,483329,1
48,483330,1
48,483331,10
48,483332,1
48,483333,1
48,483334,1
48,483335,1
48,483336,1
48,483337,1
48,483338,10
48,483339,10
48,483340,10
48,483341,1
48,483342,1
48,483343,1
48,483344,1
48,483345,1
48,483346,1
48,483347,1
48,483348,1
48,483349,1
48,483350,1
48,483351,1
48,483352,2
48,483353,1
48,483354,10
48,483355,1
48,483356,1
48,483357,1
48,483358,1
48,483359,1
48,483360,1
48,483361,1
48,483362,1
48,483363,1
48,483364,1
48,483365,2
48,483366,2
48,483367,1
48,483368,1
48,483369,1
48,483370,1
48,483371,2
48,483372,1
48,483373,1
48,483374,1
48,483375,10
48,483377,1
48,483378,1
48,483379,1
48,483380,1
48,483381,1
48,483382,1
48,483383,1
48,483384,1
48,483385,1
48,483386,1
48,483387,1
48,483388,1
48,483389,1
48,483390,1
48,483391,1
48,483392,1
48,483394,2
48,483395,1
48,483396,5
48,483397,1
48,483398,1
48,483399,1
48,483400,1
48,483401,1
48,483402,1
48,483403,1
48,483404,1
48,483405,1
48,483406,1
48,483407,1
48,483408,1
48,483409,1
48,483410,1
48,483411,10
48,483412,1
48,483413,2
48,483414,1
48,483415,10
48,483416,1
48,483417,1
48,483418,1
48,483419,1
48,483420,1
48,483421,10
48,483422,1
48,483423,1
48,483424,1
48,483425,1
48,483426,1
48,483427,1
48,483428,1
48,483429,1
48,483430,1
48,483431,1
48,483432,1
48,483433,1
48,483434,1
48,483435,1
48,483436,1
48,483437,10
48,483438,1
48,483439,1
48,483440,1
48,483441,1
48,483442,1
48,483443,1
48,483444,1
48,483445,10
48,483446,1
48,483447,10
48,483448,1
48,483449,1
48,483450,1
48,483451,1
48,483452,1
48,483453,1
48,483454,1
48,483455,1
48,483456,1
48,483457,1
48,483458,1
48,483459,1
48,483460,1
48,483461,1
48,483462,10
48,483463,1
48,483464,1
48,483465,1
48,483466,1
48,483467,1
48,483468,1
48,483469,1
48,483470,10
48,483471,1
48,483472,1
48,483473,2
48,483474,1
48,483475,1
48,483476,1
48,483477,1
48,483478,1
48,483479,2
48,483480,1
48,483481,10
48,483482,1
48,483483,1
48,483484,1
48,483485,1
48,483486,1
48,483487,1
48,483488,1
48,483489,1
48,483490,1
48,483491,1
48,483493,1
48,483494,1
48,483496,1
48,483497,1
48,483498,1
48,483500,1
48,483501,1
48,483502,1
48,483503,1
48,483504,1
48,483505,1
48,483506,1
48,483507,1
48,483508,1
48,483509,2
48,483511,2
48,483512,10
48,483513,1
48,483514,1
48,483515,1
48,483516,1
48,483517,1
48,483518,1
48,483519,10
48,483520,10
48,483521,1
48,483522,1
48,483523,2
48,483524,1
48,483525,1
48,483526,1
48,483527,2
48,483528,1
48,483529,1
48,483530,1
48,483531,1
48,483532,1
48,483533,1
48,483534,1
48,483535,1
48,483536,1
48,483537,1
48,483538,10
48,483539,1
48,483540,2
48,483541,2
48,483542,2
48,483543,1
48,483544,1
48,483545,1
48,483546,1
48,483547,1
48,483548,10
48,483549,10
48,483550,1
48,483551,1
48,483552,1
48,483553,1
48,483554,2
48,483555,1
48,483556,10
48,483557,1
48,483558,1
48,483559,1
48,483560,1
48,483561,1
48,483562,1
48,483563,1
48,483564,2
48,483565,10
48,483566,1
48,483567,1
48,483568,2
48,483569,1
48,483570,1
48,483571,1
48,483573,2
48,483575,10
48,483576,2
48,483577,2
48,483578,10
48,483579,10
48,483580,10
48,483581,1
48,483582,2
48,483583,1
48,483584,1
48,483585,2
48,483586,1
48,483587,1
48,483588,2
48,483589,1
48,483590,2
48,483591,1
48,483592,10
48,483593,10
48,483594,2
48,483595,1
48,483596,1
48,483597,1
48,483598,1
48,483599,1
48,483600,2
48,483601,1
48,483602,2
48,483603,1
48,483604,1
48,483605,10
48,483606,1
48,483607,1
48,483608,1
48,483609,2
48,483610,1
48,483611,2
48,483612,10
48,483613,1
48,483614,10
48,483615,5
48,483616,1
48,483617,2
48,483618,2
48,483619,10
48,483620,1
48,483621,1
48,483622,1
48,483623,1
48,483624,10
48,483625,5
48,483626,1
48,483627,1
48,483628,1
48,483629,10
48,483630,10
48,483631,1
48,483632,1
48,483633,1
48,483634,1
48,483635,10
48,483636,10
48,483637,1
48,483638,10
48,483639,1
48,483640,1
48,483641,2
48,483642,8
48,483643,10
48,483644,1
48,483645,2
48,483646,1
48,483647,2
48,483648,1
48,483649,10
48,483650,1
48,483651,1
48,483652,1
48,483653,1
48,483654,10
48,483655,1
48,483656,1
48,483657,1
48,483658,1
48,483659,1
48,483660,5
48,483661,1
48,483662,1
48,483663,1
48,483664,1
48,483665,1
48,483666,1
48,483667,1
48,483668,10
48,483669,1
48,483670,1
48,483671,1
48,483672,10
48,483673,1
48,483674,1
48,483675,1
48,483677,2
48,483678,10
48,483679,2
48,483680,1
48,483681,5
48,483682,1
48,483683,1
48,483684,1
48,483685,1
48,483686,1
48,483687,1
48,483688,1
48,483689,10
48,483690,1
48,483691,1
48,483692,10
48,483693,1
48,483694,1
48,483695,1
48,483696,10
48,483697,1
48,483699,1
48,483700,1
48,483701,1
48,483702,10
48,483703,1
48,483704,1
48,483705,1
48,483707,1
48,483708,1
48,483709,10
48,483710,1
48,483711,10
48,483712,1
48,483713,1
48,483714,1
48,483715,1
48,483716,2
48,483717,10
48,483718,10
48,483719,1
48,483720,2
48,483721,10
48,483722,1
48,483723,2
48,483724,1
48,483725,1
48,483726,1
48,483727,1
48,483728,1
48,483729,1
48,483730,1
48,483731,1
48,483732,10
48,483733,10
48,483734,2
48,483735,1
48,483736,10
48,483737,10
48,483738,1
48,483739,1
48,483740,1
48,483741,1
48,483742,1
48,483743,1
48,483744,1
48,483745,1
48,483746,1
48,483747,1
48,483748,1
48,483749,5
48,483750,1
48,483751,5
48,483752,10
48,483753,1
48,483754,1
48,483755,1
48,483756,1
48,483757,1
48,483758,2
48,483759,2
48,483760,10
48,483761,10
48,483762,1
48,483763,10
48,483764,10
48,483765,1
48,483766,10
48,483767,1
48,483768,10
48,483769,1
48,483770,10
48,483771,1
48,483772,1
48,483773,1
48,483774,1
48,483775,1
48,483776,5
48,483777,1
48,483779,10
48,483780,1
48,483781,1
48,483782,2
48,483784,1
48,483785,10
48,483786,1
48,483787,5
48,483788,2
48,483789,1
48,483790,1
48,483791,1
48,483792,1
48,483793,1
48,483794,1
48,483795,1
48,483796,1
48,483797,1
48,483798,10
48,483799,2
48,483800,1
48,483801,1
48,483802,1
48,483803,1
48,483804,1
48,483805,10
48,483806,10
48,483807,1
48,483808,2
48,483809,10
48,483810,1
48,483811,1
48,483812,1
48,483813,1
48,483814,5
48,483815,1
48,483816,1
48,483817,1
48,483818,1
48,483819,1
48,483820,1
48,483821,1
48,483822,1
48,483823,1
48,483824,1
48,483825,1
48,483826,1
48,483827,2
48,483829,1
48,483830,1
48,483831,1
48,483832,1
48,483833,1
48,483834,1
48,483835,1
48,483836,1
48,483837,1
48,483838,10
48,483839,1
48,483840,1
48,483841,1
48,483842,1
48,483843,10
48,483844,1
48,483845,2
48,483846,1
48,483847,1
48,483848,1
48,483849,1
48,483850,1
48,483851,2
48,483852,1
48,483853,1
48,483854,5
48,483855,10
48,483856,1
48,483857,1
48,483858,1
48,483859,1
48,483860,1
48,483861,1
48,483862,1
48,483863,1
48,483864,1
48,483865,5
48,483866,10
48,483867,1
48,483868,10
48,483869,1
48,483870,1
48,483871,1
48,483872,6
48,483873,1
48,483874,1
48,483875,1
48,483876,1
48,483877,1
48,483878,1
48,483879,1
48,483880,1
48,483881,1
48,483882,1
48,483883,1
48,483884,1
48,483885,1
48,483886,1
48,483887,1
48,483888,1
48,483889,1
48,483890,1
48,483891,1
48,483892,1
48,483893,1
48,483894,1
49,490001,1
49,490002,99
49,490004,1
49,490005,1
49,490006,10
49,490007,10
49,490008,1
49,490009,1
49,490010,10
49,490011,2
49,490012,1
49,490013,2
49,490014,1
49,490015,4
49,490016,10
49,490017,1
49,490018,1
49,490020,4
49,490021,2
49,490022,1
49,490023,1
49,490024,10
49,490025,10
49,490026,1
49,490027,2
49,490028,1
49,490029,1
49,490030,2
49,490032,1
49,490033,1
49,490034,4
49,490036,1
49,490037,10
49,490038,10
49,490039,1
49,490040,10
49,490041,1
49,490043,1
49,490044,1
49,490045,1
49,490046,1
49,490047,4
49,490048,1
49,490049,1
49,490050,1
49,490051,1
49,490052,1
49,490053,1
49,490054,10
49,490055,1
49,490056,10
49,490057,1
49,490058,1
49,490059,1
49,490060,1
49,490062,10
49,490063,1
49,490064,1
49,490065,1
49,490066,10
49,490067,2
49,490068,1
49,490069,1
49,490070,2
49,490071,1
49,490072,1
49,490074,1
49,490075,10
49,490076,1
49,490077,1
49,490078,1
49,490079,10
49,490080,1
49,490081,1
49,490082,10
49,490083,1
49,490084,99
49,490085,1
49,490086,1
49,490087,1
49,490088,3
49,490089,10
49,490090,2
49,490091,1
49,490092,1
49,490093,1
49,490094,1
49,490095,1
49,490097,1
49,490098,10
49,490099,1
49,490100,10
49,490101,1
49,490102,1
49,490103,10
49,490104,1
49,490105,1
49,490106,1
49,490107,10
49,490108,1
49,490109,1
49,490111,1
49,490112,1
49,490113,1
49,490114,1
49,490115,1
49,490116,1
49,490117,1
49,490118,1
49,490119,10
49,490120,1
49,490121,1
49,490122,1
49,490123,1
49,490124,2
49,490125,10
49,490126,1
49,490127,1
49,490128,1
49,490129,1
49,490130,1
49,490131,1
49,490132,1
49,490133,1
49,490134,1
49,490136,1
49,490138,10
49,490139,1
49,490140,10
49,490141,10
49,490142,1
49,490143,1
49,490144,1
49,490145,1
49,490146,1
49,490147,1
49,490148,10
49,490149,1
49,490150,1
49,490151,1
49,490152,1
49,490153,10
49,490154,1
49,490155,1
49,490156,1
49,490158,10
49,490160,1
49,490161,10
49,490163,1
49,490165,1
49,490166,1
49,490167,1
49,490168,1
49,490169,1
49,490170,1
49,490171,1
49,490173,1
49,490174,1
49,490175,1
49,490176,1
49,490177,1
49,490178,1
49,490179,1
49,490181,1
49,490182,1
49,490183,1
49,490184,1
49,490185,1
49,490186,1
49,490187,1
49,490188,1
49,490189,1
49,490190,1
49,490191,1
49,490192,1
49,490193,10
49,490194,1
49,490195,10
49,490196,10
49,490197,1
49,490198,1
49,490199,1
49,490200,1
49,490201,1
49,490202,1
49,490205,1
49,490206,1
49,490208,1
49,490209,1
49,490210,1
49,490211,10
49,490213,1
49,490214,1
49,490215,1
49,490216,1
49,490217,1
49,490218,1
49,490219,1
49,490220,1
49,490221,1
49,490222,1
49,490223,1
49,490224,1
49,490225,1
49,490226,1
49,490227,1
49,490228,1
49,490230,1
49,490231,10
49,490232,1
49,490233,4
49,490234,11
49,490235,1
49,490236,1
49,490237,2
49,490238,1
49,490239,1
49,490240,10
49,490241,1
49,490242,1
49,490243,1
49,490244,1
49,490245,2
49,490246,1
49,490247,1
49,490248,1
49,490249,1
49,490251,10
49,490252,10
49,490253,1
49,490254,1
49,490255,1
49,490256,2
49,490257,1
49,490258,10
49,490259,3
49,490260,1
49,490261,1
49,490262,1
49,490263,10
49,490264,1
49,490265,1
49,490266,1
49,490267,1
49,490268,1
49,490269,1
49,490270,1
49,490271,99
49,490272,1
49,490273,1
49,490274,1
50,500001,10
50,500002,1
50,500003,10
50,500004,10
50,500005,99
50,500006,10
50,500007,2
50,500008,10
50,500010,1
50,500011,2
50,500013,1
50,500014,10
50,500015,1
50,500016,1
50,500017,10
50,500018,1
50,500019,1
50,500020,10
50,500021,1
50,500022,1
50,500023,1
50,500024,1
50,500025,1
50,500026,2
50,500027,10
50,500028,1
50,500029,2
50,500030,10
50,500031,99
50,500032,10
50,500033,1
50,500034,1
50,500035,1
50,500036,1
50,500037,1
50,500038,1
50,500039,10
50,500040,1
50,500041,1
50,500042,1
50,500043,4
50,500044,5
50,500045,1
50,500046,1
50,500047,1
50,500048,1
50,500049,10
50,500050,10
50,500051,1
50,500052,1
50,500053,4
50,500054,2
50,500055,1
51,510001,98
51,510002,98
51,510003,98
51,510004,98
51,510005,98
51,510006,98
51,510007,2
51,510008,98
51,510009,98
51,510010,98
51,510011,98
51,510012,98
51,510013,98
51,510014,2
51,510015,4
51,510016,98
51,510017,2
51,510018,98
51,510019,2
51,510020,98
51,510021,98
51,510022,98
51,510023,2
51,510024,2
51,510025,98
51,510026,98
51,510027,98
51,510028,98
51,510029,98
51,510030,98
51,510031,2
51,510032,98
51,510033,98
51,510034,2
51,510035,98
51,510036,98
51,510037,98
51,510038,98
51,510039,98
51,510040,98
51,510041,98
51,510042,2
51,510043,98
51,510044,98
51,510045,98
51,510046,98
51,510047,98
51,510048,98
51,510049,98
51,510050,98
51,510051,98
51,510052,98
51,510053,98
51,510054,98
51,510055,5
51,510056,98
51,510057,98
51,510058,98
51,510059,98
51,510060,2
51,510061,98
51,510062,98
51,510063,98
51,510064,98
51,510065,98
51,510066,98
51,510067,98
51,510068,98
51,510069,98
51,510070,98
51,510071,98
51,510072,98
51,510073,98
51,510074,98
51,510075,98
51,510076,98
51,510077,98
51,510078,98
51,510079,2
51,510080,2
51,510081,2
51,510082,5
51,510083,98
51,510084,98
51,510085,98
51,510086,98
51,510087,98
51,510088,98
51,510089,98
51,510090,2
51,510091,98
51,510092,98
51,510093,98
51,510094,98
51,510095,98
51,510096,98
51,510097,98
51,510098,98
51,510099,98
51,510100,98
51,510101,98
51,510102,98
51,510103,98
51,510104,98
51,510105,98
51,510106,98
51,510107,98
51,510108,98
51,510109,98
51,510110,98
51,510111,98
51,510112,98
51,510113,98
51,510114,98
51,510115,98
51,510116,98
51,510117,98
51,510118,98
51,510119,98
51,510120,98
51,510121,98
51,510122,98
51,510123,1
51,510124,98
51,510125,98
51,510126,98
51,510127,98
51,510128,98
51,510129,98
51,510130,98
51,510131,98
51,510132,98
51,510133,98
51,510134,98
51,510135,98
51,510136,98
51,510137,98
51,510138,98
51,510139,2
51,510140,2
51,510141,98
51,510142,98
51,510143,98
51,510144,98
51,510145,98
51,510146,98
51,510147,98
51,510148,98
51,510149,98
51,510150,98
51,510151,98
51,510152,98
51,510153,98
51,510154,98
51,510155,98
51,510157,2
51,510158,98
51,510159,98
51,510160,98
51,510161,98
51,510162,98
51,510163,98
51,510164,98
51,510165,98
51,510166,98
51,510167,2
51,510168,98
51,510169,98
51,510170,2
51,510171,98
51,510172,2
51,510173,98
51,510174,98
51,510175,98
51,510176,98
51,510177,98
51,510178,98
51,510179,98
51,510180,2
51,510181,98
51,510182,98
51,510183,98
51,510184,98
51,510185,98
51,510186,98
51,510187,98
51,510188,98
51,510189,2
51,510190,98
51,510191,98
51,510192,98
51,510193,98
51,510194,98
51,510195,98
51,510196,98
51,510197,98
51,510198,98
51,510199,98
51,510200,98
51,510201,98
51,510202,98
51,510203,98
51,510204,98
51,510205,98
51,510206,98
51,510207,98
51,510208,98
51,510209,98
51,510210,2
51,510211,98
51,510212,98
51,510213,98
51,510214,98
51,510215,98
51,510216,98
51,510217,98
51,510218,98
51,510219,2
51,510220,98
51,510221,98
51,510222,98
51,510223,98
51,510224,98
51,510225,98
51,510226,98
51,510227,98
51,510228,98
51,510229,98
51,510230,98
51,510231,98
51,510232,98
51,510233,98
51,510234,98
51,510235,98
51,510236,98
51,510237,98
51,510238,98
51,510239,98
51,510240,98
51,510241,98
51,510242,98
51,510243,98
51,510244,98
51,510245,98
51,510246,98
51,510247,98
51,510248,98
51,510249,6
51,510250,98
51,510251,98
51,510252,98
51,510253,98
51,510254,98
51,510255,98
51,510256,98
51,510257,98
51,510258,98
51,510259,98
51,510260,98
51,510261,98
51,510262,98
51,510263,98
51,510264,98
51,510265,98
51,510266,98
51,510267,98
51,510268,98
51,510269,2
51,510270,98
51,510271,98
51,510272,98
51,510273,98
51,510274,98
51,510275,98
51,510276,98
51,510277,98
51,510278,98
51,510279,98
51,510280,98
51,510281,98
51,510282,98
51,510283,98
51,510284,98
51,510285,98
51,510286,98
51,510287,98
51,510288,2
51,510289,98
51,510290,98
51,510291,2
51,510292,98
51,510293,98
51,510294,98
51,510295,2
51,510296,2
51,510297,98
51,510298,98
51,510299,98
51,510300,98
51,510301,98
51,510302,2
51,510303,98
51,510304,98
51,510305,98
51,510306,98
51,510307,98
51,510308,98
51,510309,98
51,510310,98
51,510311,98
51,510312,98
51,510313,2
51,510314,98
51,510315,98
51,510316,98
51,510317,98
51,510318,2
51,510319,98
51,510320,98
51,510321,98
51,510322,98
51,510323,98
51,510324,2
51,510325,98
51,510326,98
51,510327,98
51,510328,98
51,510329,98
51,510330,98
51,510331,98
51,510332,98
51,510333,98
51,510334,98
51,510335,98
51,510336,98
51,510337,98
51,510338,98
51,510339,98
51,510340,98
51,510341,2
51,510342,98
51,510343,98
51,510344,98
51,510345,2
51,510346,98
51,510347,98
51,510348,98
51,510349,98
51,510350,98
51,510351,98
51,510352,2
51,510353,98
51,510354,98
51,510355,98
51,510356,98
51,510357,98
51,510358,98
51,510359,98
51,510360,98
51,510361,98
51,510362,98
51,510363,98
51,510364,98
51,510365,98
51,510366,98
51,510367,98
51,510368,98
51,510369,98
51,510370,98
51,510371,98
51,510372,98
51,510373,98
51,510374,98
51,510375,98
51,510376,98
51,510377,98
51,510378,98
51,510379,98
51,510380,98
51,510381,98
51,510382,98
51,510383,98
51,510384,98
51,510385,98
51,510386,98
51,510387,98
51,510388,98
51,510389,98
51,510390,98
51,510391,98
51,510392,98
51,510393,98
51,510394,98
51,510395,98
51,510396,98
51,510397,98
51,510398,98
51,510399,98
51,510400,98
51,510401,98
51,510402,98
51,510403,98
51,510404,98
51,510405,98
51,510406,98
51,510407,98
51,510408,98
51,510409,98
51,510412,98
51,510413,98
51,510414,98
51,510415,98
51,510416,98
51,510417,98
51,510418,2
51,510419,98
51,510420,98
51,510421,98
51,510422,98
51,510423,98
51,510424,98
51,510425,98
51,510426,98
51,510427,98
51,510428,98
51,510429,98
51,510430,98
51,510431,98
51,510432,98
51,510435,98
51,510436,98
51,510437,98
51,510438,98
51,510439,98
51,510440,98
51,510441,98
51,510442,98
51,510443,98
51,510444,98
51,510445,2
51,510446,98
51,510447,98
51,510448,98
51,510449,98
51,510451,2
51,510452,98
51,510453,98
51,510455,98
51,510456,98
51,510458,98
51,510459,98
51,510460,98
51,510461,98
51,510462,2
51,510463,98
51,510464,98
51,510465,98
51,510466,98
51,510467,98
51,510468,98
51,510469,2
51,510470,98
51,510472,98
51,510473,98
51,510474,98
51,510475,98
51,510476,98
51,510477,99
51,510478,98
51,510479,98
51,510480,98
51,510481,2
51,510482,98
51,510483,98
51,510484,98
51,510486,98
51,510487,98
51,510488,2
51,510490,2
51,510491,98
51,510492,98
51,510493,98
51,510494,98
51,510495,98
51,510496,98
51,510497,98
51,510498,98
51,510499,98
51,510500,98
51,510501,2
51,510502,98
51,510503,98
51,510504,98
51,510505,98
51,510506,98
51,510507,98
51,510508,98
51,510509,98
51,510510,98
51,510511,98
51,510512,98
51,510513,2
51,510514,2
51,510517,98
51,510518,98
51,510519,98
51,510520,98
51,510521,98
51,510522,98
51,510523,98
51,510524,98
51,510525,98
51,510526,6
51,510527,2
51,510528,2
51,510529,98
51,510530,2
51,510531,98
51,510532,98
51,510533,98
51,510534,98
51,510535,98
51,510536,98
51,510537,98
51,510538,98
51,510539,98
51,510540,98
51,510541,98
51,510542,98
51,510543,98
51,510544,98
51,510545,98
51,510546,98
51,510547,98
51,510548,98
51,510549,98
51,510550,98
51,510551,98
51,510552,98
51,510553,98
51,510554,98
51,510555,98
51,510556,98
51,510557,98
51,510558,98
51,510559,98
51,510560,98
51,510561,98
51,510562,98
51,510563,98
51,510564,98
51,510565,2
51,510566,98
51,510567,98
51,510568,98
51,510569,98
51,510570,98
51,510571,98
51,510572,98
51,510573,98
51,510574,98
51,510575,98
51,510576,98
51,510577,98
51,510578,98
51,510579,98
51,510580,98
51,510581,98
51,510582,98
51,510583,98
51,510584,98
51,510585,98
51,510586,98
51,510587,98
51,510588,98
51,510589,98
51,510590,98
51,510591,98
51,510592,98
51,510593,98
51,510594,98
51,510595,98
51,510596,98
51,510597,98
51,510598,98
51,510599,98
51,510600,98
51,510601,98
51,510602,98
51,510603,98
51,510604,98
51,510605,98
51,510606,98
51,510607,98
51,510608,98
51,510609,98
51,510610,98
51,510611,98
51,510612,98
51,510613,98
51,510614,98
51,510615,98
51,510616,98
51,510617,98
51,510618,98
51,510619,98
51,510620,98
51,510621,2
51,510622,2
51,510623,98
51,510624,98
51,510625,98
51,510626,98
51,510627,98
51,510628,98
51,510629,98
51,510630,98
51,510631,2
51,510632,2
51,510633,98
51,510634,2
51,510635,98
51,510636,98
51,510637,98
51,510638,98
51,510639,2
51,510640,98
51,510641,98
51,510642,98
51,510643,98
51,510644,98
51,510645,2
51,510646,98
51,510647,98
51,510648,98
51,510649,98
51,510650,98
51,510651,98
51,510652,98
51,510653,98
51,510654,98
51,510655,98
51,510656,2
51,510657,98
51,510658,98
51,510659,2
51,510660,98
51,510661,98
51,510662,98
51,510663,2
51,510664,98
51,510665,2
51,510666,98
51,510667,98
51,510668,98
51,510669,98
51,510670,98
51,510671,98
51,510672,98
51,510673,98
51,510674,98
51,510675,98
51,510676,98
51,510677,98
51,510678,98
51,510679,98
51,510680,2
51,510681,98
51,510682,98
51,510683,98
51,510684,98
51,510685,98
51,510686,98
51,510687,98
51,510688,98
51,510689,98
51,510690,98
51,510691,98
51,510692,98
51,510693,98
51,510694,2
51,510695,98
51,510696,98
51,510697,98
51,510698,98
51,510699,98
51,510700,98
51,510701,98
51,510702,98
51,510703,2
51,510704,98
51,510705,98
51,510706,98
51,510707,98
51,510708,98
51,510709,98
51,510710,98
51,510711,98
51,510712,5
51,510713,98
51,510714,98
51,510715,98
51,510716,98
51,510717,98
51,510718,98
51,510719,98
51,510720,98
51,510721,98
51,510722,98
51,510723,98
51,510724,98
51,510725,98
51,510726,98
51,510727,98
51,510728,98
51,510729,98
51,510730,98
51,510731,98
51,510732,98
51,510733,98
51,510734,98
51,510735,98
51,510736,98
51,510737,98
51,510738,98
51,510739,98
51,510740,98
51,510741,98
51,510742,98
51,510743,98
51,510744,98
51,510745,98
51,510746,98
51,510747,98
51,510748,98
51,510749,98
51,510750,98
51,510751,98
51,510752,98
51,510753,98
51,510755,98
51,510756,98
51,510757,98
51,510758,98
51,510759,98
51,510760,98
51,510761,98
51,510762,98
51,510763,98
51,510764,98
51,510765,98
51,510766,98
51,510767,98
51,510768,98
51,510769,98
51,510770,98
51,510771,98
51,510772,98
51,510773,98
51,510774,98
51,510775,98
51,510776,98
51,510777,98
51,510778,98
51,510779,98
51,510780,98
51,510781,98
51,510782,98
51,510783,98
51,510784,98
51,510785,98
51,510786,98
51,510787,98
51,510788,98
51,510789,98
51,510790,98
51,510791,98
51,510792,98
51,510793,98
51,510794,98
51,510795,98
51,510796,2
51,510797,98
51,510799,98
51,510800,98
51,510801,98
51,510802,98
51,510803,98
51,510804,98
51,510805,98
51,510806,98
51,510807,2
51,510808,98
51,510809,98
51,510810,98
51,510811,98
51,510812,98
51,510813,98
51,510814,98
51,510815,98
51,510816,98
51,510817,2
51,510818,98
51,510819,98
51,510820,98
51,510821,98
51,510822,98
51,510823,98
51,510824,98
51,510825,98
51,510826,98
51,510827,98
51,510828,98
51,510829,98
51,510830,98
51,510831,98
51,510832,98
51,510833,98
51,510834,98
51,510835,98
51,510836,98
51,510837,2
51,510838,2
51,510839,98
51,510840,98
51,510841,2
51,510842,98
51,510843,2
51,510844,98
51,510845,98
51,510846,2
51,510847,2
51,510848,98
51,510849,98
51,510850,98
51,510851,98
51,510852,98
51,510853,98
51,510854,4
51,510855,98
51,510856,98
51,510857,98
51,510858,98
51,510859,98
51,510860,4
51,510861,98
51,510862,98
51,510863,98
51,510864,5
51,510865,98
51,510866,98
51,510867,98
51,510868,98
51,510869,2
51,510870,98
51,510871,98
51,510872,98
51,510873,98
51,510874,5
51,510875,98
51,510876,98
51,510877,98
51,510878,2
51,510879,98
51,510880,98
51,510881,98
51,510882,1
53,530001,10
53,530002,2
53,530003,1
53,530004,10
53,530006,10
53,530007,2
53,530008,10
53,530009,10
53,530010,1
53,530011,10
53,530012,1
53,530013,2
53,530014,1
53,530015,4
53,530016,10
53,530017,4
53,530018,1
53,530019,1
53,530020,1
53,530021,1
53,530022,3
53,530023,1
53,530025,2
53,530026,2
53,530027,1
53,530028,5
53,530029,2
53,530030,1
53,530031,2
53,530032,1
53,530033,2
53,530034,10
53,530036,10
53,530037,5
53,530038,10
53,530040,2
53,530041,1
53,530042,2
53,530043,10
53,530044,10
53,530045,2
53,530046,1
53,530047,1
53,530048,2
53,530049,1
53,530050,2
53,530051,10
53,530052,1
53,530053,10
53,530054,10
53,530055,10
53,530056,1
53,530057,10
53,530058,98
53,530059,1
53,530060,10
53,530061,4
53,530062,1
53,530063,1
53,530064,10
53,530066,1
53,530067,1
53,530068,2
53,530069,10
53,530070,1
53,530072,2
53,530073,10
53,530075,1
53,530076,10
53,530077,1
53,530078,10
53,530079,1
53,530080,10
53,530081,1
53,530082,4
53,530083,1
53,530084,10
53,530085,1
53,530086,1
53,530087,1
53,530088,1
53,530089,2
53,530090,10
53,530091,4
53,530093,1
53,530094,1
53,530095,1
53,530096,10
53,530097,10
53,530098,2
53,530099,1
53,530100,1
53,530101,10
53,530102,1
53,530103,1
53,530104,10
53,530105,2
53,530106,1
53,530107,10
53,530109,10
53,530111,1
53,530112,5
53,530113,1
53,530114,10
53,530115,10
53,530116,1
53,530117,10
53,530118,2
53,530120,10
53,530121,1
53,530122,1
53,530123,1
53,530124,1
53,530125,1
53,530126,1
53,530127,1
53,530129,1
53,530131,10
53,530132,1
53,530133,10
53,530134,1
53,530135,2
53,530136,1
53,530137,10
53,530138,1
53,530139,1
53,530140,1
53,530142,1
53,530143,1
53,530144,1
53,530145,1
53,530146,1
53,530147,10
53,530148,1
53,530149,1
53,530150,1
53,530151,1
53,530152,2
53,530153,10
53,530154,1
53,530155,10
53,530156,1
53,530157,10
53,530158,1
53,530159,2
53,530160,1
53,530161,10
53,530162,1
53,530163,1
53,530164,1
53,530165,1
53,530166,1
53,530167,1
53,530168,10
53,530169,2
53,530170,1
53,530171,1
53,530172,2
53,530173,1
53,530174,1
53,530175,1
53,530176,10
53,530177,10
53,530178,1
53,530179,1
53,530180,1
53,530181,1
53,530182,2
53,530183,10
53,530184,1
53,530185,1
53,530186,1
53,530187,1
53,530188,1
53,530189,2
53,530190,2
53,530191,1
53,530192,1
53,530193,1
53,530194,1
53,530195,1
53,530196,1
53,530197,2
53,530198,1
53,530199,1
53,530200,1
53,530201,1
53,530202,1
53,530203,1
53,530204,1
53,530205,1
53,530206,10
53,530207,1
53,530208,1
53,530209,1
53,530210,1
53,530211,1
53,530212,10
53,530213,2
53,530215,1
53,530216,1
53,530217,1
53,530218,1
53,530220,2
53,530221,1
53,530222,1
53,530223,1
53,530224,1
53,530225,1
53,530226,2
53,530227,1
53,530228,10
53,530229,1
53,530230,2
53,530231,1
53,530232,1
53,530233,1
53,530234,1
53,530235,1
53,530236,1
53,530237,10
53,530238,1
53,530239,1
53,530240,1
53,530241,1
53,530242,1
53,530244,1
53,530245,1
53,530247,1
53,530248,1
53,530249,1
53,530250,1
53,530251,10
53,530252,1
53,530253,1
53,530254,2
53,530255,1
53,530256,1
53,530257,1
53,530258,10
53,530259,1
53,530260,1
53,530261,4
53,530262,1
53,530263,10
53,530264,10
53,530265,1
53,530266,1
53,530267,2
53,530268,1
53,530269,2
53,530270,1
53,530272,1
53,530273,2
53,530274,1
53,530275,1
53,530276,1
53,530277,1
53,530278,1
53,530279,1
53,530280,1
53,530281,1
53,530282,1
53,530283,1
53,530284,1
53,530285,1
53,530286,1
53,530287,1
53,530288,2
53,530289,1
53,530290,1
53,530291,1
53,530292,1
53,530294,1
53,530295,1
53,530296,1
53,530297,1
53,530299,1
53,530300,1
53,530301,1
53,530302,1
53,530303,1
53,530306,1
53,530307,1
53,530308,1
53,530309,1
53,530310,10
53,530311,1
53,530312,1
53,530313,1
53,530314,1
53,530315,1
53,530316,10
53,530317,1
53,530318,1
53,530319,1
53,530320,1
53,530321,1
53,530322,1
53,530323,1
53,530324,1
53,530325,1
53,530326,1
53,530327,1
53,530330,1
53,530331,1
53,530332,1
53,530333,1
53,530334,10
53,530335,1
53,530336,1
53,530338,1
53,530339,1
53,530340,1
53,530341,1
53,530342,1
53,530343,1
53,530344,1
53,530345,1
53,530346,1
53,530347,1
53,530348,1
53,530349,2
53,530350,1
53,530351,1
53,530352,1
53,530353,10
53,530354,1
53,530355,1
53,530356,1
53,530357,1
53,530358,1
53,530359,1
53,530360,1
53,530361,1
53,530362,1
53,530363,1
53,530364,1
53,530365,1
53,530366,1
53,530367,1
53,530368,10
53,530369,1
53,530370,1
53,530371,2
53,530372,1
53,530374,10
53,530375,1
53,530376,1
53,530377,1
53,530378,1
53,530379,2
53,530381,1
53,530382,1
53,530383,10
53,530384,1
53,530385,1
53,530386,1
53,530387,1
53,530388,1
53,530389,2
53,530390,1
53,530391,1
53,530392,1
53,530393,1
53,530394,1
53,530395,1
53,530397,10
53,530398,1
53,530399,1
53,530400,1
53,530401,2
53,530402,1
53,530403,1
53,530404,1
53,530405,1
53,530406,1
53,530407,1
53,530408,1
53,530409,1
53,530410,1
53,530411,10
53,530412,1
53,530413,1
53,530414,1
53,530415,1
53,530417,1
53,530418,1
53,530419,1
53,530420,10
53,530421,1
53,530422,10
53,530423,1
53,530424,1
53,530425,1
53,530426,1
53,530427,10
53,530428,1
53,530429,1
53,530430,10
53,530431,1
53,530432,1
53,530433,1
53,530434,10
53,530435,10
53,530436,1
53,530437,1
53,530438,1
53,530439,2
53,530440,1
53,530441,1
53,530442,1
53,530443,1
53,530444,1
53,530445,1
53,530446,1
53,530447,10
53,530448,1
53,530450,1
53,530451,1
53,530452,1
53,530453,2
53,530454,1
53,530455,1
53,530456,10
53,530457,1
53,530458,1
53,530459,1
53,530460,1
53,530461,1
53,530462,1
53,530463,1
53,530464,1
53,530465,1
53,530466,1
53,530467,1
53,530468,1
53,530469,1
53,530470,1
53,530471,1
53,530473,1
53,530474,1
53,530475,2
53,530476,1
53,530477,1
53,530478,1
53,530479,1
53,530480,1
53,530481,1
53,530482,1
53,530483,1
53,530484,2
53,530485,1
53,530486,1
53,530487,1
53,530488,1
53,530489,1
53,530490,1
53,530491,1
53,530492,1
53,530493,10
53,530494,1
53,530495,1
53,530496,10
53,530497,1
53,530498,1
53,530500,1
53,530501,1
53,530502,1
53,530503,1
53,530504,1
53,530505,10
53,530506,1
53,530507,10
53,530508,1
53,530509,1
53,530510,1
53,530511,1
53,530512,1
53,530513,10
53,530514,10
53,530515,2
53,530516,5
53,530517,1
53,530518,10
53,530519,1
53,530520,1
53,530521,10
53,530522,10
53,530523,1
53,530524,2
53,530525,1
53,530527,10
53,530528,1
53,530529,10
53,530530,2
53,530531,8
53,530532,10
53,530533,2
53,530534,2
53,530535,2
53,530536,2
53,530537,10
53,530538,10
53,530539,1
53,530540,10
53,530541,10
53,530542,10
53,530543,1
53,530544,2
53,530545,2
53,530546,2
53,530547,1
53,530548,1
53,530549,1
53,530551,1
53,530552,2
53,530553,10
53,530554,1
53,530555,2
53,530556,2
53,530557,2
53,530558,1
53,530559,10
53,530560,2
53,530561,1
53,530562,1
53,530563,2
53,530564,1
53,530565,1
53,530566,1
53,530567,1
53,530568,10
53,530569,2
53,530570,2
53,530571,2
53,530572,1
53,530573,10
53,530575,1
53,530577,10
53,530578,1
53,530579,2
53,530580,2
53,530581,1
53,530582,2
53,530583,2
53,530584,1
53,530585,10
53,530586,1
53,530587,2
53,530588,1
53,530589,1
53,530590,10
53,530591,1
53,530592,2
53,530593,10
53,530594,2
53,530595,10
53,530596,1
53,530597,2
53,530598,1
53,530599,1
53,530600,1
53,530601,10
53,530602,10
53,530603,2
53,530604,1
53,530605,10
53,530606,5
53,530607,2
53,530608,10
53,530609,1
53,530610,1
53,530612,10
53,530613,2
53,530614,1
53,530615,5
53,530616,5
53,530617,1
53,530618,1
53,530619,2
53,530619,12
53,530620,1
53,530621,1
53,530622,10
53,530623,10
53,530624,10
53,530625,10
53,530626,2
53,530627,10
53,530628,2
53,530629,2
53,530630,2
53,530631,1
53,530632,10
53,530633,1
53,530634,8
53,530635,1
53,530636,5
53,530637,10
53,530638,1
53,530639,1
53,530640,1
53,530641,2
53,530642,6
53,530643,1
53,530644,2
53,530645,10
53,530646,1
53,530647,1
53,530648,2
53,530649,10
53,530650,1
53,530651,2
53,530652,1
53,530653,1
53,530654,10
53,530655,2
53,530656,10
53,530657,1
53,530658,10
53,530659,1
53,530660,4
53,530661,2
53,530662,5
53,530663,1
53,530664,1
53,530665,1
53,530666,1
53,530667,2
53,530668,10
53,530669,10
53,530670,10
53,530671,1
53,530672,10
53,530673,2
53,530674,5
53,530675,1
53,530676,10
53,530677,1
53,530678,1
53,530679,99
53,530680,1
53,530681,1
53,530682,2
53,530683,1
53,530684,1
53,530685,1
53,530686,1
53,530687,1
53,530688,1
53,530689,1
53,530690,2
53,530692,1
53,530693,1
53,530695,1
53,530696,1
53,530697,1
53,530698,1
53,530699,2
53,530700,98
53,530702,98
53,530703,1
53,530704,2
53,530705,2
53,530706,98
53,530707,1
53,530708,1
53,530709,1
53,530710,1
53,530711,1
53,530712,98
53,530713,98
53,530714,1
53,530716,2
54,540001,2
54,540001,3
54,540003,1
54,540004,10
54,540005,1
54,540006,3
54,540006,4
54,540007,1
54,540008,1
54,540009,1
54,540010,4
54,540011,10
54,540012,4
54,540013,1
54,540014,10
54,540015,1
54,540016,1
54,540017,1
54,540018,1
54,540019,1
54,540020,1
54,540021,1
54,540022,1
54,540023,1
54,540024,99
54,540025,1
54,540026,1
54,540027,1
54,540028,1
54,540029,1
54,540030,1
54,540031,2
54,540032,1
54,540033,1
54,540034,1
54,540035,2
54,540036,1
54,540037,1
54,540038,2
54,540039,1
54,540040,1
54,540041,1
54,540042,1
54,540043,1
54,540044,1
54,540045,1
54,540046,1
54,540047,1
54,540048,1
54,540049,2
54,540050,1
54,540051,2
54,540052,1
54,540053,1
54,540054,1
54,540055,2
54,540056,1
54,540057,1
54,540058,1
54,540059,10
54,540060,1
54,540061,1
54,540062,1
54,540063,1
54,540064,1
54,540065,1
54,540066,1
54,540067,1
54,540068,1
54,540069,1
54,540070,1
54,540071,10
54,540072,1
54,540073,1
54,540074,1
54,540076,2
54,540077,2
54,540078,1
54,540079,1
54,540080,1
54,540081,1
54,540082,1
54,540083,1
54,540084,1
54,540085,1
54,540086,10
54,540087,1
54,540088,1
54,540089,1
54,540090,1
54,540091,1
54,540092,1
54,540093,1
54,540094,1
54,540095,1
54,540096,1
54,540097,1
54,540098,1
54,540099,1
54,540100,1
54,540101,1
54,540102,1
54,540103,1
54,540104,1
54,540105,1
54,540106,1
54,540107,1
54,540108,1
54,540109,1
54,540110,1
54,540111,1
54,540112,1
54,540113,1
54,540114,1
54,540115,1
54,540116,1
54,540117,1
54,540118,1
54,540119,1
54,540120,1
54,540121,1
54,540122,1
54,540123,2
54,540124,1
54,540125,1
54,540126,1
54,540127,1
54,540128,1
54,540129,1
54,540130,2
54,540131,1
54,540132,1
54,540133,1
54,540134,1
54,540135,1
54,540136,1
54,540137,1
54,540138,1
54,540139,1
54,540141,1
54,540142,1
54,540143,1
54,540144,1
54,540145,1
54,540146,1
54,540147,5
54,540148,1
54,540149,2
54,540149,10
54,540150,1
54,540151,1
54,540152,2
54,540153,1
54,540154,1
54,540155,1
54,540156,2
54,540157,2
54,540158,10
54,540159,1
54,540160,1
54,540161,5
54,540162,2
54,540162,10
54,540163,5
54,540164,2
54,540165,1
54,540166,1
54,540167,1
54,540168,2
54,540169,1
54,540170,1
54,540171,1
54,540172,1
54,540173,1
54,540174,1
54,540175,1
54,540176,1
54,540177,1
54,540178,1
54,540179,1
54,540180,1
54,540181,1
54,540182,1
54,540183,2
54,540184,1
54,540185,1
54,540186,1
54,540187,1
54,540188,1
54,540189,1
54,540190,2
54,540191,1
54,540192,2
54,540192,10
54,540193,1
54,540194,1
54,540195,1
54,540196,2
54,540197,10
54,540198,2
54,540198,5
54,540199,10
54,540200,1
54,540201,1
54,540202,1
54,540203,1
54,540204,1
54,540205,10
54,540206,1
54,540207,1
54,540208,1
54,540209,2
54,540209,5
54,540210,10
54,540211,1
54,540212,1
54,540213,1
54,540214,1
54,540215,1
54,540216,1
54,540217,2
54,540217,10
54,540218,1
54,540219,2
54,540220,1
54,540221,1
54,540222,1
54,540223,1
54,540224,1
54,540225,2
54,540226,1
54,540227,1
54,540228,1
54,540229,1
54,540230,10
54,540231,1
54,540232,1
54,540233,1
54,540234,1
54,540235,2
54,540236,1
54,540237,1
54,540238,1
54,540239,1
54,540240,1
54,540241,2
55,550001,10
55,550002,10
55,550003,4
55,550004,10
55,550005,1
55,550006,1
55,550007,2
55,550007,10
55,550008,10
55,550009,4
55,550010,1
55,550011,10
55,550012,10
55,550013,10
55,550014,10
55,550015,1
55,550016,1
55,550017,1
55,550018,1
55,550019,1
55,550020,1
55,550021,5
55,550022,1
55,550023,1
55,550024,10
55,550025,1
55,550026,1
55,550027,1
55,550028,1
55,550029,2
55,550029,10
55,550030,10
55,550031,1
55,550032,10
55,550034,1
55,550035,1
55,550037,1
55,550038,10
55,550039,1
55,550040,1
55,550041,1
55,550042,1
55,550043,1
55,550044,10
55,550045,1
55,550046,1
55,550047,1
55,550048,1
55,550050,1
55,550051,1
55,550052,2
55,550052,10
55,550053,1
55,550054,1
55,550055,1
55,550057,10
55,550058,10
55,550059,1
55,550060,1
55,550061,10
55,550062,1
55,550064,1
55,550065,1
55,550066,1
55,550067,10
55,550068,1
55,550069,10
55,550070,10
55,550071,10
55,550072,1
55,550073,1
55,550074,10
55,550075,1
55,550076,2
55,550077,2
55,550078,1
55,550079,1
55,550080,10
55,550081,2
55,550082,1
55,550083,2
55,550084,1
55,550085,1
55,550087,1
55,550088,10
55,550089,10
55,550090,1
55,550091,1
55,550092,1
55,550093,1
55,550094,10
55,550095,1
55,550096,1
55,550097,10
55,550098,1
55,550099,10
55,550100,10
55,550101,1
55,550102,10
55,550103,10
55,550105,10
55,550106,1
55,550107,1
55,550108,2
55,550108,10
55,550109,1
55,550110,1
55,550111,1
55,550113,10
55,550114,1
55,550115,1
55,550116,10
55,550117,10
55,550118,1
55,550119,1
55,550120,1
55,550121,1
55,550122,1
55,550123,10
55,550124,10
55,550125,1
55,550126,1
55,550127,2
55,550127,10
55,550128,1
55,550129,1
55,550130,1
55,550131,1
55,550132,1
55,550133,2
55,550133,10
55,550134,1
55,550135,1
55,550136,2
55,550137,10
55,550138,10
55,550139,1
55,550140,1
55,550141,10
55,550142,1
55,550143,10
55,550144,1
55,550145,10
55,550146,1
55,550147,1
55,550148,1
55,550150,1
55,550151,10
55,550152,1
55,550153,1
55,550154,1
55,550155,1
55,550156,10
55,550157,1
55,550158,1
55,550159,1
55,550160,10
55,550161,10
55,550162,1
55,550163,1
55,550164,2
55,550165,1
55,550166,1
55,550167,2
55,550167,10
55,550168,1
55,550169,1
55,550170,1
55,550171,1
55,550172,1
55,550173,1
55,550174,1
55,550175,1
55,550176,1
55,550177,1
55,550178,1
55,550179,10
55,550180,1
55,550181,1
55,550184,1
55,550185,1
55,550186,10
55,550187,10
55,550188,1
55,550189,10
55,550190,1
55,550191,1
55,550192,1
55,550194,2
55,550194,10
55,550195,1
55,550196,1
55,550197,10
55,550198,1
55,550199,1
55,550200,1
55,550201,1
55,550202,1
55,550203,1
55,550204,10
55,550205,1
55,550207,10
55,550208,1
55,550209,1
55,550210,1
55,550212,1
55,550214,1
55,550215,2
55,550216,99
55,550217,1
55,550218,1
55,550219,10
55,550220,1
55,550221,1
55,550222,1
55,550223,2
55,550223,10
55,550224,1
55,550225,1
55,550226,1
55,550227,1
55,550228,10
55,550229,1
55,550230,1
55,550231,2
55,550232,10
55,550234,1
55,550235,1
55,550236,10
55,550238,1
55,550239,1
55,550240,1
55,550241,10
55,550242,1
55,550243,1
55,550244,1
55,550245,1
55,550246,1
55,550247,1
55,550248,1
55,550249,10
55,550250,1
55,550251,1
55,550252,1
55,550253,1
55,550254,10
55,550255,1
55,550256,10
55,550257,1
55,550258,1
55,550259,1
55,550260,1
55,550261,1
55,550262,1
55,550263,10
55,550264,1
55,550265,1
55,550266,10
55,550267,1
55,550269,1
55,550270,10
55,550271,1
55,550272,1
55,550273,1
55,550274,1
55,550275,10
55,550276,1
55,550277,1
55,550278,10
55,550279,1
55,550280,1
55,550281,1
55,550282,1
55,550283,1
55,550284,1
55,550285,1
55,550287,10
55,550288,1
55,550290,10
55,550291,1
55,550292,1
55,550293,1
55,550294,1
55,550295,1
55,550296,1
55,550297,1
55,550298,1
55,550299,1
55,550300,1
55,550301,1
55,550302,10
55,550303,1
55,550304,1
55,550305,10
55,550306,1
55,550307,1
55,550308,1
55,550309,1
55,550310,1
55,550311,10
55,550312,1
55,550313,1
55,550314,1
55,550315,1
55,550317,1
55,550318,1
55,550319,10
55,550320,10
55,550321,1
55,550322,1
55,550323,1
55,550324,1
55,550325,1
55,550326,10
55,550327,1
55,550328,1
55,550329,1
55,550330,10
55,550331,10
55,550332,1
55,550333,1
55,550334,1
55,550335,1
55,550336,10
55,550337,1
55,550338,10
55,550339,10
55,550340,1
55,550341,10
55,550342,10
55,550343,1
55,550344,1
55,550345,1
55,550346,1
55,550347,1
55,550349,1
55,550350,10
55,550351,1
55,550352,1
55,550353,10
55,550354,1
55,550355,5
55,550356,1
55,550357,1
55,550358,1
55,550359,1
55,550360,1
55,550361,10
55,550362,1
55,550363,1
55,550364,1
55,550365,1
55,550366,1
55,550367,1
55,550368,1
55,550369,1
55,550370,1
55,550371,1
55,550372,1
55,550373,1
55,550374,1
55,550375,1
55,550376,1
55,550377,10
55,550378,1
55,550379,1
55,550380,10
55,550381,1
55,550382,1
55,550383,1
55,550384,1
55,550385,1
55,550386,99
55,550387,1
55,550388,1
55,550389,1
55,550390,1
55,550391,1
55,550392,1
55,550393,1
55,550394,1
55,550395,1
55,550396,10
55,550397,1
55,550398,10
55,550399,2
55,550400,1
55,550401,1
55,550402,1
55,550403,1
55,550404,1
55,550405,10
55,550406,1
55,550407,1
55,550408,1
55,550409,1
55,550410,1
55,550411,10
55,550412,1
55,550413,1
55,550414,1
55,550415,1
55,550416,1
55,550417,1
55,550418,10
55,550419,1
55,550420,10
55,550421,10
55,550422,10
55,550423,1
55,550424,1
55,550425,1
55,550426,10
55,550427,1
55,550428,2
55,550429,1
55,550430,1
55,550431,1
55,550432,2
55,550433,1
55,550434,1
55,550435,2
55,550435,10
55,550436,10
55,550437,1
55,550438,1
55,550439,1
55,550440,1
55,550441,10
55,550442,10
55,550443,10
55,550444,1
55,550445,10
55,550446,10
55,550448,1
55,550449,1
55,550450,2
55,550450,10
55,550451,2
55,550451,10
55,550452,1
55,550453,1
55,550454,2
55,550455,1
55,550456,1
55,550457,1
55,550458,10
55,550459,2
55,550459,10
55,550460,10
55,550461,1
55,550462,10
55,550463,1
55,550464,1
55,550465,1
55,550466,2
55,550467,1
55,550469,1
55,550470,1
55,550471,4
55,550472,10
55,550473,10
55,550474,1
55,550475,12
55,550476,10
55,550477,1
55,550478,1
55,550479,1
55,550480,1
55,550481,1
55,550483,1
55,550484,1
55,550485,1
55,550486,4
55,550486,10
55,550487,1
55,550488,10
55,550489,10
55,550490,1
55,550491,1
55,550492,10
55,550493,4
55,550494,1
55,550495,1
55,550496,1
55,550497,10
55,550498,4
55,550499,10
55,550500,1
55,550501,1
55,550502,10
55,550503,10
55,550504,10
55,550505,1
55,550506,1
55,550507,1
55,550508,10
55,550510,5
55,550511,10
55,550512,10
55,550513,1
55,550514,10
55,550515,10
55,550516,10
55,550517,10
55,550518,1
55,550519,1
55,550520,10
55,550521,10
55,550522,10
55,550523,1
55,550525,10
55,550526,10
55,550527,10
55,550528,1
55,550529,1
55,550530,10
55,550531,1
55,550532,10
55,550533,1
55,550534,1
55,550535,4
55,550536,98
55,550537,1
55,550538,98
55,550539,10
55,550540,10
55,550541,10
55,550542,1
55,550543,1
55,550544,1
55,550545,1
55,550546,1
55,550547,1
55,550548,1
55,550549,1
55,550550,1
55,550551,1
55,550552,1
55,550553,1
55,550554,98
55,550555,1
55,550556,1
56,560001,1
56,560002,1
56,560003,4
56,560003,10
56,560004,4
56,560005,1
56,560006,4
56,560006,11
56,560007,11
56,560008,1
56,560009,1
56,560010,1
56,560011,1
56,560012,1
56,560013,4
56,560013,10
56,560014,1
56,560015,1
56,560016,1
56,560017,2
56,560018,1
56,560019,1
56,560020,1
56,560021,1
56,560022,1
56,560023,1
56,560024,1
56,560025,1
56,560026,1
56,560027,1
56,560028,1
56,560029,1
56,560030,1
56,560031,1
56,560032,1
56,560033,1
56,560034,1
56,560035,1
56,560036,1
56,560037,1
56,560038,1
56,560039,1
56,560040,1
56,560041,1
56,560042,1
56,560043,1
56,560044,1
56,560045,1
56,560046,1
56,560047,1
56,560048,1
56,560049,1
56,560050,1
56,560051,1
56,560052,1
56,560053,1
56,560054,1
56,560055,1
56,560056,1
56,560057,1
56,560058,1
56,560059,1
56,560060,1
56,560061,1
56,560062,1
56,560063,1
56,560064,6
56,560065,1
56,560066,1
56,560067,1
56,560068,1
56,560069,1
56,560070,1
56,560071,1
56,560072,1
56,560073,1
56,560074,10
56,560075,1
56,560076,1
56,560077,1
56,560078,1
56,560079,1
56,560080,1
56,560081,1
56,560082,1
56,560083,1
56,560084,1
56,560085,1
56,560086,1
56,560087,1
56,560088,1
56,560089,1
56,560090,1
56,560091,98
56,560092,4
56,560092,11
56,560093,1
56,560094,2
56,560095,4
56,560095,11
56,560096,1
56,560097,1
56,560098,1
56,560099,10
56,560100,1
56,560101,1
56,560102,99
