column,code,label,source_files
ACC_TYPE,0,M0-No Impact,vehicle.csv
ACC_TYPE,1,A1-Single Driver-Right Roadside Departure-Drive Off Road,vehicle.csv
ACC_TYPE,2,A2-Single Driver-Right Roadside Departure-Control/Traction Loss,vehicle.csv
ACC_TYPE,3,"A3-Single Driver-Right Roadside Departure-Avoid Collision With Veh., Ped., Anim.",vehicle.csv
ACC_TYPE,4,A4-Single Driver-Right Roadside Departure-Specifics Other,vehicle.csv
ACC_TYPE,5,A5-Single Driver-Right Roadside Departure-Specifics Unknown,vehicle.csv
ACC_TYPE,6,B6-Single Driver-Left Roadside Departure-Drive Off Road,vehicle.csv
ACC_TYPE,7,B7-Single Driver-Left Roadside Departure-Control/Traction Loss,vehicle.csv
ACC_TYPE,8,"B8-Single Driver-Left Roadside Departure-Avoid Collision With Veh., Ped., Anim.",vehicle.csv
ACC_TYPE,9,B9-Single Driver-Left Roadside Departure-Specifics Other,vehicle.csv
ACC_TYPE,10,B10-Single Driver-Left Roadside Departure-Specifics Unknown,vehicle.csv
ACC_TYPE,11,C11-Single Driver-Forward Impact-Parked Veh.,vehicle.csv
ACC_TYPE,12,C12-Single Driver-Forward Impact-Sta. Object,vehicle.csv
ACC_TYPE,13,C13-Single Driver-Forward Impact-Pedestrian/ Animal,vehicle.csv
ACC_TYPE,14,C14-Single Driver-Forward Impact-End Departure,vehicle.csv
ACC_TYPE,15,C15-Single Driver-Forward Impact-Specifics Other,vehicle.csv
ACC_TYPE,16,C16-Single Driver-Forward Impact-Specifics Unknown,vehicle.csv
ACC_TYPE,20,"D20-Same Trafficway, Same Direction-Rear End-Stopped",vehicle.csv
ACC_TYPE,21,"D21-Same Trafficway, Same Direction-Rear End-Stopped, Straight",vehicle.csv
ACC_TYPE,22,"D22-Same Trafficway, Same Direction-Rear End-Stopped, Left",vehicle.csv
ACC_TYPE,23,"D23-Same Trafficway, Same Direction-Rear End-Stopped, Right",vehicle.csv
ACC_TYPE,24,"D24-Same Trafficway, Same Direction-Rear End-Slower",vehicle.csv
ACC_TYPE,25,"D25-Same Trafficway, Same Direction-Rear End-Slower, Going Straight",vehicle.csv
ACC_TYPE,26,"D26-Same Trafficway, Same Direction-Rear End-Slower, Going Left",vehicle.csv
ACC_TYPE,27,"D27-Same Trafficway, Same Direction-Rear End-Slower, Going Right",vehicle.csv
ACC_TYPE,28,"D28-Same Trafficway, Same Direction-Rear End-Decelerating (Slowing)",vehicle.csv
ACC_TYPE,29,"D29-Same Trafficway, Same Direction-Rear End-Decelerating (Slowing), Going Straight",vehicle.csv
ACC_TYPE,30,"D30-Same Trafficway, Same Direction-Rear End-Decelerating (Slowing), Going Left",vehicle.csv
ACC_TYPE,31,"D31-Same Trafficway, Same Direction-Rear End-Decelerating (Slowing), Going Right",vehicle.csv
ACC_TYPE,32,"D32-Same Trafficway, Same Direction-Rear End-Specifics Other",vehicle.csv
ACC_TYPE,33,"D33-Same Trafficway, Same Direction-Rear End-Specifics Unknown",vehicle.csv
ACC_TYPE,38,"E38-Same Trafficway, Same Direction-Forward Impact-Avoid Collision with Vehicle",vehicle.csv
ACC_TYPE,39,"E39-Same Trafficway, Same Direction-Forward Impact-Avoid Collision with Vehicle",vehicle.csv
ACC_TYPE,40,"E40-Same Trafficway, Same Direction-Forward Impact-Avoid Collision With Object",vehicle.csv
ACC_TYPE,41,"E41-Same Trafficway, Same Direction-Forward Impact-Avoid Collision With Object",vehicle.csv
ACC_TYPE,42,"E42-Same Trafficway, Same Direction-Forward Impact-Specifics Other",vehicle.csv
ACC_TYPE,44,"F44-Same Trafficway, Same Direction-Angle, Sideswipe-Straight Ahead on Left",vehicle.csv
ACC_TYPE,45,"F45-Same Trafficway, Same Direction-Angle, Sideswipe-Straight Ahead on Left/Right",vehicle.csv
ACC_TYPE,46,"F46-Same Trafficway, Same Direction-Angle, Sideswipe-Changing Lanes to the Right",vehicle.csv
ACC_TYPE,47,"F47-Same Trafficway, Same Direction-Angle, Sideswipe-Changing Lanes to the Left",vehicle.csv
ACC_TYPE,48,"F48-Same Trafficway, Same Direction-Angle, Sideswipe-Specifics Other",vehicle.csv
ACC_TYPE,49,"F49-Same Trafficway, Same Direction-Angle, Sideswipe-Specifics Unknown",vehicle.csv
ACC_TYPE,50,"G50-Same Trafficway, Opposite Direction-Head-On-Lateral Move (Left/Right)",vehicle.csv
ACC_TYPE,51,"G51-Same Trafficway, Opposite Direction-Head-On-Lateral Move (Going Straight)",vehicle.csv
ACC_TYPE,52,"G52-Same Trafficway, Opposite Direction-Head-On-Specifics Other",vehicle.csv
ACC_TYPE,53,"G53-Same Trafficway, Opposite Direction-Head-On-Specifics Unknown",vehicle.csv
ACC_TYPE,54,"H54-Same Trafficway, Opposite Direction-Forward Impact-Control/Traction Loss",vehicle.csv
ACC_TYPE,55,"H55-Same Trafficway, Opposite Direction-Forward Impact-Control/Traction Loss",vehicle.csv
ACC_TYPE,56,"H56-Same Trafficway, Opposite Direction-Forward Impact-Control/Traction Loss",vehicle.csv
ACC_TYPE,57,"H57-Same Trafficway, Opposite Direction-Forward Impact-Control/Traction Loss",vehicle.csv
ACC_TYPE,58,"H58-Same Trafficway, Opposite Direction-Forward Impact-Avoid Collision With Vehicle",vehicle.csv
ACC_TYPE,59,"H59-Same Trafficway, Opposite Direction-Forward Impact-Avoid Collision With Vehicle",vehicle.csv
ACC_TYPE,60,"H60-Same Trafficway, Opposite Direction-Forward Impact-Avoid Collision With Object",vehicle.csv
ACC_TYPE,61,"H61-Same Trafficway, Opposite Direction-Forward Impact-Avoid Collision With Object",vehicle.csv
ACC_TYPE,62,"H62-Same Trafficway, Opposite Direction-Forward Impact-Specifics Other",vehicle.csv
ACC_TYPE,63,"H63-Same Trafficway, Opposite Direction-Forward Impact-Specifics Unknown",vehicle.csv
ACC_TYPE,64,"I64-Same Trafficway, Opposite Direction-Angle, Sideswipe-Lateral Move (Left/Right)",vehicle.csv
ACC_TYPE,65,"I65-Same Trafficway, Opposite Direction-Angle, Sideswipe-Lateral Move (Going Straight)",vehicle.csv
ACC_TYPE,66,"I66-Same Trafficway, Opposite Direction-Angle, Sideswipe-Specifics Other",vehicle.csv
ACC_TYPE,67,"I67-Same Trafficway, Opposite Direction-Angle, Sideswipe-Specifics Unknown",vehicle.csv
ACC_TYPE,68,"J68-Changing Trafficway, Vehicle Turning-Turn Across Path-Initial Opposite Directions (Left/Right)",vehicle.csv
ACC_TYPE,69,"J69-Changing Trafficway, Vehicle Turning-Turn Across Path-Initial Opposite Directions (Going Straight)",vehicle.csv
ACC_TYPE,70,"J70-Changing Trafficway, Vehicle Turning-Turn Across Path-Initial Same Directions (Turning Right)",vehicle.csv
ACC_TYPE,71,"J71-Changing Trafficway, Vehicle Turning-Turn Across Path-Initial Same Directions (Going Straight)",vehicle.csv
ACC_TYPE,72,"J72-Changing Trafficway, Vehicle Turning-Turn Across Path-Initial Same Directions (Turning Left)",vehicle.csv
ACC_TYPE,73,"J73-Changing Trafficway, Vehicle Turning-Turn Across Path-Initial Same Directions (Going Straight)",vehicle.csv
ACC_TYPE,74,"J74-Changing Trafficway, Vehicle Turning-Turn Across Path-Specifics Other",vehicle.csv
ACC_TYPE,75,"J75-Changing Trafficway, Vehicle Turning-Turn Across Path-Specifics Unknown",vehicle.csv
ACC_TYPE,76,"K76-Changing Trafficway, Vehicle Turning-Turn Into Path-Turn Into Same Direction (Turning Left)",vehicle.csv
ACC_TYPE,77,"K77-Changing Trafficway, Vehicle Turning-Turn Into Path-Turn Into Same Direction (Going Straight)",vehicle.csv
ACC_TYPE,78,"K78-Changing Trafficway, Vehicle Turning-Turn Into Path-Turn Into Same Direction (Turning Right)",vehicle.csv
ACC_TYPE,79,"K79-Changing Trafficway, Vehicle Turning-Turn Into Path-Turn Into Same Direction (Going Straight)",vehicle.csv
ACC_TYPE,80,"K80-Changing Trafficway, Vehicle Turning-Turn Into Path-Turn Into Opposite Directions (Turning Right)",vehicle.csv
ACC_TYPE,81,"K81-Changing Trafficway, Vehicle Turning-Turn Into Path-Turn Into Opposite Directions (Going Straight)",vehicle.csv
ACC_TYPE,82,"K82-Changing Trafficway, Vehicle Turning-Turn Into Path-Turn Into Opposite Directions (Turning Left)",vehicle.csv
ACC_TYPE,83,"K83-Changing Trafficway, Vehicle Turning-Turn Into Path-Turn Into Opposite Directions (Going Straight)",vehicle.csv
ACC_TYPE,84,"K84-Changing Trafficway, Vehicle Turning-Turn Into Path-Specifics Other",vehicle.csv
ACC_TYPE,85,"K85-Changing Trafficway, Vehicle Turning-Turn Into Path-Specifics Unknown",vehicle.csv
ACC_TYPE,86,L86-Intersecting Paths-Straight Paths-Striking from the Right,vehicle.csv
ACC_TYPE,87,L87-Intersecting Paths-Straight Paths-Struck on the Right,vehicle.csv
ACC_TYPE,88,L88-Intersecting Paths-Straight Paths-Striking from the Left,vehicle.csv
ACC_TYPE,89,L89-Intersecting Paths-Straight Paths-Struck on the left,vehicle.csv
ACC_TYPE,90,L90-Intersecting Paths-Straight Paths-Specifics Other,vehicle.csv
ACC_TYPE,91,L91-Intersecting Paths-Straight Paths-Specifics Unknown,vehicle.csv
ACC_TYPE,92,M92-Backing-Backing Veh.,vehicle.csv
ACC_TYPE,93,M93-Backing-Other Vehicle,vehicle.csv
ACC_TYPE,98,M98-Other Crash Type,vehicle.csv
ACC_TYPE,99,M99-Unknown,vehicle.csv
AGE,0,Less than One Year,person.csv
AGE,1,1 Year,person.csv
AGE,2,2 Years,person.csv
AGE,3,3 Years,person.csv
AGE,4,4 Years,person.csv
AGE,5,5 Years,person.csv
AGE,6,6 Years,person.csv
AGE,7,7 Years,person.csv
AGE,8,8 Years,person.csv
AGE,9,9 Years,person.csv
AGE,10,10 Years,person.csv
AGE,11,11 Years,person.csv
AGE,12,12 Years,person.csv
AGE,13,13 Years,person.csv
AGE,14,14 Years,person.csv
AGE,15,15 Years,person.csv
AGE,16,16 Years,person.csv
AGE,17,17 Years,person.csv
AGE,18,18 Years,person.csv
AGE,19,19 Years,person.csv
AGE,20,20 Years,person.csv
AGE,21,21 Years,person.csv
AGE,22,22 Years,person.csv
AGE,23,23 Years,person.csv
AGE,24,24 Years,person.csv
AGE,25,25 Years,person.csv
AGE,26,26 Years,person.csv
AGE,27,27 Years,person.csv
AGE,28,28 Years,person.csv
AGE,29,29 Years,person.csv
AGE,30,30 Years,person.csv
AGE,31,31 Years,person.csv
AGE,32,32 Years,person.csv
AGE,33,33 Years,person.csv
AGE,34,34 Years,person.csv
AGE,35,35 Years,person.csv
AGE,36,36 Years,person.csv
AGE,37,37 Years,person.csv
AGE,38,38 Years,person.csv
AGE,39,39 Years,person.csv
AGE,40,40 Years,person.csv
AGE,41,41 Years,person.csv
AGE,42,42 Years,person.csv
AGE,43,43 Years,person.csv
AGE,44,44 Years,person.csv
AGE,45,45 Years,person.csv
AGE,46,46 Years,person.csv
AGE,47,47 Years,person.csv
AGE,48,48 Years,person.csv
AGE,49,49 Years,person.csv
AGE,50,50 Years,person.csv
AGE,51,51 Years,person.csv
AGE,52,52 Years,person.csv
AGE,53,53 Years,person.csv
AGE,54,54 Years,person.csv
AGE,55,55 Years,person.csv
AGE,56,56 Years,person.csv
AGE,57,57 Years,person.csv
AGE,58,58 Years,person.csv
AGE,59,59 Years,person.csv
AGE,60,60 Years,person.csv
AGE,61,61 Years,person.csv
AGE,62,62 Years,person.csv
AGE,63,63 Years,person.csv
AGE,64,64 Years,person.csv
AGE,65,65 Years,person.csv
AGE,66,66 Years,person.csv
AGE,67,67 Years,person.csv
AGE,68,68 Years,person.csv
AGE,69,69 Years,person.csv
AGE,70,70 Years,person.csv
AGE,71,71 Years,person.csv
AGE,72,72 Years,person.csv
AGE,73,73 Years,person.csv
AGE,74,74 Years,person.csv
AGE,75,75 Years,person.csv
AGE,76,76 Years,person.csv
AGE,77,77 Years,person.csv
AGE,78,78 Years,person.csv
AGE,79,79 Years,person.csv
AGE,80,80 Years,person.csv
AGE,81,81 Years,person.csv
AGE,82,82 Years,person.csv
AGE,83,83 Years,person.csv
AGE,84,84 Years,person.csv
AGE,85,85 Years,person.csv
AGE,86,86 Years,person.csv
AGE,87,87 Years,person.csv
AGE,88,88 Years,person.csv
AGE,89,89 Years,person.csv
AGE,90,90 Years,person.csv
AGE,91,91 Years,person.csv
AGE,92,92 Years,person.csv
AGE,93,93 Years,person.csv
AGE,94,94 Years,person.csv
AGE,95,95 Years,person.csv
AGE,96,96 Years,person.csv
AGE,97,97 Years,person.csv
AGE,98,98 Years,person.csv
AGE,99,99 Years,person.csv
AGE,100,100 Years,person.csv
AGE,101,101 Years,person.csv
AGE,998,Not Reported,person.csv
AGE,999,Reported as Unknown,person.csv
AIR_BAG,1,Deployed- Front,person.csv
AIR_BAG,2,"Deployed- Side (door, seatback)",person.csv
AIR_BAG,3,Deployed- Curtain (roof),person.csv
AIR_BAG,7,"Deployed- Other (Knee, air belt, etc.)",person.csv
AIR_BAG,8,Deployed- Combination,person.csv
AIR_BAG,9,Deployment- Unknown Location,person.csv
AIR_BAG,20,Not Deployed,person.csv
AIR_BAG,97,Not a Motor Vehicle Occupant,person.csv
AIR_BAG,98,Not Reported,person.csv
AIR_BAG,99,Reported as Deployment Unknown,person.csv
ALC_RES,0,0.000 % BAC,person.csv
ALC_RES,1,0.001 % BAC,person.csv
ALC_RES,2,0.002 % BAC,person.csv
ALC_RES,3,0.003 % BAC,person.csv
ALC_RES,4,0.004 % BAC,person.csv
ALC_RES,5,0.005 % BAC,person.csv
ALC_RES,6,0.006 % BAC,person.csv
ALC_RES,8,0.008 % BAC,person.csv
ALC_RES,9,0.009 % BAC,person.csv
ALC_RES,10,0.010 % BAC,person.csv
ALC_RES,11,0.011 % BAC,person.csv
ALC_RES,12,0.012 % BAC,person.csv
ALC_RES,13,0.013 % BAC,person.csv
ALC_RES,14,0.014 % BAC,person.csv
ALC_RES,15,0.015 % BAC,person.csv
ALC_RES,16,0.016 % BAC,person.csv
ALC_RES,17,0.017 % BAC,person.csv
ALC_RES,18,0.018 % BAC,person.csv
ALC_RES,19,0.019 % BAC,person.csv
ALC_RES,20,0.020 % BAC,person.csv
ALC_RES,21,0.021 % BAC,person.csv
ALC_RES,22,0.022 % BAC,person.csv
ALC_RES,23,0.023 % BAC,person.csv
ALC_RES,24,0.024 % BAC,person.csv
ALC_RES,25,0.025 % BAC,person.csv
ALC_RES,26,0.026 % BAC,person.csv
ALC_RES,27,0.027 % BAC,person.csv
ALC_RES,28,0.028 % BAC,person.csv
ALC_RES,29,0.029 % BAC,person.csv
ALC_RES,30,0.030 % BAC,person.csv
ALC_RES,31,0.031 % BAC,person.csv
ALC_RES,32,0.032 % BAC,person.csv
ALC_RES,33,0.033 % BAC,person.csv
ALC_RES,34,0.034 % BAC,person.csv
ALC_RES,35,0.035 % BAC,person.csv
ALC_RES,36,0.036 % BAC,person.csv
ALC_RES,37,0.037 % BAC,person.csv
ALC_RES,38,0.038 % BAC,person.csv
ALC_RES,39,0.039 % BAC,person.csv
ALC_RES,40,0.040 % BAC,person.csv
ALC_RES,41,0.041 % BAC,person.csv
ALC_RES,42,0.042 % BAC,person.csv
ALC_RES,43,0.043 % BAC,person.csv
ALC_RES,44,0.044 % BAC,person.csv
ALC_RES,45,0.045 % BAC,person.csv
ALC_RES,46,0.046 % BAC,person.csv
ALC_RES,47,0.047 % BAC,person.csv
ALC_RES,48,0.048 % BAC,person.csv
ALC_RES,49,0.049 % BAC,person.csv
ALC_RES,50,0.050 % BAC,person.csv
ALC_RES,51,0.051 % BAC,person.csv
ALC_RES,52,0.052 % BAC,person.csv
ALC_RES,53,0.053 % BAC,person.csv
ALC_RES,54,0.054 % BAC,person.csv
ALC_RES,55,0.055 % BAC,person.csv
ALC_RES,56,0.056 % BAC,person.csv
ALC_RES,57,0.057 % BAC,person.csv
ALC_RES,58,0.058 % BAC,person.csv
ALC_RES,59,0.059 % BAC,person.csv
ALC_RES,60,0.060 % BAC,person.csv
ALC_RES,61,0.061 % BAC,person.csv
ALC_RES,62,0.062 % BAC,person.csv
ALC_RES,63,0.063 % BAC,person.csv
ALC_RES,64,0.064 % BAC,person.csv
ALC_RES,65,0.065 % BAC,person.csv
ALC_RES,66,0.066 % BAC,person.csv
ALC_RES,67,0.067 % BAC,person.csv
ALC_RES,68,0.068 % BAC,person.csv
ALC_RES,69,0.069 % BAC,person.csv
ALC_RES,70,0.070 % BAC,person.csv
ALC_RES,71,0.071 % BAC,person.csv
ALC_RES,72,0.072 % BAC,person.csv
ALC_RES,73,0.073 % BAC,person.csv
ALC_RES,74,0.074 % BAC,person.csv
ALC_RES,75,0.075 % BAC,person.csv
ALC_RES,76,0.076 % BAC,person.csv
ALC_RES,77,0.077 % BAC,person.csv
ALC_RES,78,0.078 % BAC,person.csv
ALC_RES,79,0.079 % BAC,person.csv
ALC_RES,80,0.080 % BAC,person.csv
ALC_RES,81,0.081 % BAC,person.csv
ALC_RES,82,0.082 % BAC,person.csv
ALC_RES,83,0.083 % BAC,person.csv
ALC_RES,84,0.084 % BAC,person.csv
ALC_RES,85,0.085 % BAC,person.csv
ALC_RES,86,0.086 % BAC,person.csv
ALC_RES,87,0.087 % BAC,person.csv
ALC_RES,88,0.088 % BAC,person.csv
ALC_RES,89,0.089 % BAC,person.csv
ALC_RES,90,0.090 % BAC,person.csv
ALC_RES,91,0.091 % BAC,person.csv
ALC_RES,92,0.092 % BAC,person.csv
ALC_RES,93,0.093 % BAC,person.csv
ALC_RES,94,0.094 % BAC,person.csv
ALC_RES,95,0.095 % BAC,person.csv
ALC_RES,96,0.096 % BAC,person.csv
ALC_RES,97,0.097 % BAC,person.csv
ALC_RES,98,0.098 % BAC,person.csv
ALC_RES,99,0.099 % BAC,person.csv
ALC_RES,100,0.100 % BAC,person.csv
ALC_RES,101,0.101 % BAC,person.csv
ALC_RES,102,0.102 % BAC,person.csv
ALC_RES,103,0.103 % BAC,person.csv
ALC_RES,104,0.104 % BAC,person.csv
ALC_RES,105,0.105 % BAC,person.csv
ALC_RES,106,0.106 % BAC,person.csv
ALC_RES,107,0.107 % BAC,person.csv
ALC_RES,108,0.108 % BAC,person.csv
ALC_RES,109,0.109 % BAC,person.csv
ALC_RES,110,0.110 % BAC,person.csv
ALC_RES,111,0.111 % BAC,person.csv
ALC_RES,112,0.112 % BAC,person.csv
ALC_RES,113,0.113 % BAC,person.csv
ALC_RES,114,0.114 % BAC,person.csv
ALC_RES,115,0.115 % BAC,person.csv
ALC_RES,116,0.116 % BAC,person.csv
ALC_RES,117,0.117 % BAC,person.csv
ALC_RES,118,0.118 % BAC,person.csv
ALC_RES,119,0.119 % BAC,person.csv
ALC_RES,120,0.120 % BAC,person.csv
ALC_RES,121,0.121 % BAC,person.csv
ALC_RES,122,0.122 % BAC,person.csv
ALC_RES,123,0.123 % BAC,person.csv
ALC_RES,124,0.124 % BAC,person.csv
ALC_RES,125,0.125 % BAC,person.csv
ALC_RES,126,0.126 % BAC,person.csv
ALC_RES,127,0.127 % BAC,person.csv
ALC_RES,128,0.128 % BAC,person.csv
ALC_RES,129,0.129 % BAC,person.csv
ALC_RES,130,0.130 % BAC,person.csv
ALC_RES,131,0.131 % BAC,person.csv
ALC_RES,132,0.132 % BAC,person.csv
ALC_RES,133,0.133 % BAC,person.csv
ALC_RES,134,0.134 % BAC,person.csv
ALC_RES,135,0.135 % BAC,person.csv
ALC_RES,136,0.136 % BAC,person.csv
ALC_RES,137,0.137 % BAC,person.csv
ALC_RES,138,0.138 % BAC,person.csv
ALC_RES,139,0.139 % BAC,person.csv
ALC_RES,140,0.140 % BAC,person.csv
ALC_RES,141,0.141 % BAC,person.csv
ALC_RES,142,0.142 % BAC,person.csv
ALC_RES,143,0.143 % BAC,person.csv
ALC_RES,144,0.144 % BAC,person.csv
ALC_RES,145,0.145 % BAC,person.csv
ALC_RES,146,0.146 % BAC,person.csv
ALC_RES,147,0.147 % BAC,person.csv
ALC_RES,148,0.148 % BAC,person.csv
ALC_RES,149,0.149 % BAC,person.csv
ALC_RES,150,0.150 % BAC,person.csv
ALC_RES,151,0.151 % BAC,person.csv
ALC_RES,152,0.152 % BAC,person.csv
ALC_RES,153,0.153 % BAC,person.csv
ALC_RES,154,0.154 % BAC,person.csv
ALC_RES,155,0.155 % BAC,person.csv
ALC_RES,156,0.156 % BAC,person.csv
ALC_RES,157,0.157 % BAC,person.csv
ALC_RES,158,0.158 % BAC,person.csv
ALC_RES,159,0.159 % BAC,person.csv
ALC_RES,160,0.160 % BAC,person.csv
ALC_RES,161,0.161 % BAC,person.csv
ALC_RES,162,0.162 % BAC,person.csv
ALC_RES,163,0.163 % BAC,person.csv
ALC_RES,164,0.164 % BAC,person.csv
ALC_RES,165,0.165 % BAC,person.csv
ALC_RES,166,0.166 % BAC,person.csv
ALC_RES,167,0.167 % BAC,person.csv
ALC_RES,168,0.168 % BAC,person.csv
ALC_RES,169,0.169 % BAC,person.csv
ALC_RES,170,0.170 % BAC,person.csv
ALC_RES,171,0.171 % BAC,person.csv
ALC_RES,172,0.172 % BAC,person.csv
ALC_RES,173,0.173 % BAC,person.csv
ALC_RES,174,0.174 % BAC,person.csv
ALC_RES,175,0.175 % BAC,person.csv
ALC_RES,176,0.176 % BAC,person.csv
ALC_RES,177,0.177 % BAC,person.csv
ALC_RES,178,0.178 % BAC,person.csv
ALC_RES,179,0.179 % BAC,person.csv
ALC_RES,180,0.180 % BAC,person.csv
ALC_RES,181,0.181 % BAC,person.csv
ALC_RES,182,0.182 % BAC,person.csv
ALC_RES,183,0.183 % BAC,person.csv
ALC_RES,184,0.184 % BAC,person.csv
ALC_RES,185,0.185 % BAC,person.csv
ALC_RES,186,0.186 % BAC,person.csv
ALC_RES,187,0.187 % BAC,person.csv
ALC_RES,188,0.188 % BAC,person.csv
ALC_RES,189,0.189 % BAC,person.csv
ALC_RES,190,0.190 % BAC,person.csv
ALC_RES,191,0.191 % BAC,person.csv
ALC_RES,192,0.192 % BAC,person.csv
ALC_RES,193,0.193 % BAC,person.csv
ALC_RES,194,0.194 % BAC,person.csv
ALC_RES,195,0.195 % BAC,person.csv
ALC_RES,196,0.196 % BAC,person.csv
ALC_RES,197,0.197 % BAC,person.csv
ALC_RES,198,0.198 % BAC,person.csv
ALC_RES,199,0.199 % BAC,person.csv
ALC_RES,200,0.200 % BAC,person.csv
ALC_RES,201,0.201 % BAC,person.csv
ALC_RES,202,0.202 % BAC,person.csv
ALC_RES,203,0.203 % BAC,person.csv
ALC_RES,204,0.204 % BAC,person.csv
ALC_RES,205,0.205 % BAC,person.csv
ALC_RES,206,0.206 % BAC,person.csv
ALC_RES,207,0.207 % BAC,person.csv
ALC_RES,208,0.208 % BAC,person.csv
ALC_RES,209,0.209 % BAC,person.csv
ALC_RES,210,0.210 % BAC,person.csv
ALC_RES,211,0.211 % BAC,person.csv
ALC_RES,212,0.212 % BAC,person.csv
ALC_RES,213,0.213 % BAC,person.csv
ALC_RES,214,0.214 % BAC,person.csv
ALC_RES,215,0.215 % BAC,person.csv
ALC_RES,216,0.216 % BAC,person.csv
ALC_RES,217,0.217 % BAC,person.csv
ALC_RES,218,0.218 % BAC,person.csv
ALC_RES,219,0.219 % BAC,person.csv
ALC_RES,220,0.220 % BAC,person.csv
ALC_RES,221,0.221 % BAC,person.csv
ALC_RES,222,0.222 % BAC,person.csv
ALC_RES,223,0.223 % BAC,person.csv
ALC_RES,224,0.224 % BAC,person.csv
ALC_RES,225,0.225 % BAC,person.csv
ALC_RES,226,0.226 % BAC,person.csv
ALC_RES,227,0.227 % BAC,person.csv
ALC_RES,228,0.228 % BAC,person.csv
ALC_RES,229,0.229 % BAC,person.csv
ALC_RES,230,0.230 % BAC,person.csv
ALC_RES,231,0.231 % BAC,person.csv
ALC_RES,232,0.232 % BAC,person.csv
ALC_RES,233,0.233 % BAC,person.csv
ALC_RES,234,0.234 % BAC,person.csv
ALC_RES,235,0.235 % BAC,person.csv
ALC_RES,236,0.236 % BAC,person.csv
ALC_RES,237,0.237 % BAC,person.csv
ALC_RES,238,0.238 % BAC,person.csv
ALC_RES,239,0.239 % BAC,person.csv
ALC_RES,240,0.240 % BAC,person.csv
ALC_RES,241,0.241 % BAC,person.csv
ALC_RES,242,0.242 % BAC,person.csv
ALC_RES,243,0.243 % BAC,person.csv
ALC_RES,244,0.244 % BAC,person.csv
ALC_RES,245,0.245 % BAC,person.csv
ALC_RES,246,0.246 % BAC,person.csv
ALC_RES,247,0.247 % BAC,person.csv
ALC_RES,248,0.248 % BAC,person.csv
ALC_RES,249,0.249 % BAC,person.csv
ALC_RES,250,0.250 % BAC,person.csv
ALC_RES,251,0.251 % BAC,person.csv
ALC_RES,252,0.252 % BAC,person.csv
ALC_RES,253,0.253 % BAC,person.csv
ALC_RES,254,0.254 % BAC,person.csv
ALC_RES,255,0.255 % BAC,person.csv
ALC_RES,256,0.256 % BAC,person.csv
ALC_RES,257,0.257 % BAC,person.csv
ALC_RES,258,0.258 % BAC,person.csv
ALC_RES,259,0.259 % BAC,person.csv
ALC_RES,260,0.260 % BAC,person.csv
ALC_RES,261,0.261 % BAC,person.csv
ALC_RES,262,0.262 % BAC,person.csv
ALC_RES,263,0.263 % BAC,person.csv
ALC_RES,264,0.264 % BAC,person.csv
ALC_RES,265,0.265 % BAC,person.csv
ALC_RES,266,0.266 % BAC,person.csv
ALC_RES,267,0.267 % BAC,person.csv
ALC_RES,268,0.268 % BAC,person.csv
ALC_RES,269,0.269 % BAC,person.csv
ALC_RES,270,0.270 % BAC,person.csv
ALC_RES,271,0.271 % BAC,person.csv
ALC_RES,272,0.272 % BAC,person.csv
ALC_RES,273,0.273 % BAC,person.csv
ALC_RES,274,0.274 % BAC,person.csv
ALC_RES,275,0.275 % BAC,person.csv
ALC_RES,276,0.276 % BAC,person.csv
ALC_RES,277,0.277 % BAC,person.csv
ALC_RES,278,0.278 % BAC,person.csv
ALC_RES,279,0.279 % BAC,person.csv
ALC_RES,280,0.280 % BAC,person.csv
ALC_RES,281,0.281 % BAC,person.csv
ALC_RES,282,0.282 % BAC,person.csv
ALC_RES,283,0.283 % BAC,person.csv
ALC_RES,284,0.284 % BAC,person.csv
ALC_RES,285,0.285 % BAC,person.csv
ALC_RES,286,0.286 % BAC,person.csv
ALC_RES,287,0.287 % BAC,person.csv
ALC_RES,288,0.288 % BAC,person.csv
ALC_RES,289,0.289 % BAC,person.csv
ALC_RES,290,0.290 % BAC,person.csv
ALC_RES,291,0.291 % BAC,person.csv
ALC_RES,292,0.292 % BAC,person.csv
ALC_RES,293,0.293 % BAC,person.csv
ALC_RES,294,0.294 % BAC,person.csv
ALC_RES,295,0.295 % BAC,person.csv
ALC_RES,296,0.296 % BAC,person.csv
ALC_RES,297,0.297 % BAC,person.csv
ALC_RES,298,0.298 % BAC,person.csv
ALC_RES,299,0.299 % BAC,person.csv
ALC_RES,300,0.300 % BAC,person.csv
ALC_RES,301,0.301 % BAC,person.csv
ALC_RES,302,0.302 % BAC,person.csv
ALC_RES,303,0.303 % BAC,person.csv
ALC_RES,304,0.304 % BAC,person.csv
ALC_RES,305,0.305 % BAC,person.csv
ALC_RES,306,0.306 % BAC,person.csv
ALC_RES,307,0.307 % BAC,person.csv
ALC_RES,308,0.308 % BAC,person.csv
ALC_RES,309,0.309 % BAC,person.csv
ALC_RES,310,0.310 % BAC,person.csv
ALC_RES,311,0.311 % BAC,person.csv
ALC_RES,312,0.312 % BAC,person.csv
ALC_RES,313,0.313 % BAC,person.csv
ALC_RES,314,0.314 % BAC,person.csv
ALC_RES,315,0.315 % BAC,person.csv
ALC_RES,316,0.316 % BAC,person.csv
ALC_RES,317,0.317 % BAC,person.csv
ALC_RES,318,0.318 % BAC,person.csv
ALC_RES,319,0.319 % BAC,person.csv
ALC_RES,320,0.320 % BAC,person.csv
ALC_RES,321,0.321 % BAC,person.csv
ALC_RES,322,0.322 % BAC,person.csv
ALC_RES,323,0.323 % BAC,person.csv
ALC_RES,324,0.324 % BAC,person.csv
ALC_RES,325,0.325 % BAC,person.csv
ALC_RES,326,0.326 % BAC,person.csv
ALC_RES,327,0.327 % BAC,person.csv
ALC_RES,328,0.328 % BAC,person.csv
ALC_RES,329,0.329 % BAC,person.csv
ALC_RES,330,0.330 % BAC,person.csv
ALC_RES,331,0.331 % BAC,person.csv
ALC_RES,332,0.332 % BAC,person.csv
ALC_RES,333,0.333 % BAC,person.csv
ALC_RES,334,0.334 % BAC,person.csv
ALC_RES,335,0.335 % BAC,person.csv
ALC_RES,336,0.336 % BAC,person.csv
ALC_RES,337,0.337 % BAC,person.csv
ALC_RES,338,0.338 % BAC,person.csv
ALC_RES,339,0.339 % BAC,person.csv
ALC_RES,340,0.340 % BAC,person.csv
ALC_RES,341,0.341 % BAC,person.csv
ALC_RES,342,0.342 % BAC,person.csv
ALC_RES,343,0.343 % BAC,person.csv
ALC_RES,344,0.344 % BAC,person.csv
ALC_RES,345,0.345 % BAC,person.csv
ALC_RES,346,0.346 % BAC,person.csv
ALC_RES,347,0.347 % BAC,person.csv
ALC_RES,348,0.348 % BAC,person.csv
ALC_RES,349,0.349 % BAC,person.csv
ALC_RES,350,0.350 % BAC,person.csv
ALC_RES,351,0.351 % BAC,person.csv
ALC_RES,352,0.352 % BAC,person.csv
ALC_RES,353,0.353 % BAC,person.csv
ALC_RES,354,0.354 % BAC,person.csv
ALC_RES,355,0.355 % BAC,person.csv
ALC_RES,356,0.356 % BAC,person.csv
ALC_RES,357,0.357 % BAC,person.csv
ALC_RES,358,0.358 % BAC,person.csv
ALC_RES,359,0.359 % BAC,person.csv
ALC_RES,360,0.360 % BAC,person.csv
ALC_RES,361,0.361 % BAC,person.csv
ALC_RES,362,0.362 % BAC,person.csv
ALC_RES,363,0.363 % BAC,person.csv
ALC_RES,364,0.364 % BAC,person.csv
ALC_RES,365,0.365 % BAC,person.csv
ALC_RES,366,0.366 % BAC,person.csv
ALC_RES,367,0.367 % BAC,person.csv
ALC_RES,368,0.368 % BAC,person.csv
ALC_RES,369,0.369 % BAC,person.csv
ALC_RES,370,0.370 % BAC,person.csv
ALC_RES,371,0.371 % BAC,person.csv
ALC_RES,372,0.372 % BAC,person.csv
ALC_RES,373,0.373 % BAC,person.csv
ALC_RES,374,0.374 % BAC,person.csv
ALC_RES,375,0.375 % BAC,person.csv
ALC_RES,376,0.376 % BAC,person.csv
ALC_RES,377,0.377 % BAC,person.csv
ALC_RES,378,0.378 % BAC,person.csv
ALC_RES,379,0.379 % BAC,person.csv
ALC_RES,380,0.380 % BAC,person.csv
ALC_RES,381,0.381 % BAC,person.csv
ALC_RES,382,0.382 % BAC,person.csv
ALC_RES,383,0.383 % BAC,person.csv
ALC_RES,384,0.384 % BAC,person.csv
ALC_RES,385,0.385 % BAC,person.csv
ALC_RES,386,0.386 % BAC,person.csv
ALC_RES,387,0.387 % BAC,person.csv
ALC_RES,388,0.388 % BAC,person.csv
ALC_RES,389,0.389 % BAC,person.csv
ALC_RES,390,0.390 % BAC,person.csv
ALC_RES,391,0.391 % BAC,person.csv
ALC_RES,393,0.393 % BAC,person.csv
ALC_RES,394,0.394 % BAC,person.csv
ALC_RES,395,0.395 % BAC,person.csv
ALC_RES,396,0.396 % BAC,person.csv
ALC_RES,398,0.398 % BAC,person.csv
ALC_RES,399,0.399 % BAC,person.csv
ALC_RES,400,0.400 % BAC,person.csv
ALC_RES,401,0.401 % BAC,person.csv
ALC_RES,402,0.402 % BAC,person.csv
ALC_RES,404,0.404 % BAC,person.csv
ALC_RES,405,0.405 % BAC,person.csv
ALC_RES,406,0.406 % BAC,person.csv
ALC_RES,407,0.407 % BAC,person.csv
ALC_RES,409,0.409 % BAC,person.csv
ALC_RES,410,0.410 % BAC,person.csv
ALC_RES,411,0.411 % BAC,person.csv
ALC_RES,413,0.413 % BAC,person.csv
ALC_RES,414,0.414 % BAC,person.csv
ALC_RES,415,0.415 % BAC,person.csv
ALC_RES,416,0.416 % BAC,person.csv
ALC_RES,417,0.417 % BAC,person.csv
ALC_RES,420,0.420 % BAC,person.csv
ALC_RES,423,0.423 % BAC,person.csv
ALC_RES,426,0.426 % BAC,person.csv
ALC_RES,427,0.427 % BAC,person.csv
ALC_RES,428,0.428 % BAC,person.csv
ALC_RES,430,0.430 % BAC,person.csv
ALC_RES,432,0.432 % BAC,person.csv
ALC_RES,433,0.433 % BAC,person.csv
ALC_RES,434,0.434 % BAC,person.csv
ALC_RES,435,0.435 % BAC,person.csv
ALC_RES,436,0.436 % BAC,person.csv
ALC_RES,437,0.437 % BAC,person.csv
ALC_RES,439,0.439 % BAC,person.csv
ALC_RES,440,0.440 % BAC,person.csv
ALC_RES,444,0.444 % BAC,person.csv
ALC_RES,449,0.449 % BAC,person.csv
ALC_RES,454,0.454 % BAC,person.csv
ALC_RES,459,0.459 % BAC,person.csv
ALC_RES,460,0.460 % BAC,person.csv
ALC_RES,464,0.464 % BAC,person.csv
ALC_RES,474,0.474 % BAC,person.csv
ALC_RES,475,0.475 % BAC,person.csv
ALC_RES,476,0.476 % BAC,person.csv
ALC_RES,477,0.477 % BAC,person.csv
ALC_RES,480,0.480 % BAC,person.csv
ALC_RES,494,0.494 % BAC,person.csv
ALC_RES,500,0.500 % BAC,person.csv
ALC_RES,530,0.530 % BAC,person.csv
ALC_RES,554,0.554 % BAC,person.csv
ALC_RES,556,0.556 % BAC,person.csv
ALC_RES,560,0.560 % BAC,person.csv
ALC_RES,580,0.580 % BAC,person.csv
ALC_RES,583,0.583 % BAC,person.csv
ALC_RES,593,0.593 % BAC,person.csv
ALC_RES,657,0.657 % BAC,person.csv
ALC_RES,668,0.668 % BAC,person.csv
ALC_RES,794,0.794 % BAC,person.csv
ALC_RES,815,0.815 % BAC,person.csv
ALC_RES,995,Not Reported,person.csv
ALC_RES,996,Test Not Given,person.csv
ALC_RES,997,"AC Test Performed, Results Unknown",person.csv
ALC_RES,998,Positive Reading with No Actual Value,person.csv
ALC_RES,999,Reported as Unknown if Tested,person.csv
ALC_STATUS,0,Test Not Given,person.csv
ALC_STATUS,2,Test Given,person.csv
ALC_STATUS,8,Not Reported,person.csv
ALC_STATUS,9,Reported as Unknown if Tested,person.csv
AOI,0,Non-Collision,vsoe.csv
AOI,1,1 Clock Point,vsoe.csv
AOI,2,2 Clock Point,vsoe.csv
AOI,3,3 Clock Point,vsoe.csv
AOI,4,4 Clock Point,vsoe.csv
AOI,5,5 Clock Point,vsoe.csv
AOI,6,6 Clock Point,vsoe.csv
AOI,7,7 Clock Point,vsoe.csv
AOI,8,8 Clock Point,vsoe.csv
AOI,9,9 Clock Point,vsoe.csv
AOI,10,10 Clock Point,vsoe.csv
AOI,11,11 Clock Point,vsoe.csv
AOI,12,12 Clock Point,vsoe.csv
AOI,13,Top,vsoe.csv
AOI,14,Undercarriage,vsoe.csv
AOI,18,Cargo/Vehicle Parts Set-In-Motion,vsoe.csv
AOI,19,Other Objects or Person Set-In-Motion,vsoe.csv
AOI,20,"Object Set in Motion, Unknown if Cargo/Vehicle Parts or Other",vsoe.csv
AOI,55,Non-Harmful Event,vsoe.csv
AOI,61,Left,vsoe.csv
AOI,62,Left-Front Side,vsoe.csv
AOI,63,Left-Back Side,vsoe.csv
AOI,81,Right,vsoe.csv
AOI,82,Right-Front Side,vsoe.csv
AOI,83,Right-Back Side,vsoe.csv
AOI,98,Not Reported,vsoe.csv
AOI,99,Reported as Unknown,vsoe.csv
AOI1,0,Non-Collision,cevent.csv;vevent.csv
AOI1,1,1 Clock Point,cevent.csv;vevent.csv
AOI1,2,2 Clock Point,cevent.csv;vevent.csv
AOI1,3,3 Clock Point,cevent.csv;vevent.csv
AOI1,4,4 Clock Point,cevent.csv;vevent.csv
AOI1,5,5 Clock Point,cevent.csv;vevent.csv
AOI1,6,6 Clock Point,cevent.csv;vevent.csv
AOI1,7,7 Clock Point,cevent.csv;vevent.csv
AOI1,8,8 Clock Point,cevent.csv;vevent.csv
AOI1,9,9 Clock Point,cevent.csv;vevent.csv
AOI1,10,10 Clock Point,cevent.csv;vevent.csv
AOI1,11,11 Clock Point,cevent.csv;vevent.csv
AOI1,12,12 Clock Point,cevent.csv;vevent.csv
AOI1,13,Top,cevent.csv;vevent.csv
AOI1,14,Undercarriage,cevent.csv;vevent.csv
AOI1,18,Cargo/Vehicle Parts Set-In-Motion,cevent.csv;vevent.csv
AOI1,19,Other Objects or Person Set-In-Motion,cevent.csv;vevent.csv
AOI1,20,"Object Set in Motion, Unknown if Cargo/Vehicle Parts or Other",cevent.csv;vevent.csv
AOI1,55,Non-Harmful Event,cevent.csv;vevent.csv
AOI1,61,Left,cevent.csv;vevent.csv
AOI1,62,Left-Front Side,cevent.csv;vevent.csv
AOI1,63,Left-Back Side,cevent.csv;vevent.csv
AOI1,81,Right,cevent.csv;vevent.csv
AOI1,82,Right-Front Side,cevent.csv;vevent.csv
AOI1,83,Right-Back Side,cevent.csv;vevent.csv
AOI1,98,Not Reported,cevent.csv;vevent.csv
AOI1,99,Reported as Unknown,cevent.csv;vevent.csv
AOI2,0,Non-Collision,cevent.csv;vevent.csv
AOI2,1,1 Clock Point,cevent.csv;vevent.csv
AOI2,2,2 Clock Point,cevent.csv;vevent.csv
AOI2,3,3 Clock Point,cevent.csv;vevent.csv
AOI2,4,4 Clock Point,cevent.csv;vevent.csv
AOI2,5,5 Clock Point,cevent.csv;vevent.csv
AOI2,6,6 Clock Point,cevent.csv;vevent.csv
AOI2,7,7 Clock Point,cevent.csv;vevent.csv
AOI2,8,8 Clock Point,cevent.csv;vevent.csv
AOI2,9,9 Clock Point,cevent.csv;vevent.csv
AOI2,10,10 Clock Point,cevent.csv;vevent.csv
AOI2,11,11 Clock Point,cevent.csv;vevent.csv
AOI2,12,12 Clock Point,cevent.csv;vevent.csv
AOI2,13,Top,cevent.csv;vevent.csv
AOI2,14,Undercarriage,cevent.csv;vevent.csv
AOI2,18,Cargo/Vehicle Parts Set-In-Motion,cevent.csv;vevent.csv
AOI2,19,Other Objects or Person Set-In-Motion,cevent.csv;vevent.csv
AOI2,20,"Object Set in Motion, Unknown if Cargo/Vehicle Parts or Other",cevent.csv;vevent.csv
AOI2,55,Non-Harmful Event,cevent.csv;vevent.csv
AOI2,61,Left,cevent.csv;vevent.csv
AOI2,62,Left-Front Side,cevent.csv;vevent.csv
AOI2,63,Left-Back Side,cevent.csv;vevent.csv
AOI2,77,Not a Motor Vehicle,cevent.csv;vevent.csv
AOI2,81,Right,cevent.csv;vevent.csv
AOI2,82,Right-Front Side,cevent.csv;vevent.csv
AOI2,83,Right-Back Side,cevent.csv;vevent.csv
AOI2,98,Not Reported,cevent.csv;vevent.csv
AOI2,99,Reported as Unknown,cevent.csv;vevent.csv
ARR_HOUR,0,0:00am-0:59am,accident.csv
ARR_HOUR,1,1:00am-1:59am,accident.csv
ARR_HOUR,2,2:00am-2:59am,accident.csv
ARR_HOUR,3,3:00am-3:59am,accident.csv
ARR_HOUR,4,4:00am-4:59am,accident.csv
ARR_HOUR,5,5:00am-5:59am,accident.csv
ARR_HOUR,6,6:00am-6:59am,accident.csv
ARR_HOUR,7,7:00am-7:59am,accident.csv
ARR_HOUR,8,8:00am-8:59am,accident.csv
ARR_HOUR,9,9:00am-9:59am,accident.csv
ARR_HOUR,10,10:00am-10:59am,accident.csv
ARR_HOUR,11,11:00am-11:59am,accident.csv
ARR_HOUR,12,12:00pm-12:59pm,accident.csv
ARR_HOUR,13,1:00pm-1:59pm,accident.csv
ARR_HOUR,14,2:00pm-2:59pm,accident.csv
ARR_HOUR,15,3:00pm-3:59pm,accident.csv
ARR_HOUR,16,4:00pm-4:59pm,accident.csv
ARR_HOUR,17,5:00pm-5:59pm,accident.csv
ARR_HOUR,18,6:00pm-6:59pm,accident.csv
ARR_HOUR,19,7:00pm-7:59pm,accident.csv
ARR_HOUR,20,8:00pm-8:59pm,accident.csv
ARR_HOUR,21,9:00pm-9:59pm,accident.csv
ARR_HOUR,22,10:00pm-10:59pm,accident.csv
ARR_HOUR,23,11:00pm-11:59pm,accident.csv
ARR_HOUR,88,Not Applicable,accident.csv
ARR_HOUR,99,Unknown EMS Scene Arrival Hour,accident.csv
ARR_MIN,88,Not Applicable,accident.csv
ARR_MIN,97,Officially Cancelled,accident.csv
ARR_MIN,98,Unknown if Arrived,accident.csv
ARR_MIN,99,Unknown EMS Scene Arrival Minutes,accident.csv
ATST_TYP,0,Test Not Given,person.csv
ATST_TYP,1,Blood,person.csv
ATST_TYP,2,Breath Test (AC),person.csv
ATST_TYP,3,Urine,person.csv
ATST_TYP,4,Vitreous,person.csv
ATST_TYP,5,Blood Plasma/Serum,person.csv
ATST_TYP,7,Liver,person.csv
ATST_TYP,8,Other Test Type,person.csv
ATST_TYP,10,Preliminary Breath Test (PBT),person.csv
ATST_TYP,11,"Breath Test, Unknown Type",person.csv
ATST_TYP,95,Not Reported,person.csv
ATST_TYP,98,Unknown Test Type,person.csv
ATST_TYP,99,Reported as Unknown if Tested,person.csv
BIKECGP,0,Not a Cyclist,pbtype.csv
BIKECGP,110,Loss of Control / Turning Error,pbtype.csv
BIKECGP,140,Motorist Failed to Yield - Sign-Controlled Intersection,pbtype.csv
BIKECGP,145,Bicyclist Failed to Yield - Sign-Controlled Intersection,pbtype.csv
BIKECGP,150,Motorist Failed to Yield - Signalized Intersection,pbtype.csv
BIKECGP,158,Bicyclist Failed to Yield - Signalized Intersection,pbtype.csv
BIKECGP,190,Crossing Paths - Other Circumstances,pbtype.csv
BIKECGP,210,Motorist Left Turn / Merge,pbtype.csv
BIKECGP,215,Motorist Right Turn / Merge,pbtype.csv
BIKECGP,219,Parking / Bus-Related,pbtype.csv
BIKECGP,220,Bicyclist Left Turn / Merge,pbtype.csv
BIKECGP,225,Bicyclist Right Turn / Merge,pbtype.csv
BIKECGP,230,Motorist Overtaking Bicyclist,pbtype.csv
BIKECGP,240,Bicyclist Overtaking Motor Vehicle,pbtype.csv
BIKECGP,258,Wrong-Way / Wrong-Side,pbtype.csv
BIKECGP,290,Parallel Paths - Other Circumstances,pbtype.csv
BIKECGP,310,Bicyclist Failed to Yield - Midblock,pbtype.csv
BIKECGP,320,Motorist Failed to Yield - Midblock,pbtype.csv
BIKECGP,600,Backing Vehicle,pbtype.csv
BIKECGP,850,Other / Unusual Circumstances,pbtype.csv
BIKECGP,910,Non-Trafficway,pbtype.csv
BIKECGP,990,Other / Unknown - Insufficient Details,pbtype.csv
BIKECTYPE,0,Not a Cyclist,pbtype.csv
BIKECTYPE,111,Motorist Turning Error - Left turn,pbtype.csv
BIKECTYPE,112,Motorist Turning Error - Right turn,pbtype.csv
BIKECTYPE,114,Bicyclist Turning Error - Left turn,pbtype.csv
BIKECTYPE,115,Bicyclist Turning Error - Right turn,pbtype.csv
BIKECTYPE,121,Bicyclist Lost Control - Mechanical problems,pbtype.csv
BIKECTYPE,122,"Bicyclist Lost Control - Oversteering, Improper Braking, Speed",pbtype.csv
BIKECTYPE,124,Bicyclist Lost Control - Surface Conditions,pbtype.csv
BIKECTYPE,129,Bicyclist Lost Control - Other / Unknown,pbtype.csv
BIKECTYPE,139,Motorist Lost Control - Other / Unknown,pbtype.csv
BIKECTYPE,141,Motorist Drive Out - Sign-Controlled Intersection,pbtype.csv
BIKECTYPE,142,Bicyclist Ride Out - Sign-Controlled Intersection,pbtype.csv
BIKECTYPE,143,Motorist Drive Through - Sign-Controlled Intersection,pbtype.csv
BIKECTYPE,144,Bicyclist Ride Through - Sign-Controlled Intersection,pbtype.csv
BIKECTYPE,148,Sign-Controlled Intersection - Other / Unknown,pbtype.csv
BIKECTYPE,151,Motorist Drive Out - Right-Turn-on-Red,pbtype.csv
BIKECTYPE,152,Motorist Drive Out - Signalized Intersection,pbtype.csv
BIKECTYPE,153,Bicyclist Ride Out - Signalized Intersection,pbtype.csv
BIKECTYPE,154,Motorist Drive Through - Signalized Intersection,pbtype.csv
BIKECTYPE,155,Bicyclist Ride Through - Signalized Intersection,pbtype.csv
BIKECTYPE,156,Bicyclist Failed to Clear - Trapped,pbtype.csv
BIKECTYPE,158,Signalized Intersection - Other / Unknown,pbtype.csv
BIKECTYPE,159,Bicyclist Failed to Clear - Unknown,pbtype.csv
BIKECTYPE,160,Crossing Paths - Uncontrolled Intersection,pbtype.csv
BIKECTYPE,180,Crossing Paths - Intersection - Other / Unknown Control,pbtype.csv
BIKECTYPE,211,Motorist Left Turn- Same Direction,pbtype.csv
BIKECTYPE,212,Motorist Left Turn- Opposite Direction,pbtype.csv
BIKECTYPE,213,Motorist Right Turn - Same Direction,pbtype.csv
BIKECTYPE,214,Motorist right Turn - Opposite Direction,pbtype.csv
BIKECTYPE,215,Motorist Drive-In/Out Parking,pbtype.csv
BIKECTYPE,218,Motorist Right Turn on Red - Opposite Direction,pbtype.csv
BIKECTYPE,219,Motorist Turn / Merge - Other / Unknown,pbtype.csv
BIKECTYPE,221,Bicyclist Left Turn - Same Direction,pbtype.csv
BIKECTYPE,222,Bicyclist Left Turn - Opposite Direction,pbtype.csv
BIKECTYPE,223,Bicyclist Right Turn - Same Direction,pbtype.csv
BIKECTYPE,224,Bicyclist Right Turn - Opposite Direction,pbtype.csv
BIKECTYPE,225,Bicyclist Ride Out - Parallel Path,pbtype.csv
BIKECTYPE,231,Motorist Overtaking - Undetected Bicyclist or Detected - Too Late to Avoid,pbtype.csv
BIKECTYPE,232,Motorist Overtaking - Misjudged Space,pbtype.csv
BIKECTYPE,235,Motorist Overtaking - Bicyclist Swerved,pbtype.csv
BIKECTYPE,239,Motorist Overtaking - Other/ Unknown,pbtype.csv
BIKECTYPE,241,Bicyclist Overtaking - Passing on Right,pbtype.csv
BIKECTYPE,242,Bicyclist Overtaking - Passing on Left,pbtype.csv
BIKECTYPE,243,Bicyclist Overtaking - Parked Vehicle,pbtype.csv
BIKECTYPE,244,Bicyclist Overtaking - Extended Door,pbtype.csv
BIKECTYPE,249,Bicyclist Overtaking - Other / Unknown,pbtype.csv
BIKECTYPE,250,Wrong-Way / Wrong-Side - Bicyclist,pbtype.csv
BIKECTYPE,255,Wrong-Way / Wrong-Side - Motorist,pbtype.csv
BIKECTYPE,259,Wrong-Way / Wrong-Side - Unknown,pbtype.csv
BIKECTYPE,280,Parallel Paths - Other / Unknown,pbtype.csv
BIKECTYPE,311,Bicyclist Ride Out - Residential Driveway,pbtype.csv
BIKECTYPE,312,Bicyclist Ride-Out - Commercial Driveway,pbtype.csv
BIKECTYPE,313,"Bicyclist Ride-Out - Driveway, Unknown Type",pbtype.csv
BIKECTYPE,318,Bicyclist Ride Out - Other Midblock,pbtype.csv
BIKECTYPE,319,Bicyclist Ride Out - Midblock - Unknown,pbtype.csv
BIKECTYPE,321,Motorist Drive Out - Residential Driveway,pbtype.csv
BIKECTYPE,322,Motorist Drive-Out - Commercial Driveway,pbtype.csv
BIKECTYPE,328,Motorist Drive Out - Other Midblock,pbtype.csv
BIKECTYPE,357,Multiple Threat - Midblock,pbtype.csv
BIKECTYPE,380,Crossing Paths - Midblock - Other / Unknown,pbtype.csv
BIKECTYPE,610,Backing Vehicle,pbtype.csv
BIKECTYPE,700,Play Vehicle-Related,pbtype.csv
BIKECTYPE,800,Unusual Circumstances,pbtype.csv
BIKECTYPE,910,Non-Roadway,pbtype.csv
BIKECTYPE,970,Unknown Approach Paths,pbtype.csv
BIKECTYPE,980,Unknown Location,pbtype.csv
BIKEDIR,1,With Traffic,pbtype.csv
BIKEDIR,2,Facing Traffic,pbtype.csv
BIKEDIR,3,Not applicable,pbtype.csv
BIKEDIR,7,Not a Cyclist,pbtype.csv
BIKEDIR,9,Unknown,pbtype.csv
BIKELOC,1,At Intersection,pbtype.csv
BIKELOC,2,Intersection-Related,pbtype.csv
BIKELOC,3,Not At Intersection,pbtype.csv
BIKELOC,4,Non-Trafficway Location,pbtype.csv
BIKELOC,7,Not a Cyclist,pbtype.csv
BIKELOC,9,Unknown / Insufficient Information,pbtype.csv
BIKEPOS,1,Travel Lane,pbtype.csv
BIKEPOS,2,Bicycle Lane / Paved Shoulder / Parking Lane,pbtype.csv
BIKEPOS,3,Sidewalk / Crosswalk / Driveway Access,pbtype.csv
BIKEPOS,6,Non-Trafficway - Parking Lot/Other,pbtype.csv
BIKEPOS,7,Not a Cyclist,pbtype.csv
BIKEPOS,8,Other,pbtype.csv
BIKEPOS,9,Unknown,pbtype.csv
BODY_TYP,1,"Convertible(excludes sun-roof,t-bar)",person.csv;vehicle.csv
BODY_TYP,2,"2-door sedan,hardtop,coupe",person.csv;vehicle.csv
BODY_TYP,3,3-door/2-door hatchback,person.csv;vehicle.csv
BODY_TYP,4,"4-door sedan, hardtop",person.csv;vehicle.csv
BODY_TYP,5,5-door/4-door hatchback,person.csv;vehicle.csv
BODY_TYP,6,Station Wagon (excluding van and truck based),person.csv;vehicle.csv
BODY_TYP,7,"Hatchback, number of doors unknown",person.csv;vehicle.csv
BODY_TYP,8,"Sedan/Hardtop, number of doors unknown",person.csv;vehicle.csv
BODY_TYP,9,Other or Unknown automobile type,person.csv;vehicle.csv
BODY_TYP,10,"Auto-based pickup (includes E1 Camino, Caballero, Ranchero, SSR, G8-ST, Subaru Brat, Rabbit Pickup)",person.csv;vehicle.csv
BODY_TYP,11,"Auto-based panel (cargo station wagon, auto-based ambulance or hearse)",person.csv;vehicle.csv
BODY_TYP,14,"Compact Utility (Utility Vehicle Categories ""Small"" and ""Midsize"")",person.csv;vehicle.csv
BODY_TYP,15,"Large utility (ANSI D16.1 Utility Vehicle Categories and ""Full Size"" and ""Large"")",person.csv;vehicle.csv
BODY_TYP,16,"Utility station wagon (includes suburban limousines, Suburban, Travellall, Grand Wagoneer)",person.csv;vehicle.csv
BODY_TYP,17,3-door coupe,person.csv;vehicle.csv
BODY_TYP,19,"Utility Vehicle, Unknown body type",person.csv;vehicle.csv
BODY_TYP,20,"Minivan (Chrysler Town and Country, Caravan, Grand Caravan, Voyager, Voyager, Honda-Odyssey, ...)",person.csv;vehicle.csv
BODY_TYP,21,"Large Van-Includes van-based buses (B150-B350, Sportsman, Royal Maxiwagon, Ram, Tradesman,...)",person.csv;vehicle.csv
BODY_TYP,22,"Step-van or walk-in van (GVWR less than or equal to 10,000 lbs.)",person.csv;vehicle.csv
BODY_TYP,28,"Other van type (Hi-Cube Van, Kary)",person.csv;vehicle.csv
BODY_TYP,29,Unknown van type,person.csv;vehicle.csv
BODY_TYP,34,Light Pickup,person.csv;vehicle.csv
BODY_TYP,39,Unknown (pickup style) light conventional truck type,person.csv;vehicle.csv
BODY_TYP,40,"Cab Chassis Based (includes Rescue Vehicle, Light Stake, Dump, and Tow Truck)",person.csv;vehicle.csv
BODY_TYP,42,Light Vehicle Based Motor Home [chassis mounted],person.csv;vehicle.csv
BODY_TYP,48,Unknown light truck type,person.csv;vehicle.csv
BODY_TYP,49,"Unknown light vehicle type (automobile,utility vehicle, van, or light truck)",person.csv;vehicle.csv
BODY_TYP,50,School Bus,person.csv;vehicle.csv
BODY_TYP,51,Cross Country/Intercity Bus,person.csv;vehicle.csv
BODY_TYP,52,Transit Bus (City Bus),person.csv;vehicle.csv
BODY_TYP,55,"Van-Based Bus GVWR greater than 10,000 lbs.",person.csv;vehicle.csv
BODY_TYP,58,Other Bus Type,person.csv;vehicle.csv
BODY_TYP,59,Unknown Bus Type,person.csv;vehicle.csv
BODY_TYP,60,"Step van (GVWR greater than 10,000 lbs.)",person.csv;vehicle.csv
BODY_TYP,61,"Single-unit straight truck or Cab-Chassis (GVWR range 10,001 to 19,500 lbs.)",person.csv;vehicle.csv
BODY_TYP,62,"Single-unit straight truck or Cab-Chassis (GVWR range 19,501 to 26,000 lbs.)",person.csv;vehicle.csv
BODY_TYP,63,"Single-unit straight truck or Cab-Chassis (GVWR greater than 26,000 lbs.)",person.csv;vehicle.csv
BODY_TYP,64,Single-unit straight truck or Cab-Chassis (GVWR unknown),person.csv;vehicle.csv
BODY_TYP,65,Medium/Heavy Vehicle Based Motor Home,person.csv;vehicle.csv
BODY_TYP,66,"Truck-tractor (Cab only, or with any number of trailing unit; any weight)",person.csv;vehicle.csv
BODY_TYP,67,"Medium/heavy Pickup (GVWR greater than 10,000 lbs.)",person.csv;vehicle.csv
BODY_TYP,72,"Unknown if single unit or combination unit Heavy Truck (GVWR greater than 26,000 lbs.)",person.csv;vehicle.csv
BODY_TYP,73,"Camper or Motor Home, unknown GVWR",vehicle.csv
BODY_TYP,78,Unknown medium/heavy truck type,person.csv;vehicle.csv
BODY_TYP,79,Unknown truck type (light/medium/heavy),person.csv;vehicle.csv
BODY_TYP,80,Two Wheel Motorcycle (excluding motor scooters),person.csv;vehicle.csv
BODY_TYP,81,Moped,person.csv;vehicle.csv
BODY_TYP,82,Three-wheel Motorcycle (2 Rear Wheels),person.csv;vehicle.csv
BODY_TYP,83,Off-road Motorcycle,person.csv;vehicle.csv
BODY_TYP,84,Motor Scooter,person.csv;vehicle.csv
BODY_TYP,85,Unenclosed Three Wheel Motorcycle / Unenclosed Autocycle (1 Rear Wheel),person.csv;vehicle.csv
BODY_TYP,87,Unknown Three Wheel Motorcycle Type,person.csv;vehicle.csv
BODY_TYP,88,"Other motored cycle type (mini-bikes, pocket motorcycles ""pocket bikes"")",person.csv;vehicle.csv
BODY_TYP,89,Unknown motored cycle type,person.csv;vehicle.csv
BODY_TYP,90,ATV/ATC [All-Terrain Cycle],person.csv;vehicle.csv
BODY_TYP,91,Snowmobile,person.csv;vehicle.csv
BODY_TYP,92,Farm equipment other than trucks,person.csv;vehicle.csv
BODY_TYP,93,Construction equipment other than trucks (includes graders),person.csv;vehicle.csv
BODY_TYP,94,Low Speed Vehicle (LSV) / Neighborhood Electric Vehicle (NEV),person.csv;vehicle.csv
BODY_TYP,95,Golf Cart,person.csv;vehicle.csv
BODY_TYP,96,Multipurpose Off-Highway Utility Vehicles [MOHUV] or Recreational Off-Highway Vehicle [ROV],person.csv;vehicle.csv
BODY_TYP,97,"Other vehicle type (includes go-cart, fork-lift, city street sweeper dunes/swamp buggy)",person.csv;vehicle.csv
BODY_TYP,98,Not Reported,person.csv;vehicle.csv
BODY_TYP,99,Unknown body type,person.csv;vehicle.csv
BUS_USE,0,Not a Bus,vehicle.csv
BUS_USE,1,School,vehicle.csv
BUS_USE,4,Intercity,vehicle.csv
BUS_USE,5,Charter/Tour,vehicle.csv
BUS_USE,6,Transit/ Commuter,vehicle.csv
BUS_USE,7,Shuttle,vehicle.csv
BUS_USE,8,Modified for Personal/Private Use,vehicle.csv
BUS_USE,97,"Bus, Unknown Use",vehicle.csv
BUS_USE,98,Not Reported,vehicle.csv
BUS_USE,99,Reported as Unknown,vehicle.csv
CARGO_BT,0,Not Applicable (N/A),vehicle.csv
CARGO_BT,1,Van/Enclosed Box,vehicle.csv
CARGO_BT,2,Cargo Tank,vehicle.csv
CARGO_BT,3,Flatbed,vehicle.csv
CARGO_BT,4,Dump,vehicle.csv
CARGO_BT,5,Concrete Mixer,vehicle.csv
CARGO_BT,6,Auto Transporter,vehicle.csv
CARGO_BT,7,Garbage/Refuse,vehicle.csv
CARGO_BT,8,Grain/ Chips/ Gravel,vehicle.csv
CARGO_BT,9,Pole-Trailer,vehicle.csv
CARGO_BT,10,Log,vehicle.csv
CARGO_BT,11,Intermodal Container Chassis,vehicle.csv
CARGO_BT,12,Vehicle Towing Another Motor Vehicle,vehicle.csv
CARGO_BT,22,Bus,vehicle.csv
CARGO_BT,96,No Cargo Body Type,vehicle.csv
CARGO_BT,97,Other,vehicle.csv
CARGO_BT,98,Unknown Cargo Body Type,vehicle.csv
CARGO_BT,99,Unknown,vehicle.csv
CDL_STAT,0,No (CDL),vehicle.csv
CDL_STAT,1,Suspended,vehicle.csv
CDL_STAT,2,Revoked,vehicle.csv
CDL_STAT,3,Expired,vehicle.csv
CDL_STAT,4,Cancelled or Denied,vehicle.csv
CDL_STAT,5,Disqualified,vehicle.csv
CDL_STAT,6,Valid,vehicle.csv
CDL_STAT,7,Commercial Learner's Permit (CLP),vehicle.csv
CDL_STAT,8,Other Not-Valid,vehicle.csv
CDL_STAT,97,No Driver Present/Unknown if Driver Present,vehicle.csv
CDL_STAT,99,Unknown License Status,vehicle.csv
CRASHRF,0,None Noted,crashrf.csv
CRASHRF,1,"Inadequate Warning of Exits, Lanes Narrowing, Traffic Controls, etc.",crashrf.csv
CRASHRF,2,Shoulder Design or Condition,crashrf.csv
CRASHRF,3,Other Maintenance or Construction-Created Condition,crashrf.csv
CRASHRF,4,No or Obscured Pavement Marking,crashrf.csv
CRASHRF,5,Surface Under Water,crashrf.csv
CRASHRF,6,"Inadequate Construction or Poor Design of Roadway,Bridge, etc.",crashrf.csv
CRASHRF,7,"Surface Washed Out(caved-in, road slippage)",crashrf.csv
CRASHRF,10,Emergency Vehicle Related,crashrf.csv
CRASHRF,12,Distracted Driver of a Non-Contact Vehicle,crashrf.csv
CRASHRF,14,"Motor Vehicle struck by falling cargo,or something that came loose from or something that was set in motion by a vehicle",crashrf.csv
CRASHRF,15,"Non-occupant struck by falling cargo, or something that came loose from, or something that was set in motion by a vehicle",crashrf.csv
CRASHRF,16,Non-occupant struck vehicle,crashrf.csv
CRASHRF,17,Stopped Vehicle set-in-motion by non-driver,crashrf.csv
CRASHRF,18,Date of Crash and Date of EMS Notification were not the same day,crashrf.csv
CRASHRF,19,Recent/Previous Crash scene Nearby,crashrf.csv
CRASHRF,20,Police Pursuit Involved,crashrf.csv
CRASHRF,21,Within Designated School Zone,crashrf.csv
CRASHRF,22,Speed Limit is a Statutory Limit as Recorded or was determined as this state's 'basic rule',crashrf.csv
CRASHRF,23,Indication of a Stalled/Disabled Vehicle,crashrf.csv
CRASHRF,24,Unstabilized Situation Began and All Harmful Events Occurred Off of the Roadway,crashrf.csv
CRASHRF,25,Toll Booth/Plaza Related,crashrf.csv
CRASHRF,26,Prior Non-Recurring Incident,crashrf.csv
CRASHRF,27,Backup Due to Prior Crash,crashrf.csv
CRASHRF,28,Regular Congestion,crashrf.csv
CRASHRF,31,Related to a Bus Stop,crashrf.csv
CRASHRF,102,Aggressive Driving by Non-Contact Vehicle Driver,crashrf.csv
CRASHRF,103,Road Rage by Non-Contact Vehicle Driver,crashrf.csv
DAMAGE,1,1 Clock Value,damage.csv
DAMAGE,2,2 Clock Value,damage.csv
DAMAGE,3,3 Clock Value,damage.csv
DAMAGE,4,4 Clock Value,damage.csv
DAMAGE,5,5 Clock Value,damage.csv
DAMAGE,6,6 Clock Value,damage.csv
DAMAGE,7,7 Clock Value,damage.csv
DAMAGE,8,8 Clock Value,damage.csv
DAMAGE,9,9 Clock Value,damage.csv
DAMAGE,10,10 Clock Value,damage.csv
DAMAGE,11,11 Clock Value,damage.csv
DAMAGE,12,12 Clock Value,damage.csv
DAMAGE,13,Top,damage.csv
DAMAGE,14,Undercarriage,damage.csv
DAMAGE,15,No Damage,damage.csv
DAMAGE,99,Damage Areas Unknown,damage.csv
DAY_WEEK,1,Sunday,accident.csv
DAY_WEEK,2,Monday,accident.csv
DAY_WEEK,3,Tuesday,accident.csv
DAY_WEEK,4,Wednesday,accident.csv
DAY_WEEK,5,Thursday,accident.csv
DAY_WEEK,6,Friday,accident.csv
DAY_WEEK,7,Saturday,accident.csv
DEATH_DA,88,Not Applicable (Non-Fatal),person.csv
DEATH_DA,97,Redacted,person.csv
DEATH_DA,99,Unknown,person.csv
DEATH_HR,0,0:00-0:59,person.csv
DEATH_HR,1,1:00-1:59,person.csv
DEATH_HR,2,2:00-2:59,person.csv
DEATH_HR,3,3:00-3:59,person.csv
DEATH_HR,4,4:00-4:59,person.csv
DEATH_HR,5,5:00-5:59,person.csv
DEATH_HR,6,6:00-6:59,person.csv
DEATH_HR,7,7:00-7:59,person.csv
DEATH_HR,8,8:00-8:59,person.csv
DEATH_HR,9,9:00-9:59,person.csv
DEATH_HR,10,10:00-10:59,person.csv
DEATH_HR,11,11:00-11:59,person.csv
DEATH_HR,12,12:00-12:59,person.csv
DEATH_HR,13,13:00-13:59,person.csv
DEATH_HR,14,14:00-14:59,person.csv
DEATH_HR,15,15:00-15:59,person.csv
DEATH_HR,16,16:00-16:59,person.csv
DEATH_HR,17,17:00-17:59,person.csv
DEATH_HR,18,18:00-18:59,person.csv
DEATH_HR,19,19:00-19:59,person.csv
DEATH_HR,20,20:00-20:59,person.csv
DEATH_HR,21,21:00-21:59,person.csv
DEATH_HR,22,22:00-22:59,person.csv
DEATH_HR,23,23:00-23:59,person.csv
DEATH_HR,88,Not Applicable (Non-fatal),person.csv
DEATH_HR,97,Redacted,person.csv
DEATH_HR,99,Unknown,person.csv
DEATH_MN,88,Not Applicable (Non-fatal),person.csv
DEATH_MN,97,Redacted,person.csv
DEATH_MN,99,Unknown,person.csv
DEATH_MO,1,January,person.csv
DEATH_MO,2,February,person.csv
DEATH_MO,3,March,person.csv
DEATH_MO,4,April,person.csv
DEATH_MO,5,May,person.csv
DEATH_MO,6,June,person.csv
DEATH_MO,7,July,person.csv
DEATH_MO,8,August,person.csv
DEATH_MO,9,September,person.csv
DEATH_MO,10,October,person.csv
DEATH_MO,11,November,person.csv
DEATH_MO,12,December,person.csv
DEATH_MO,88,Not Applicable (Non-Fatal),person.csv
DEATH_MO,97,Redacted,person.csv
DEATH_MO,99,Unknown,person.csv
DEATH_TM,8888,Not Applicable (Non-fatal),person.csv
DEATH_TM,9797,Redacted,person.csv
DEATH_TM,9999,Unknown,person.csv
DEATH_YR,8888,Not Applicable (Non-fatal),person.csv
DEATH_YR,9997,Redacted,person.csv
DEATH_YR,9999,Unknown,person.csv
DEFORMED,0,No Damage,vehicle.csv
DEFORMED,2,Minor Damage,vehicle.csv
DEFORMED,4,Functional Damage,vehicle.csv
DEFORMED,6,Disabling Damage,vehicle.csv
DEFORMED,7,"Damage Reported, Extent Unknown",vehicle.csv
DEFORMED,8,Not Reported,vehicle.csv
DEFORMED,9,Reported as Unknown,vehicle.csv
DEVMOTOR,0,Not Applicable,person.csv
DEVMOTOR,1,Not Motorized,person.csv
DEVMOTOR,2,Motorized,person.csv
DEVMOTOR,3,Unknown/Not Reported if Motorized,person.csv
DEVMOTOR,8,Occupant of a Motor Vehicle,person.csv
DEVTYPE,0,Not Applicable,person.csv
DEVTYPE,1,"Ridden Animal, Animal Drawn Conveyance, or Trailer",person.csv
DEVTYPE,2,Railway Vehicle or Road Vehicle on Rails,person.csv
DEVTYPE,3,Bicycle,person.csv
DEVTYPE,4,Other Pedalcycle,person.csv
DEVTYPE,5,Mobility Aid Device,person.csv
DEVTYPE,6,Skates,person.csv
DEVTYPE,7,Non-Self-Balancing Board (Skateboard),person.csv
DEVTYPE,8,Self-Balancing Board,person.csv
DEVTYPE,9,Standing or Seated Scooter,person.csv
DEVTYPE,96,Occupant of a Motor Vehicle,person.csv
DEVTYPE,97,"Personal Conveyance, Other",person.csv
DEVTYPE,98,"Personal Conveyance, Unknown Type",person.csv
DOA,0,Not Applicable,person.csv
DOA,7,Died at Scene,person.csv
DOA,8,Died En Route,person.csv
DOA,9,Unknown,person.csv
DRDISTRACT,0,Not Distracted,distract.csv
DRDISTRACT,3,By Other Occupant(s),distract.csv
DRDISTRACT,4,By a Moving Object in Vehicle,distract.csv
DRDISTRACT,5,While Talking or Listening to Mobile Phone,distract.csv
DRDISTRACT,6,While Manipulating Mobile Phone,distract.csv
DRDISTRACT,7,Adjusting Audio Or Climate Controls,distract.csv
DRDISTRACT,9,While Using Other Component/Controls Integral to Vehicle,distract.csv
DRDISTRACT,10,While Using or Reaching for Device/Object Brought into Vehicle,distract.csv
DRDISTRACT,12,"Distracted by Outside Person, Object or Event",distract.csv
DRDISTRACT,13,Eating or Drinking,distract.csv
DRDISTRACT,14,Smoking Related,distract.csv
DRDISTRACT,15,Other Mobile Phone Related,distract.csv
DRDISTRACT,16,No Driver Present/Unknown if Driver present,distract.csv
DRDISTRACT,17,Distraction/Inattention,distract.csv
DRDISTRACT,18,Distraction/Careless,distract.csv
DRDISTRACT,19,Careless/Inattentive,distract.csv
DRDISTRACT,92,"Distraction (Distracted), Details Unknown",distract.csv
DRDISTRACT,93,"Inattention (Inattentive), Details Unknown",distract.csv
DRDISTRACT,96,Not Reported,distract.csv
DRDISTRACT,97,Lost in Thought / Day dreaming,distract.csv
DRDISTRACT,98,Other Distraction [Specify:],distract.csv
DRDISTRACT,99,Reported as Unknown if Distracted,distract.csv
DRIMPAIR,0,None/Apparently Normal,drimpair.csv
DRIMPAIR,1,"Ill, Blackout",drimpair.csv
DRIMPAIR,2,Asleep or Fatigued,drimpair.csv
DRIMPAIR,3,"Walking with a Cane or Crutches, etc.",drimpair.csv
DRIMPAIR,4,Paraplegic or in a Wheelchair,drimpair.csv
DRIMPAIR,5,Impaired Due to Previous Injury,drimpair.csv
DRIMPAIR,6,Deaf/Hard of Hearing,drimpair.csv
DRIMPAIR,7,Blind/Low Vision,drimpair.csv
DRIMPAIR,8,"Emotional (depressed, angry, disturbed, etc.)",drimpair.csv
DRIMPAIR,9,"Under the Influence of Alcohol, Drugs or Medication",drimpair.csv
DRIMPAIR,10,Physical Impairment - No Details,drimpair.csv
DRIMPAIR,95,No Driver Present/Unknown if Driver Present,drimpair.csv
DRIMPAIR,96,Other Physical Impairment,drimpair.csv
DRIMPAIR,98,Not Reported,drimpair.csv
DRIMPAIR,99,Reported as Unknown if Impaired,drimpair.csv
DRINKING,0,No (Alcohol Not Involved),person.csv
DRINKING,1,Yes (Alcohol Involved),person.csv
DRINKING,8,Not Reported,person.csv
DRINKING,9,Reported as Unknown,person.csv
DRIVERRF,0,None Noted,driverrf.csv
DRIVERRF,4,Reaction to or Failure to Take Drugs/Medication,driverrf.csv
DRIVERRF,6,"Careless Driving, Inattentive Operation, Improper Driving, Driving Without Due Care",driverrf.csv
DRIVERRF,10,Looked But Did Not See,driverrf.csv
DRIVERRF,12,Mother of Dead Fetus/ Mother of Infant Born Post Crash,driverrf.csv
DRIVERRF,13,"Person with an Intellectual, Cognitive, or Developmental Disability",driverrf.csv
DRIVERRF,15,"Seat Back Not In Normal Upright Position, Seat Back Reclined",driverrf.csv
DRIVERRF,16,Police or Law Enforcement Officer,driverrf.csv
DRIVERRF,18,Traveling on Prohibited Trafficways,driverrf.csv
DRIVERRF,19,Legally Driving on Suspended or Revoked License,driverrf.csv
DRIVERRF,20,Leaving Vehicle Unattended with Engine Running. Leaving Vehicle Unattended in Roadway,driverrf.csv
DRIVERRF,21,Overloading or Improper Loading of Vehicle with Passengers or Cargo,driverrf.csv
DRIVERRF,22,Towing or Pushing Vehicle Improperly,driverrf.csv
DRIVERRF,23,Failing to Dim Lights or to Have Lights on When Required,driverrf.csv
DRIVERRF,24,Operating without Required Equipment,driverrf.csv
DRIVERRF,26,Following Improperly,driverrf.csv
DRIVERRF,27,Improper or Erratic Lane Changing,driverrf.csv
DRIVERRF,28,Improper Lane Usage,driverrf.csv
DRIVERRF,29,Intentional Illegal Driving Off the Roadway,driverrf.csv
DRIVERRF,30,Making Improper Entry to or Exit from Trafficway,driverrf.csv
DRIVERRF,31,Starting or Backing Improperly,driverrf.csv
DRIVERRF,32,Opening Closure into Moving Traffic or While Vehicle is in Motion,driverrf.csv
DRIVERRF,33,"Passing where Prohibited by Posted Signs, Pavement Markings or School Bus Displaying Warning not to Pass",driverrf.csv
DRIVERRF,34,Improper Passing Location,driverrf.csv
DRIVERRF,35,Passing with Insufficient Distance or Inadequate Visibility or Failing to Yield to Overtaking Vehicle,driverrf.csv
DRIVERRF,36,"Operating the Vehicle in an Erratic, Reckless or Negligent Manner.",driverrf.csv
DRIVERRF,38,Failure to Yield Right-of-Way,driverrf.csv
DRIVERRF,39,"Failure to Obey Actual Traffic Signs, Traffic Control Devices, or Traffic Officers. Failure to Obey Safety Zone Traffic Laws",driverrf.csv
DRIVERRF,40,Passing Through or Around Barrier,driverrf.csv
DRIVERRF,41,Failure to Observe Warnings or Instructions on Vehicles Displaying Them,driverrf.csv
DRIVERRF,42,Failure to Signal Intentions,driverrf.csv
DRIVERRF,45,Driving Less than Posted Minimum,driverrf.csv
DRIVERRF,47,Making Right Turn From Left-Turn Lane. Make Left Turn From Right-Turn Lane,driverrf.csv
DRIVERRF,48,Making Other Improper Turn,driverrf.csv
DRIVERRF,50,Driving Wrong Way on One-Way Trafficway,driverrf.csv
DRIVERRF,51,Driving on Wrong Side of Two-Way Trafficway (Intentional or Unintentional),driverrf.csv
DRIVERRF,52,Operator Inexperience,driverrf.csv
DRIVERRF,53,Unfamiliar with Roadway,driverrf.csv
DRIVERRF,54,Stopped in Roadway (Vehicle Not Abandoned),driverrf.csv
DRIVERRF,55,Improper Management of Vehicle Controls (Specify:),driverrf.csv
DRIVERRF,56,Object Interference with Vehicle Controls (Specify:),driverrf.csv
DRIVERRF,57,Driving with Tire-Related Problems,driverrf.csv
DRIVERRF,58,Overcorrecting,driverrf.csv
DRIVERRF,59,Getting Off/Out of a Vehicle,driverrf.csv
DRIVERRF,60,Alcohol and/or Drug Test Refused,driverrf.csv
DRIVERRF,73,Driver has not complied with Learner's Permit or Intermediate Driver License Restrictions (GDL Restrictions),driverrf.csv
DRIVERRF,74,Driver Has Not Complied With Physical or Other Imposed Restrictions (not including GDL Restrictions),driverrf.csv
DRIVERRF,77,Severe Crosswind,driverrf.csv
DRIVERRF,79,Slippery or Loose Surface,driverrf.csv
DRIVERRF,80,Tire Blowout or Flat,driverrf.csv
DRIVERRF,81,Debris or Objects in Road,driverrf.csv
DRIVERRF,82,"Ruts, Holes, Bumps in Road",driverrf.csv
DRIVERRF,83,Live Animals in Road,driverrf.csv
DRIVERRF,84,Vehicle in Road,driverrf.csv
DRIVERRF,85,Phantom Vehicle,driverrf.csv
DRIVERRF,86,"Pedestrian, Pedalcyclist, or Other Non-Motorist",driverrf.csv
DRIVERRF,87,"Ice, Snow, Slush, Water, Sand, Dirt, Oil, Wet Leaves on Road",driverrf.csv
DRIVERRF,88,Trailer Fishtailing or swaying,driverrf.csv
DRIVERRF,89,Driver Has a Driving Record or Driver's License From More Than One State,driverrf.csv
DRIVERRF,94,Emergency Medical Service Personnel,driverrf.csv
DRIVERRF,95,Fire Personnel,driverrf.csv
DRIVERRF,96,Tow Operator,driverrf.csv
DRIVERRF,97,"Transportation (i.e. maintenance workers, safety service patrol operators, etc.)",driverrf.csv
DRIVERRF,102,Aggressive Driving,driverrf.csv
DRIVERRF,103,Road Rage,driverrf.csv
DRIVERRF,104,Police Pursuing This Driver,driverrf.csv
DRIVERRF,105,Police Officer in Pursuit,driverrf.csv
DRIVERRF,107,Driver Required to Use Ignition Interlock Device,driverrf.csv
DRUGACTQTY,-99.000,Not Applicable,drugs.csv
DRUGMETHOD,0,Test Not Given,drugs.csv
DRUGMETHOD,1,Enzyme-Linked Immunosorbent Assay [ELISA],drugs.csv
DRUGMETHOD,2,Enzyme-Multiplied Immunoassay Technique [EMIT],drugs.csv
DRUGMETHOD,3,Liquid Chromatography/Tandem Mass Spectrometry [LC/MS-MS],drugs.csv
DRUGMETHOD,4,Headspace Gas Chromatography [HS/GC],drugs.csv
DRUGMETHOD,5,Liquid Chromatography/Time of Flight-Mass Spectrometry [LC/TOF-MS],drugs.csv
DRUGMETHOD,6,Enzyme Immunoassay [EIA],drugs.csv
DRUGMETHOD,8,Other Screening Test Method [Specify:],drugs.csv
DRUGMETHOD,9,Unknown Screening Test Method,drugs.csv
DRUGMETHOD,11,High-Performance Liquid Chromatography [HPLC],drugs.csv
DRUGMETHOD,12,Liquid Chromatography/Mass Spectrometry [LC/MS],drugs.csv
DRUGMETHOD,13,Liquid Chromatography/Time of Flight-Mass Spectrometry [LC/TOF - MS],drugs.csv
DRUGMETHOD,14,Gas Chromatography and Mass Spectrometry [GC/MS],drugs.csv
DRUGMETHOD,15,Gas Chromatography [GC],drugs.csv
DRUGMETHOD,16,Liquid Chromatography/Tandem Mass Spectrometry [LC/MS-MS],drugs.csv
DRUGMETHOD,17,Liquid Chromatography/Time of Flight - Tandem Mass Spectrometry [LC/TOF-MS/MS],drugs.csv
DRUGMETHOD,18,Other Confirmatory Test Method [Specify:],drugs.csv
DRUGMETHOD,19,Unknown Confirmatory Test Method,drugs.csv
DRUGMETHOD,20,Quadrupole Time of Flight [QTOF],drugs.csv
DRUGMETHOD,21,Liquid Chromatography/Quadrupole Time of Flight [LC/QTOF],drugs.csv
DRUGMETHOD,22,Quadrupole Time of Flight Mass Spectrometry [QTOF MS],drugs.csv
DRUGMETHOD,23,Gas Chromatography and Tandem Mass Spectrometry [GC/MS-MS],drugs.csv
DRUGMETHOD,24,Headspace Gas Chromatography [HS-GC],drugs.csv
DRUGMETHOD,25,Gas Chromatography With Flame Ionization Detection [GC FID],drugs.csv
DRUGMETHOD,26,Headspace Gas Chromatography with Flame Ionization Detection [HS-GC FID],drugs.csv
DRUGMETHOD,27,Liquid Chromatography/Quadrupole Time of Flight-Mass Spectrometry [LC/QTOF-MS],drugs.csv
DRUGMETHOD,96,Not Reported,drugs.csv
DRUGMETHOD,97,Unknown Testing Method,drugs.csv
DRUGMETHOD,99,Reported as Unknown if Tested,drugs.csv
DRUGQTY,0,Test Not Given,drugs.csv
DRUGQTY,1,None Detected/Below Threshold,drugs.csv
DRUGQTY,2,Actual Drug Quantity,drugs.csv
DRUGQTY,3,Presumptive Positive,drugs.csv
DRUGQTY,4,"Drugs Detected, Unknown Testing Method",drugs.csv
DRUGQTY,96,Not Reported,drugs.csv
DRUGQTY,97,"Tested for Drugs, Results Unknown",drugs.csv
DRUGQTY,98,"Tested for Drugs, Drugs Detected, Unknown Quantity",drugs.csv
DRUGQTY,99,Reported as Unknown if Tested,drugs.csv
DRUGRES,0,Test Not Given,drugs.csv
DRUGRES,1,None Detected/Below Threshold,drugs.csv
DRUGRES,1004,3-Methylthiofentanyl (Methylthiofentanyl),drugs.csv
DRUGRES,1005,4-Fluorofentanyl,drugs.csv
DRUGRES,1008,Acetyl Fentanyl,drugs.csv
DRUGRES,1010,Acetyldihydrocodeine,drugs.csv
DRUGRES,1021,Benzylmorphine,drugs.csv
DRUGRES,1024,Beta-hydroxyfentanyl,drugs.csv
DRUGRES,1029,Bezitramide,drugs.csv
DRUGRES,1030,Buprenorphine,drugs.csv
DRUGRES,1033,Carfentanil,drugs.csv
DRUGRES,1035,Codeine,drugs.csv
DRUGRES,1040,Diacetylmorphine (Heroin),drugs.csv
DRUGRES,1044,Dihydrocodeine,drugs.csv
DRUGRES,1048,Dimepheptanol (Racemethadol),drugs.csv
DRUGRES,1051,Diphenoxylate,drugs.csv
DRUGRES,1056,Etonitazene,drugs.csv
DRUGRES,1059,Fentanyl,drugs.csv
DRUGRES,1060,Furethidine,drugs.csv
DRUGRES,1061,Hydrocodone,drugs.csv
DRUGRES,1063,Hydromorphone,drugs.csv
DRUGRES,1068,Levomethorphan,drugs.csv
DRUGRES,1071,Levorphanol,drugs.csv
DRUGRES,1072,Meperidine (Pethidine),drugs.csv
DRUGRES,1074,Methadone,drugs.csv
DRUGRES,1076,Methyldihydromorphine,drugs.csv
DRUGRES,1077,3-Methylfentanyl (Methylfentanyl; cis-3-methylfentanyl; trans-3-methylfentanyl),drugs.csv
DRUGRES,1079,6-Monoacetylmorphine (6-Acetylmorphine; 6-MAM; 6-AM; Heroin metabolite),drugs.csv
DRUGRES,1082,Morphine,drugs.csv
DRUGRES,1083,Morphine-Free,drugs.csv
DRUGRES,1086,Norbuprenorphine,drugs.csv
DRUGRES,1088,Normeperidine,drugs.csv
DRUGRES,1094,Oxycodone,drugs.csv
DRUGRES,1096,Oxymorphone,drugs.csv
DRUGRES,1097,Papaverine,drugs.csv
DRUGRES,1098,Para-fluorofentanyl (4-Fluorofentanyl; pFF),drugs.csv
DRUGRES,1112,Tapentadol,drugs.csv
DRUGRES,1117,Tramadol,drugs.csv
DRUGRES,1119,2-fluorofentanyl (ortho-fluorofentanyl),drugs.csv
DRUGRES,1123,4-anilino-N-phenethylpiperidine (4-ANPP; 4-aminophenyl-1-phenethylpiperidine; Despropionyl fentanyl),drugs.csv
DRUGRES,1127,Acryl Fentanyl (Acryloylfentanyl),drugs.csv
DRUGRES,1129,Desmethyltramadol (O-desmethyltramadol),drugs.csv
DRUGRES,1132,Methoxyacetylfentanyl,drugs.csv
DRUGRES,1133,Mitragynine (kratom),drugs.csv
DRUGRES,1136,Norfentanyl,drugs.csv
DRUGRES,1137,"2-ethylene-1,5-dimethyl-3,3-diphenylpyrrolidine [EDDP]",drugs.csv
DRUGRES,1997,"Narcotic Analgesics, Type Unknown [Opioids/Opiates]",drugs.csv
DRUGRES,2001,7-Amino-clonazepam,drugs.csv
DRUGRES,2004,Alpha-hydroxyalprazolam,drugs.csv
DRUGRES,2005,Alprazolam,drugs.csv
DRUGRES,2006,Amantadine,drugs.csv
DRUGRES,2007,Amitriptyline,drugs.csv
DRUGRES,2011,Aripiprazole,drugs.csv
DRUGRES,2012,Atenolol,drugs.csv
DRUGRES,2013,Atropine (HEART RHYTHM),drugs.csv
DRUGRES,2017,Bromazepam,drugs.csv
DRUGRES,2018,Brompheniramine,drugs.csv
DRUGRES,2019,Bupivacaine,drugs.csv
DRUGRES,2020,Bupropion,drugs.csv
DRUGRES,2021,Buspirone,drugs.csv
DRUGRES,2022,Butabarbital,drugs.csv
DRUGRES,2023,Butalbital,drugs.csv
DRUGRES,2025,Camazepam,drugs.csv
DRUGRES,2026,Carisoprodol,drugs.csv
DRUGRES,2027,Cetirizine,drugs.csv
DRUGRES,2030,Chlordiazepoxide,drugs.csv
DRUGRES,2033,Chlorothiazide,drugs.csv
DRUGRES,2034,Chlorpheniramine,drugs.csv
DRUGRES,2035,Chlorpromazine,drugs.csv
DRUGRES,2037,Citalopram,drugs.csv
DRUGRES,2039,Clobazam,drugs.csv
DRUGRES,2040,Clomipramine,drugs.csv
DRUGRES,2041,Clonazepam,drugs.csv
DRUGRES,2042,Clonazolam,drugs.csv
DRUGRES,2043,Clonidine - (FOR HIGH BLOOD PRESSURE & ADHD),drugs.csv
DRUGRES,2047,Clozapine,drugs.csv
DRUGRES,2048,Cyclobenzaprine,drugs.csv
DRUGRES,2049,Delorazepam (chlordesmethyldiazepam; nordiclazepam),drugs.csv
DRUGRES,2050,Desalkylflurazepam,drugs.csv
DRUGRES,2053,Desmethylcitalopram (Norcitalopram),drugs.csv
DRUGRES,2054,Desmethylclomipramine (Norclomipramine),drugs.csv
DRUGRES,2055,Desmethyldoxepin (Nordoxepin),drugs.csv
DRUGRES,2056,Desmethylsertraline (Norsertraline),drugs.csv
DRUGRES,2057,Desmethyltrimipramine (Nortrimipramine),drugs.csv
DRUGRES,2059,Dextromethorphan,drugs.csv
DRUGRES,2060,Dextrorphan,drugs.csv
DRUGRES,2061,Diazepam,drugs.csv
DRUGRES,2062,Diclazepam,drugs.csv
DRUGRES,2063,Diphenhydramine,drugs.csv
DRUGRES,2064,Donepezil,drugs.csv
DRUGRES,2065,Doxepin,drugs.csv
DRUGRES,2066,Doxylamine,drugs.csv
DRUGRES,2068,Duloxetine,drugs.csv
DRUGRES,2070,Escitalopram,drugs.csv
DRUGRES,2071,Estazolam,drugs.csv
DRUGRES,2084,Fluoxetine,drugs.csv
DRUGRES,2088,Gabapentin,drugs.csv
DRUGRES,2089,Gamma-Hydroxybutyric Acid (GHB),drugs.csv
DRUGRES,2091,Guaifenesin,drugs.csv
DRUGRES,2093,Haloperidol,drugs.csv
DRUGRES,2096,Hydroxyzine,drugs.csv
DRUGRES,2101,Lamotrigine,drugs.csv
DRUGRES,2102,Levetiracetam,drugs.csv
DRUGRES,2105,Lithium,drugs.csv
DRUGRES,2107,Lorazepam,drugs.csv
DRUGRES,2110,Lurasidone,drugs.csv
DRUGRES,2113,Meclizine,drugs.csv
DRUGRES,2118,Memantine,drugs.csv
DRUGRES,2122,Meprobamate,drugs.csv
DRUGRES,2124,Metaxalone,drugs.csv
DRUGRES,2125,Methanol,drugs.csv
DRUGRES,2130,Metoclopramide,drugs.csv
DRUGRES,2131,Metoprolol,drugs.csv
DRUGRES,2132,Midazolam,drugs.csv
DRUGRES,2133,Mirtazapine,drugs.csv
DRUGRES,2139,Nordiazepam,drugs.csv
DRUGRES,2140,Norfluoxetine,drugs.csv
DRUGRES,2141,Norsertraline,drugs.csv
DRUGRES,2142,Nortriptyline,drugs.csv
DRUGRES,2143,Norvenlafaxine; O- Desmethylvenlafaxine (Desvenlafaxine; Norvenlafaxine),drugs.csv
DRUGRES,2144,Olanzapine,drugs.csv
DRUGRES,2145,Orphenadrine,drugs.csv
DRUGRES,2146,Oxazepam,drugs.csv
DRUGRES,2147,Oxazolam,drugs.csv
DRUGRES,2148,Oxcarbazepine,drugs.csv
DRUGRES,2149,Paliperidone; (also: 9-Hydroxyrisperidone),drugs.csv
DRUGRES,2151,Paroxetine,drugs.csv
DRUGRES,2152,Pentobarbital,drugs.csv
DRUGRES,2155,Phencyclohexylamine,drugs.csv
DRUGRES,2157,Pheniramine,drugs.csv
DRUGRES,2158,Phenobarbital,drugs.csv
DRUGRES,2159,Phenytoin,drugs.csv
DRUGRES,2162,Pregabalin,drugs.csv
DRUGRES,2167,Promethazine,drugs.csv
DRUGRES,2168,Propranolol,drugs.csv
DRUGRES,2173,Quetiapine,drugs.csv
DRUGRES,2174,Quinidine,drugs.csv
DRUGRES,2175,Quinine,drugs.csv
DRUGRES,2177,Risperidone,drugs.csv
DRUGRES,2180,Sertraline,drugs.csv
DRUGRES,2185,Temazepam,drugs.csv
DRUGRES,2189,"Thiopental (Pentothal, Sodium Pentothal)",drugs.csv
DRUGRES,2195,Topiramate,drugs.csv
DRUGRES,2197,Trazodone,drugs.csv
DRUGRES,2198,Trichloroethanol,drugs.csv
DRUGRES,2207,Valproic Acid,drugs.csv
DRUGRES,2208,Venlafaxine,drugs.csv
DRUGRES,2209,Verapamil,drugs.csv
DRUGRES,2212,Ziprasidone,drugs.csv
DRUGRES,2214,Zolpidem,drugs.csv
DRUGRES,2215,Zopiclone,drugs.csv
DRUGRES,2216,Benzodiazepine,drugs.csv
DRUGRES,2217,Barbiturates,drugs.csv
DRUGRES,2218,Xylazine,drugs.csv
DRUGRES,2219,Rocuronium [Zemuron],drugs.csv
DRUGRES,2220,Isopropanol,drugs.csv
DRUGRES,2221,Acetone,drugs.csv
DRUGRES,2222,Hydroxybupropion,drugs.csv
DRUGRES,2223,8-Aminoclonazolam,drugs.csv
DRUGRES,2225,Bromazolam,drugs.csv
DRUGRES,2397,"Tricyclic Antidepressant, Type Unknown",drugs.csv
DRUGRES,2497,"Volatile[s], Type Unknown",drugs.csv
DRUGRES,2997,"Depressants, Type Unknown",drugs.csv
DRUGRES,3002,"1,4-dibenzylpiperazine (DBZP)",drugs.csv
DRUGRES,3013,4-methylthioamphetamine,drugs.csv
DRUGRES,3016,Alpha-pyrrolidinopentiothiophenone (alpha-PVT),drugs.csv
DRUGRES,3019,Amphetamine,drugs.csv
DRUGRES,3021,Atomoxetine,drugs.csv
DRUGRES,3022,Benzoylecgonine,drugs.csv
DRUGRES,3024,Benztropine,drugs.csv
DRUGRES,3026,Caffeine,drugs.csv
DRUGRES,3027,Cathine (Norpseudoephedrine),drugs.csv
DRUGRES,3032,Cocaethylene (ethylbenzoylecgonine),drugs.csv
DRUGRES,3033,Cocaine,drugs.csv
DRUGRES,3034,Cotinine,drugs.csv
DRUGRES,3035,Dextroamphetamine,drugs.csv
DRUGRES,3039,Ecgonine,drugs.csv
DRUGRES,3040,Ephedrine,drugs.csv
DRUGRES,3041,Ethylethcathinone,drugs.csv
DRUGRES,3044,Fenethylline,drugs.csv
DRUGRES,3049,Lisdexamfetamine,drugs.csv
DRUGRES,3052,Mephedrone (4-methylmethcathinone),drugs.csv
DRUGRES,3053,Methamphetamine,drugs.csv
DRUGRES,3059,Methylphenidate,drugs.csv
DRUGRES,3061,"N, N-Dimethylamphetamine (Dimethylamphetamine)",drugs.csv
DRUGRES,3066,Nicotine,drugs.csv
DRUGRES,3070,Pentylone,drugs.csv
DRUGRES,3073,Phentermine,drugs.csv
DRUGRES,3074,Phenylpropanolamine,drugs.csv
DRUGRES,3077,Pseudoephedrine,drugs.csv
DRUGRES,3080,Ecgonine Methyl Ester,drugs.csv
DRUGRES,3081,Norcocaine,drugs.csv
DRUGRES,3082,Methylecgonine,drugs.csv
DRUGRES,3997,"Stimulant, Type Unknown",drugs.csv
DRUGRES,4017,"3,4-Methylenedioxyamphetamine (Methylenedioxyamphetamine; MDA)",drugs.csv
DRUGRES,4018,"3,4-Methylenedioxymethamphetamine (Methylenedioxy-methamphetamine; MDMA)",drugs.csv
DRUGRES,4019,3-MeO-PCP (3-methoxy-phencyclidine),drugs.csv
DRUGRES,4022,"4- Bromo-2,5-dimethoxyphenethylamine (Bromodimethoxy- phenethylamine; 2C-B)",drugs.csv
DRUGRES,4024,4-MeO-PCP (4-methoxy-phencyclidine),drugs.csv
DRUGRES,4041,Dimethylone (bk-MDDMA),drugs.csv
DRUGRES,4043,"Ethylone (3,4-methylenedioxy-N-ethylcathinone; bk-MDEA)",drugs.csv
DRUGRES,4046,Lysergic Acid Diethylamide (LSD),drugs.csv
DRUGRES,4047,Mescaline (Peyote),drugs.csv
DRUGRES,4062,Norketamine,drugs.csv
DRUGRES,4064,Psilocin,drugs.csv
DRUGRES,4997,"Hallucinogen, Type Unknown",drugs.csv
DRUGRES,5001,"(Synthetic Cannabinoid) 4-CN-CUMYL-BINACA (4-cyano-CUMYL-BINACA, CUMYL-CYBINACA, SGT-78)",drugs.csv
DRUGRES,5002,(Synthetic Cannabinoid) 5F-AB-001,drugs.csv
DRUGRES,5004,"(Synthetic Cannabinoid) 5F-ADB (5F-MDMB-PINACA, 5-fluoro-MDMB-PINACA)",drugs.csv
DRUGRES,5045,(Synthetic Cannabinoid) MDMB-CHMINACA,drugs.csv
DRUGRES,5050,(Synthetic Cannabinoid) MN-25,drugs.csv
DRUGRES,5052,(Synthetic Cannabinoid) NM-2201,drugs.csv
DRUGRES,5053,(Synthetic Cannabinoid) PB-22 (QUPIC),drugs.csv
DRUGRES,5056,(Synthetic Cannabinoid) THJ-018,drugs.csv
DRUGRES,5060,Delta 9-tetrahydrocannabinol [THC],drugs.csv
DRUGRES,5061,Dronabinol,drugs.csv
DRUGRES,5062,11-nor-9-carboxy-delta-9- tetrahydrocannabinol (Carboxy THC),drugs.csv
DRUGRES,5063,11-hydroxy-delta-9-tetrahydrocannabinol (Hydroxy-THC),drugs.csv
DRUGRES,5064,Cannabigerol [CBG],drugs.csv
DRUGRES,5065,Cannabidiol [CBD],drugs.csv
DRUGRES,5066,Tetrahydrocannabinolic Acid [THCA],drugs.csv
DRUGRES,5067,Cannabinol [CBN],drugs.csv
DRUGRES,5997,"Cannabinoid, Type Unknown",drugs.csv
DRUGRES,6001,Ketamine,drugs.csv
DRUGRES,6002,Phencyclidine,drugs.csv
DRUGRES,6004,"Pyrrolidine (PCPy, PHP, TCPy)",drugs.csv
DRUGRES,6005,Etomidate [Amidate],drugs.csv
DRUGRES,6007,Propofol,drugs.csv
DRUGRES,6997,"Dissociative Anesthetic, Type Unknown",drugs.csv
DRUGRES,7001,"1,1-Difluoroethane (Diflouroethane, DFE)",drugs.csv
DRUGRES,7008,Nitrous Oxide,drugs.csv
DRUGRES,7010,Toluene,drugs.csv
DRUGRES,9001,6-beta-naltrexol (naltrexone metabolite),drugs.csv
DRUGRES,9002,Acetaminophen (OTC ANALGESIC),drugs.csv
DRUGRES,9006,Desloratadine,drugs.csv
DRUGRES,9007,Diltiazem,drugs.csv
DRUGRES,9009,Fexofenadine,drugs.csv
DRUGRES,9010,Fluconazole,drugs.csv
DRUGRES,9011,Hydrochlorothiazide,drugs.csv
DRUGRES,9012,Hydroxychloroquine,drugs.csv
DRUGRES,9013,Ibuprofen - (OTC ANALGESIC),drugs.csv
DRUGRES,9015,Ketorolac (Toradol),drugs.csv
DRUGRES,9016,Labetalol,drugs.csv
DRUGRES,9017,Levamisole (CUTTING AGENT FOR COCAINE / VET. DEWORMING AGENT,drugs.csv
DRUGRES,9018,Lidocaine (ANESTHETIC),drugs.csv
DRUGRES,9019,Loratadine,drugs.csv
DRUGRES,9020,Meta-Chlorophenylpiperazine (mCPP) (TRAZODONE METABOLITE),drugs.csv
DRUGRES,9021,Naloxone - (OPIOID ANTAGONIST),drugs.csv
DRUGRES,9022,Naltrexone - (OPIOID ANTAGONIST),drugs.csv
DRUGRES,9023,Naproxen - (OTC ANALGESIC),drugs.csv
DRUGRES,9026,Salicylic Acid (Salicylate) - (OTC ANALGESIC),drugs.csv
DRUGRES,9027,Theobromine (in chocolate),drugs.csv
DRUGRES,9028,Theophylline - (for asthma),drugs.csv
DRUGRES,9029,Amlodipine,drugs.csv
DRUGRES,9030,Metformin,drugs.csv
DRUGRES,9031,Atorvastatin,drugs.csv
DRUGRES,9032,Warfarin [Coumadin],drugs.csv
DRUGRES,9035,Carboxyhemoglobin [Carbon Monoxide],drugs.csv
DRUGRES,9995,Not Reported,drugs.csv
DRUGRES,9996,Other Drug (Specify:),drugs.csv
DRUGRES,9997,"Tested for Drugs, Results Unknown",drugs.csv
DRUGRES,9998,"Tested for Drugs, Drugs Detected, Type Unknown/Positive",drugs.csv
DRUGRES,9999,Reported as Unknown if Tested for Drugs,drugs.csv
DRUGS,0,No (drugs not involved),person.csv
DRUGS,1,Yes (drugs involved),person.csv
DRUGS,8,Not Reported,person.csv
DRUGS,9,Reported as Unknown,person.csv
DRUGSPEC,0,Test Not Given,drugs.csv
DRUGSPEC,1,Whole Blood,drugs.csv
DRUGSPEC,2,Urine,drugs.csv
DRUGSPEC,11,Blood Plasma / Serum,drugs.csv
DRUGSPEC,12,Blood Clot,drugs.csv
DRUGSPEC,13,Oral Fluids,drugs.csv
DRUGSPEC,14,Vitreous,drugs.csv
DRUGSPEC,15,Liver,drugs.csv
DRUGSPEC,96,Not Reported,drugs.csv
DRUGSPEC,97,Unknown Specimen,drugs.csv
DRUGSPEC,98,Other Specimen,drugs.csv
DRUGSPEC,99,Reported as Unknown if Tested,drugs.csv
DRUGUOM,-9,Not Applicable,drugs.csv
DRUGUOM,1,mg/dL,drugs.csv
DRUGUOM,2,mg/L,drugs.csv
DRUGUOM,3,mcg/mL,drugs.csv
DRUGUOM,4,gm%,drugs.csv
DRUGUOM,5,ng/mL,drugs.csv
DRUGUOM,6,mcg/L,drugs.csv
DRUGUOM,7,%,drugs.csv
DRUGUOM,8,Other [Specify:],drugs.csv
DR_DRINK,0,No,vehicle.csv
DR_DRINK,1,Yes,vehicle.csv
DR_HGT,998,Other,vehicle.csv
DR_HGT,999,Unknown,vehicle.csv
DR_PRES,0,No Driver Present/Not Applicable,vehicle.csv
DR_PRES,1,Yes,vehicle.csv
DR_PRES,9,Unknown,vehicle.csv
DR_WGT,52,52 lbs.,vehicle.csv
DR_WGT,60,60 lbs.,vehicle.csv
DR_WGT,70,70 lbs.,vehicle.csv
DR_WGT,75,75 lbs.,vehicle.csv
DR_WGT,78,78 lbs.,vehicle.csv
DR_WGT,80,80 lbs.,vehicle.csv
DR_WGT,81,81 lbs.,vehicle.csv
DR_WGT,83,83 lbs.,vehicle.csv
DR_WGT,84,84 lbs.,vehicle.csv
DR_WGT,85,85 lbs.,vehicle.csv
DR_WGT,86,86 lbs.,vehicle.csv
DR_WGT,88,88 lbs.,vehicle.csv
DR_WGT,89,89 lbs.,vehicle.csv
DR_WGT,90,90 lbs.,vehicle.csv
DR_WGT,91,91 lbs.,vehicle.csv
DR_WGT,92,92 lbs.,vehicle.csv
DR_WGT,93,93 lbs.,vehicle.csv
DR_WGT,94,94 lbs.,vehicle.csv
DR_WGT,95,95 lbs.,vehicle.csv
DR_WGT,96,96 lbs.,vehicle.csv
DR_WGT,97,97 lbs.,vehicle.csv
DR_WGT,98,98 lbs.,vehicle.csv
DR_WGT,99,99 lbs.,vehicle.csv
DR_WGT,100,100 lbs.,vehicle.csv
DR_WGT,101,101 lbs.,vehicle.csv
DR_WGT,102,102 lbs.,vehicle.csv
DR_WGT,103,103 lbs.,vehicle.csv
DR_WGT,104,104 lbs.,vehicle.csv
DR_WGT,105,105 lbs.,vehicle.csv
DR_WGT,106,106 lbs.,vehicle.csv
DR_WGT,107,107 lbs.,vehicle.csv
DR_WGT,108,108 lbs.,vehicle.csv
DR_WGT,109,109 lbs.,vehicle.csv
DR_WGT,110,110 lbs.,vehicle.csv
DR_WGT,111,111 lbs.,vehicle.csv
DR_WGT,112,112 lbs.,vehicle.csv
DR_WGT,113,113 lbs.,vehicle.csv
DR_WGT,114,114 lbs.,vehicle.csv
DR_WGT,115,115 lbs.,vehicle.csv
DR_WGT,116,116 lbs.,vehicle.csv
DR_WGT,117,117 lbs.,vehicle.csv
DR_WGT,118,118 lbs.,vehicle.csv
DR_WGT,119,119 lbs.,vehicle.csv
DR_WGT,120,120 lbs.,vehicle.csv
DR_WGT,121,121 lbs.,vehicle.csv
DR_WGT,122,122 lbs.,vehicle.csv
DR_WGT,123,123 lbs.,vehicle.csv
DR_WGT,124,124 lbs.,vehicle.csv
DR_WGT,125,125 lbs.,vehicle.csv
DR_WGT,126,126 lbs.,vehicle.csv
DR_WGT,127,127 lbs.,vehicle.csv
DR_WGT,128,128 lbs.,vehicle.csv
DR_WGT,129,129 lbs.,vehicle.csv
DR_WGT,130,130 lbs.,vehicle.csv
DR_WGT,131,131 lbs.,vehicle.csv
DR_WGT,132,132 lbs.,vehicle.csv
DR_WGT,133,133 lbs.,vehicle.csv
DR_WGT,134,134 lbs.,vehicle.csv
DR_WGT,135,135 lbs.,vehicle.csv
DR_WGT,136,136 lbs.,vehicle.csv
DR_WGT,137,137 lbs.,vehicle.csv
DR_WGT,138,138 lbs.,vehicle.csv
DR_WGT,139,139 lbs.,vehicle.csv
DR_WGT,140,140 lbs.,vehicle.csv
DR_WGT,141,141 lbs.,vehicle.csv
DR_WGT,142,142 lbs.,vehicle.csv
DR_WGT,143,143 lbs.,vehicle.csv
DR_WGT,144,144 lbs.,vehicle.csv
DR_WGT,145,145 lbs.,vehicle.csv
DR_WGT,146,146 lbs.,vehicle.csv
DR_WGT,147,147 lbs.,vehicle.csv
DR_WGT,148,148 lbs.,vehicle.csv
DR_WGT,149,149 lbs.,vehicle.csv
DR_WGT,150,150 lbs.,vehicle.csv
DR_WGT,151,151 lbs.,vehicle.csv
DR_WGT,152,152 lbs.,vehicle.csv
DR_WGT,153,153 lbs.,vehicle.csv
DR_WGT,154,154 lbs.,vehicle.csv
DR_WGT,155,155 lbs.,vehicle.csv
DR_WGT,156,156 lbs.,vehicle.csv
DR_WGT,157,157 lbs.,vehicle.csv
DR_WGT,158,158 lbs.,vehicle.csv
DR_WGT,159,159 lbs.,vehicle.csv
DR_WGT,160,160 lbs.,vehicle.csv
DR_WGT,161,161 lbs.,vehicle.csv
DR_WGT,162,162 lbs.,vehicle.csv
DR_WGT,163,163 lbs.,vehicle.csv
DR_WGT,164,164 lbs.,vehicle.csv
DR_WGT,165,165 lbs.,vehicle.csv
DR_WGT,166,166 lbs.,vehicle.csv
DR_WGT,167,167 lbs.,vehicle.csv
DR_WGT,168,168 lbs.,vehicle.csv
DR_WGT,169,169 lbs.,vehicle.csv
DR_WGT,170,170 lbs.,vehicle.csv
DR_WGT,171,171 lbs.,vehicle.csv
DR_WGT,172,172 lbs.,vehicle.csv
DR_WGT,173,173 lbs.,vehicle.csv
DR_WGT,174,174 lbs.,vehicle.csv
DR_WGT,175,175 lbs.,vehicle.csv
DR_WGT,176,176 lbs.,vehicle.csv
DR_WGT,177,177 lbs.,vehicle.csv
DR_WGT,178,178 lbs.,vehicle.csv
DR_WGT,179,179 lbs.,vehicle.csv
DR_WGT,180,180 lbs.,vehicle.csv
DR_WGT,181,181 lbs.,vehicle.csv
DR_WGT,182,182 lbs.,vehicle.csv
DR_WGT,183,183 lbs.,vehicle.csv
DR_WGT,184,184 lbs.,vehicle.csv
DR_WGT,185,185 lbs.,vehicle.csv
DR_WGT,186,186 lbs.,vehicle.csv
DR_WGT,187,187 lbs.,vehicle.csv
DR_WGT,188,188 lbs.,vehicle.csv
DR_WGT,189,189 lbs.,vehicle.csv
DR_WGT,190,190 lbs.,vehicle.csv
DR_WGT,191,191 lbs.,vehicle.csv
DR_WGT,192,192 lbs.,vehicle.csv
DR_WGT,193,193 lbs.,vehicle.csv
DR_WGT,194,194 lbs.,vehicle.csv
DR_WGT,195,195 lbs.,vehicle.csv
DR_WGT,196,196 lbs.,vehicle.csv
DR_WGT,197,197 lbs.,vehicle.csv
DR_WGT,198,198 lbs.,vehicle.csv
DR_WGT,199,199 lbs.,vehicle.csv
DR_WGT,200,200 lbs.,vehicle.csv
DR_WGT,201,201 lbs.,vehicle.csv
DR_WGT,202,202 lbs.,vehicle.csv
DR_WGT,203,203 lbs.,vehicle.csv
DR_WGT,204,204 lbs.,vehicle.csv
DR_WGT,205,205 lbs.,vehicle.csv
DR_WGT,206,206 lbs.,vehicle.csv
DR_WGT,207,207 lbs.,vehicle.csv
DR_WGT,208,208 lbs.,vehicle.csv
DR_WGT,209,209 lbs.,vehicle.csv
DR_WGT,210,210 lbs.,vehicle.csv
DR_WGT,211,211 lbs.,vehicle.csv
DR_WGT,212,212 lbs.,vehicle.csv
DR_WGT,213,213 lbs.,vehicle.csv
DR_WGT,214,214 lbs.,vehicle.csv
DR_WGT,215,215 lbs.,vehicle.csv
DR_WGT,216,216 lbs.,vehicle.csv
DR_WGT,217,217 lbs.,vehicle.csv
DR_WGT,218,218 lbs.,vehicle.csv
DR_WGT,219,219 lbs.,vehicle.csv
DR_WGT,220,220 lbs.,vehicle.csv
DR_WGT,221,221 lbs.,vehicle.csv
DR_WGT,222,222 lbs.,vehicle.csv
DR_WGT,223,223 lbs.,vehicle.csv
DR_WGT,224,224 lbs.,vehicle.csv
DR_WGT,225,225 lbs.,vehicle.csv
DR_WGT,226,226 lbs.,vehicle.csv
DR_WGT,227,227 lbs.,vehicle.csv
DR_WGT,228,228 lbs.,vehicle.csv
DR_WGT,229,229 lbs.,vehicle.csv
DR_WGT,230,230 lbs.,vehicle.csv
DR_WGT,231,231 lbs.,vehicle.csv
DR_WGT,232,232 lbs.,vehicle.csv
DR_WGT,233,233 lbs.,vehicle.csv
DR_WGT,234,234 lbs.,vehicle.csv
DR_WGT,235,235 lbs.,vehicle.csv
DR_WGT,236,236 lbs.,vehicle.csv
DR_WGT,237,237 lbs.,vehicle.csv
DR_WGT,238,238 lbs.,vehicle.csv
DR_WGT,239,239 lbs.,vehicle.csv
DR_WGT,240,240 lbs.,vehicle.csv
DR_WGT,241,241 lbs.,vehicle.csv
DR_WGT,242,242 lbs.,vehicle.csv
DR_WGT,243,243 lbs.,vehicle.csv
DR_WGT,244,244 lbs.,vehicle.csv
DR_WGT,245,245 lbs.,vehicle.csv
DR_WGT,246,246 lbs.,vehicle.csv
DR_WGT,247,247 lbs.,vehicle.csv
DR_WGT,248,248 lbs.,vehicle.csv
DR_WGT,249,249 lbs.,vehicle.csv
DR_WGT,250,250 lbs.,vehicle.csv
DR_WGT,251,251 lbs.,vehicle.csv
DR_WGT,252,252 lbs.,vehicle.csv
DR_WGT,253,253 lbs.,vehicle.csv
DR_WGT,254,254 lbs.,vehicle.csv
DR_WGT,255,255 lbs.,vehicle.csv
DR_WGT,256,256 lbs.,vehicle.csv
DR_WGT,257,257 lbs.,vehicle.csv
DR_WGT,258,258 lbs.,vehicle.csv
DR_WGT,259,259 lbs.,vehicle.csv
DR_WGT,260,260 lbs.,vehicle.csv
DR_WGT,261,261 lbs.,vehicle.csv
DR_WGT,262,262 lbs.,vehicle.csv
DR_WGT,263,263 lbs.,vehicle.csv
DR_WGT,264,264 lbs.,vehicle.csv
DR_WGT,265,265 lbs.,vehicle.csv
DR_WGT,266,266 lbs.,vehicle.csv
DR_WGT,267,267 lbs.,vehicle.csv
DR_WGT,268,268 lbs.,vehicle.csv
DR_WGT,269,269 lbs.,vehicle.csv
DR_WGT,270,270 lbs.,vehicle.csv
DR_WGT,271,271 lbs.,vehicle.csv
DR_WGT,272,272 lbs.,vehicle.csv
DR_WGT,273,273 lbs.,vehicle.csv
DR_WGT,274,274 lbs.,vehicle.csv
DR_WGT,275,275 lbs.,vehicle.csv
DR_WGT,276,276 lbs.,vehicle.csv
DR_WGT,277,277 lbs.,vehicle.csv
DR_WGT,278,278 lbs.,vehicle.csv
DR_WGT,279,279 lbs.,vehicle.csv
DR_WGT,280,280 lbs.,vehicle.csv
DR_WGT,281,281 lbs.,vehicle.csv
DR_WGT,282,282 lbs.,vehicle.csv
DR_WGT,283,283 lbs.,vehicle.csv
DR_WGT,284,284 lbs.,vehicle.csv
DR_WGT,285,285 lbs.,vehicle.csv
DR_WGT,286,286 lbs.,vehicle.csv
DR_WGT,287,287 lbs.,vehicle.csv
DR_WGT,288,288 lbs.,vehicle.csv
DR_WGT,289,289 lbs.,vehicle.csv
DR_WGT,290,290 lbs.,vehicle.csv
DR_WGT,291,291 lbs.,vehicle.csv
DR_WGT,292,292 lbs.,vehicle.csv
DR_WGT,293,293 lbs.,vehicle.csv
DR_WGT,294,294 lbs.,vehicle.csv
DR_WGT,295,295 lbs.,vehicle.csv
DR_WGT,296,296 lbs.,vehicle.csv
DR_WGT,297,297 lbs.,vehicle.csv
DR_WGT,298,298 lbs.,vehicle.csv
DR_WGT,299,299 lbs.,vehicle.csv
DR_WGT,300,300 lbs.,vehicle.csv
DR_WGT,301,301 lbs.,vehicle.csv
DR_WGT,302,302 lbs.,vehicle.csv
DR_WGT,303,303 lbs.,vehicle.csv
DR_WGT,304,304 lbs.,vehicle.csv
DR_WGT,305,305 lbs.,vehicle.csv
DR_WGT,306,306 lbs.,vehicle.csv
DR_WGT,307,307 lbs.,vehicle.csv
DR_WGT,308,308 lbs.,vehicle.csv
DR_WGT,309,309 lbs.,vehicle.csv
DR_WGT,310,310 lbs.,vehicle.csv
DR_WGT,311,311 lbs.,vehicle.csv
DR_WGT,312,312 lbs.,vehicle.csv
DR_WGT,313,313 lbs.,vehicle.csv
DR_WGT,314,314 lbs.,vehicle.csv
DR_WGT,315,315 lbs.,vehicle.csv
DR_WGT,316,316 lbs.,vehicle.csv
DR_WGT,317,317 lbs.,vehicle.csv
DR_WGT,318,318 lbs.,vehicle.csv
DR_WGT,319,319 lbs.,vehicle.csv
DR_WGT,320,320 lbs.,vehicle.csv
DR_WGT,321,321 lbs.,vehicle.csv
DR_WGT,322,322 lbs.,vehicle.csv
DR_WGT,323,323 lbs.,vehicle.csv
DR_WGT,324,324 lbs.,vehicle.csv
DR_WGT,325,325 lbs.,vehicle.csv
DR_WGT,326,326 lbs.,vehicle.csv
DR_WGT,327,327 lbs.,vehicle.csv
DR_WGT,328,328 lbs.,vehicle.csv
DR_WGT,330,330 lbs.,vehicle.csv
DR_WGT,332,332 lbs.,vehicle.csv
DR_WGT,333,333 lbs.,vehicle.csv
DR_WGT,334,334 lbs.,vehicle.csv
DR_WGT,335,335 lbs.,vehicle.csv
DR_WGT,336,336 lbs.,vehicle.csv
DR_WGT,337,337 lbs.,vehicle.csv
DR_WGT,338,338 lbs.,vehicle.csv
DR_WGT,339,339 lbs.,vehicle.csv
DR_WGT,340,340 lbs.,vehicle.csv
DR_WGT,341,341 lbs.,vehicle.csv
DR_WGT,342,342 lbs.,vehicle.csv
DR_WGT,345,345 lbs.,vehicle.csv
DR_WGT,346,346 lbs.,vehicle.csv
DR_WGT,348,348 lbs.,vehicle.csv
DR_WGT,349,349 lbs.,vehicle.csv
DR_WGT,350,350 lbs.,vehicle.csv
DR_WGT,352,352 lbs.,vehicle.csv
DR_WGT,354,354 lbs.,vehicle.csv
DR_WGT,355,355 lbs.,vehicle.csv
DR_WGT,358,358 lbs.,vehicle.csv
DR_WGT,360,360 lbs.,vehicle.csv
DR_WGT,361,361 lbs.,vehicle.csv
DR_WGT,363,363 lbs.,vehicle.csv
DR_WGT,365,365 lbs.,vehicle.csv
DR_WGT,367,367 lbs.,vehicle.csv
DR_WGT,368,368 lbs.,vehicle.csv
DR_WGT,370,370 lbs.,vehicle.csv
DR_WGT,371,371 lbs.,vehicle.csv
DR_WGT,373,373 lbs.,vehicle.csv
DR_WGT,374,374 lbs.,vehicle.csv
DR_WGT,375,375 lbs.,vehicle.csv
DR_WGT,376,376 lbs.,vehicle.csv
DR_WGT,377,377 lbs.,vehicle.csv
DR_WGT,378,378 lbs.,vehicle.csv
DR_WGT,380,380 lbs.,vehicle.csv
DR_WGT,381,381 lbs.,vehicle.csv
DR_WGT,382,382 lbs.,vehicle.csv
DR_WGT,385,385 lbs.,vehicle.csv
DR_WGT,387,387 lbs.,vehicle.csv
DR_WGT,388,388 lbs.,vehicle.csv
DR_WGT,390,390 lbs.,vehicle.csv
DR_WGT,395,395 lbs.,vehicle.csv
DR_WGT,396,396 lbs.,vehicle.csv
DR_WGT,397,397 lbs.,vehicle.csv
DR_WGT,400,400 lbs.,vehicle.csv
DR_WGT,405,405 lbs.,vehicle.csv
DR_WGT,407,407 lbs.,vehicle.csv
DR_WGT,410,410 lbs.,vehicle.csv
DR_WGT,417,417 lbs.,vehicle.csv
DR_WGT,420,420 lbs.,vehicle.csv
DR_WGT,425,425 lbs.,vehicle.csv
DR_WGT,433,433 lbs.,vehicle.csv
DR_WGT,438,438 lbs.,vehicle.csv
DR_WGT,440,440 lbs.,vehicle.csv
DR_WGT,445,445 lbs.,vehicle.csv
DR_WGT,450,450 lbs.,vehicle.csv
DR_WGT,452,452 lbs.,vehicle.csv
DR_WGT,460,460 lbs.,vehicle.csv
DR_WGT,475,475 lbs.,vehicle.csv
DR_WGT,477,477 lbs.,vehicle.csv
DR_WGT,480,480 lbs.,vehicle.csv
DR_WGT,485,485 lbs.,vehicle.csv
DR_WGT,499,499 lbs.,vehicle.csv
DR_WGT,500,500 lbs.,vehicle.csv
DR_WGT,538,538 lbs.,vehicle.csv
DR_WGT,997,No Driver Present/Unknown if Driver Present,vehicle.csv
DR_WGT,999,Unknown,vehicle.csv
DR_ZIP,0,Not resident of U.S. or Territories,vehicle.csv
DR_ZIP,99997,No Driver Present/Unknown if Driver Present,vehicle.csv
DR_ZIP,99998,Not Reported,vehicle.csv
DR_ZIP,99999,Reported as Unknown,vehicle.csv
DSTATUS,0,Test Not Given,person.csv
DSTATUS,2,Test Given,person.csv
DSTATUS,8,Not Reported,person.csv
DSTATUS,9,Reported as Unknown if Tested,person.csv
EJECTION,0,Not Ejected,person.csv
EJECTION,1,Totally Ejected,person.csv
EJECTION,2,Partially Ejected,person.csv
EJECTION,3,Ejected - Unknown Degree,person.csv
EJECTION,7,Not Reported,person.csv
EJECTION,8,Not Applicable,person.csv
EJECTION,9,Reported as Unknown if Ejected,person.csv
EJ_PATH,0,Ejection Path Not Applicable,person.csv
EJ_PATH,1,Through Side Door Opening,person.csv
EJ_PATH,2,Through Side Window,person.csv
EJ_PATH,3,Through Windshield,person.csv
EJ_PATH,4,Through Back Window,person.csv
EJ_PATH,5,Through Back Door/Tailgate Opening,person.csv
EJ_PATH,6,"Through Roof Opening (sun-roof, convertible top down)",person.csv
EJ_PATH,7,Through roof (convertible top up),person.csv
EJ_PATH,8,"Other Path (e.g., back of pick-up truck)",person.csv
EJ_PATH,9,Ejection Path Unknown,person.csv
EMER_USE,0,Not Applicable,person.csv;vehicle.csv
EMER_USE,2,"Non-Emergency, Non-Transport",person.csv;vehicle.csv
EMER_USE,3,Non-Emergency Transport,person.csv;vehicle.csv
EMER_USE,4,"Emergency Operation, Emergency Warning Equipment Not in Use",person.csv;vehicle.csv
EMER_USE,5,"Emergency Operation, Emergency Warning Equipment in Use",person.csv;vehicle.csv
EMER_USE,6,"Emergency Operation, Emergency Warning Equipment in Use Unknown",person.csv;vehicle.csv
EMER_USE,8,Not Reported,person.csv;vehicle.csv
EMER_USE,9,Reported as Unknown,person.csv;vehicle.csv
EXTRICAT,0,Not Extricated or Not Applicable,person.csv
EXTRICAT,1,Extricated,person.csv
EXTRICAT,9,Unknown,person.csv
FIRE_EXP,0,No or Not Reported,person.csv;vehicle.csv
FIRE_EXP,1,Yes,person.csv;vehicle.csv
FIRST_MO,0,No Record,vehicle.csv
FIRST_MO,1,January,vehicle.csv
FIRST_MO,2,February,vehicle.csv
FIRST_MO,3,March,vehicle.csv
FIRST_MO,4,April,vehicle.csv
FIRST_MO,5,May,vehicle.csv
FIRST_MO,6,June,vehicle.csv
FIRST_MO,7,July,vehicle.csv
FIRST_MO,8,August,vehicle.csv
FIRST_MO,9,September,vehicle.csv
FIRST_MO,10,October,vehicle.csv
FIRST_MO,11,November,vehicle.csv
FIRST_MO,12,December,vehicle.csv
FIRST_MO,98,No Driver Present/Unknown if Driver Present,vehicle.csv
FIRST_MO,99,Unknown,vehicle.csv
FIRST_YR,0,No Record,vehicle.csv
FIRST_YR,9998,No Driver Present/Unknown if Driver Present,vehicle.csv
FIRST_YR,9999,Unknown,vehicle.csv
FUNC_SYS,1,Interstate,accident.csv;person.csv
FUNC_SYS,2,Other Freeways and Expressways,accident.csv;person.csv
FUNC_SYS,3,Other Principal Arterial,accident.csv;person.csv
FUNC_SYS,4,Minor Arterial,accident.csv;person.csv
FUNC_SYS,5,Major Collector,accident.csv;person.csv
FUNC_SYS,6,Minor Collector,accident.csv;person.csv
FUNC_SYS,7,Local,accident.csv;person.csv
FUNC_SYS,96,Trafficway Not in State Inventory,accident.csv;person.csv
FUNC_SYS,98,Not Reported,accident.csv;person.csv
FUNC_SYS,99,Unknown,accident.csv;person.csv
GVWR_FROM,11,"Class 1: 6,000 lbs. or less (2,722 kg or less)",person.csv;vehicle.csv
GVWR_FROM,12,"Class 2: 6,001 - 10,000 lbs. (2,722 - 4,536 kg)",person.csv;vehicle.csv
GVWR_FROM,13,"Class 3: 10,001 - 14,000 lbs. (4,536 - 6,350 kg)",person.csv;vehicle.csv
GVWR_FROM,14,"Class 4: 14,001 - 16,000 lbs. (6,350 - 7,258 kg)",person.csv;vehicle.csv
GVWR_FROM,15,"Class 5: 16,001 - 19,500 lbs. (7,258 - 8,845 kg)",person.csv;vehicle.csv
GVWR_FROM,16,"Class 6: 19,501 - 26,000 lbs. (8,845 - 11,794 kg)",person.csv;vehicle.csv
GVWR_FROM,17,"Class 7: 26,001 - 33,000 lbs. (11,794 - 14,969 kg)",person.csv;vehicle.csv
GVWR_FROM,18,"Class 8: 33,001 lbs. and above (14,969 kg and above)",person.csv;vehicle.csv
GVWR_FROM,98,Not Reported,person.csv;vehicle.csv
GVWR_FROM,99,Reported as Unknown,person.csv;vehicle.csv
GVWR_TO,11,"Class 1: 6,000 lbs. or less (2,722 kg or less)",person.csv;vehicle.csv
GVWR_TO,12,"Class 2: 6,001 - 10,000 lbs. (2,722 - 4,536 kg)",person.csv;vehicle.csv
GVWR_TO,13,"Class 3: 10,001 - 14,000 lbs. (4,536 - 6,350 kg)",person.csv;vehicle.csv
GVWR_TO,14,"Class 4: 14,001 - 16,000 lbs. (6,350 - 7,258 kg)",person.csv;vehicle.csv
GVWR_TO,15,"Class 5: 16,001 - 19,500 lbs. (7,258 - 8,845 kg)",person.csv;vehicle.csv
GVWR_TO,16,"Class 6: 19,501 - 26,000 lbs. (8,845 - 11,794 kg)",person.csv;vehicle.csv
GVWR_TO,17,"Class 7: 26,001 - 33,000 lbs. (11,794 - 14,969 kg)",person.csv;vehicle.csv
GVWR_TO,18,"Class 8: 33,001 lbs. and above (14,969 kg and above)",person.csv;vehicle.csv
GVWR_TO,98,Not Reported,person.csv;vehicle.csv
GVWR_TO,99,Reported as Unknown,person.csv;vehicle.csv
HARM_EV,1,Rollover/Overturn,accident.csv;person.csv;vehicle.csv
HARM_EV,2,Fire/Explosion,accident.csv;person.csv;vehicle.csv
HARM_EV,3,Immersion or Partial Immersion,accident.csv;person.csv;vehicle.csv
HARM_EV,5,Fell/Jumped from Vehicle,accident.csv;person.csv;vehicle.csv
HARM_EV,6,Injured In Vehicle (Non-Collision),accident.csv;person.csv;vehicle.csv
HARM_EV,7,Other Non-Collision,accident.csv;person.csv;vehicle.csv
HARM_EV,8,Pedestrian,accident.csv;person.csv;vehicle.csv
HARM_EV,9,Pedalcyclist,accident.csv;person.csv;vehicle.csv
HARM_EV,10,Railway Vehicle,accident.csv;person.csv;vehicle.csv
HARM_EV,11,Live Animal,accident.csv;person.csv;vehicle.csv
HARM_EV,12,Motor Vehicle In-Transport,accident.csv;person.csv;vehicle.csv
HARM_EV,14,Parked Motor Vehicle,accident.csv;person.csv;vehicle.csv
HARM_EV,15,Non-Motorist on Personal Conveyance,accident.csv;person.csv;vehicle.csv
HARM_EV,16,Thrown or Falling Object,accident.csv;person.csv;vehicle.csv
HARM_EV,17,Boulder,accident.csv;person.csv;vehicle.csv
HARM_EV,18,Other Object (not fixed),accident.csv;person.csv;vehicle.csv
HARM_EV,19,Building,accident.csv;person.csv;vehicle.csv
HARM_EV,20,Impact Attenuator/Crash Cushion,accident.csv;person.csv;vehicle.csv
HARM_EV,21,Bridge Pier or Support,accident.csv;person.csv;vehicle.csv
HARM_EV,23,Bridge Rail (Includes parapet),accident.csv;person.csv;vehicle.csv
HARM_EV,24,Guardrail Face,accident.csv;person.csv;vehicle.csv
HARM_EV,25,Concrete Traffic Barrier,accident.csv;person.csv;vehicle.csv
HARM_EV,26,Other Traffic Barrier,accident.csv;person.csv;vehicle.csv
HARM_EV,30,Utility Pole/Light Support,accident.csv;person.csv;vehicle.csv
HARM_EV,31,"Post, Pole or Other Supports",accident.csv;person.csv;vehicle.csv
HARM_EV,32,Culvert,accident.csv;person.csv;vehicle.csv
HARM_EV,33,Curb,accident.csv;person.csv;vehicle.csv
HARM_EV,34,Ditch,accident.csv;person.csv;vehicle.csv
HARM_EV,35,Embankment,accident.csv;person.csv;vehicle.csv
HARM_EV,38,Fence,accident.csv;person.csv;vehicle.csv
HARM_EV,39,Wall,accident.csv;person.csv;vehicle.csv
HARM_EV,40,Fire Hydrant,accident.csv;person.csv;vehicle.csv
HARM_EV,41,Shrubbery,accident.csv;person.csv;vehicle.csv
HARM_EV,42,Tree (Standing Only),accident.csv;person.csv;vehicle.csv
HARM_EV,43,Other Fixed Object,accident.csv;person.csv;vehicle.csv
HARM_EV,44,"Pavement Surface Irregularity (Ruts, Potholes, Grates, etc.)",accident.csv;person.csv;vehicle.csv
HARM_EV,45,Working Motor Vehicle,accident.csv;person.csv;vehicle.csv
HARM_EV,46,Traffic Signal Support,accident.csv;person.csv;vehicle.csv
HARM_EV,48,Snow Bank,accident.csv;person.csv;vehicle.csv
HARM_EV,49,Ridden Animal or Animal Drawn Conveyance,accident.csv;person.csv;vehicle.csv
HARM_EV,50,Bridge Overhead Structure,accident.csv;person.csv;vehicle.csv
HARM_EV,51,Jackknife (harmful to this vehicle),accident.csv;person.csv;vehicle.csv
HARM_EV,52,Guardrail End,accident.csv;person.csv;vehicle.csv
HARM_EV,53,Mail Box,accident.csv;person.csv;vehicle.csv
HARM_EV,54,"Motor Vehicle In-Transport Strikes or is Struck by Cargo, Persons or Objects Set-in-Motion from/by Another Motor Vehicle In Transport",accident.csv;person.csv;vehicle.csv
HARM_EV,55,Motor Vehicle in Motion Outside the Trafficway,accident.csv;person.csv;vehicle.csv
HARM_EV,57,Cable Barrier,accident.csv;person.csv;vehicle.csv
HARM_EV,58,Ground,accident.csv;person.csv;vehicle.csv
HARM_EV,59,Traffic Sign Support,accident.csv;person.csv;vehicle.csv
HARM_EV,72,"Cargo/Equipment Loss, Shift, or Damage [harmful]",accident.csv;person.csv;vehicle.csv
HARM_EV,73,Object That Had Fallen From Motor Vehicle In-Transport,accident.csv;person.csv;vehicle.csv
HARM_EV,74,Road Vehicle on Rails,accident.csv;person.csv;vehicle.csv
HARM_EV,91,Unknown Object Not Fixed,accident.csv;person.csv;vehicle.csv
HARM_EV,93,Unknown Fixed Object,accident.csv;person.csv;vehicle.csv
HARM_EV,98,"Harmful Event, Details Not Reported",accident.csv;person.csv;vehicle.csv
HARM_EV,99,Reported as Unknown,accident.csv;person.csv;vehicle.csv
HAZ_CNO,0,Not Applicable,vehicle.csv
HAZ_CNO,88,Not Reported,vehicle.csv
HAZ_ID,0,Not Applicable,vehicle.csv
HAZ_ID,8888,Not Reported,vehicle.csv
HAZ_INV,1,No,vehicle.csv
HAZ_INV,2,Yes,vehicle.csv
HAZ_PLAC,0,Not Applicable,vehicle.csv
HAZ_PLAC,1,No,vehicle.csv
HAZ_PLAC,2,Yes,vehicle.csv
HAZ_PLAC,8,Not Reported,vehicle.csv
HAZ_REL,0,Not Applicable,vehicle.csv
HAZ_REL,1,No,vehicle.csv
HAZ_REL,2,Yes,vehicle.csv
HAZ_REL,8,Not Reported,vehicle.csv
HELM_MIS,0,No Indication of Misuse,person.csv
HELM_MIS,1,"Yes, Indication of Misuse",person.csv
HELM_MIS,7,None Used/Not Applicable,person.csv
HELM_MIS,8,Not a Motor Vehicle Occupant,person.csv
HELM_USE,5,DOT-Compliant Motorcycle Helmet,person.csv
HELM_USE,16,"Helmet, Other than DOT-Compliant Motorcycle Helmet",person.csv
HELM_USE,17,No Helmet,person.csv
HELM_USE,19,"Helmet, Unknown if DOT-Compliant",person.csv
HELM_USE,20,Not Applicable,person.csv
HELM_USE,96,Not a Motor Vehicle Occupant,person.csv
HELM_USE,98,Not Reported,person.csv
HELM_USE,99,Reported as Unknown if Helmet Worn,person.csv
HISPANIC,0,Not A Fatality (not Applicable),person.csv
HISPANIC,1,Mexican,person.csv
HISPANIC,2,Puerto Rican,person.csv
HISPANIC,3,Cuban,person.csv
HISPANIC,4,Central or South American,person.csv
HISPANIC,5,European Spanish,person.csv
HISPANIC,6,"Hispanic, Origin Not Specified or Other Origin",person.csv
HISPANIC,7,Non-Hispanic,person.csv
HISPANIC,97,Redacted,person.csv
HISPANIC,99,Unknown,person.csv
HIT_RUN,0,No,vehicle.csv
HIT_RUN,1,Yes,vehicle.csv
HOSPITAL,0,Not Transported for Treatment,person.csv
HOSPITAL,1,EMS Air,person.csv
HOSPITAL,2,Law Enforcement,person.csv
HOSPITAL,3,EMS Unknown Mode,person.csv
HOSPITAL,4,Transported Unknown Source,person.csv
HOSPITAL,5,EMS Ground,person.csv
HOSPITAL,6,Other,person.csv
HOSPITAL,8,Not Reported,person.csv
HOSPITAL,9,Reported as Unknown,person.csv
HOSP_HR,0,0:00am-0:59am,accident.csv
HOSP_HR,1,1:00am-1:59am,accident.csv
HOSP_HR,2,2:00am-2:59am,accident.csv
HOSP_HR,3,3:00am-3:59am,accident.csv
HOSP_HR,4,4:00am-4:59am,accident.csv
HOSP_HR,5,5:00am-5:59am,accident.csv
HOSP_HR,6,6:00am-6:59am,accident.csv
HOSP_HR,7,7:00am-7:59am,accident.csv
HOSP_HR,8,8:00am-8:59am,accident.csv
HOSP_HR,9,9:00am-9:59am,accident.csv
HOSP_HR,10,10:00am-10:59am,accident.csv
HOSP_HR,11,11:00am-11:59am,accident.csv
HOSP_HR,12,12:00pm-12:59pm,accident.csv
HOSP_HR,13,1:00pm-1:59pm,accident.csv
HOSP_HR,14,2:00pm-2:59pm,accident.csv
HOSP_HR,15,3:00pm-3:59pm,accident.csv
HOSP_HR,16,4:00pm-4:59pm,accident.csv
HOSP_HR,17,5:00pm-5:59pm,accident.csv
HOSP_HR,18,6:00pm-6:59pm,accident.csv
HOSP_HR,19,7:00pm-7:59pm,accident.csv
HOSP_HR,20,8:00pm-8:59pm,accident.csv
HOSP_HR,21,9:00pm-9:59pm,accident.csv
HOSP_HR,22,10:00pm-10:59pm,accident.csv
HOSP_HR,23,11:00pm-11:59pm,accident.csv
HOSP_HR,88,Not Applicable (Not Transported),accident.csv
HOSP_HR,99,Unknown,accident.csv
HOSP_MN,88,Not Applicable (Not Transported),accident.csv
HOSP_MN,96,Terminated Transport,accident.csv
HOSP_MN,97,Officially Canceled,accident.csv
HOSP_MN,98,Unknown if Transported,accident.csv
HOSP_MN,99,Unknown EMS Hospital Arrival Time,accident.csv
HOUR,0,0:00am-0:59am,accident.csv;person.csv;vehicle.csv
HOUR,1,1:00am-1:59am,accident.csv;person.csv;vehicle.csv
HOUR,2,2:00am-2:59am,accident.csv;person.csv;vehicle.csv
HOUR,3,3:00am-3:59am,accident.csv;person.csv;vehicle.csv
HOUR,4,4:00am-4:59am,accident.csv;person.csv;vehicle.csv
HOUR,5,5:00am-5:59am,accident.csv;person.csv;vehicle.csv
HOUR,6,6:00am-6:59am,accident.csv;person.csv;vehicle.csv
HOUR,7,7:00am-7:59am,accident.csv;person.csv;vehicle.csv
HOUR,8,8:00am-8:59am,accident.csv;person.csv;vehicle.csv
HOUR,9,9:00am-9:59am,accident.csv;person.csv;vehicle.csv
HOUR,10,10:00am-10:59am,accident.csv;person.csv;vehicle.csv
HOUR,11,11:00am-11:59am,accident.csv;person.csv;vehicle.csv
HOUR,12,12:00pm-12:59pm,accident.csv;person.csv;vehicle.csv
HOUR,13,1:00pm-1:59pm,accident.csv;person.csv;vehicle.csv
HOUR,14,2:00pm-2:59pm,accident.csv;person.csv;vehicle.csv
HOUR,15,3:00pm-3:59pm,accident.csv;person.csv;vehicle.csv
HOUR,16,4:00pm-4:59pm,accident.csv;person.csv;vehicle.csv
HOUR,17,5:00pm-5:59pm,accident.csv;person.csv;vehicle.csv
HOUR,18,6:00pm-6:59pm,accident.csv;person.csv;vehicle.csv
HOUR,19,7:00pm-7:59pm,accident.csv;person.csv;vehicle.csv
HOUR,20,8:00pm-8:59pm,accident.csv;person.csv;vehicle.csv
HOUR,21,9:00pm-9:59pm,accident.csv;person.csv;vehicle.csv
HOUR,22,10:00pm-10:59pm,accident.csv;person.csv;vehicle.csv
HOUR,23,11:00pm-11:59pm,accident.csv;person.csv;vehicle.csv
HOUR,99,Unknown Hours,accident.csv;person.csv;vehicle.csv
ICFINALBODY,0,Not Applicable,person.csv;vehicle.csv
ICFINALBODY,9,Van,person.csv;vehicle.csv
ICFINALBODY,11,Truck,person.csv;vehicle.csv
ICFINALBODY,15,Wagon,person.csv;vehicle.csv
ICFINALBODY,16,Bus,person.csv;vehicle.csv
ICFINALBODY,60,Pickup,person.csv;vehicle.csv
ICFINALBODY,66,Truck-Tractor,person.csv;vehicle.csv
ICFINALBODY,73,Bus - School Bus,person.csv;vehicle.csv
ICFINALBODY,95,Cargo Van,person.csv;vehicle.csv
ICFINALBODY,108,Motorhome,person.csv;vehicle.csv
ICFINALBODY,111,Step Van / Walk-in Van,person.csv;vehicle.csv
ICFINALBODY,119,Sport Utility Truck (SUT),person.csv;vehicle.csv
ICFINALBODY,128,Ambulance,person.csv;vehicle.csv
ICFINALBODY,129,Street Sweeper,person.csv;vehicle.csv
ICFINALBODY,130,Fire Apparatus,person.csv;vehicle.csv
ICFINALBODY,997,Other (Specify:),person.csv;vehicle.csv
ICFINALBODY,998,Not Reported,person.csv;vehicle.csv
ICFINALBODY,999,Unknown,person.csv;vehicle.csv
IMPACT1,0,Non-Collision,person.csv;vehicle.csv
IMPACT1,1,1 Clock Point,person.csv;vehicle.csv
IMPACT1,2,2 Clock Point,person.csv;vehicle.csv
IMPACT1,3,3 Clock Point,person.csv;vehicle.csv
IMPACT1,4,4 Clock Point,person.csv;vehicle.csv
IMPACT1,5,5 Clock Point,person.csv;vehicle.csv
IMPACT1,6,6 Clock Point,person.csv;vehicle.csv
IMPACT1,7,7 Clock Point,person.csv;vehicle.csv
IMPACT1,8,8 Clock Point,person.csv;vehicle.csv
IMPACT1,9,9 Clock Point,person.csv;vehicle.csv
IMPACT1,10,10 Clock Point,person.csv;vehicle.csv
IMPACT1,11,11 Clock Point,person.csv;vehicle.csv
IMPACT1,12,12 Clock Point,person.csv;vehicle.csv
IMPACT1,13,Top,person.csv;vehicle.csv
IMPACT1,14,Undercarriage,person.csv;vehicle.csv
IMPACT1,18,Cargo/Vehicle Parts Set-In-Motion,person.csv;vehicle.csv
IMPACT1,19,Other Objects or Person Set-In-Motion,person.csv;vehicle.csv
IMPACT1,20,"Object Set in Motion, Unknown if Cargo/Vehicle Parts or Other",person.csv;vehicle.csv
IMPACT1,61,Left,person.csv;vehicle.csv
IMPACT1,62,Left-Front Side,person.csv;vehicle.csv
IMPACT1,63,Left-Back Side,person.csv;vehicle.csv
IMPACT1,81,Right,person.csv;vehicle.csv
IMPACT1,82,Right-Front Side,person.csv;vehicle.csv
IMPACT1,83,Right-Back Side,person.csv;vehicle.csv
IMPACT1,98,Not Reported,person.csv;vehicle.csv
IMPACT1,99,Reported as Unknown,person.csv;vehicle.csv
INJ_SEV,0,No Apparent Injury (O),person.csv
INJ_SEV,1,Possible Injury (C),person.csv
INJ_SEV,2,Suspected Minor Injury (B),person.csv
INJ_SEV,3,Suspected Serious Injury (A),person.csv
INJ_SEV,4,Fatal Injury (K),person.csv
INJ_SEV,5,"Injured, Severity Unknown",person.csv
INJ_SEV,6,Died Prior to Crash*,person.csv
INJ_SEV,9,Unknown/Not Reported,person.csv
J_KNIFE,0,Not an Articulated Vehicle,vehicle.csv
J_KNIFE,1,No,vehicle.csv
J_KNIFE,2,Yes - First Event,vehicle.csv
J_KNIFE,3,Yes - Subsequent Event,vehicle.csv
J_KNIFE,9,Unknown if Articulated Vehicle,vehicle.csv
LAG_HRS,999,Unknown,person.csv
LAG_MINS,99,Unknown,person.csv
LAST_MO,0,No Record,vehicle.csv
LAST_MO,1,January,vehicle.csv
LAST_MO,2,February,vehicle.csv
LAST_MO,3,March,vehicle.csv
LAST_MO,4,April,vehicle.csv
LAST_MO,5,May,vehicle.csv
LAST_MO,6,June,vehicle.csv
LAST_MO,7,July,vehicle.csv
LAST_MO,8,August,vehicle.csv
LAST_MO,9,September,vehicle.csv
LAST_MO,10,October,vehicle.csv
LAST_MO,11,November,vehicle.csv
LAST_MO,12,December,vehicle.csv
LAST_MO,98,No Driver Present/Unknown if Driver Present,vehicle.csv
LAST_MO,99,Unknown,vehicle.csv
LAST_YR,0,No Record,vehicle.csv
LAST_YR,9998,No Driver Present/Unknown if Driver Present,vehicle.csv
LAST_YR,9999,Unknown,vehicle.csv
LGT_COND,1,Daylight,accident.csv
LGT_COND,2,Dark - Not Lighted,accident.csv
LGT_COND,3,Dark - Lighted,accident.csv
LGT_COND,4,Dawn,accident.csv
LGT_COND,5,Dusk,accident.csv
LGT_COND,6,Dark - Unknown Lighting,accident.csv
LGT_COND,7,Other,accident.csv
LGT_COND,8,Not Reported,accident.csv
LGT_COND,9,Reported as Unknown,accident.csv
LOCATION,0,Occupant of a Motor Vehicle,person.csv
LOCATION,1,At Intersection - In Marked Crosswalk,person.csv
LOCATION,2,At Intersection - In Unmarked / Unknown if Marked Crosswalk,person.csv
LOCATION,3,At Intersection - Not In Crosswalk,person.csv
LOCATION,9,At Intersection - Unknown location,person.csv
LOCATION,10,Not at Intersection - In Marked Crosswalk,person.csv
LOCATION,11,"Not at Intersection - On Roadway, Not in Marked Crosswalk",person.csv
LOCATION,13,"Not at Intersection - On Roadway, Crosswalk Availability Unknown",person.csv
LOCATION,14,Parking Lane/Zone,person.csv
LOCATION,16,Bicycle Lane,person.csv
LOCATION,20,Shoulder/Roadside,person.csv
LOCATION,21,Sidewalk,person.csv
LOCATION,22,Median/Crossing Island,person.csv
LOCATION,23,Driveway Access,person.csv
LOCATION,24,Shared-Use Path,person.csv
LOCATION,25,Non- Trafficway Area,person.csv
LOCATION,28,Other,person.csv
LOCATION,98,Not Reported,person.csv
LOCATION,99,Reported as Unknown Location,person.csv
L_COMPL,0,Not licensed,vehicle.csv
L_COMPL,1,No license required for this class vehicle,vehicle.csv
L_COMPL,2,No valid license for this class vehicle,vehicle.csv
L_COMPL,3,Valid license for this class vehicle,vehicle.csv
L_COMPL,6,No Driver Present/Unknown if Driver Present,vehicle.csv
L_COMPL,8,Unknown If CDL and/or CDL endorsement required for this vehicle,vehicle.csv
L_COMPL,9,Unknown,vehicle.csv
L_ENDORS,0,No Endorsements required for this vehicle,vehicle.csv
L_ENDORS,1,"Endorsement(s) Required, Complied with",vehicle.csv
L_ENDORS,2,"Endorsement(s) Required, Not Complied with",vehicle.csv
L_ENDORS,3,"Endorsement(s) Required, Compliance Unknown",vehicle.csv
L_ENDORS,7,No Driver Present/Unknown if Driver Present,vehicle.csv
L_ENDORS,9,"Unknown, if required",vehicle.csv
L_RESTRI,0,No Restrictions or Not Applicable,vehicle.csv
L_RESTRI,1,Restrictions Complied With,vehicle.csv
L_RESTRI,2,Restrictions Not Complied With,vehicle.csv
L_RESTRI,3,"Restrictions, Compliance Unknown",vehicle.csv
L_RESTRI,7,No Driver Present/Unknown if Driver Present,vehicle.csv
L_RESTRI,9,Unknown,vehicle.csv
L_STATE,0,No Driver Present/Unknown if Driver Present,vehicle.csv
L_STATE,1,Alabama,vehicle.csv
L_STATE,2,Alaska,vehicle.csv
L_STATE,3,American Samoa,vehicle.csv
L_STATE,4,Arizona,vehicle.csv
L_STATE,5,Arkansas,vehicle.csv
L_STATE,6,California,vehicle.csv
L_STATE,8,Colorado,vehicle.csv
L_STATE,9,Connecticut,vehicle.csv
L_STATE,10,Delaware,vehicle.csv
L_STATE,11,District of Columbia,vehicle.csv
L_STATE,12,Florida,vehicle.csv
L_STATE,13,Georgia,vehicle.csv
L_STATE,14,Guam,vehicle.csv
L_STATE,15,Hawaii,vehicle.csv
L_STATE,16,Idaho,vehicle.csv
L_STATE,17,Illinois,vehicle.csv
L_STATE,18,Indiana,vehicle.csv
L_STATE,19,Iowa,vehicle.csv
L_STATE,20,Kansas,vehicle.csv
L_STATE,21,Kentucky,vehicle.csv
L_STATE,22,Louisiana,vehicle.csv
L_STATE,23,Maine,vehicle.csv
L_STATE,24,Maryland,vehicle.csv
L_STATE,25,Massachusetts,vehicle.csv
L_STATE,26,Michigan,vehicle.csv
L_STATE,27,Minnesota,vehicle.csv
L_STATE,28,Mississippi,vehicle.csv
L_STATE,29,Missouri,vehicle.csv
L_STATE,30,Montana,vehicle.csv
L_STATE,31,Nebraska,vehicle.csv
L_STATE,32,Nevada,vehicle.csv
L_STATE,33,New Hampshire,vehicle.csv
L_STATE,34,New Jersey,vehicle.csv
L_STATE,35,New Mexico,vehicle.csv
L_STATE,36,New York,vehicle.csv
L_STATE,37,North Carolina,vehicle.csv
L_STATE,38,North Dakota,vehicle.csv
L_STATE,39,Ohio,vehicle.csv
L_STATE,40,Oklahoma,vehicle.csv
L_STATE,41,Oregon,vehicle.csv
L_STATE,42,Pennsylvania,vehicle.csv
L_STATE,43,Puerto Rico,vehicle.csv
L_STATE,44,Rhode Island,vehicle.csv
L_STATE,45,South Carolina,vehicle.csv
L_STATE,46,South Dakota,vehicle.csv
L_STATE,47,Tennessee,vehicle.csv
L_STATE,48,Texas,vehicle.csv
L_STATE,49,Utah,vehicle.csv
L_STATE,50,Vermont,vehicle.csv
L_STATE,51,Virginia,vehicle.csv
L_STATE,53,Washington,vehicle.csv
L_STATE,54,West Virginia,vehicle.csv
L_STATE,55,Wisconsin,vehicle.csv
L_STATE,56,Wyoming,vehicle.csv
L_STATE,57,Other US Driver's License,vehicle.csv
L_STATE,95,Canada,vehicle.csv
L_STATE,96,Mexico,vehicle.csv
L_STATE,97,Other Foreign Country,vehicle.csv
L_STATE,98,Not Reported,vehicle.csv
L_STATE,99,Reported as Unknown,vehicle.csv
L_STATUS,0,Not licensed,vehicle.csv
L_STATUS,1,Suspended,vehicle.csv
L_STATUS,2,Revoked,vehicle.csv
L_STATUS,3,Expired,vehicle.csv
L_STATUS,4,Canceled or denied,vehicle.csv
L_STATUS,6,Valid,vehicle.csv
L_STATUS,7,No Driver Present/Unknown if Driver Present,vehicle.csv
L_STATUS,9,Unknown License Status,vehicle.csv
L_TYPE,0,Not Licensed,vehicle.csv
L_TYPE,1,Full Driver License,vehicle.csv
L_TYPE,2,Intermediate Driver License,vehicle.csv
L_TYPE,6,No Driver Present/Unknown if Driver Present,vehicle.csv
L_TYPE,7,Learner's Permit,vehicle.csv
L_TYPE,8,Temporary License,vehicle.csv
L_TYPE,9,Unknown License Type,vehicle.csv
MAKE,2,Jeep / Kaiser-Jeep / Willys- Jeep,person.csv;vehicle.csv
MAKE,3,AM General,person.csv;vehicle.csv
MAKE,6,Chrysler,person.csv;vehicle.csv
MAKE,7,Dodge,person.csv;vehicle.csv
MAKE,9,Plymouth,person.csv;vehicle.csv
MAKE,12,Ford,person.csv;vehicle.csv
MAKE,13,Lincoln,person.csv;vehicle.csv
MAKE,14,Mercury,person.csv;vehicle.csv
MAKE,18,Buick / Opel,person.csv;vehicle.csv
MAKE,19,Cadillac,person.csv;vehicle.csv
MAKE,20,Chevrolet,person.csv;vehicle.csv
MAKE,21,Oldsmobile,person.csv;vehicle.csv
MAKE,22,Pontiac,person.csv;vehicle.csv
MAKE,23,GMC,person.csv;vehicle.csv
MAKE,24,Saturn,person.csv;vehicle.csv
MAKE,29,Other Domestic Manufacturers,person.csv;vehicle.csv
MAKE,30,Volkswagen,person.csv;vehicle.csv
MAKE,31,Alfa Romeo,person.csv;vehicle.csv
MAKE,32,Audi,person.csv;vehicle.csv
MAKE,34,BMW,person.csv;vehicle.csv
MAKE,35,Nissan/Datsun,person.csv;vehicle.csv
MAKE,36,Fiat,person.csv;vehicle.csv
MAKE,37,Honda,person.csv;vehicle.csv
MAKE,38,Isuzu,person.csv;vehicle.csv
MAKE,39,Jaguar,person.csv;vehicle.csv
MAKE,41,Mazda,person.csv;vehicle.csv
MAKE,42,Mercedes-Benz,person.csv;vehicle.csv
MAKE,43,MG,person.csv;vehicle.csv
MAKE,45,Porsche,person.csv;vehicle.csv
MAKE,47,Saab,person.csv;vehicle.csv
MAKE,48,Subaru,person.csv;vehicle.csv
MAKE,49,Toyota,person.csv;vehicle.csv
MAKE,50,Triumph,person.csv;vehicle.csv
MAKE,51,Volvo,person.csv;vehicle.csv
MAKE,52,Mitsubishi,person.csv;vehicle.csv
MAKE,53,Suzuki,person.csv;vehicle.csv
MAKE,54,Acura,person.csv;vehicle.csv
MAKE,55,Hyundai,person.csv;vehicle.csv
MAKE,58,Infiniti,person.csv;vehicle.csv
MAKE,59,Lexus,person.csv;vehicle.csv
MAKE,60,Daihatsu,person.csv
MAKE,62,Land Rover,person.csv;vehicle.csv
MAKE,63,KIA,person.csv;vehicle.csv
MAKE,65,Smart,person.csv;vehicle.csv
MAKE,67,Scion,person.csv;vehicle.csv
MAKE,69,Other Import,person.csv;vehicle.csv
MAKE,71,Ducati,person.csv;vehicle.csv
MAKE,72,Harley-Davidson,person.csv;vehicle.csv
MAKE,73,Kawasaki,person.csv;vehicle.csv
MAKE,74,Moto-Guzzi,person.csv;vehicle.csv
MAKE,76,Yamaha,person.csv;vehicle.csv
MAKE,77,Victory,person.csv;vehicle.csv
MAKE,82,Freightliner,person.csv;vehicle.csv
MAKE,84,International Harvester/Navistar,person.csv;vehicle.csv
MAKE,85,Kenworth,person.csv;vehicle.csv
MAKE,86,Mack,person.csv;vehicle.csv
MAKE,87,Peterbilt,person.csv;vehicle.csv
MAKE,89,White/Autocar White/GMC,person.csv;vehicle.csv
MAKE,90,Bluebird,person.csv;vehicle.csv
MAKE,92,Gillig,person.csv;vehicle.csv
MAKE,93,MCI,person.csv;vehicle.csv
MAKE,94,Thomas Built,person.csv;vehicle.csv
MAKE,97,Not Reported,person.csv;vehicle.csv
MAKE,98,Other Make,person.csv;vehicle.csv
MAKE,99,Unknown Make,person.csv;vehicle.csv
MAK_MOD,2001,Jeep / Kaiser-Jeep / Willys- Jeep Compass,person.csv;vehicle.csv
MAK_MOD,2401,Jeep / Kaiser-Jeep / Willys- Jeep CJ-2/CJ-3/CJ-4,person.csv;vehicle.csv
MAK_MOD,2402,Jeep / Kaiser-Jeep / Willys- Jeep CJ-5/CJ-6/CJ-7/CJ-8,person.csv;vehicle.csv
MAK_MOD,2403,Jeep / Kaiser-Jeep / Willys- Jeep YJ series/Wrangler,person.csv;vehicle.csv
MAK_MOD,2404,Jeep / Kaiser-Jeep / Willys- Jeep Cherokee (1984-on) (For Grand Cherokee for 2014 on use 02-422.),person.csv;vehicle.csv
MAK_MOD,2405,Jeep / Kaiser-Jeep / Willys- Jeep Liberty,person.csv;vehicle.csv
MAK_MOD,2406,Jeep / Kaiser-Jeep / Willys- Jeep Commander,person.csv;vehicle.csv
MAK_MOD,2407,Jeep / Kaiser-Jeep / Willys- Jeep Patriot,person.csv;vehicle.csv
MAK_MOD,2408,Jeep / Kaiser-Jeep / Willys- Jeep Renegade,person.csv;vehicle.csv
MAK_MOD,2422,Jeep / Kaiser-Jeep / Willys- Jeep Grand Cherokee (For 2014 on. Use model 404 for model years prior to 2013.),person.csv;vehicle.csv
MAK_MOD,2431,Jeep / Kaiser-Jeep / Willys- Jeep Grand Wagoneer,person.csv;vehicle.csv
MAK_MOD,2483,Jeep / Kaiser-Jeep / Willys- Jeep Gladiator,person.csv;vehicle.csv
MAK_MOD,2498,Jeep / Kaiser-Jeep / Willys- Jeep Other (light truck),person.csv;vehicle.csv
MAK_MOD,2499,Jeep / Kaiser Jeep / Willys Jeep Unknown (light truck),person.csv;vehicle.csv
MAK_MOD,2999,Jeep / Kaiser-Jeep / Willys- Jeep Unknown (JEEP),person.csv;vehicle.csv
MAK_MOD,3402,AM General Hummer,person.csv;vehicle.csv
MAK_MOD,3421,"AM General Hummer (SUV from 1993-2003; see 431 for 2004 on) (for Pickup, see model 481)",person.csv;vehicle.csv
MAK_MOD,3431,AM General Hummer (2004 on; see model 421 for 1993-2003),person.csv;vehicle.csv
MAK_MOD,3482,AM General Hummer,person.csv;vehicle.csv
MAK_MOD,3898,AM General Other (medium/heavy truck),person.csv;vehicle.csv
MAK_MOD,3999,AM General Unknown (AM GENERAL),person.csv;vehicle.csv
MAK_MOD,6010,Chrysler New Yorker (thru 78)/ Newport/5th Avenue/Imperial (1979-83) (excludes all FWD),person.csv;vehicle.csv
MAK_MOD,6014,Chrysler New Yorker/E-Class/Imperial/ Fifth Avenue,person.csv;vehicle.csv
MAK_MOD,6018,Chrysler 200,person.csv;vehicle.csv
MAK_MOD,6041,Chrysler Concorde,person.csv;vehicle.csv
MAK_MOD,6042,Chrysler LHS,person.csv;vehicle.csv
MAK_MOD,6043,Chrysler Sebring,person.csv;vehicle.csv
MAK_MOD,6044,Chrysler Cirrus,person.csv;vehicle.csv
MAK_MOD,6051,Chrysler 300M/300/300C/300S,person.csv;vehicle.csv
MAK_MOD,6052,Chrysler PT Cruiser,person.csv;vehicle.csv
MAK_MOD,6054,Chrysler Pacifica (Passenger Cars),person.csv;vehicle.csv
MAK_MOD,6055,Chrysler Crossfire,person.csv;vehicle.csv
MAK_MOD,6421,Chrysler Aspen,person.csv;vehicle.csv
MAK_MOD,6441,Chrysler Town and Country,person.csv;vehicle.csv
MAK_MOD,6443,Chrysler Pacifica (Light Trucks),person.csv;vehicle.csv
MAK_MOD,6444,Chrysler Voyager (2020 on. For 2000-2003 see vehicle make 06-442. For 1984-2000 see Plymouth.),person.csv;vehicle.csv
MAK_MOD,7004,Dodge Viper,person.csv;vehicle.csv
MAK_MOD,7005,Dodge Challenger,person.csv;vehicle.csv
MAK_MOD,7017,Dodge Shadow,person.csv;vehicle.csv
MAK_MOD,7020,Dodge Neon,person.csv;vehicle.csv
MAK_MOD,7021,Dodge Magnum,person.csv;vehicle.csv
MAK_MOD,7024,Dodge Charger,person.csv;vehicle.csv
MAK_MOD,7025,Dodge Caliber,person.csv;vehicle.csv
MAK_MOD,7026,Dodge Avenger,person.csv;vehicle.csv
MAK_MOD,7027,"Dodge Journey (For 2009-2018 only. For model years 2019 on, see 07-404.)",person.csv;vehicle.csv
MAK_MOD,7028,Dodge Challenger (2008 on; for 1970-74 see model 005),person.csv;vehicle.csv
MAK_MOD,7029,Dodge Dart (2013 on. See model 001 for 1960-1976.),person.csv;vehicle.csv
MAK_MOD,7041,Dodge Intrepid,person.csv;vehicle.csv
MAK_MOD,7042,Dodge Avenger,person.csv;vehicle.csv
MAK_MOD,7043,Dodge Stratus,person.csv;vehicle.csv
MAK_MOD,7398,Dodge Other (automobile),person.csv;vehicle.csv
MAK_MOD,7399,Dodge Unknown (automobile),person.csv;vehicle.csv
MAK_MOD,7402,Dodge Durango (1998-2003 only; see model 422 for 2004 on),person.csv;vehicle.csv
MAK_MOD,7403,Dodge Nitro,person.csv;vehicle.csv
MAK_MOD,7404,"Dodge Journey (For 2019 on. For model years 2009-2018, see 07-027.)",person.csv;vehicle.csv
MAK_MOD,7422,Dodge Durango (2004 on; see 402 for 1998-2003 models),person.csv;vehicle.csv
MAK_MOD,7442,Dodge Caravan/Grand Caravan,person.csv;vehicle.csv
MAK_MOD,7443,Dodge Ram C/V,person.csv;vehicle.csv
MAK_MOD,7444,Dodge Promaster City,person.csv;vehicle.csv
MAK_MOD,7461,Dodge B-Series Van/Ram Van/ Ram Wagon,person.csv;vehicle.csv
MAK_MOD,7462,Dodge Sprinter,person.csv;vehicle.csv
MAK_MOD,7463,Dodge Ram Promaster,person.csv;vehicle.csv
MAK_MOD,7471,"Dodge D50, Colt pickup, Ram 50/Ram 100",person.csv;vehicle.csv
MAK_MOD,7472,Dodge Dakota,person.csv;vehicle.csv
MAK_MOD,7481,"Dodge D, W-Series pickup",person.csv;vehicle.csv
MAK_MOD,7482,Dodge Ram Pickup,person.csv;vehicle.csv
MAK_MOD,7498,Dodge Other (light truck),person.csv;vehicle.csv
MAK_MOD,7870,Dodge Medium/Heavy Van-Based Vehicle,person.csv;vehicle.csv
MAK_MOD,7880,"Dodge Medium/Heavy Pickup (pickup-style only - over 10,000 lbs)",person.csv;vehicle.csv
MAK_MOD,7881,Dodge Medium/Heavy - CBE,person.csv;vehicle.csv
MAK_MOD,7999,Dodge Unknown (DODGE),person.csv;vehicle.csv
MAK_MOD,9002,Plymouth Satellite/Belvedere,person.csv;vehicle.csv
MAK_MOD,9003,Plymouth Fury (Fury Gran thru `78),person.csv;vehicle.csv
MAK_MOD,9020,"Plymouth Neon (2002 and on, see Dodge)",person.csv;vehicle.csv
MAK_MOD,9442,"Plymouth Voyager (minivan) (2001 and on, see Chrysler)",person.csv;vehicle.csv
MAK_MOD,12002,Ford Fairlane,person.csv;vehicle.csv
MAK_MOD,12003,Ford Mustang/Mustang II,person.csv;vehicle.csv
MAK_MOD,12004,Ford Thunderbird (all sizes),person.csv;vehicle.csv
MAK_MOD,12006,Ford LTD/Custom/Galaxy (all sizes),person.csv;vehicle.csv
MAK_MOD,12008,Ford Maverick,person.csv;vehicle.csv
MAK_MOD,12013,Ford Escort/EXP/ZX2,person.csv;vehicle.csv
MAK_MOD,12015,Ford Tempo,person.csv;vehicle.csv
MAK_MOD,12016,"Ford Crown Victoria (For 2011 on, code as vehicle model 398)",person.csv;vehicle.csv
MAK_MOD,12017,Ford Taurus/Taurus X,person.csv;vehicle.csv
MAK_MOD,12018,Ford Probe,person.csv;vehicle.csv
MAK_MOD,12021,Ford Five Hundred,person.csv;vehicle.csv
MAK_MOD,12022,Ford Freestyle,person.csv;vehicle.csv
MAK_MOD,12023,Ford Fusion,person.csv;vehicle.csv
MAK_MOD,12024,"Ford Edge (For model years 2007-2018 only. For model years 2019 on, see 12-424.)",person.csv;vehicle.csv
MAK_MOD,12025,Ford Flex,person.csv;vehicle.csv
MAK_MOD,12027,Ford C-Max,person.csv;vehicle.csv
MAK_MOD,12032,Ford Fiesta,person.csv;vehicle.csv
MAK_MOD,12033,Ford Festiva,person.csv;vehicle.csv
MAK_MOD,12036,Ford Aspire,person.csv;vehicle.csv
MAK_MOD,12037,Ford Focus,person.csv;vehicle.csv
MAK_MOD,12398,Ford Other (automobile),person.csv;vehicle.csv
MAK_MOD,12401,"Ford Bronco (thru 1977)/Bronco II/Explorer/Explorer Sport (Explorer for 1990-2018 only. For model years 2019 on, see 12-425.)",person.csv;vehicle.csv
MAK_MOD,12402,Ford Escape,person.csv;vehicle.csv
MAK_MOD,12403,Ford EcoSport,person.csv;vehicle.csv
MAK_MOD,12421,Ford Bronco-fullsize (1978-on),person.csv;vehicle.csv
MAK_MOD,12422,Ford Expedition,person.csv;vehicle.csv
MAK_MOD,12423,Ford Excursion,person.csv;vehicle.csv
MAK_MOD,12424,"Ford Edge(For 2019 on. For model years 2007-2018, see 12-024.)",person.csv;vehicle.csv
MAK_MOD,12425,Ford Explorer (For 2019 on. For model years 1990-2018 see 12-401.),person.csv;vehicle.csv
MAK_MOD,12442,Ford Windstar,person.csv;vehicle.csv
MAK_MOD,12443,Ford Freestar,person.csv;vehicle.csv
MAK_MOD,12444,Ford Transit Connect,person.csv;vehicle.csv
MAK_MOD,12461,Ford E-Series Van/Econoline,person.csv;vehicle.csv
MAK_MOD,12462,Ford Transit,person.csv;vehicle.csv
MAK_MOD,12471,Ford Ranger,person.csv;vehicle.csv
MAK_MOD,12473,Ford Explorer Sport Trac,person.csv;vehicle.csv
MAK_MOD,12481,Ford F-Series pickup,person.csv;vehicle.csv
MAK_MOD,12498,Ford Other (light truck),person.csv;vehicle.csv
MAK_MOD,12499,Ford Unknown (light truck),person.csv;vehicle.csv
MAK_MOD,12850,Ford Motorhome,person.csv;vehicle.csv
MAK_MOD,12870,Ford Medium/Heavy Van-Based Vehicle,person.csv;vehicle.csv
MAK_MOD,12880,"Ford Medium/Heavy Pickup (pickup-style only - over 10,000 lbs)",person.csv;vehicle.csv
MAK_MOD,12881,Ford Medium/Heavy - CBE,person.csv;vehicle.csv
MAK_MOD,12898,Ford Other (medium/heavy truck),person.csv;vehicle.csv
MAK_MOD,12998,Ford Other (vehicle),person.csv;vehicle.csv
MAK_MOD,12999,Ford Unknown (FORD),person.csv;vehicle.csv
MAK_MOD,13001,Lincoln Continental (thru `81)/ Town Car,person.csv;vehicle.csv
MAK_MOD,13002,Lincoln Mark,person.csv;vehicle.csv
MAK_MOD,13005,Lincoln Continental (`82 on),person.csv;vehicle.csv
MAK_MOD,13012,Lincoln LS,person.csv;vehicle.csv
MAK_MOD,13013,Lincoln Zephyr/MKZ,person.csv;vehicle.csv
MAK_MOD,13014,Lincoln MKX,person.csv;vehicle.csv
MAK_MOD,13015,Lincoln MKS,person.csv;vehicle.csv
MAK_MOD,13016,Lincoln MKT,person.csv;vehicle.csv
MAK_MOD,13017,Lincoln Continental,person.csv;vehicle.csv
MAK_MOD,13401,Lincoln Aviator,person.csv;vehicle.csv
MAK_MOD,13402,Lincoln MKC,person.csv;vehicle.csv
MAK_MOD,13403,Lincoln Corsair,person.csv;vehicle.csv
MAK_MOD,13421,Lincoln Navigator,person.csv;vehicle.csv
MAK_MOD,13422,Lincoln Nautilus,person.csv;vehicle.csv
MAK_MOD,13423,Lincoln Aviator,person.csv;vehicle.csv
MAK_MOD,13482,Lincoln Mark LT,person.csv;vehicle.csv
MAK_MOD,13999,Lincoln Unknown (LINCOLN),person.csv;vehicle.csv
MAK_MOD,14004,Mercury Cougar/XR7 (1967-1997),person.csv;vehicle.csv
MAK_MOD,14006,Mercury Marquis/Monterey (car version; for van version 2004 on see code 444) /Grand Marquis,person.csv;vehicle.csv
MAK_MOD,14017,Mercury Sable,person.csv;vehicle.csv
MAK_MOD,14020,Mercury Montego (2005 on),person.csv;vehicle.csv
MAK_MOD,14021,Mercury Milan,person.csv;vehicle.csv
MAK_MOD,14036,Mercury Tracer,person.csv;vehicle.csv
MAK_MOD,14037,Mercury Mystique,person.csv;vehicle.csv
MAK_MOD,14038,Mercury Cougar (1999 on),person.csv;vehicle.csv
MAK_MOD,14401,Mercury Mountaineer,person.csv;vehicle.csv
MAK_MOD,14402,Mercury Mariner,person.csv;vehicle.csv
MAK_MOD,14443,Mercury Villager,person.csv;vehicle.csv
MAK_MOD,18002,"Buick / Opel LeSabre/Centurion/ Estate Wagon, Invicta, Custom, Limited, T-Type, Ltd, C.M.I, LE",person.csv;vehicle.csv
MAK_MOD,18003,"Buick / Opel Electra/Electra 225/ Park Limited, Park Avenue, Ultra, Base",person.csv;vehicle.csv
MAK_MOD,18004,Buick / Opel Roadmaster,person.csv;vehicle.csv
MAK_MOD,18007,Buick / Opel Century,person.csv;vehicle.csv
MAK_MOD,18010,Buick / Opel Regal (RWD only),person.csv;vehicle.csv
MAK_MOD,18019,Buick / Opel Regal (2011 on),person.csv;vehicle.csv
MAK_MOD,18020,Buick / Opel Regal (FWD),person.csv;vehicle.csv
MAK_MOD,18021,Buick / Opel Reatta,person.csv;vehicle.csv
MAK_MOD,18022,Buick / Opel LaCrosse,person.csv;vehicle.csv
MAK_MOD,18023,Buick / Opel Lucerne,person.csv;vehicle.csv
MAK_MOD,18024,Buick / Opel Enclave (2008-12 model years only. For 2013 on see model 421.),person.csv;vehicle.csv
MAK_MOD,18025,Buick / Opel Verano,person.csv;vehicle.csv
MAK_MOD,18026,Buick / Opel Cascada,person.csv;vehicle.csv
MAK_MOD,18401,Buick / Opel Rendezvous,person.csv;vehicle.csv
MAK_MOD,18402,Buick / Opel Rainier,person.csv;vehicle.csv
MAK_MOD,18404,Buick / Opel Encore,person.csv;vehicle.csv
MAK_MOD,18405,Buick / Opel Envision,person.csv;vehicle.csv
MAK_MOD,18421,Buick / Opel Enclave (2013 on. See model 024 for 2008-12 model years.),person.csv;vehicle.csv
MAK_MOD,18441,Buick / Opel Terraza,person.csv;vehicle.csv
MAK_MOD,18498,Buick / Opel Other (light truck),person.csv;vehicle.csv
MAK_MOD,19003,"Cadillac Deville/Fleetwood,Coupe de Ville, Sedan de Ville, Fleetwood Brougham, Fleetwood 60 Special, d`Elegan",person.csv;vehicle.csv
MAK_MOD,19005,Cadillac Eldorado,person.csv;vehicle.csv
MAK_MOD,19006,Cadillac Commercial Series,person.csv;vehicle.csv
MAK_MOD,19009,Cadillac Allante',person.csv;vehicle.csv
MAK_MOD,19014,Cadillac Seville,person.csv;vehicle.csv
MAK_MOD,19018,Cadillac CTS/CTC,person.csv;vehicle.csv
MAK_MOD,19019,Cadillac XLR,person.csv;vehicle.csv
MAK_MOD,19020,Cadillac SRX,person.csv;vehicle.csv
MAK_MOD,19021,Cadillac STS,person.csv;vehicle.csv
MAK_MOD,19022,Cadillac DTS,person.csv;vehicle.csv
MAK_MOD,19023,Cadillac XTS,person.csv;vehicle.csv
MAK_MOD,19024,Cadillac ATS,person.csv;vehicle.csv
MAK_MOD,19025,Cadillac ELR,person.csv;vehicle.csv
MAK_MOD,19026,Cadillac CT6,person.csv;vehicle.csv
MAK_MOD,19027,Cadillac CT5,person.csv;vehicle.csv
MAK_MOD,19398,Cadillac Other (automobile),person.csv;vehicle.csv
MAK_MOD,19401,Cadillac XT5,person.csv;vehicle.csv
MAK_MOD,19421,Cadillac Escalade/ESV (from 2004 on; see 431 for 2003 only),person.csv;vehicle.csv
MAK_MOD,19422,Cadillac XT4,person.csv;vehicle.csv
MAK_MOD,19423,Cadillac XT6,person.csv;vehicle.csv
MAK_MOD,19431,Cadillac Escalade ESV,person.csv;vehicle.csv
MAK_MOD,19480,Cadillac Escalade EXT (from 2002 -2006; for 2007 on see 481),person.csv;vehicle.csv
MAK_MOD,19481,Cadillac Escalade EXT (from 2007 on; see 480 for 2002-2006),person.csv;vehicle.csv
MAK_MOD,19498,Cadillac Other (light truck),person.csv;vehicle.csv
MAK_MOD,19999,Cadillac Unknown CADILLAC,person.csv;vehicle.csv
MAK_MOD,20001,"Chevrolet Chevelle/Malibu Classic, Councours, Laguna**, S-3, Greenbriar, Estate, 300,SS-396/454, Deluxe",person.csv;vehicle.csv
MAK_MOD,20002,"Chevrolet Impala/Caprice (For SS from 2014 on, use 20-021.)",person.csv;vehicle.csv
MAK_MOD,20004,Chevrolet Corvette,person.csv;vehicle.csv
MAK_MOD,20007,Chevrolet El Camino,person.csv;vehicle.csv
MAK_MOD,20008,Chevrolet Nova (-`79),person.csv;vehicle.csv
MAK_MOD,20009,Chevrolet Camaro,person.csv;vehicle.csv
MAK_MOD,20010,Chevrolet Monte Carlo (thru `88),person.csv;vehicle.csv
MAK_MOD,20016,Chevrolet Cavalier,person.csv;vehicle.csv
MAK_MOD,20017,Chevrolet Celebrity,person.csv;vehicle.csv
MAK_MOD,20019,Chevrolet Beretta/Corsica,person.csv;vehicle.csv
MAK_MOD,20020,Chevrolet Lumina,person.csv;vehicle.csv
MAK_MOD,20021,Chevrolet SS (For 2014 on. For Impala/Caprice SS use model 20-002.),person.csv;vehicle.csv
MAK_MOD,20022,Chevrolet Cobalt,person.csv;vehicle.csv
MAK_MOD,20023,Chevrolet HHR,person.csv;vehicle.csv
MAK_MOD,20024,Chevrolet Traverse (2009-2012 only. For 2013 on see model 423.),person.csv;vehicle.csv
MAK_MOD,20025,Chevrolet Cruze,person.csv;vehicle.csv
MAK_MOD,20026,Chevrolet Volt,person.csv;vehicle.csv
MAK_MOD,20027,Chevrolet Caprice PPV,person.csv;vehicle.csv
MAK_MOD,20028,Chevrolet Sonic,person.csv;vehicle.csv
MAK_MOD,20029,Chevrolet Spark,person.csv;vehicle.csv
MAK_MOD,20032,Chevrolet Nova/Geo Prizm/Prism,person.csv;vehicle.csv
MAK_MOD,20034,Chevrolet Geo Metro/Metro,person.csv;vehicle.csv
MAK_MOD,20036,Chevrolet Monte Carlo (1995 on),person.csv;vehicle.csv
MAK_MOD,20037,Chevrolet Malibu/Malibu Maxx,person.csv;vehicle.csv
MAK_MOD,20038,Chevrolet SSR,person.csv;vehicle.csv
MAK_MOD,20039,Chevrolet Aveo/Aveo 5,person.csv;vehicle.csv
MAK_MOD,20040,Chevrolet Bolt,person.csv;vehicle.csv
MAK_MOD,20398,Chevrolet Other (automobile),person.csv;vehicle.csv
MAK_MOD,20399,Chevrolet Unknown (automobile),person.csv;vehicle.csv
MAK_MOD,20401,"Chevrolet S-10 Blazer/TrailBlazer (2002 only; for 2003 on, see 403)",person.csv;vehicle.csv
MAK_MOD,20402,Chevrolet Geo Tracker/Tracker,person.csv;vehicle.csv
MAK_MOD,20403,"Chevrolet TrailBlazer (2003 on; for 2002 model, see 401)",person.csv;vehicle.csv
MAK_MOD,20404,Chevrolet Equinox,person.csv;vehicle.csv
MAK_MOD,20405,Chevrolet Captiva,person.csv;vehicle.csv
MAK_MOD,20406,Chevrolet Trax,person.csv;vehicle.csv
MAK_MOD,20407,Chevrolet Blazer,person.csv;vehicle.csv
MAK_MOD,20421,Chevrolet Fullsize Blazer/Tahoe,person.csv;vehicle.csv
MAK_MOD,20422,Chevrolet Suburban (from 2004 on; see 431 for 1950-2003),person.csv;vehicle.csv
MAK_MOD,20423,Chevrolet Traverse (2013 on. For 2009-2012 see model 024.),person.csv;vehicle.csv
MAK_MOD,20431,Chevrolet Suburban (from 1950-2003;see 422 for 2004 on),person.csv;vehicle.csv
MAK_MOD,20441,Chevrolet Astro Van,person.csv;vehicle.csv
MAK_MOD,20443,Chevrolet Venture,person.csv;vehicle.csv
MAK_MOD,20444,Chevrolet Uplander,person.csv;vehicle.csv
MAK_MOD,20445,Chevrolet City Express,person.csv;vehicle.csv
MAK_MOD,20461,Chevrolet G-series van,person.csv;vehicle.csv
MAK_MOD,20466,Chevrolet P-series van,person.csv;vehicle.csv
MAK_MOD,20471,Chevrolet S-10/T-10 Pickup,person.csv;vehicle.csv
MAK_MOD,20472,Chevrolet LUV,person.csv;vehicle.csv
MAK_MOD,20473,Chevrolet Colorado,person.csv;vehicle.csv
MAK_MOD,20481,"Chevrolet C, K, R, V-series pickup/Silverado",person.csv;vehicle.csv
MAK_MOD,20482,Chevrolet Avalanche,person.csv;vehicle.csv
MAK_MOD,20498,Chevrolet Other (light truck),person.csv;vehicle.csv
MAK_MOD,20499,Chevrolet Unknown (light truck),person.csv;vehicle.csv
MAK_MOD,20850,Chevrolet Motor Home,person.csv;vehicle.csv
MAK_MOD,20870,Chevrolet Medium/Heavy Van-Based Vehicle,person.csv;vehicle.csv
MAK_MOD,20880,"Chevrolet Medium/Heavy Pickup (pickup-style only - over 10,000 lbs)",person.csv;vehicle.csv
MAK_MOD,20881,Chevrolet Medium/Heavy - CBE,person.csv;vehicle.csv
MAK_MOD,20882,Chevrolet Medium/Heavy - COE low entry,person.csv;vehicle.csv
MAK_MOD,20884,Chevrolet Medium/Heavy - Unknown engine location,person.csv;vehicle.csv
MAK_MOD,20998,Chevrolet Other (vehicle),person.csv;vehicle.csv
MAK_MOD,20999,Chevrolet Unknown (CHEVROLET),person.csv;vehicle.csv
MAK_MOD,21001,Oldsmobile Cutlass (RWD-only),person.csv;vehicle.csv
MAK_MOD,21002,Oldsmobile Delta 88/LSS,person.csv;vehicle.csv
MAK_MOD,21003,Oldsmobile Ninety-Eight/Regency,person.csv;vehicle.csv
MAK_MOD,21017,Oldsmobile Ciera,person.csv;vehicle.csv
MAK_MOD,21020,Oldsmobile Cutlass (FWD),person.csv;vehicle.csv
MAK_MOD,21021,Oldsmobile Achieva/Alero,person.csv;vehicle.csv
MAK_MOD,21022,Oldsmobile Aurora,person.csv;vehicle.csv
MAK_MOD,21023,Oldsmobile Intrigue,person.csv;vehicle.csv
MAK_MOD,21401,Oldsmobile Bravada,person.csv;vehicle.csv
MAK_MOD,21441,Oldsmobile Silhouette,person.csv;vehicle.csv
MAK_MOD,22002,Pontiac Bonneville/Catalina/ Parisienne,person.csv;vehicle.csv
MAK_MOD,22005,Pontiac Fiero,person.csv;vehicle.csv
MAK_MOD,22008,Pontiac Ventura/GTO,person.csv;vehicle.csv
MAK_MOD,22009,Pontiac Firebird/Trans AM,person.csv;vehicle.csv
MAK_MOD,22016,Pontiac Sunbird (1985-1994)/J-2000/Sunfire (1995 on),person.csv;vehicle.csv
MAK_MOD,22018,Pontiac Grand AM,person.csv;vehicle.csv
MAK_MOD,22019,Pontiac G5,person.csv;vehicle.csv
MAK_MOD,22020,Pontiac Grand Prix (FWD),person.csv;vehicle.csv
MAK_MOD,22022,Pontiac G6,person.csv;vehicle.csv
MAK_MOD,22023,Pontiac Solstice,person.csv;vehicle.csv
MAK_MOD,22024,Pontiac G8,person.csv;vehicle.csv
MAK_MOD,22032,Pontiac Vibe,person.csv;vehicle.csv
MAK_MOD,22399,Pontiac Unknown (automobile),person.csv;vehicle.csv
MAK_MOD,22401,Pontiac Aztek,person.csv;vehicle.csv
MAK_MOD,22403,Pontiac Torrent,person.csv;vehicle.csv
MAK_MOD,22441,Pontiac Trans Sport/ Montana/SV6,person.csv;vehicle.csv
MAK_MOD,23008,GMC Acadia (2007-2012 only. For 2013 on see model 423.),person.csv;vehicle.csv
MAK_MOD,23401,GMC Jimmy/Typhoon/Envoy,person.csv;vehicle.csv
MAK_MOD,23402,GMC Terrain,person.csv;vehicle.csv
MAK_MOD,23421,GMC Fullsize Jimmy/Yukon,person.csv;vehicle.csv
MAK_MOD,23422,GMC Suburban/Yukon XL (2004 on; see 431 for 1950- 2003),person.csv;vehicle.csv
MAK_MOD,23423,GMC Acadia (2013 on. For 2007-2012 see model 008.),person.csv;vehicle.csv
MAK_MOD,23431,GMC Suburban/Yukon XL (2000 on) (1950-2003 only; see 422 for 2004 on),person.csv;vehicle.csv
MAK_MOD,23441,GMC Safari (Minivan),person.csv;vehicle.csv
MAK_MOD,23461,GMC G-series van/Savana,person.csv;vehicle.csv
MAK_MOD,23471,GMC S15/T15/Sonoma,person.csv;vehicle.csv
MAK_MOD,23472,GMC Canyon,person.csv;vehicle.csv
MAK_MOD,23481,"GMC C, K, R, V-series pickup/ Sierra",person.csv;vehicle.csv
MAK_MOD,23498,GMC Other (light truck),person.csv;vehicle.csv
MAK_MOD,23499,GMC Unknown (light truck),person.csv;vehicle.csv
MAK_MOD,23870,GMC Medium/Heavy Van-Based Vehicle,person.csv;vehicle.csv
MAK_MOD,23880,"GMC Medium/Heavy Pickup (pickup-style only - over 10,000 lbs",person.csv;vehicle.csv
MAK_MOD,23881,GMC Medium/Heavy - CBE,person.csv;vehicle.csv
MAK_MOD,23882,GMC Medium/Heavy - COE low entry,person.csv;vehicle.csv
MAK_MOD,23883,GMC Medium/Heavy - COE high entry,person.csv;vehicle.csv
MAK_MOD,23999,GMC Unknown (GMC),person.csv;vehicle.csv
MAK_MOD,24001,Saturn SL,person.csv;vehicle.csv
MAK_MOD,24002,Saturn SC,person.csv;vehicle.csv
MAK_MOD,24005,Saturn LS,person.csv;vehicle.csv
MAK_MOD,24006,Saturn LW,person.csv;vehicle.csv
MAK_MOD,24007,Saturn Ion,person.csv;vehicle.csv
MAK_MOD,24008,Saturn Sky,person.csv;vehicle.csv
MAK_MOD,24009,Saturn Aura,person.csv;vehicle.csv
MAK_MOD,24010,Saturn Outlook,person.csv;vehicle.csv
MAK_MOD,24011,Saturn Astra,person.csv;vehicle.csv
MAK_MOD,24399,Saturn Unknown (automobile),person.csv;vehicle.csv
MAK_MOD,24401,Saturn Vue,person.csv;vehicle.csv
MAK_MOD,29005,Other Domestic Manufacturers Tesla,person.csv;vehicle.csv
MAK_MOD,30032,Volkswagen Beetle 1300/1500,person.csv;vehicle.csv
MAK_MOD,30036,Volkswagen Rabbit,person.csv;vehicle.csv
MAK_MOD,30040,Volkswagen Jetta/Jetta SportsWagen,person.csv;vehicle.csv
MAK_MOD,30042,Volkswagen Golf/Cabriolet/Cabrio/GTI/ GLI,person.csv;vehicle.csv
MAK_MOD,30046,Volkswagen Passat (CC - 2008 thru 2011; see 052 for 2012 on),person.csv;vehicle.csv
MAK_MOD,30047,Volkswagen New Beetle,person.csv;vehicle.csv
MAK_MOD,30051,Volkswagen Eos,person.csv;vehicle.csv
MAK_MOD,30052,Volkswagen CC (For 2012 on. See model 046 for 2008-2011.),person.csv;vehicle.csv
MAK_MOD,30053,Volkswagen Arteon,person.csv;vehicle.csv
MAK_MOD,30399,Volkswagen Unknown (automobile),person.csv;vehicle.csv
MAK_MOD,30402,Volkswagen Tiguan,person.csv;vehicle.csv
MAK_MOD,30403,Volkswagen Atlas,person.csv;vehicle.csv
MAK_MOD,30421,Volkswagen Touareg/Tourareg 2,person.csv;vehicle.csv
MAK_MOD,30443,Volkswagen Routan,person.csv;vehicle.csv
MAK_MOD,30498,Volkswagen Other (light truck),person.csv;vehicle.csv
MAK_MOD,30998,Volkswagen Other (vehicle),person.csv;vehicle.csv
MAK_MOD,30999,Volkswagen Unknown (VOLKSWAGEN),person.csv;vehicle.csv
MAK_MOD,31031,Alfa Romeo Spider (Spyder),person.csv;vehicle.csv
MAK_MOD,31037,Alfa Romeo Giulia,person.csv;vehicle.csv
MAK_MOD,31401,"Alfa Romeo Stelvio (For 2018 only. For model years 2019 on, see 31-422.)",person.csv;vehicle.csv
MAK_MOD,31422,"Alfa Romeo Stelvio (For 2019 on. For model year 2018, see 31-401.)",person.csv;vehicle.csv
MAK_MOD,32040,Audi S4 (1992-1994; 2000-2011 only. See model 055 for 2012 on)/S6 (1992-1994; 2000-2011 only. See model 056 for 2013 on.),person.csv;vehicle.csv
MAK_MOD,32041,Audi Cabriolet (1994-1998),person.csv;vehicle.csv
MAK_MOD,32042,Audi A6,person.csv;vehicle.csv
MAK_MOD,32043,Audi A4,person.csv;vehicle.csv
MAK_MOD,32044,Audi A8,person.csv;vehicle.csv
MAK_MOD,32045,Audi TT/TTS,person.csv;vehicle.csv
MAK_MOD,32046,Audi S8,person.csv;vehicle.csv
MAK_MOD,32048,Audi A3,person.csv;vehicle.csv
MAK_MOD,32049,Audi A5,person.csv;vehicle.csv
MAK_MOD,32050,Audi R8,person.csv;vehicle.csv
MAK_MOD,32051,Audi A7,person.csv;vehicle.csv
MAK_MOD,32052,Audi S5,person.csv;vehicle.csv
MAK_MOD,32054,Audi RS5,person.csv;vehicle.csv
MAK_MOD,32055,Audi S4 (2012 on only. See model 040 for 1992-1994; 2000-2011),person.csv;vehicle.csv
MAK_MOD,32058,Audi RS7,person.csv;vehicle.csv
MAK_MOD,32059,Audi S3,person.csv;vehicle.csv
MAK_MOD,32060,Audi RS3,person.csv;vehicle.csv
MAK_MOD,32398,Audi Other (automobile),person.csv;vehicle.csv
MAK_MOD,32399,Audi Unknown (automobile),person.csv;vehicle.csv
MAK_MOD,32401,"Audi Q7 (For 2007-2018 only. For model years 2019 on, see 32-422.)",person.csv;vehicle.csv
MAK_MOD,32402,Audi Q5,person.csv;vehicle.csv
MAK_MOD,32404,Audi SQ5,person.csv;vehicle.csv
MAK_MOD,32405,Audi Q3,person.csv;vehicle.csv
MAK_MOD,32421,Audi Q8,person.csv;vehicle.csv
MAK_MOD,32422,"Audi Q7 (For 2019 on. For model years 2007-2018, see 32-401.)",person.csv;vehicle.csv
MAK_MOD,34034,BMW 3-series,person.csv;vehicle.csv
MAK_MOD,34035,BMW 5-series,person.csv;vehicle.csv
MAK_MOD,34036,BMW 6-series,person.csv;vehicle.csv
MAK_MOD,34037,BMW 7-series,person.csv;vehicle.csv
MAK_MOD,34038,BMW 8-series,person.csv;vehicle.csv
MAK_MOD,34039,BMW Z3,person.csv;vehicle.csv
MAK_MOD,34042,BMW Z4,person.csv;vehicle.csv
MAK_MOD,34043,BMW 1-Series,person.csv;vehicle.csv
MAK_MOD,34044,"BMW X6 (For 2008-2015. For 2016 on, see model 404.)",person.csv;vehicle.csv
MAK_MOD,34045,BMW i3,person.csv;vehicle.csv
MAK_MOD,34046,BMW i8,person.csv;vehicle.csv
MAK_MOD,34047,BMW 4-Series,person.csv;vehicle.csv
MAK_MOD,34048,BMW 2-Series,person.csv;vehicle.csv
MAK_MOD,34049,BMW X4,person.csv;vehicle.csv
MAK_MOD,34398,BMW Other (automobile),person.csv;vehicle.csv
MAK_MOD,34399,BMW Unknown (automobile),person.csv;vehicle.csv
MAK_MOD,34401,"BMW X5 (For 2000-16. For 2017 on, see model 421).",person.csv;vehicle.csv
MAK_MOD,34402,BMW X3,person.csv;vehicle.csv
MAK_MOD,34403,BMW X1,person.csv;vehicle.csv
MAK_MOD,34404,"BMW X6 (For 2016 on. For 2008-2015, see model 044.)",person.csv;vehicle.csv
MAK_MOD,34405,BMW X2,person.csv;vehicle.csv
MAK_MOD,34421,"BMW X5 (For 2017 on. For 2000-16, see model 401)",person.csv;vehicle.csv
MAK_MOD,34422,BMW X7,person.csv;vehicle.csv
MAK_MOD,34498,BMW Other (light truck),person.csv;vehicle.csv
MAK_MOD,34499,BMW Unknown (light truck),person.csv;vehicle.csv
MAK_MOD,34703,BMW 125-349cc,person.csv;vehicle.csv
MAK_MOD,34704,BMW 350-449 cc,person.csv;vehicle.csv
MAK_MOD,34705,BMW 450-749cc,person.csv;vehicle.csv
MAK_MOD,34706,BMW 750cc and over,person.csv;vehicle.csv
MAK_MOD,34709,BMW Unknown cc,person.csv;vehicle.csv
MAK_MOD,34999,BMW Unknown (BMW),person.csv;vehicle.csv
MAK_MOD,35032,Nissan/Datsun 200SX/240SX,person.csv;vehicle.csv
MAK_MOD,35034,"Nissan/Datsun Z-car, ZX",person.csv;vehicle.csv
MAK_MOD,35039,Nissan/Datsun 810/Maxima,person.csv;vehicle.csv
MAK_MOD,35043,Nissan/Datsun Sentra,person.csv;vehicle.csv
MAK_MOD,35047,Nissan/Datsun Altima,person.csv;vehicle.csv
MAK_MOD,35048,Nissan/Datsun 350Z/370Z,person.csv;vehicle.csv
MAK_MOD,35049,"Nissan/Datsun Murano (For 2003-2018 only. For model years 2019 on, see 35-422.)",person.csv;vehicle.csv
MAK_MOD,35050,Nissan/Datsun Versa,person.csv;vehicle.csv
MAK_MOD,35051,"Nissan/Datsun Rogue (For 2008-2018 only. For model years 2019 on, see 35-404.)",person.csv;vehicle.csv
MAK_MOD,35052,Nissan/Datsun Cube,person.csv;vehicle.csv
MAK_MOD,35053,Nissan/Datsun GT-R,person.csv;vehicle.csv
MAK_MOD,35055,Nissan/Datsun Leaf,person.csv;vehicle.csv
MAK_MOD,35056,Nissan/Datsun Kicks,person.csv;vehicle.csv
MAK_MOD,35398,Nissan/Datsun Other (automobile),person.csv;vehicle.csv
MAK_MOD,35401,Nissan/Datsun Pathfinder,person.csv;vehicle.csv
MAK_MOD,35402,Nissan/Datsun Xterra,person.csv;vehicle.csv
MAK_MOD,35403,Nissan/Datsun Juke,person.csv;vehicle.csv
MAK_MOD,35404,"Nissan/Datsun Rogue (For 2019 on. For model years 2008-2018, see 35-051.)",person.csv;vehicle.csv
MAK_MOD,35421,Nissan/Datsun Pathfinder Armada,person.csv;vehicle.csv
MAK_MOD,35422,"Nissan/Datsun Murano (For 2019 on. For model years 2003-2018, see 35-056.)",person.csv;vehicle.csv
MAK_MOD,35443,Nissan/Datsun Quest,person.csv;vehicle.csv
MAK_MOD,35446,Nissan/Datsun NV200/eNV200,person.csv;vehicle.csv
MAK_MOD,35461,Nissan/Datsun NV,person.csv;vehicle.csv
MAK_MOD,35471,Nissan/Datsun Nissan/Datsun Pickup (1955-1997),person.csv;vehicle.csv
MAK_MOD,35472,Nissan/Datsun Frontier (1998 on),person.csv;vehicle.csv
MAK_MOD,35473,Nissan/Datsun Titan (from 2004-06; see 481 for 2007 on),person.csv;vehicle.csv
MAK_MOD,35481,Nissan/Datsun Titan (from 2007 on; see 473 for 2004-06),person.csv;vehicle.csv
MAK_MOD,35999,Nissan/Datsun Unknown (NISSAN/DATSUN),person.csv;vehicle.csv
MAK_MOD,36038,Fiat 500/500c,person.csv;vehicle.csv
MAK_MOD,36039,Fiat 124 Spider,person.csv;vehicle.csv
MAK_MOD,36401,Fiat 500L,person.csv;vehicle.csv
MAK_MOD,36402,Fiat 500X,person.csv;vehicle.csv
MAK_MOD,37031,"Honda Civic/CRX, del Sol",person.csv;vehicle.csv
MAK_MOD,37032,"Honda Accord (Note: For Crosstour model years 2010 and 2011 only. For Crosstour model years 2012-2015, see vehicle model 37-405)",person.csv;vehicle.csv
MAK_MOD,37033,Honda Prelude,person.csv;vehicle.csv
MAK_MOD,37035,Honda S2000,person.csv;vehicle.csv
MAK_MOD,37037,Honda Insight,person.csv;vehicle.csv
MAK_MOD,37038,Honda FCX/Clarity,person.csv;vehicle.csv
MAK_MOD,37039,Honda Fit,person.csv;vehicle.csv
MAK_MOD,37041,Honda CR-Z,person.csv;vehicle.csv
MAK_MOD,37399,Honda Unknown (automobile),person.csv;vehicle.csv
MAK_MOD,37401,Honda Passport,person.csv;vehicle.csv
MAK_MOD,37402,Honda CR-V,person.csv;vehicle.csv
MAK_MOD,37403,Honda Element,person.csv;vehicle.csv
MAK_MOD,37404,Honda HR-V,person.csv;vehicle.csv
MAK_MOD,37405,Honda Crosstour (2012-2015 only. See vehicle model 37-032 for model years 2010 and 2011.),person.csv;vehicle.csv
MAK_MOD,37421,Honda Pilot,person.csv;vehicle.csv
MAK_MOD,37422,Honda Passport (2019 on. For 1994-2002 see model 401.),person.csv;vehicle.csv
MAK_MOD,37441,Honda Odyssey,person.csv;vehicle.csv
MAK_MOD,37471,Honda Ridgeline,person.csv;vehicle.csv
MAK_MOD,37499,Honda Unknown (light truck),person.csv;vehicle.csv
MAK_MOD,37701,Honda 0- 50 cc,person.csv;vehicle.csv
MAK_MOD,37702,Honda 51-124 cc,person.csv;vehicle.csv
MAK_MOD,37703,Honda 125-349 cc,person.csv;vehicle.csv
MAK_MOD,37704,Honda 350-449 cc,person.csv;vehicle.csv
MAK_MOD,37705,Honda 450-749 cc,person.csv;vehicle.csv
MAK_MOD,37706,Honda 750 cc or greater,person.csv;vehicle.csv
MAK_MOD,37709,Honda Unknown cc,person.csv;vehicle.csv
MAK_MOD,37733,Honda 125-349cc (ATV),person.csv;vehicle.csv
MAK_MOD,37734,Honda 350cc or greater (ATV),person.csv;vehicle.csv
MAK_MOD,37739,Honda Unknown cc (ATV),person.csv;vehicle.csv
MAK_MOD,37998,Honda (Other Vehicle),person.csv;vehicle.csv
MAK_MOD,37999,Honda Unknown (HONDA),person.csv;vehicle.csv
MAK_MOD,38401,Isuzu Trooper/Trooper II,person.csv;vehicle.csv
MAK_MOD,38402,Isuzu Rodeo/ Rodeo Sport,person.csv;vehicle.csv
MAK_MOD,38421,Isuzu Ascender,person.csv;vehicle.csv
MAK_MOD,38473,Isuzu i-280/i-290,person.csv;vehicle.csv
MAK_MOD,38881,Isuzu Medium/Heavy - CBE,person.csv;vehicle.csv
MAK_MOD,38882,"Isuzu Medium/Heavy - COE, low entry",person.csv;vehicle.csv
MAK_MOD,38883,"Isuzu Medium/Heavy - COE, high entry",person.csv;vehicle.csv
MAK_MOD,39031,"Jaguar XJ-S, XK8 Coupe",person.csv;vehicle.csv
MAK_MOD,39032,Jaguar XJ/XJL/XJ6/12/XJR/XJ8/ XJ8L Sedan/Coupe,person.csv;vehicle.csv
MAK_MOD,39034,Jaguar S-Type,person.csv;vehicle.csv
MAK_MOD,39036,Jaguar X-Type,person.csv;vehicle.csv
MAK_MOD,39037,Jaguar XF/XFR,person.csv;vehicle.csv
MAK_MOD,39038,Jaguar F-Type,person.csv;vehicle.csv
MAK_MOD,39039,Jaguar XE,person.csv;vehicle.csv
MAK_MOD,39401,Jaguar F-Pace,person.csv;vehicle.csv
MAK_MOD,39402,Jaguar E-Pace,person.csv;vehicle.csv
MAK_MOD,41035,Mazda 323/GLC/ Protege/ Protege 5,person.csv;vehicle.csv
MAK_MOD,41037,Mazda 626,person.csv;vehicle.csv
MAK_MOD,41044,Mazda MX-6,person.csv;vehicle.csv
MAK_MOD,41045,Mazda Miata/MX-5,person.csv;vehicle.csv
MAK_MOD,41049,Mazda RX-8,person.csv;vehicle.csv
MAK_MOD,41050,Mazda Mazda6,person.csv;vehicle.csv
MAK_MOD,41051,Mazda Mazda3,person.csv;vehicle.csv
MAK_MOD,41052,Mazda Mazda5,person.csv;vehicle.csv
MAK_MOD,41053,Mazda CX-7,person.csv;vehicle.csv
MAK_MOD,41054,Mazda CX-9 (2007-12 only.For 2013 on see model 421.),person.csv;vehicle.csv
MAK_MOD,41055,Mazda Mazda2,person.csv;vehicle.csv
MAK_MOD,41056,Mazda CX-3,person.csv;vehicle.csv
MAK_MOD,41398,Mazda Other (automobile),person.csv;vehicle.csv
MAK_MOD,41402,Mazda Tribute,person.csv;vehicle.csv
MAK_MOD,41403,Mazda CX5,person.csv;vehicle.csv
MAK_MOD,41421,Mazda CX-9 (2013 on. See model 054 for 2007-12 model years.),person.csv;vehicle.csv
MAK_MOD,41471,Mazda Pickup/ B-Series Pickup,person.csv;vehicle.csv
MAK_MOD,41498,Mazda Other (light truck),person.csv;vehicle.csv
MAK_MOD,42031,Mercedes-Benz 200/220/230/240/ 250/260/280/300/ 320/420,person.csv;vehicle.csv
MAK_MOD,42033,Mercedes-Benz 300/350/380/450/500/ 560 SL,person.csv;vehicle.csv
MAK_MOD,42042,Mercedes-Benz C Class (94 on),person.csv;vehicle.csv
MAK_MOD,42043,Mercedes-Benz S Class (95 on),person.csv;vehicle.csv
MAK_MOD,42044,Mercedes-Benz SL Class (95 on),person.csv;vehicle.csv
MAK_MOD,42045,Mercedes-Benz SLK,person.csv;vehicle.csv
MAK_MOD,42046,Mercedes-Benz CL Class,person.csv;vehicle.csv
MAK_MOD,42047,Mercedes-Benz CLK,person.csv;vehicle.csv
MAK_MOD,42048,Mercedes-Benz E Class (97 on),person.csv;vehicle.csv
MAK_MOD,42051,Mercedes-Benz CLS Class,person.csv;vehicle.csv
MAK_MOD,42054,Mercedes-Benz CLA Class,person.csv;vehicle.csv
MAK_MOD,42055,Mercedes-Benz GLA Class,person.csv;vehicle.csv
MAK_MOD,42056,Mercedes-Benz AMG GT S,person.csv;vehicle.csv
MAK_MOD,42058,Mercedes-Benz A-Class,person.csv;vehicle.csv
MAK_MOD,42398,Mercedes-Benz Other (automobile),person.csv;vehicle.csv
MAK_MOD,42399,Mercedes-Benz Unknown (automobile),person.csv;vehicle.csv
MAK_MOD,42401,Mercedes-Benz M/ML Class,person.csv;vehicle.csv
MAK_MOD,42402,Mercedes-Benz G Class,person.csv;vehicle.csv
MAK_MOD,42403,Mercedes-Benz GLK Class,person.csv;vehicle.csv
MAK_MOD,42404,"Mercedes-Benz GLE Class (For 2016-2018 only. For model years 2019 on, see 42-423.)",person.csv;vehicle.csv
MAK_MOD,42405,Mercedes-Benz GLC Class,person.csv;vehicle.csv
MAK_MOD,42406,Mercedes-Benz GLB Class,person.csv;vehicle.csv
MAK_MOD,42421,Mercedes-Benz GL Class,person.csv;vehicle.csv
MAK_MOD,42422,Mercedes-Benz GLS Class,person.csv;vehicle.csv
MAK_MOD,42423,"Mercedes-Benz GLE Class (For 2019 on. For model years 2016-2018, see 42-404.)",person.csv;vehicle.csv
MAK_MOD,42461,Mercedes-Benz SPRINTER,person.csv;vehicle.csv
MAK_MOD,42462,Mercedes-Benz Metris,person.csv;vehicle.csv
MAK_MOD,42498,Mercedes-Benz Other (light truck),person.csv;vehicle.csv
MAK_MOD,42870,Mercedes-Benz Medium Heavy Van-Based Vehicle,person.csv;vehicle.csv
MAK_MOD,43032,MG MGB,person.csv;vehicle.csv
MAK_MOD,45031,Porsche 911/996,person.csv;vehicle.csv
MAK_MOD,45037,Porsche 944,person.csv;vehicle.csv
MAK_MOD,45040,Porsche 986/Boxster,person.csv;vehicle.csv
MAK_MOD,45041,Porsche Cayman,person.csv;vehicle.csv
MAK_MOD,45042,Porsche Panamera,person.csv;vehicle.csv
MAK_MOD,45044,Porsche 718,person.csv;vehicle.csv
MAK_MOD,45398,Porsche Other (automobile),person.csv;vehicle.csv
MAK_MOD,45401,Porsche Macan,person.csv;vehicle.csv
MAK_MOD,45421,Porsche Cayenne,person.csv;vehicle.csv
MAK_MOD,47031,Saab 99/99E/900,person.csv;vehicle.csv
MAK_MOD,47034,Saab 9000,person.csv;vehicle.csv
MAK_MOD,47035,Saab 9-3/9-3X,person.csv;vehicle.csv
MAK_MOD,47036,Saab 9-5,person.csv;vehicle.csv
MAK_MOD,47037,Saab 9-2X,person.csv;vehicle.csv
MAK_MOD,47401,Saab 9-7x,person.csv;vehicle.csv
MAK_MOD,48034,Subaru Legacy/Outback(prior to 2003 only; see 045 for 2003 on),person.csv;vehicle.csv
MAK_MOD,48038,Subaru Impreza,person.csv;vehicle.csv
MAK_MOD,48044,Subaru Baja,person.csv;vehicle.csv
MAK_MOD,48045,Subaru Outback (2003 on)(see 034 for prior to 2003),person.csv;vehicle.csv
MAK_MOD,48046,Subaru BRZ,person.csv;vehicle.csv
MAK_MOD,48047,Subaru WRX (2015 on; see 038 for prior to 2015.),person.csv;vehicle.csv
MAK_MOD,48401,Subaru Forester,person.csv;vehicle.csv
MAK_MOD,48402,Subaru B9 Tribeca,person.csv;vehicle.csv
MAK_MOD,48403,Subaru XV Crosstrek,person.csv;vehicle.csv
MAK_MOD,48421,Subaru Ascent,person.csv;vehicle.csv
MAK_MOD,48498,Subaru Other (light truck),person.csv;vehicle.csv
MAK_MOD,49032,Toyota Corolla,person.csv;vehicle.csv
MAK_MOD,49033,Toyota Celica,person.csv;vehicle.csv
MAK_MOD,49034,Toyota Supra,person.csv;vehicle.csv
MAK_MOD,49038,Toyota Tercel,person.csv;vehicle.csv
MAK_MOD,49040,Toyota Camry,person.csv;vehicle.csv
MAK_MOD,49041,Toyota MR-2/MR Spyder,person.csv;vehicle.csv
MAK_MOD,49043,Toyota Avalon,person.csv;vehicle.csv
MAK_MOD,49044,Toyota Solara,person.csv;vehicle.csv
MAK_MOD,49045,Toyota ECHO,person.csv;vehicle.csv
MAK_MOD,49046,Toyota Prius *,person.csv;vehicle.csv
MAK_MOD,49047,Toyota Matrix,person.csv;vehicle.csv
MAK_MOD,49048,Toyota Scion xA,person.csv;vehicle.csv
MAK_MOD,49049,Toyota Scion xB (2004-2011 only. See Scion for 2012 on.),person.csv;vehicle.csv
MAK_MOD,49050,Toyota Scion tC (2005-2011 only. See Scion for 2012 on.),person.csv;vehicle.csv
MAK_MOD,49051,Toyota Yaris,person.csv;vehicle.csv
MAK_MOD,49052,Toyota Scion xD (2007-2011 only. See Scion for 2012 on.),person.csv;vehicle.csv
MAK_MOD,49053,Toyota Venza,person.csv;vehicle.csv
MAK_MOD,49055,Toyota Mirai,person.csv;vehicle.csv
MAK_MOD,49056,Toyota 86,person.csv;vehicle.csv
MAK_MOD,49057,Toyota GR Supra,person.csv;vehicle.csv
MAK_MOD,49398,Toyota Other (automobile),person.csv;vehicle.csv
MAK_MOD,49401,Toyota 4-Runner,person.csv;vehicle.csv
MAK_MOD,49402,Toyota RAV4 *,person.csv;vehicle.csv
MAK_MOD,49403,Toyota Highlander,person.csv;vehicle.csv
MAK_MOD,49404,Toyota FJ Cruiser,person.csv;vehicle.csv
MAK_MOD,49405,Toyota C-HR,person.csv;vehicle.csv
MAK_MOD,49421,Toyota Land Cruiser,person.csv;vehicle.csv
MAK_MOD,49422,Toyota Sequoia,person.csv;vehicle.csv
MAK_MOD,49441,Toyota Minivan (1984-90)/ Previa (1991 on),person.csv;vehicle.csv
MAK_MOD,49442,Toyota Sienna,person.csv;vehicle.csv
MAK_MOD,49471,Toyota Pickup,person.csv;vehicle.csv
MAK_MOD,49472,Toyota Tacoma,person.csv;vehicle.csv
MAK_MOD,49481,Toyota T-100,person.csv;vehicle.csv
MAK_MOD,49482,Toyota Tundra,person.csv;vehicle.csv
MAK_MOD,49498,Toyota Other (light truck),person.csv;vehicle.csv
MAK_MOD,49499,Toyota Unknown (light truck),person.csv;vehicle.csv
MAK_MOD,49999,Toyota Unknown (TOYOTA),person.csv;vehicle.csv
MAK_MOD,50034,Triumph TR6,person.csv;vehicle.csv
MAK_MOD,50704,Triumph 350-449cc,person.csv;vehicle.csv
MAK_MOD,50705,Triumph 450-749cc,person.csv;vehicle.csv
MAK_MOD,50706,Triumph 750cc or greater,person.csv;vehicle.csv
MAK_MOD,50709,Triumph Unknown cc,person.csv;vehicle.csv
MAK_MOD,51034,Volvo 240 series*/DL/GL/GLT,person.csv;vehicle.csv
MAK_MOD,51042,Volvo 850,person.csv;vehicle.csv
MAK_MOD,51043,"Volvo 70 Series (For XC70 for 2014 on, use model code 402)",person.csv;vehicle.csv
MAK_MOD,51045,Volvo 80 Series,person.csv;vehicle.csv
MAK_MOD,51046,Volvo 40 Series,person.csv;vehicle.csv
MAK_MOD,51047,Volvo 60 Series,person.csv;vehicle.csv
MAK_MOD,51049,Volvo C30,person.csv;vehicle.csv
MAK_MOD,51050,"Volvo XC60 (For 2008-2018 only. For model years 2019 on, see 51-404.)",person.csv;vehicle.csv
MAK_MOD,51051,Volvo V60,person.csv;vehicle.csv
MAK_MOD,51052,Volvo V90,person.csv;vehicle.csv
MAK_MOD,51401,Volvo XC90,person.csv;vehicle.csv
MAK_MOD,51403,Volvo XC40,person.csv;vehicle.csv
MAK_MOD,51404,"Volvo XC60 (For 2019 on. For model years 2008-2018, see 51-050.)",person.csv;vehicle.csv
MAK_MOD,51498,Volvo Other (light truck),person.csv;vehicle.csv
MAK_MOD,51881,Volvo Medium/Heavy - CBE,person.csv;vehicle.csv
MAK_MOD,51882,Volvo Medium/Heavy - COE low entry,person.csv;vehicle.csv
MAK_MOD,51884,Volvo Medium/Heavy - Unknown engine location,person.csv;vehicle.csv
MAK_MOD,51983,"Volvo Bus : Rear engine, Flat front",person.csv;vehicle.csv
MAK_MOD,51998,Volvo Other (Vehicle),person.csv;vehicle.csv
MAK_MOD,52034,Mitsubishi Galant,person.csv;vehicle.csv
MAK_MOD,52035,Mitsubishi Mirage (For 1985-2002. For 2014 on use model 048.),person.csv;vehicle.csv
MAK_MOD,52037,Mitsubishi Eclipse,person.csv;vehicle.csv
MAK_MOD,52040,Mitsubishi Diamante,person.csv;vehicle.csv
MAK_MOD,52046,Mitsubishi Lancer/Lancer Sportback/ Lancer Evolution,person.csv;vehicle.csv
MAK_MOD,52047,"Mitsubishi Outlander (For 2003-2018 only. For model years 2019 on, see 52-404.)",person.csv;vehicle.csv
MAK_MOD,52048,Mitsubishi Mirage (2014 on. For 1985-2002 use 52-035.),person.csv;vehicle.csv
MAK_MOD,52401,Mitsubishi Montero/Montero Sport,person.csv;vehicle.csv
MAK_MOD,52402,Mitsubishi Endeavor,person.csv;vehicle.csv
MAK_MOD,52403,Mitsubishi Eclipse Cross,person.csv;vehicle.csv
MAK_MOD,52404,"Mitsubishi Outlander (For 2019 on. For model years 2003-2018, see 52-047.)",person.csv;vehicle.csv
MAK_MOD,52472,Mitsubishi Raider,person.csv;vehicle.csv
MAK_MOD,52882,"Mitsubishi Medium/Heavy - COE, low entry",person.csv;vehicle.csv
MAK_MOD,53031,Suzuki Swift/SA310,person.csv;vehicle.csv
MAK_MOD,53033,Suzuki Aerio,person.csv;vehicle.csv
MAK_MOD,53034,Suzuki Forenza,person.csv;vehicle.csv
MAK_MOD,53036,Suzuki Reno,person.csv;vehicle.csv
MAK_MOD,53040,Suzuki SX4/SX4 Crossover,person.csv;vehicle.csv
MAK_MOD,53399,Suzuki Unknown (automobile),person.csv;vehicle.csv
MAK_MOD,53402,Suzuki Sidekick/Vitara/ Vitara V6,person.csv;vehicle.csv
MAK_MOD,53404,Suzuki Grand Vitara (2003 on; see model 402 for models prior to 2003),person.csv;vehicle.csv
MAK_MOD,53405,Suzuki XL-7 (2003 on; see 402 for 2002 model year),person.csv;vehicle.csv
MAK_MOD,53481,Suzuki Equator,person.csv;vehicle.csv
MAK_MOD,53702,Suzuki 51-124cc,person.csv;vehicle.csv
MAK_MOD,53703,Suzuki 125-349cc,person.csv;vehicle.csv
MAK_MOD,53704,Suzuki 350-449cc,person.csv;vehicle.csv
MAK_MOD,53705,Suzuki 450-749cc,person.csv;vehicle.csv
MAK_MOD,53706,Suzuki 750cc-over,person.csv;vehicle.csv
MAK_MOD,53709,Suzuki Unknown cc,person.csv;vehicle.csv
MAK_MOD,53732,Suzuki 51-124cc (ATV),person.csv;vehicle.csv
MAK_MOD,53733,Suzuki 125-349cc (ATV),person.csv;vehicle.csv
MAK_MOD,53734,Suzuki 350cc or greater (ATV),person.csv;vehicle.csv
MAK_MOD,53739,Suzuki Unknown cc (ATV),person.csv;vehicle.csv
MAK_MOD,54031,Acura Integra,person.csv;vehicle.csv
MAK_MOD,54035,Acura TL,person.csv;vehicle.csv
MAK_MOD,54036,Acura RL/RLX,person.csv;vehicle.csv
MAK_MOD,54037,Acura CL,person.csv;vehicle.csv
MAK_MOD,54038,Acura RSX,person.csv;vehicle.csv
MAK_MOD,54039,Acura TSX,person.csv;vehicle.csv
MAK_MOD,54040,Acura ZDX,vehicle.csv
MAK_MOD,54041,Acura ILX,person.csv;vehicle.csv
MAK_MOD,54044,Acura TLX,person.csv;vehicle.csv
MAK_MOD,54402,Acura RDX,person.csv;vehicle.csv
MAK_MOD,54421,Acura MDX,person.csv;vehicle.csv
MAK_MOD,54498,Acura Other (light truck),person.csv;vehicle.csv
MAK_MOD,55033,Hyundai Sonata,person.csv;vehicle.csv
MAK_MOD,55035,Hyundai Elantra,person.csv;vehicle.csv
MAK_MOD,55036,Hyundai Accent,person.csv;vehicle.csv
MAK_MOD,55037,Hyundai Tiburon,person.csv;vehicle.csv
MAK_MOD,55038,Hyundai XG300(2001)/ XG350(2002 on),person.csv;vehicle.csv
MAK_MOD,55039,"Hyundai Azera (For 2018 on, code as vehicle model 398)",person.csv;vehicle.csv
MAK_MOD,55040,Hyundai Equus,person.csv;vehicle.csv
MAK_MOD,55041,"Hyundai Genesis (For 2009-2016 only. For model years 2017 on, see 55-043, 55-044 and 55-046)",person.csv;vehicle.csv
MAK_MOD,55042,Hyundai Veloster,person.csv;vehicle.csv
MAK_MOD,55043,Hyundai Genesis (G80),person.csv;vehicle.csv
MAK_MOD,55044,Hyundai Genesis (G90),person.csv;vehicle.csv
MAK_MOD,55045,Hyundai Ioniq,person.csv;vehicle.csv
MAK_MOD,55046,Hyundai Genesis (G70),person.csv;vehicle.csv
MAK_MOD,55398,Hyundai Other (automobile),person.csv;vehicle.csv
MAK_MOD,55401,Hyundai Santa Fe,person.csv;vehicle.csv
MAK_MOD,55402,Hyundai Tucson,person.csv;vehicle.csv
MAK_MOD,55403,Hyundai Veracruz (2007 only),person.csv;vehicle.csv
MAK_MOD,55404,Hyundai Kona,person.csv;vehicle.csv
MAK_MOD,55406,Hyundai Venue,person.csv;vehicle.csv
MAK_MOD,55421,Hyundai Veracruz (2008 on; see 403 for 2007 only),person.csv;vehicle.csv
MAK_MOD,55422,Hyundai Palisade,person.csv;vehicle.csv
MAK_MOD,55441,Hyundai Entourage,person.csv;vehicle.csv
MAK_MOD,55498,Hyundai Other (light truck),person.csv;vehicle.csv
MAK_MOD,58032,Infiniti Q45,person.csv;vehicle.csv
MAK_MOD,58033,Infiniti G20,person.csv;vehicle.csv
MAK_MOD,58034,Infiniti J30,person.csv;vehicle.csv
MAK_MOD,58035,Infiniti I30,person.csv;vehicle.csv
MAK_MOD,58036,Infiniti I35,person.csv;vehicle.csv
MAK_MOD,58037,Infiniti G25/G35/G37,person.csv;vehicle.csv
MAK_MOD,58038,Infiniti M35/M37/M45/M56,person.csv;vehicle.csv
MAK_MOD,58039,Infiniti FX35/FX37/FX45/FX50,person.csv;vehicle.csv
MAK_MOD,58040,Infiniti EX35/EX37,person.csv;vehicle.csv
MAK_MOD,58041,Infiniti Q50,person.csv;vehicle.csv
MAK_MOD,58042,Infiniti Q60,person.csv;vehicle.csv
MAK_MOD,58043,Infiniti Q70,person.csv;vehicle.csv
MAK_MOD,58044,Infiniti QX50,person.csv;vehicle.csv
MAK_MOD,58045,Infiniti Q40,person.csv;vehicle.csv
MAK_MOD,58047,Infiniti QX30,person.csv;vehicle.csv
MAK_MOD,58401,Infiniti QX4,person.csv;vehicle.csv
MAK_MOD,58402,Infiniti JX35,person.csv;vehicle.csv
MAK_MOD,58403,Infiniti QX60,person.csv;vehicle.csv
MAK_MOD,58404,Infiniti QX70,person.csv;vehicle.csv
MAK_MOD,58421,Infiniti QX56,person.csv;vehicle.csv
MAK_MOD,58422,Infiniti QX80,person.csv;vehicle.csv
MAK_MOD,58498,Infiniti Other (light truck),person.csv;vehicle.csv
MAK_MOD,59031,Lexus ES-250/300/300h/330/ 350,person.csv;vehicle.csv
MAK_MOD,59032,Lexus LS-400/430/460/460L/600h/600hL,person.csv;vehicle.csv
MAK_MOD,59034,Lexus GS-300/350/400/430/ 450h/460,person.csv;vehicle.csv
MAK_MOD,59035,Lexus IS-250/300/350/500/200t,person.csv;vehicle.csv
MAK_MOD,59036,Lexus SC-430,person.csv;vehicle.csv
MAK_MOD,59037,Lexus HS 250h,person.csv;vehicle.csv
MAK_MOD,59038,Lexus CT 200h,person.csv;vehicle.csv
MAK_MOD,59040,Lexus RC,person.csv;vehicle.csv
MAK_MOD,59043,Lexus UX,person.csv;vehicle.csv
MAK_MOD,59398,Lexus Other (automobile),person.csv;vehicle.csv
MAK_MOD,59401,Lexus RX300/350,person.csv;vehicle.csv
MAK_MOD,59402,Lexus GX470,person.csv;vehicle.csv
MAK_MOD,59403,Lexus RX330/350/400h/450h,person.csv;vehicle.csv
MAK_MOD,59404,Lexus GX460,person.csv;vehicle.csv
MAK_MOD,59405,Lexus NX,person.csv;vehicle.csv
MAK_MOD,59421,Lexus LX450/470/570,person.csv;vehicle.csv
MAK_MOD,59498,Lexus Other (light truck),person.csv;vehicle.csv
MAK_MOD,60999,Daihatsu Unknown (DAIHATSU),person.csv
MAK_MOD,62401,"Land Rover Discovery (For 2017 on, see model 425)",person.csv;vehicle.csv
MAK_MOD,62404,Land Rover Range Rover Evoque,person.csv;vehicle.csv
MAK_MOD,62405,Land Rover Discovery Sport,person.csv;vehicle.csv
MAK_MOD,62421,Land Rover Range Rover,person.csv;vehicle.csv
MAK_MOD,62423,Land Rover LR3/LR4,person.csv;vehicle.csv
MAK_MOD,62424,Land Rover LR2,person.csv;vehicle.csv
MAK_MOD,62425,"Land Rover Discovery (For model years 1994-2004, see model 401)",person.csv;vehicle.csv
MAK_MOD,62426,Land Rover Velar,person.csv;vehicle.csv
MAK_MOD,62427,Land Rover Defender,person.csv;vehicle.csv
MAK_MOD,62499,Land Rover Unknown (light truck),person.csv;vehicle.csv
MAK_MOD,63032,KIA Rio/Rio5,person.csv;vehicle.csv
MAK_MOD,63033,KIA Spectra/Spectra5,person.csv;vehicle.csv
MAK_MOD,63034,KIA Optima,person.csv;vehicle.csv
MAK_MOD,63035,KIA Amanti,person.csv;vehicle.csv
MAK_MOD,63036,KIA Rondo,person.csv;vehicle.csv
MAK_MOD,63037,KIA Soul,person.csv;vehicle.csv
MAK_MOD,63038,KIA Forte,person.csv;vehicle.csv
MAK_MOD,63039,KIA Cadenza,person.csv;vehicle.csv
MAK_MOD,63040,KIA K900,person.csv;vehicle.csv
MAK_MOD,63041,KIA Stinger,person.csv;vehicle.csv
MAK_MOD,63398,KIA Other (automobile),person.csv;vehicle.csv
MAK_MOD,63399,KIA Unknown (automobile),person.csv;vehicle.csv
MAK_MOD,63401,KIA Sportage,person.csv;vehicle.csv
MAK_MOD,63402,KIA Sorento,person.csv;vehicle.csv
MAK_MOD,63403,KIA Niro,person.csv;vehicle.csv
MAK_MOD,63421,KIA Borrego,person.csv;vehicle.csv
MAK_MOD,63422,KIA Telluride,person.csv;vehicle.csv
MAK_MOD,63441,KIA Sedona,person.csv;vehicle.csv
MAK_MOD,63498,KIA Other (Light Truck),person.csv;vehicle.csv
MAK_MOD,63999,KIA Unknown (KIA),person.csv;vehicle.csv
MAK_MOD,65031,Smart Fortwo,person.csv;vehicle.csv
MAK_MOD,67031,Scion xB (2012 on. See Toyota for 2004-2011),person.csv;vehicle.csv
MAK_MOD,67032,Scion tC (2012 on. See Toyota for 2005-2011),person.csv;vehicle.csv
MAK_MOD,67033,Scion xD (2012 on. See Toyota for 2007-2011),person.csv;vehicle.csv
MAK_MOD,67034,Scion iQ (2012 on. See Toyota for 2010-2011),person.csv;vehicle.csv
MAK_MOD,67035,Scion FR-S,person.csv;vehicle.csv
MAK_MOD,67036,Scion iA,person.csv;vehicle.csv
MAK_MOD,67037,Scion iM,person.csv;vehicle.csv
MAK_MOD,69031,Other Import Aston Martin,person.csv;vehicle.csv
MAK_MOD,69035,Other Import Ferrari,person.csv;vehicle.csv
MAK_MOD,69038,Other Import Lamborghini,person.csv;vehicle.csv
MAK_MOD,69039,Other Import Lotus,person.csv;vehicle.csv
MAK_MOD,69040,Other Import Maserati,person.csv;vehicle.csv
MAK_MOD,69042,Other Import Rolls Royce/Bentley,person.csv;vehicle.csv
MAK_MOD,69054,Other Import Mini-Cooper,person.csv;vehicle.csv
MAK_MOD,69063,Other Import McLaren,person.csv;vehicle.csv
MAK_MOD,69398,Other Import Other (automobile),person.csv;vehicle.csv
MAK_MOD,71705,Ducati 450-749cc,person.csv;vehicle.csv
MAK_MOD,71706,Ducati 750cc or greater,person.csv;vehicle.csv
MAK_MOD,72705,Harley-Davidson 450-749cc,person.csv;vehicle.csv
MAK_MOD,72706,Harley-Davidson 750cc or greater,person.csv;vehicle.csv
MAK_MOD,72709,Harley-Davidson Unknown cc,person.csv;vehicle.csv
MAK_MOD,73702,Kawasaki 51-124cc,person.csv;vehicle.csv
MAK_MOD,73703,Kawasaki 125-349cc,person.csv;vehicle.csv
MAK_MOD,73704,Kawasaki 350-449cc,person.csv;vehicle.csv
MAK_MOD,73705,Kawasaki 450-749cc,person.csv;vehicle.csv
MAK_MOD,73706,Kawasaki 750cc or greater,person.csv;vehicle.csv
MAK_MOD,73709,Kawasaki Unknown cc,person.csv;vehicle.csv
MAK_MOD,73733,Kawasaki 125-349cc (ATV),person.csv;vehicle.csv
MAK_MOD,73734,Kawasaki 350cc or greater (ATV),person.csv;vehicle.csv
MAK_MOD,73739,Kawasaki Unknown cc (ATV),person.csv;vehicle.csv
MAK_MOD,74705,Moto Guzzi 450-749cc,person.csv;vehicle.csv
MAK_MOD,74706,Moto Guzzi 750cc or greater,person.csv;vehicle.csv
MAK_MOD,76701,Yamaha 0-50cc,person.csv;vehicle.csv
MAK_MOD,76702,Yamaha 51-124cc,person.csv;vehicle.csv
MAK_MOD,76703,Yamaha 125-349cc,person.csv;vehicle.csv
MAK_MOD,76704,Yamaha 350-449cc,person.csv;vehicle.csv
MAK_MOD,76705,Yamaha 450-749cc,person.csv;vehicle.csv
MAK_MOD,76706,Yamaha 750cc or greater,person.csv;vehicle.csv
MAK_MOD,76709,Yamaha Unknown cc,person.csv;vehicle.csv
MAK_MOD,76731,Yamaha 0-50cc (ATV),person.csv;vehicle.csv
MAK_MOD,76733,Yamaha 125-349cc (ATV),person.csv;vehicle.csv
MAK_MOD,76734,Yamaha 350cc or greater (ATV),person.csv;vehicle.csv
MAK_MOD,76739,Yamaha Unknown cc (ATV),person.csv;vehicle.csv
MAK_MOD,76998,Yamaha Other (Vehicle),person.csv;vehicle.csv
MAK_MOD,77706,Victory 750cc or greater,person.csv;vehicle.csv
MAK_MOD,82461,Freightliner Sprinter/Advantage,person.csv;vehicle.csv
MAK_MOD,82850,Freightliner Motor Home,person.csv;vehicle.csv
MAK_MOD,82870,Freightliner Medium Heavy Van-Based Vehicle,person.csv;vehicle.csv
MAK_MOD,82881,Freightliner Medium/Heavy - CBE,person.csv;vehicle.csv
MAK_MOD,82884,Freightliner Medium/Heavy - Unknown engine location,person.csv;vehicle.csv
MAK_MOD,82890,Freightliner Medium/Heavy - COE entry position unknown,person.csv;vehicle.csv
MAK_MOD,82898,Freightliner Other (medium/heavy truck),person.csv;vehicle.csv
MAK_MOD,82981,Freightliner Bus**: Conventional (Engine out front),person.csv;vehicle.csv
MAK_MOD,82982,"Freightliner Bus: Front engine, Flat front",person.csv;vehicle.csv
MAK_MOD,82999,Freightliner Unknown (FREIGHTLINER),person.csv;vehicle.csv
MAK_MOD,84481,International Harvester/Navistar Pickup,person.csv;vehicle.csv
MAK_MOD,84881,International Harvester/Navistar Medium/Heavy - CBE,person.csv;vehicle.csv
MAK_MOD,84883,International Harvester/Navistar Medium/Heavy - COE high entry,person.csv;vehicle.csv
MAK_MOD,84884,International Harvester/Navistar Medium/Heavy - Unknown engine location,person.csv;vehicle.csv
MAK_MOD,84898,International Harvester/Navistar Other (medium/heavy truck),person.csv;vehicle.csv
MAK_MOD,84981,International Harvester/Navistar Bus**: Conventional (Engine out front),person.csv;vehicle.csv
MAK_MOD,84983,"International Harvester/Navistar Bus**: Rear engine, Flat front",person.csv;vehicle.csv
MAK_MOD,84998,International Harvester/Navistar Other (vehicle),person.csv;vehicle.csv
MAK_MOD,84999,International Harvester/Navistar Unknown (INTL. HARVESTER/ NAVISTAR),person.csv;vehicle.csv
MAK_MOD,85881,Kenworth Medium/Heavy - CBE,person.csv;vehicle.csv
MAK_MOD,85883,Kenworth Medium/Heavy - COE high entry,person.csv;vehicle.csv
MAK_MOD,85890,Kenworth Medium/Heavy - COE entry position unknown,person.csv;vehicle.csv
MAK_MOD,85898,Kenworth Other (medium/heavy truck),person.csv;vehicle.csv
MAK_MOD,86881,Mack Medium/Heavy - CBE,person.csv;vehicle.csv
MAK_MOD,86882,Mack Medium/Heavy - COE low entry,person.csv;vehicle.csv
MAK_MOD,86883,Mack Medium/Heavy - COE high entry,person.csv;vehicle.csv
MAK_MOD,87881,Peterbilt Medium/Heavy - CBE,person.csv;vehicle.csv
MAK_MOD,87882,Peterbilt Medium/Heavy - COE low entry,person.csv;vehicle.csv
MAK_MOD,87883,Peterbilt Medium/Heavy - COE high entry,person.csv;vehicle.csv
MAK_MOD,87884,Peterbilt Medium/Heavy - Unknown engine location,person.csv;vehicle.csv
MAK_MOD,87890,Peterbilt Medium/Heavy - COE entry position unknown,person.csv;vehicle.csv
MAK_MOD,89881,White/Autocar White/GMC Medium/Heavy - CBE,person.csv;vehicle.csv
MAK_MOD,89882,White/Autocar White/GMC Medium/Heavy - COE low entry,person.csv;vehicle.csv
MAK_MOD,89883,White/Autocar White/GMC Medium/Heavy - COE high entry,person.csv;vehicle.csv
MAK_MOD,89890,White/Autocar White/GMC Medium/Heavy - COE entry position unknown,person.csv;vehicle.csv
MAK_MOD,90981,Bluebird Bus**: Conventional (Engine out front),person.csv;vehicle.csv
MAK_MOD,90982,"Bluebird Bus: Front engine, Flat front",person.csv;vehicle.csv
MAK_MOD,90983,"Bluebird Bus: Rear engine, Flat front",person.csv;vehicle.csv
MAK_MOD,92988,Gillig Other (bus),person.csv;vehicle.csv
MAK_MOD,93983,"MCI Bus: Rear engine, Flat front",person.csv;vehicle.csv
MAK_MOD,93988,MCI Other (bus),person.csv;vehicle.csv
MAK_MOD,94982,"Thomas Built Bus: Front engine, Flat front",person.csv;vehicle.csv
MAK_MOD,94983,"Thomas Built Bus: Rear engine, Flat front",person.csv;vehicle.csv
MAK_MOD,97997,Not Reported Not Reported,person.csv;vehicle.csv
MAK_MOD,98398,Other Make Other (automobile),person.csv;vehicle.csv
MAK_MOD,98498,Other Make Other (light truck),person.csv;vehicle.csv
MAK_MOD,98598,Other Make Other (LSV/NEV),person.csv;vehicle.csv
MAK_MOD,98701,Other Make 0-50cc,person.csv;vehicle.csv
MAK_MOD,98702,Other Make 51-124cc,person.csv;vehicle.csv
MAK_MOD,98703,Other Make 125-349cc,person.csv;vehicle.csv
MAK_MOD,98704,Other Make 350-449cc,person.csv;vehicle.csv
MAK_MOD,98705,Other Make 450-749cc,person.csv;vehicle.csv
MAK_MOD,98706,Other Make 750cc or greater,person.csv;vehicle.csv
MAK_MOD,98707,Other Make Electric Motorcycle,person.csv;vehicle.csv
MAK_MOD,98709,Other Make Unknown cc,person.csv;vehicle.csv
MAK_MOD,98731,Other Make 0-50cc (ATV),person.csv;vehicle.csv
MAK_MOD,98732,Other Make 51-124cc (ATV),person.csv;vehicle.csv
MAK_MOD,98733,Other Make 125-349cc (ATV),person.csv;vehicle.csv
MAK_MOD,98734,Other Make 350cc or greater (ATV),person.csv;vehicle.csv
MAK_MOD,98739,Other Make Unknown cc (ATV),person.csv;vehicle.csv
MAK_MOD,98804,Other Make Western Star,person.csv;vehicle.csv
MAK_MOD,98805,Other Make Oshkosh,person.csv;vehicle.csv
MAK_MOD,98806,Other Make Hino,person.csv;vehicle.csv
MAK_MOD,98808,Other Make UD,person.csv;vehicle.csv
MAK_MOD,98809,Other Make Sterling,person.csv;vehicle.csv
MAK_MOD,98850,Other Make Motor Home,person.csv;vehicle.csv
MAK_MOD,98881,Other Make Medium/Heavy - CBE,person.csv;vehicle.csv
MAK_MOD,98882,Other Make Medium/Heavy - COE low entry,person.csv;vehicle.csv
MAK_MOD,98883,Other Make Medium/Heavy - COE high entry,person.csv;vehicle.csv
MAK_MOD,98884,Other Make Medium/Heavy - Unknown engine location,person.csv;vehicle.csv
MAK_MOD,98890,Other Make Medium/Heavy - COE entry position unknown,person.csv;vehicle.csv
MAK_MOD,98898,Other Make Other (medium/heavy truck)**,person.csv;vehicle.csv
MAK_MOD,98907,Other Make Orion,person.csv;vehicle.csv
MAK_MOD,98908,Other Make Van Hool,person.csv;vehicle.csv
MAK_MOD,98983,"Other Make Bus: Rear engine, Flat front",person.csv;vehicle.csv
MAK_MOD,98988,Other Make Other (bus),person.csv;vehicle.csv
MAK_MOD,98998,Other Make Other (vehicle),person.csv;vehicle.csv
MAK_MOD,98999,Other Make Unknown (OTHER MAKE),person.csv;vehicle.csv
MAK_MOD,99399,Unknown Make Unknown (automobile),person.csv;vehicle.csv
MAK_MOD,99499,Unknown Make Unknown (light truck),person.csv;vehicle.csv
MAK_MOD,99599,Unknown Make Unknown (LSV/NGV),person.csv;vehicle.csv
MAK_MOD,99701,Unknown Make 0-50cc,person.csv;vehicle.csv
MAK_MOD,99704,Unknown Make 350-449cc,person.csv;vehicle.csv
MAK_MOD,99705,Unknown Make 450-749cc,person.csv;vehicle.csv
MAK_MOD,99707,Unknown Make Electric Motorcycle,person.csv;vehicle.csv
MAK_MOD,99709,Unknown Make Unknown cc,person.csv;vehicle.csv
MAK_MOD,99734,Unknown Make 350cc or greater (ATV),person.csv;vehicle.csv
MAK_MOD,99739,Unknown Make Unknown cc (ATV),person.csv;vehicle.csv
MAK_MOD,99850,Unknown Make Motor Home,person.csv;vehicle.csv
MAK_MOD,99881,Unknown Make Medium/Heavy - CBE,person.csv;vehicle.csv
MAK_MOD,99884,Unknown Make Medium/Heavy - Unknown engine location,person.csv;vehicle.csv
MAK_MOD,99890,Unknown Make Medium/Heavy - COE entry position unknown,person.csv;vehicle.csv
MAK_MOD,99898,Unknown Make Other (medium/heavy truck),person.csv;vehicle.csv
MAK_MOD,99989,Unknown Make Unknown (bus),person.csv;vehicle.csv
MAK_MOD,99998,Unknown Make Other (vehicle),person.csv;vehicle.csv
MAK_MOD,99999,"Unknown Make Unknown (as to automobile, motored cycle, light truck or truck)",person.csv;vehicle.csv
MANEUVER,0,Driver Did Not Maneuver to Avoid,maneuver.csv
MANEUVER,1,Object,maneuver.csv
MANEUVER,2,"Poor Road Conditions (Puddle, Ice, Pothole, etc.)",maneuver.csv
MANEUVER,3,Live Animal,maneuver.csv
MANEUVER,4,Contact Motor Vehicle (In this crash),maneuver.csv
MANEUVER,5,"Pedestrian, Pedalcyclist or Other Non-Motorist",maneuver.csv
MANEUVER,92,Phantom/Non-Contact Motor Vehicle,maneuver.csv
MANEUVER,95,No Driver Present/Unknown if Driver present,maneuver.csv
MANEUVER,98,Not Reported,maneuver.csv
MANEUVER,99,Reported as Unknown,maneuver.csv
MAN_COLL,0,The First Harmful Event was Not a Collision with a Motor Vehicle in Transport,accident.csv;person.csv;vehicle.csv
MAN_COLL,1,Front-to-Rear,accident.csv;person.csv;vehicle.csv
MAN_COLL,2,Front-to-Front,accident.csv;person.csv;vehicle.csv
MAN_COLL,6,Angle,accident.csv;person.csv;vehicle.csv
MAN_COLL,7,Sideswipe - Same Direction,accident.csv;person.csv;vehicle.csv
MAN_COLL,8,Sideswipe - Opposite Direction,accident.csv;person.csv;vehicle.csv
MAN_COLL,9,Rear-to-Side,accident.csv;person.csv;vehicle.csv
MAN_COLL,10,Rear-to-Rear,accident.csv;person.csv;vehicle.csv
MAN_COLL,11,Other,accident.csv;person.csv;vehicle.csv
MAN_COLL,98,Not Reported,accident.csv;person.csv;vehicle.csv
MAN_COLL,99,Reported as Unknown,accident.csv;person.csv;vehicle.csv
MCARR_I1,0,Not Applicable,vehicle.csv
MCARR_I1,1,Alabama,vehicle.csv
MCARR_I1,4,Arizona,vehicle.csv
MCARR_I1,5,Arkansas,vehicle.csv
MCARR_I1,6,California,vehicle.csv
MCARR_I1,8,Colorado,vehicle.csv
MCARR_I1,9,Connecticut,vehicle.csv
MCARR_I1,10,Delaware,vehicle.csv
MCARR_I1,12,Florida,vehicle.csv
MCARR_I1,13,Georgia,vehicle.csv
MCARR_I1,15,Hawaii,vehicle.csv
MCARR_I1,17,Illinois,vehicle.csv
MCARR_I1,18,Indiana,vehicle.csv
MCARR_I1,19,Iowa,vehicle.csv
MCARR_I1,20,Kansas,vehicle.csv
MCARR_I1,21,Kentucky,vehicle.csv
MCARR_I1,22,Louisiana,vehicle.csv
MCARR_I1,24,Maryland,vehicle.csv
MCARR_I1,25,Massachusetts,vehicle.csv
MCARR_I1,26,Michigan,vehicle.csv
MCARR_I1,27,Minnesota,vehicle.csv
MCARR_I1,28,Mississippi,vehicle.csv
MCARR_I1,29,Missouri,vehicle.csv
MCARR_I1,30,Montana,vehicle.csv
MCARR_I1,31,Nebraska,vehicle.csv
MCARR_I1,32,Nevada,vehicle.csv
MCARR_I1,34,New Jersey,vehicle.csv
MCARR_I1,36,New York,vehicle.csv
MCARR_I1,37,North Carolina,vehicle.csv
MCARR_I1,38,North Dakota,vehicle.csv
MCARR_I1,39,Ohio,vehicle.csv
MCARR_I1,40,Oklahoma,vehicle.csv
MCARR_I1,41,Oregon,vehicle.csv
MCARR_I1,42,Pennsylvania,vehicle.csv
MCARR_I1,45,South Carolina,vehicle.csv
MCARR_I1,47,Tennessee,vehicle.csv
MCARR_I1,48,Texas,vehicle.csv
MCARR_I1,49,Utah,vehicle.csv
MCARR_I1,51,Virginia,vehicle.csv
MCARR_I1,53,Washington,vehicle.csv
MCARR_I1,54,West Virginia,vehicle.csv
MCARR_I1,55,Wisconsin,vehicle.csv
MCARR_I1,56,Wyoming,vehicle.csv
MCARR_I1,57,US DOT,vehicle.csv
MCARR_I1,58,MC/MX (ICC),vehicle.csv
MCARR_I1,77,Not Reported,vehicle.csv
MCARR_I1,88,None,vehicle.csv
MCARR_I1,95,Canada,vehicle.csv
MCARR_I1,99,Unknown,vehicle.csv
MCARR_I2,000000000,Not Applicable,vehicle.csv
MCARR_I2,777777777,Not Reported,vehicle.csv
MCARR_I2,888888888,None,vehicle.csv
MCARR_I2,999999999,Unknown,vehicle.csv
MCARR_ID,00000000000,Not Applicable,vehicle.csv
MCARR_ID,77777777777,Not Reported,vehicle.csv
MCARR_ID,88888888888,None,vehicle.csv
MCARR_ID,99999999999,Unknown,vehicle.csv
MILEPT,0,None,accident.csv
MILEPT,99998,Not Reported,accident.csv
MILEPT,99999,Unknown,accident.csv
MINUTE,99,Unknown Minutes,accident.csv;person.csv;vehicle.csv
MOD_YEAR,9998,Not Reported,person.csv;vehicle.csv
MOD_YEAR,9999,Unknown,person.csv;vehicle.csv
MONTH,1,January,accident.csv;person.csv;vehicle.csv
MONTH,2,February,accident.csv;person.csv;vehicle.csv
MONTH,3,March,accident.csv;person.csv;vehicle.csv
MONTH,4,April,accident.csv;person.csv;vehicle.csv
MONTH,5,May,accident.csv;person.csv;vehicle.csv
MONTH,6,June,accident.csv;person.csv;vehicle.csv
MONTH,7,July,accident.csv;person.csv;vehicle.csv
MONTH,8,August,accident.csv;person.csv;vehicle.csv
MONTH,9,September,accident.csv;person.csv;vehicle.csv
MONTH,10,October,accident.csv;person.csv;vehicle.csv
MONTH,11,November,accident.csv;person.csv;vehicle.csv
MONTH,12,December,accident.csv;person.csv;vehicle.csv
MOTDIR,1,Northbound,pbtype.csv
MOTDIR,2,Eastbound,pbtype.csv
MOTDIR,3,Southbound,pbtype.csv
MOTDIR,4,Westbound,pbtype.csv
MOTDIR,7,Not a Pedestrian,pbtype.csv
MOTDIR,8,Not Applicable,pbtype.csv
MOTDIR,9,Unknown Initial Direction of Travel,pbtype.csv
MOTMAN,1,Left Turn,pbtype.csv
MOTMAN,2,Right Turn,pbtype.csv
MOTMAN,3,Straight through,pbtype.csv
MOTMAN,7,Not a Pedestrian,pbtype.csv
MOTMAN,8,Not Applicable,pbtype.csv
MOTMAN,9,Unknown Motorist Maneuver,pbtype.csv
MULTRACE,0,No,race.csv
MULTRACE,1,Yes,race.csv
MULTRACE,7,Redacted,race.csv
M_HARM,1,Rollover/Overturn,vehicle.csv
M_HARM,2,Fire/Explosion,vehicle.csv
M_HARM,3,Immersion or Partial Immersion,vehicle.csv
M_HARM,5,Fell/Jumped from Vehicle,vehicle.csv
M_HARM,6,Injured In Vehicle (Non-Collision),vehicle.csv
M_HARM,7,Other Non-Collision,vehicle.csv
M_HARM,8,Pedestrian,vehicle.csv
M_HARM,9,Pedalcyclist,vehicle.csv
M_HARM,10,Railway Vehicle,vehicle.csv
M_HARM,11,Live Animal,vehicle.csv
M_HARM,12,Motor Vehicle In-Transport,vehicle.csv
M_HARM,14,Parked Motor Vehicle,vehicle.csv
M_HARM,15,Non-Motorist on Personal Conveyance,vehicle.csv
M_HARM,16,Thrown or Falling Object,vehicle.csv
M_HARM,17,Boulder,vehicle.csv
M_HARM,18,Other Object (not fixed),vehicle.csv
M_HARM,19,Building,vehicle.csv
M_HARM,20,Impact Attenuator/Crash Cushion,vehicle.csv
M_HARM,21,Bridge Pier or Support,vehicle.csv
M_HARM,23,Bridge Rail (Includes parapet),vehicle.csv
M_HARM,24,Guardrail Face,vehicle.csv
M_HARM,25,Concrete Traffic Barrier,vehicle.csv
M_HARM,26,Other Traffic Barrier,vehicle.csv
M_HARM,30,Utility Pole/Light Support,vehicle.csv
M_HARM,31,"Post, Pole or Other Supports",vehicle.csv
M_HARM,32,Culvert,vehicle.csv
M_HARM,33,Curb,vehicle.csv
M_HARM,34,Ditch,vehicle.csv
M_HARM,35,Embankment,vehicle.csv
M_HARM,38,Fence,vehicle.csv
M_HARM,39,Wall,vehicle.csv
M_HARM,40,Fire Hydrant,vehicle.csv
M_HARM,41,Shrubbery,vehicle.csv
M_HARM,42,Tree (Standing Only),vehicle.csv
M_HARM,43,Other Fixed Object,vehicle.csv
M_HARM,44,"Pavement Surface Irregularity (Ruts, Potholes, Grates, etc.)",vehicle.csv
M_HARM,45,Working Motor Vehicle,vehicle.csv
M_HARM,46,Traffic Signal Support,vehicle.csv
M_HARM,49,Ridden Animal or Animal Drawn Conveyance,vehicle.csv
M_HARM,50,Bridge Overhead Structure,vehicle.csv
M_HARM,51,Jackknife (harmful to this vehicle),vehicle.csv
M_HARM,52,Guardrail End,vehicle.csv
M_HARM,53,Mail Box,vehicle.csv
M_HARM,54,"Motor Vehicle In-Transport Strikes or is Struck by Cargo, Persons or Objects Set-in-Motion from/by Another Motor Vehicle In Transport",vehicle.csv
M_HARM,55,Motor Vehicle in Motion Outside the Trafficway,vehicle.csv
M_HARM,57,Cable Barrier,vehicle.csv
M_HARM,58,Ground,vehicle.csv
M_HARM,59,Traffic Sign Support,vehicle.csv
M_HARM,72,"Cargo/Equipment Loss, Shift, or Damage [harmful]",vehicle.csv
M_HARM,73,Object That Had Fallen From Motor Vehicle In-Transport,vehicle.csv
M_HARM,74,Road Vehicle on Rails,vehicle.csv
M_HARM,91,Unknown Object Not Fixed,vehicle.csv
M_HARM,93,Unknown Fixed Object,vehicle.csv
M_HARM,98,"Harmful Event, Details Not Reported",vehicle.csv
M_HARM,99,Reported as Unknown,vehicle.csv
NHS,0,This Section IS NOT on the NHS,accident.csv
NHS,1,This Section IS ON the NHS,accident.csv
NHS,9,Unknown if This Section Is on the NHS,accident.csv
NMACTION,1,Going To or From School [Pre-K-12],nmprior.csv
NMACTION,2,Waiting to Cross Roadway,nmprior.csv
NMACTION,3,Crossing Roadway,nmprior.csv
NMACTION,4,Jogging/Running,nmprior.csv
NMACTION,5,Movement Along Roadway with Traffic (In or Adjacent to Travel Lane),nmprior.csv
NMACTION,6,Movement Along Roadway Against Traffic (In or Adjacent to Travel Lane),nmprior.csv
NMACTION,8,"In Roadway - Other [Working, Playing, Etc.]",nmprior.csv
NMACTION,9,"Stationary and Adjacent to Roadway (e.g., Shoulder, Median, Sidewalk)",nmprior.csv
NMACTION,10,Working in Trafficway [Incident Response],nmprior.csv
NMACTION,11,Entering / Exiting Parked or Stopped Vehicle,nmprior.csv
NMACTION,12,"Disabled Vehicle Related (Working on, Pushing, Leaving/Approaching)",nmprior.csv
NMACTION,14,Other (Specify:),nmprior.csv
NMACTION,16,Movement Along Roadway - Direction Unknown,nmprior.csv
NMACTION,98,Not Reported,nmprior.csv
NMACTION,99,Reported as Unknown,nmprior.csv
NMCC,0,None Noted,nmcrash.csv
NMCC,1,Dart-Out - Visual Obstruction Noted,nmcrash.csv
NMCC,2,Failure to Yield Right-Of-Way,nmcrash.csv
NMCC,3,"Failure to Obey Traffic Signs, Signals or Officer",nmcrash.csv
NMCC,4,"In Roadway Improperly (Standing, Lying, Working, Playing, etc.)",nmcrash.csv
NMCC,5,Entering/Exiting Parked or Stopped Vehicle,nmcrash.csv
NMCC,6,"Inattentive (Talking, Eating, Etc.)",nmcrash.csv
NMCC,7,Improper Turn/Merge,nmcrash.csv
NMCC,8,Improper Passing,nmcrash.csv
NMCC,9,Wrong-Way Riding or Walking,nmcrash.csv
NMCC,10,Riding on Wrong Side of Road,nmcrash.csv
NMCC,11,"Dash - Run, No Visual Obstruction Noted",nmcrash.csv
NMCC,12,Improper Crossing of Roadway or Intersection (Jaywalking),nmcrash.csv
NMCC,13,Failing to Have Lights on When Required,nmcrash.csv
NMCC,14,Operating Without Required Equipment,nmcrash.csv
NMCC,15,Improper or Erratic Lane Changing,nmcrash.csv
NMCC,16,Failure to Keep in Proper Lane or Running Off Road,nmcrash.csv
NMCC,17,Making Improper Entry to or Exit From Trafficway,nmcrash.csv
NMCC,18,"Operating in other Erratic, Reckless, Careless or Negligent Manner",nmcrash.csv
NMCC,19,"Not Visible (Dark clothing, No Lighting, etc.)",nmcrash.csv
NMCC,21,Other (Specify:),nmcrash.csv
NMCC,92,Contributing Circumstance - No Details,nmcrash.csv
NMCC,99,Reported as Unknown,nmcrash.csv
NMDISTRACT,0,Not Distracted,nmdistract.csv
NMDISTRACT,2,By Other Non-Motorist(s),nmdistract.csv
NMDISTRACT,3,By a Driver or Occupant of a Motor Vehicle,nmdistract.csv
NMDISTRACT,5,While Talking or Listening to Mobile Phone,nmdistract.csv
NMDISTRACT,6,While Manipulating Mobile Phone,nmdistract.csv
NMDISTRACT,7,Adjusting or listening to Portable Audio Device (Other than on a Mobile Phone),nmdistract.csv
NMDISTRACT,8,"Adjusting, Talking to, or Manipulating Other Portable Electronic Device",nmdistract.csv
NMDISTRACT,12,"Distracted by Animal, Other Object, Event, or Activity",nmdistract.csv
NMDISTRACT,13,Eating or Drinking,nmdistract.csv
NMDISTRACT,15,Other Mobile Phone Related,nmdistract.csv
NMDISTRACT,17,Distraction/Inattention,nmdistract.csv
NMDISTRACT,18,Distraction/Careless,nmdistract.csv
NMDISTRACT,92,"Distraction (Distracted), Details Unknown",nmdistract.csv
NMDISTRACT,93,"Inattention (Inattentive), Details Unknown",nmdistract.csv
NMDISTRACT,96,Not Reported,nmdistract.csv
NMDISTRACT,98,Other Distraction (Specify:),nmdistract.csv
NMDISTRACT,99,Reported as Unknown if Distracted,nmdistract.csv
NMHELMET,1,No,safetyeq.csv
NMHELMET,2,Yes,safetyeq.csv
NMHELMET,8,Not Reported,safetyeq.csv
NMHELMET,9,Reported as Unknown,safetyeq.csv
NMIMPAIR,0,None/Apparently Normal,nmimpair.csv
NMIMPAIR,1,"Ill, Blackout",nmimpair.csv
NMIMPAIR,2,Asleep or Fatigued,nmimpair.csv
NMIMPAIR,3,"Walking with a Cane or Crutches, etc.",nmimpair.csv
NMIMPAIR,4,Paraplegic or in a Wheelchair,nmimpair.csv
NMIMPAIR,5,Impaired Due to Previous Injury,nmimpair.csv
NMIMPAIR,6,Deaf/Hard of Hearing,nmimpair.csv
NMIMPAIR,7,Blind/Low Vision,nmimpair.csv
NMIMPAIR,8,"Emotional (depressed, angry, disturbed, etc.)",nmimpair.csv
NMIMPAIR,9,"Under the Influence of Alcohol, Drugs or Medication",nmimpair.csv
NMIMPAIR,10,Physical Impairment - No Details,nmimpair.csv
NMIMPAIR,96,Other Physical Impairment,nmimpair.csv
NMIMPAIR,98,Not Reported,nmimpair.csv
NMIMPAIR,99,Reported as Unknown if Impaired,nmimpair.csv
NMLIGHT,1,No,safetyeq.csv
NMLIGHT,2,Yes,safetyeq.csv
NMLIGHT,8,Not Reported,safetyeq.csv
NMLIGHT,9,Reported as Unknown,safetyeq.csv
NMOTHPRE,1,No,safetyeq.csv
NMOTHPRE,2,Yes,safetyeq.csv
NMOTHPRE,8,Not Reported,safetyeq.csv
NMOTHPRE,9,Reported as Unknown,safetyeq.csv
NMOTHPRO,1,No,safetyeq.csv
NMOTHPRO,2,Yes,safetyeq.csv
NMOTHPRO,8,Not Reported,safetyeq.csv
NMOTHPRO,9,Reported as Unknown,safetyeq.csv
NMPROPAD,1,No,safetyeq.csv
NMPROPAD,2,Yes,safetyeq.csv
NMPROPAD,8,Not Reported,safetyeq.csv
NMPROPAD,9,Reported as Unknown,safetyeq.csv
NMREFCLO,1,No,safetyeq.csv
NMREFCLO,2,Yes,safetyeq.csv
NMREFCLO,8,Not Reported,safetyeq.csv
NMREFCLO,9,Reported as Unknown,safetyeq.csv
NOT_HOUR,0,0:00am-0:59am,accident.csv
NOT_HOUR,1,1:00am-1:59am,accident.csv
NOT_HOUR,2,2:00am-2:59am,accident.csv
NOT_HOUR,3,3:00am-3:59am,accident.csv
NOT_HOUR,4,4:00am-4:59am,accident.csv
NOT_HOUR,5,5:00am-5:59am,accident.csv
NOT_HOUR,6,6:00am-6:59am,accident.csv
NOT_HOUR,7,7:00am-7:59am,accident.csv
NOT_HOUR,8,8:00am-8:59am,accident.csv
NOT_HOUR,9,9:00am-9:59am,accident.csv
NOT_HOUR,10,10:00am-10:59am,accident.csv
NOT_HOUR,11,11:00am-11:59am,accident.csv
NOT_HOUR,12,12:00pm-12:59pm,accident.csv
NOT_HOUR,13,1:00pm-1:59pm,accident.csv
NOT_HOUR,14,2:00pm-2:59pm,accident.csv
NOT_HOUR,15,3:00pm-3:59pm,accident.csv
NOT_HOUR,16,4:00pm-4:59pm,accident.csv
NOT_HOUR,17,5:00pm-5:59pm,accident.csv
NOT_HOUR,18,6:00pm-6:59pm,accident.csv
NOT_HOUR,19,7:00pm-7:59pm,accident.csv
NOT_HOUR,20,8:00pm-8:59pm,accident.csv
NOT_HOUR,21,9:00pm-9:59pm,accident.csv
NOT_HOUR,22,10:00pm-10:59pm,accident.csv
NOT_HOUR,23,11:00pm-11:59pm,accident.csv
NOT_HOUR,88,Not Applicable (Not Notified),accident.csv
NOT_HOUR,99,Unknown,accident.csv
NOT_MIN,88,Not Applicable (Not Notified),accident.csv
NOT_MIN,98,Unknown if Notified,accident.csv
NOT_MIN,99,Unknown,accident.csv
NUMOCCS,0,None,vehicle.csv
NUMOCCS,99,Unknown,vehicle.csv
ORDER,97,Redacted,race.csv
OWNER,0,"Not Applicable, Vehicle Not Registered",vehicle.csv
OWNER,1,Driver (in this crash) was Registered Owner,vehicle.csv
OWNER,2,Driver (in this crash) Not Registered Owner (Other Private Owner Listed),vehicle.csv
OWNER,3,Vehicle Registered as Commercial/Business/Company/Government Vehicle,vehicle.csv
OWNER,4,Vehicle Registered as Rental Vehicle,vehicle.csv
OWNER,5,Vehicle was Stolen (reported by police),vehicle.csv
OWNER,6,Driverless/Motor Vehicle Parked/Stopped Off Roadway,vehicle.csv
OWNER,9,Unknown,vehicle.csv
PBAGE,0,Less than One Year,pbtype.csv
PBAGE,1,1 Year,pbtype.csv
PBAGE,2,2 Years,pbtype.csv
PBAGE,3,3 Years,pbtype.csv
PBAGE,4,4 Years,pbtype.csv
PBAGE,5,5 Years,pbtype.csv
PBAGE,6,6 Years,pbtype.csv
PBAGE,7,7 Years,pbtype.csv
PBAGE,8,8 Years,pbtype.csv
PBAGE,9,9 Years,pbtype.csv
PBAGE,10,10 Years,pbtype.csv
PBAGE,11,11 Years,pbtype.csv
PBAGE,12,12 Years,pbtype.csv
PBAGE,13,13 Years,pbtype.csv
PBAGE,14,14 Years,pbtype.csv
PBAGE,15,15 Years,pbtype.csv
PBAGE,16,16 Years,pbtype.csv
PBAGE,17,17 Years,pbtype.csv
PBAGE,18,18 Years,pbtype.csv
PBAGE,19,19 Years,pbtype.csv
PBAGE,20,20 Years,pbtype.csv
PBAGE,21,21 Years,pbtype.csv
PBAGE,22,22 Years,pbtype.csv
PBAGE,23,23 Years,pbtype.csv
PBAGE,24,24 Years,pbtype.csv
PBAGE,25,25 Years,pbtype.csv
PBAGE,26,26 Years,pbtype.csv
PBAGE,27,27 Years,pbtype.csv
PBAGE,28,28 Years,pbtype.csv
PBAGE,29,29 Years,pbtype.csv
PBAGE,30,30 Years,pbtype.csv
PBAGE,31,31 Years,pbtype.csv
PBAGE,32,32 Years,pbtype.csv
PBAGE,33,33 Years,pbtype.csv
PBAGE,34,34 Years,pbtype.csv
PBAGE,35,35 Years,pbtype.csv
PBAGE,36,36 Years,pbtype.csv
PBAGE,37,37 Years,pbtype.csv
PBAGE,38,38 Years,pbtype.csv
PBAGE,39,39 Years,pbtype.csv
PBAGE,40,40 Years,pbtype.csv
PBAGE,41,41 Years,pbtype.csv
PBAGE,42,42 Years,pbtype.csv
PBAGE,43,43 Years,pbtype.csv
PBAGE,44,44 Years,pbtype.csv
PBAGE,45,45 Years,pbtype.csv
PBAGE,46,46 Years,pbtype.csv
PBAGE,47,47 Years,pbtype.csv
PBAGE,48,48 Years,pbtype.csv
PBAGE,49,49 Years,pbtype.csv
PBAGE,50,50 Years,pbtype.csv
PBAGE,51,51 Years,pbtype.csv
PBAGE,52,52 Years,pbtype.csv
PBAGE,53,53 Years,pbtype.csv
PBAGE,54,54 Years,pbtype.csv
PBAGE,55,55 Years,pbtype.csv
PBAGE,56,56 Years,pbtype.csv
PBAGE,57,57 Years,pbtype.csv
PBAGE,58,58 Years,pbtype.csv
PBAGE,59,59 Years,pbtype.csv
PBAGE,60,60 Years,pbtype.csv
PBAGE,61,61 Years,pbtype.csv
PBAGE,62,62 Years,pbtype.csv
PBAGE,63,63 Years,pbtype.csv
PBAGE,64,64 Years,pbtype.csv
PBAGE,65,65 Years,pbtype.csv
PBAGE,66,66 Years,pbtype.csv
PBAGE,67,67 Years,pbtype.csv
PBAGE,68,68 Years,pbtype.csv
PBAGE,69,69 Years,pbtype.csv
PBAGE,70,70 Years,pbtype.csv
PBAGE,71,71 Years,pbtype.csv
PBAGE,72,72 Years,pbtype.csv
PBAGE,73,73 Years,pbtype.csv
PBAGE,74,74 Years,pbtype.csv
PBAGE,75,75 Years,pbtype.csv
PBAGE,76,76 Years,pbtype.csv
PBAGE,77,77 Years,pbtype.csv
PBAGE,78,78 Years,pbtype.csv
PBAGE,79,79 Years,pbtype.csv
PBAGE,80,80 Years,pbtype.csv
PBAGE,81,81 Years,pbtype.csv
PBAGE,82,82 Years,pbtype.csv
PBAGE,83,83 Years,pbtype.csv
PBAGE,84,84 Years,pbtype.csv
PBAGE,85,85 Years,pbtype.csv
PBAGE,86,86 Years,pbtype.csv
PBAGE,87,87 Years,pbtype.csv
PBAGE,88,88 Years,pbtype.csv
PBAGE,89,89 Years,pbtype.csv
PBAGE,90,90 Years,pbtype.csv
PBAGE,91,91 Years,pbtype.csv
PBAGE,92,92 Years,pbtype.csv
PBAGE,93,93 Years,pbtype.csv
PBAGE,94,94 Years,pbtype.csv
PBAGE,95,95 Years,pbtype.csv
PBAGE,96,96 Years,pbtype.csv
PBAGE,98,98 Years,pbtype.csv
PBAGE,998,Not Reported,pbtype.csv
PBAGE,999,Reported as Unknown,pbtype.csv
PBCWALK,0,None Noted,pbtype.csv
PBCWALK,1,Yes,pbtype.csv
PBCWALK,9,Unknown,pbtype.csv
PBODYTYP,1,"Convertible(excludes sun-roof,t-bar)",parkwork.csv
PBODYTYP,2,"2-door sedan,hardtop,coupe",parkwork.csv
PBODYTYP,3,3-door/2-door hatchback,parkwork.csv
PBODYTYP,4,"4-door sedan, hardtop",parkwork.csv
PBODYTYP,5,5-door/4-door hatchback,parkwork.csv
PBODYTYP,6,Station Wagon (excluding van and truck based),parkwork.csv
PBODYTYP,8,"Sedan/Hardtop, number of doors unknown",parkwork.csv
PBODYTYP,9,Other or Unknown automobile type,parkwork.csv
PBODYTYP,10,"Auto-based pickup (includes E1 Camino, Caballero, Ranchero, SSR, G8-ST, Subaru Brat, Rabbit Pickup)",parkwork.csv
PBODYTYP,14,"Compact Utility (Utility Vehicle Categories ""Small"" and ""Midsize"")",parkwork.csv
PBODYTYP,15,"Large utility (ANSI D16.1 Utility Vehicle Categories and ""Full Size"" and ""Large"")",parkwork.csv
PBODYTYP,16,"Utility station wagon (includes suburban limousines, Suburban, Travellall, Grand Wagoneer)",parkwork.csv
PBODYTYP,19,"Utility Vehicle, Unknown body type",parkwork.csv
PBODYTYP,20,"Minivan (Chrysler Town and Country, Caravan, Grand Caravan, Voyager, Voyager, Honda-Odyssey, ...)",parkwork.csv
PBODYTYP,21,"Large Van-Includes van-based buses (B150-B350, Sportsman, Royal Maxiwagon, Ram, Tradesman,...)",parkwork.csv
PBODYTYP,29,Unknown van type,parkwork.csv
PBODYTYP,34,Light Pickup,parkwork.csv
PBODYTYP,39,Unknown (pickup style) light conventional truck type,parkwork.csv
PBODYTYP,49,"Unknown light vehicle type (automobile,utility vehicle, van, or light truck)",parkwork.csv
PBODYTYP,51,Cross Country/Intercity Bus,parkwork.csv
PBODYTYP,52,Transit Bus (City Bus),parkwork.csv
PBODYTYP,60,"Step van (GVWR greater than 10,000 lbs.)",parkwork.csv
PBODYTYP,61,"Single-unit straight truck or Cab-Chassis (GVWR range 10,001 to 19,500 lbs.)",parkwork.csv
PBODYTYP,62,"Single-unit straight truck or Cab-Chassis (GVWR range 19,501 to 26,000 lbs.)",parkwork.csv
PBODYTYP,63,"Single-unit straight truck or Cab-Chassis (GVWR greater than 26,000 lbs.)",parkwork.csv
PBODYTYP,64,Single-unit straight truck or Cab-Chassis (GVWR unknown),parkwork.csv
PBODYTYP,65,Medium/Heavy Vehicle Based Motor Home,parkwork.csv
PBODYTYP,66,"Truck-tractor (Cab only, or with any number of trailing unit; any weight)",parkwork.csv
PBODYTYP,67,"Medium/heavy Pickup (GVWR greater than 10,000 lbs.)",parkwork.csv
PBODYTYP,71,"Unknown if single unit or combination unit Medium Truck (GVWR range 10,001 lbs. to 26,000 lbs.)",parkwork.csv
PBODYTYP,78,Unknown medium/heavy truck type,parkwork.csv
PBODYTYP,80,Two Wheel Motorcycle (excluding motor scooters),parkwork.csv
PBODYTYP,90,ATV/ATC [All-Terrain Cycle],parkwork.csv
PBODYTYP,91,Snowmobile,parkwork.csv
PBODYTYP,92,Farm equipment other than trucks,parkwork.csv
PBODYTYP,93,Construction equipment other than trucks (includes graders),parkwork.csv
PBODYTYP,97,"Other vehicle type (includes go-cart, fork-lift, city street sweeper dunes/swamp buggy)",parkwork.csv
PBODYTYP,98,Not Reported,parkwork.csv
PBODYTYP,99,Unknown body type,parkwork.csv
PBPTYPE,5,Pedestrian,pbtype.csv
PBPTYPE,6,Bicyclist,pbtype.csv
PBPTYPE,7,Other Pedalcyclist,pbtype.csv
PBPTYPE,8,Person on a Personal Conveyance,pbtype.csv
PBSEX,1,Male,pbtype.csv
PBSEX,2,Female,pbtype.csv
PBSEX,8,Not Reported,pbtype.csv
PBSEX,9,Reported as Unknown,pbtype.csv
PBSWALK,0,None Noted,pbtype.csv
PBSWALK,1,Yes,pbtype.csv
PBSWALK,9,Unknown,pbtype.csv
PBSZONE,0,None Noted,pbtype.csv
PBSZONE,1,Yes,pbtype.csv
PBSZONE,9,Unknown,pbtype.csv
PBUS_USE,0,Not a Bus,parkwork.csv
PBUS_USE,4,Intercity,parkwork.csv
PBUS_USE,5,Charter/Tour,parkwork.csv
PBUS_USE,6,Transit/ Commuter,parkwork.csv
PBUS_USE,98,Not Reported,parkwork.csv
PBUS_USE,99,Reported as Unknown,parkwork.csv
PCARGTYP,0,Not Applicable (N/A),parkwork.csv
PCARGTYP,1,Van/Enclosed Box,parkwork.csv
PCARGTYP,2,Cargo Tank,parkwork.csv
PCARGTYP,3,Flatbed,parkwork.csv
PCARGTYP,4,Dump,parkwork.csv
PCARGTYP,6,Auto Transporter,parkwork.csv
PCARGTYP,7,Garbage/Refuse,parkwork.csv
PCARGTYP,8,Grain/ Chips/ Gravel,parkwork.csv
PCARGTYP,9,Pole-Trailer,parkwork.csv
PCARGTYP,10,Log,parkwork.csv
PCARGTYP,11,Intermodal Container Chassis,parkwork.csv
PCARGTYP,12,Vehicle Towing Another Motor Vehicle,parkwork.csv
PCARGTYP,22,Bus,parkwork.csv
PCARGTYP,96,No Cargo Body Type,parkwork.csv
PCARGTYP,97,Other,parkwork.csv
PCARGTYP,98,Unknown Cargo Body Type,parkwork.csv
PCARGTYP,99,Unknown,parkwork.csv
PCRASH4,0,No Driver Present / Unknown if Driver Present,vehicle.csv
PCRASH4,1,Tracking,vehicle.csv
PCRASH4,2,Skidding longitudinally rotation less than 30 degrees,vehicle.csv
PCRASH4,3,Skidding laterally clockwise rotation,vehicle.csv
PCRASH4,4,Skidding laterally counterclockwise rotation,vehicle.csv
PCRASH4,5,"Skidding Laterally, Rotation Direction Unknown",vehicle.csv
PCRASH4,7,Other vehicle loss-of-control (specify:),vehicle.csv
PCRASH4,9,Precrash stability unknown,vehicle.csv
PCRASH5,0,No Driver Present / Unknown if Driver Present,vehicle.csv
PCRASH5,1,Stayed in original travel lane,vehicle.csv
PCRASH5,2,"Stayed on roadway, but left original travel lane",vehicle.csv
PCRASH5,3,"Stayed on roadway, not known if left original travel lane",vehicle.csv
PCRASH5,4,Departed roadway,vehicle.csv
PCRASH5,5,Remained off roadway,vehicle.csv
PCRASH5,6,Returned to roadway,vehicle.csv
PCRASH5,7,Entered roadway,vehicle.csv
PCRASH5,9,Unknown,vehicle.csv
PEDCGP,0,Not a Pedestrian,pbtype.csv
PEDCGP,100,Unusual Circumstances,pbtype.csv
PEDCGP,200,Backing Vehicle,pbtype.csv
PEDCGP,310,Working or Playing in Roadway,pbtype.csv
PEDCGP,340,Bus Stop-Related,pbtype.csv
PEDCGP,350,Unique Midblock,pbtype.csv
PEDCGP,400,Walking/Running Along Roadway,pbtype.csv
PEDCGP,460,Driveway Access/Driveway Access Related,pbtype.csv
PEDCGP,500,Waiting to Cross,pbtype.csv
PEDCGP,600,Pedestrian in Roadway - Circumstances Unknown,pbtype.csv
PEDCGP,720,Multiple Threat / Trapped,pbtype.csv
PEDCGP,740,"Dash - Run, No Visual Obstruction Noted / Dart-Out - Visual Obstruction Noted",pbtype.csv
PEDCGP,750,Crossing Roadway - Vehicle Not Turning,pbtype.csv
PEDCGP,790,Crossing Roadway - Vehicle Turning,pbtype.csv
PEDCGP,800,Non-Trafficway,pbtype.csv
PEDCGP,910,Crossing Expressway,pbtype.csv
PEDCGP,990,Other / Unknown - Insufficient Details,pbtype.csv
PEDCTYPE,0,Not a Pedestrian,pbtype.csv
PEDCTYPE,120,Dispute-Related,pbtype.csv
PEDCTYPE,130,Pedestrian on Vehicle,pbtype.csv
PEDCTYPE,140,Vehicle into Vehicle or Vehicle into Object,pbtype.csv
PEDCTYPE,150,Motor Vehicle Loss of Control,pbtype.csv
PEDCTYPE,160,Pedestrian Loss of Control,pbtype.csv
PEDCTYPE,190,Other Unusual Circumstances,pbtype.csv
PEDCTYPE,212,Backing Vehicle - Driveway Access,pbtype.csv
PEDCTYPE,213,Backing Vehicle - Trafficway,pbtype.csv
PEDCTYPE,219,Backing Vehicle - Other / Unknown,pbtype.csv
PEDCTYPE,220,Driverless Vehicle,pbtype.csv
PEDCTYPE,230,Disabled Vehicle-Related,pbtype.csv
PEDCTYPE,240,Emergency Vehicle-Related,pbtype.csv
PEDCTYPE,250,Play Vehicle-Related,pbtype.csv
PEDCTYPE,311,Working in Roadway,pbtype.csv
PEDCTYPE,312,Playing in Roadway,pbtype.csv
PEDCTYPE,313,Lying in Roadway,pbtype.csv
PEDCTYPE,320,Entering / Exiting Parked or Stopped Vehicle,pbtype.csv
PEDCTYPE,330,Mailbox-Related,pbtype.csv
PEDCTYPE,341,Transit Bus Stop-Related,pbtype.csv
PEDCTYPE,342,School Bus Stop-Related,pbtype.csv
PEDCTYPE,410,Walking/Running Along Roadway With Traffic - From Behind,pbtype.csv
PEDCTYPE,420,Walking/Running Along Roadway With Traffic - From Front,pbtype.csv
PEDCTYPE,430,Walking/Running Along Roadway Against Traffic - From Behind,pbtype.csv
PEDCTYPE,440,Walking/Running Along Roadway Against Traffic - From Front,pbtype.csv
PEDCTYPE,459,Walking/Running Along Roadway - Direction / Position Unknown,pbtype.csv
PEDCTYPE,461,Motorist Entering Driveway,pbtype.csv
PEDCTYPE,465,Motorist Exiting Driveway or Alley,pbtype.csv
PEDCTYPE,469,Driveway Crossing - Other / Unknown,pbtype.csv
PEDCTYPE,510,Waiting to Cross - Vehicle Turning,pbtype.csv
PEDCTYPE,520,Waiting to Cross - Vehicle Not Turning,pbtype.csv
PEDCTYPE,610,Standing in Roadway,pbtype.csv
PEDCTYPE,620,Walking in Roadway,pbtype.csv
PEDCTYPE,680,Not At Intersection - Other / Unknown,pbtype.csv
PEDCTYPE,690,At Intersection - Other / Unknown,pbtype.csv
PEDCTYPE,710,Multiple Threat,pbtype.csv
PEDCTYPE,741,"Dash - Run, No Visual Obstruction Noted",pbtype.csv
PEDCTYPE,742,Dart-Out - Visual Obstruction Noted,pbtype.csv
PEDCTYPE,760,Pedestrian Failed to Yield,pbtype.csv
PEDCTYPE,770,Motorist Failed to Yield,pbtype.csv
PEDCTYPE,781,Motorist Left Turn - Parallel Paths,pbtype.csv
PEDCTYPE,782,Motorist Left Turn - Perpendicular Paths,pbtype.csv
PEDCTYPE,791,Motorist Right Turn - Parallel Paths,pbtype.csv
PEDCTYPE,792,Motorist Right Turn on Red - Parallel Paths,pbtype.csv
PEDCTYPE,794,Motorist Right Turn on Red - Perpendicular Paths,pbtype.csv
PEDCTYPE,795,Motorist Right Turn - Perpendicular Paths,pbtype.csv
PEDCTYPE,799,Motorist Turn / Merge - Other / Unknown,pbtype.csv
PEDCTYPE,830,Non-Trafficway - Parking Lot,pbtype.csv
PEDCTYPE,890,Non-Trafficway - Other / Unknown,pbtype.csv
PEDCTYPE,900,Other - Unknown Location,pbtype.csv
PEDCTYPE,910,Crossing an Expressway,pbtype.csv
PEDDIR,1,Northbound,pbtype.csv
PEDDIR,2,Eastbound,pbtype.csv
PEDDIR,3,Southbound,pbtype.csv
PEDDIR,4,Westbound,pbtype.csv
PEDDIR,7,Not a Pedestrian,pbtype.csv
PEDDIR,8,Not Applicable,pbtype.csv
PEDDIR,9,Not Derived/Unknown Initial Direction of Travel,pbtype.csv
PEDLEG,1,Nearside,pbtype.csv
PEDLEG,2,Farside,pbtype.csv
PEDLEG,7,Not a Pedestrian,pbtype.csv
PEDLEG,8,Not Applicable,pbtype.csv
PEDLEG,9,Unknown/None of the Above,pbtype.csv
PEDLOC,1,At Intersection,pbtype.csv
PEDLOC,2,Intersection-Related,pbtype.csv
PEDLOC,3,Not At Intersection,pbtype.csv
PEDLOC,4,Non-Trafficway Location,pbtype.csv
PEDLOC,7,Not a Pedestrian,pbtype.csv
PEDLOC,9,Unknown / Insufficient Information,pbtype.csv
PEDPOS,1,Intersection Area,pbtype.csv
PEDPOS,2,Crosswalk Area,pbtype.csv
PEDPOS,3,Travel Lane,pbtype.csv
PEDPOS,4,Paved Shoulder / Bicycle Lane / Parking Lane,pbtype.csv
PEDPOS,5,Sidewalk / Shared-Use Path / Driveway Access,pbtype.csv
PEDPOS,6,Unpaved Right-of-Way,pbtype.csv
PEDPOS,7,Non-Trafficway - Driveway,pbtype.csv
PEDPOS,8,Non-Trafficway - Parking Lot/Other,pbtype.csv
PEDPOS,9,Other/Unknown,pbtype.csv
PEDPOS,77,Not a Pedestrian,pbtype.csv
PEDSNR,7,Not a Pedestrian,pbtype.csv
PEDSNR,8,Not Applicable,pbtype.csv
PEDSNR,99,Unknown/Insufficient Information,pbtype.csv
PEDSNR,10a,"Motorist turning left - Crash Occurred on Near (Approach) Side of Intersection / Pedestrian outside crosswalk area, traveled from motorist's left.",pbtype.csv
PEDSNR,10b,"Motorist turning left - Crash Occurred on Near (Approach) Side of Intersection / Pedestrian outside crosswalk area, traveled from motorist's right.",pbtype.csv
PEDSNR,10d,"Motorist turning left - Crash Occurred on Near (Approach) Side of Intersection / Pedestrian outside crosswalk area, other",pbtype.csv
PEDSNR,11a,"Motorist turning left - Crash Occurred on Far Side of Intersection / Pedestrian within crosswalk area, approach direction same as motorist's.",pbtype.csv
PEDSNR,11b,"Motorist turning left - Crash Occurred on Far Side of Intersection / Pedestrian within crosswalk area, approach direction opposite motorist's.",pbtype.csv
PEDSNR,11c,"Motorist turning left - Crash Occurred on Far Side of Intersection / Pedestrian within crosswalk area, approach direction unknown.",pbtype.csv
PEDSNR,11d,"Motorist turning left - Crash Occurred on Far Side of Intersection / Pedestrian within crosswalk area, other",pbtype.csv
PEDSNR,12a,"Motorist turning left - Crash Occurred on Far Side of Intersection / Pedestrian outside crosswalk area, approach direction same as motorist's.",pbtype.csv
PEDSNR,12b,"Motorist turning left - Crash Occurred on Far Side of Intersection / Pedestrian outside crosswalk area, approach direction opposite motorist's.",pbtype.csv
PEDSNR,12c,"Motorist turning left - Crash Occurred on Far Side of Intersection / Pedestrian outside crosswalk area, approach direction unknown.",pbtype.csv
PEDSNR,12d,"Motorist turning left - Crash Occurred on Far Side of Intersection / Pedestrian outside crosswalk area, other",pbtype.csv
PEDSNR,1a,"Motorist traveling straight through - Crash Occurred on Near (Approach) Side of Intersection / Pedestrian within crosswalk area, traveled from motorist's left.",pbtype.csv
PEDSNR,1b,"Motorist traveling straight through - Crash Occurred on Near (Approach) Side of Intersection / Pedestrian within crosswalk area, traveled from motorist's right.",pbtype.csv
PEDSNR,1c,"Motorist traveling straight through - Crash Occurred on Near (Approach) Side of Intersection / Pedestrian within crosswalk area, approach direction unknown.",pbtype.csv
PEDSNR,1d,"Motorist traveling straight through - Crash Occurred on Near (Approach) Side of Intersection / Pedestrian within crosswalk area, other",pbtype.csv
PEDSNR,2a,"Motorist traveling straight through - Crash Occurred on Near (Approach) Side of Intersection / Pedestrian outside crosswalk area, traveled from motorist's left.",pbtype.csv
PEDSNR,2b,"Motorist traveling straight through - Crash Occurred on Near (Approach) Side of Intersection / Pedestrian outside crosswalk area, traveled from motorist's right.",pbtype.csv
PEDSNR,2c,"Motorist traveling straight through - Crash Occurred on Near (Approach) Side of Intersection / Pedestrian outside crosswalk area, approach direction unknown.",pbtype.csv
PEDSNR,2d,"Motorist traveling straight through - Crash Occurred on Near (Approach) Side of Intersection / Pedestrian outside crosswalk area, other",pbtype.csv
PEDSNR,3a,"Motorist traveling straight through - Crash Occurred on Far Side of Intersection / Pedestrian within crosswalk area, traveled from motorist's left.",pbtype.csv
PEDSNR,3b,"Motorist traveling straight through - Crash Occurred on Far Side of Intersection / Pedestrian within crosswalk area, traveled from motorist's right.",pbtype.csv
PEDSNR,3c,"Motorist traveling straight through - Crash Occurred on Far Side of Intersection / Pedestrian within crosswalk area, approach direction unknown.",pbtype.csv
PEDSNR,3d,"Motorist traveling straight through - Crash Occurred on Far Side of Intersection / Pedestrian within crosswalk area, other",pbtype.csv
PEDSNR,4a,"Motorist traveling straight through - Crash Occurred on Far Side of Intersection / Pedestrian outside crosswalk area, traveled from motorist's left.",pbtype.csv
PEDSNR,4b,"Motorist traveling straight through - Crash Occurred on Far Side of Intersection / Pedestrian outside crosswalk area, traveled from motorist's right.",pbtype.csv
PEDSNR,4c,"Motorist traveling straight through - Crash Occurred on Far Side of Intersection / Pedestrian outside crosswalk area, approach direction unknown.",pbtype.csv
PEDSNR,4d,"Motorist traveling straight through - Crash Occurred on Far Side of Intersection / Pedestrian outside crosswalk area, other",pbtype.csv
PEDSNR,5a,"Motorist turning right - Crash Occurred on Near (Approach) Side of Intersection / Pedestrian within crosswalk area, traveled from motorist's left.",pbtype.csv
PEDSNR,5b,"Motorist turning right - Crash Occurred on Near (Approach) Side of Intersection / Pedestrian within crosswalk area, traveled from motorist's right.",pbtype.csv
PEDSNR,5c,"Motorist turning right - Crash Occurred on Near (Approach) Side of Intersection / Pedestrian within crosswalk area, approach direction unknown.",pbtype.csv
PEDSNR,5d,"Motorist turning right - Crash Occurred on Near (Approach) Side of Intersection / Pedestrian within crosswalk area, other",pbtype.csv
PEDSNR,6a,"Motorist turning right - Crash Occurred on Near (Approach) Side of Intersection / Pedestrian outside crosswalk area, traveled from motorist's left.",pbtype.csv
PEDSNR,6b,"Motorist turning right - Crash Occurred on Near (Approach) Side of Intersection / Pedestrian outside crosswalk area, traveled from motorist's right.",pbtype.csv
PEDSNR,6d,"Motorist turning right - Crash Occurred on Near (Approach) Side of Intersection / Pedestrian outside crosswalk area, other",pbtype.csv
PEDSNR,7a,"Motorist turning right - Crash Occurred on Far Side of Intersection / Pedestrian within crosswalk area, approach direction same as motorist's.",pbtype.csv
PEDSNR,7b,"Motorist turning right - Crash Occurred on Far Side of Intersection / Pedestrian within crosswalk area, approach direction opposite motorist's.",pbtype.csv
PEDSNR,7c,"Motorist turning right - Crash Occurred on Far Side of Intersection / Pedestrian within crosswalk area, approach direction unknown.",pbtype.csv
PEDSNR,7d,"Motorist turning right - Crash Occurred on Far Side of Intersection / Pedestrian within crosswalk area, other",pbtype.csv
PEDSNR,8a,"Motorist turning right - Crash Occurred on Far Side of Intersection / Pedestrian outside crosswalk area, approach direction same as motorist's.",pbtype.csv
PEDSNR,8b,"Motorist turning right - Crash Occurred on Far Side of Intersection / Pedestrian outside crosswalk area, approach direction opposite motorist's.",pbtype.csv
PEDSNR,8c,"Motorist turning right - Crash Occurred on Far Side of Intersection / Pedestrian outside crosswalk area, approach direction unknown.",pbtype.csv
PEDSNR,8d,"Motorist turning right - Crash Occurred on Far Side of Intersection / Pedestrian outside crosswalk area, other",pbtype.csv
PEDSNR,9a,"Motorist turning left - Crash Occurred on Near (Approach) Side of Intersection / Pedestrian within crosswalk area, traveled from motorist's left.",pbtype.csv
PEDSNR,9b,"Motorist turning left - Crash Occurred on Near (Approach) Side of Intersection / Pedestrian within crosswalk area, traveled from motorist's right.",pbtype.csv
PEDSNR,9c,"Motorist turning left - Crash Occurred on Near (Approach) Side of Intersection / Pedestrian within crosswalk area, approach direction unknown.",pbtype.csv
PEDSNR,9d,"Motorist turning left - Crash Occurred on Near (Approach) Side of Intersection / Pedestrian within crosswalk area, other",pbtype.csv
PEM_USE,0,Not Applicable,parkwork.csv
PEM_USE,2,"Non-Emergency, Non-Transport",parkwork.csv
PEM_USE,5,"Emergency Operation, Emergency Warning Equipment in Use",parkwork.csv
PEM_USE,6,"Emergency Operation, Emergency Warning Equipment in Use Unknown",parkwork.csv
PEM_USE,8,Not Reported,parkwork.csv
PERSONRF,0,None Noted,personrf.csv
PERSONRF,5,Interfering With Driver,personrf.csv
PERSONRF,8,"Person with an Intellectual, Cognitive, or Developmental Disability",personrf.csv
PERSONRF,9,Construction/Maintenance/Utility Worker,personrf.csv
PERSONRF,13,Motorized Wheelchair Rider,personrf.csv
PERSONRF,18,Mother of Dead Fetus/Infant Born Post Crash,personrf.csv
PERSONRF,21,Overloading or Improper Loading of Vehicle with Passengers or Cargo,personrf.csv
PERSONRF,26,Following Improperly,personrf.csv
PERSONRF,32,Opening Vehicle Closure into Moving Traffic or While Vehicle is in Motion,personrf.csv
PERSONRF,37,*Traveling on Prohibited Trafficways,personrf.csv
PERSONRF,42,Failure to Signal Intentions,personrf.csv
PERSONRF,51,Operator Inexperience,personrf.csv
PERSONRF,53,Non-Motorist Previously Used a Motor Vehicle for Motion,personrf.csv
PERSONRF,55,"Non-Motorist Attempting to Use or Previously Used a Motor Vehicle for Motion, Details Not Reported",personrf.csv
PERSONRF,56,Non-Operator Flees Scene,personrf.csv
PERSONRF,60,"Rain, Snow, Fog, Smoke, Sand, Dust",personrf.csv
PERSONRF,62,"Curve, Hill, or Other Design Features (including traffic signs, embankment)",personrf.csv
PERSONRF,65,Motor Vehicle (including load),personrf.csv
PERSONRF,66,Parked Vehicle,personrf.csv
PERSONRF,68,Inadequate Lighting System,personrf.csv
PERSONRF,72,Other Visual Obstruction,personrf.csv
PERSONRF,75,Slippery or Loose Surface,personrf.csv
PERSONRF,80,Vehicle in Road,personrf.csv
PERSONRF,81,Phantom Vehicle,personrf.csv
PERSONRF,82,"Pedestrian, Pedalcyclist, or Other Non-Motorist",personrf.csv
PERSONRF,87,Police or Law Enforcement Officer,personrf.csv
PERSONRF,88,"Seat Back Not in Normal Upright Position, Seat Back Reclined",personrf.csv
PERSONRF,90,Non-Motorist Pushing a Vehicle,personrf.csv
PERSONRF,91,Portable Electronic Devices,personrf.csv
PERSONRF,92,Person in Ambulance Treatment Compartment,personrf.csv
PERSONRF,93,Non-Motorist Wearing Motorcycle Helmet,personrf.csv
PERSONRF,94,Emergency Medical Service Personnel,personrf.csv
PERSONRF,95,Fire Personnel,personrf.csv
PERSONRF,96,Tow Operator,personrf.csv
PERSONRF,97,"Transportation (i.e. maintenance workers, safety service patrol operators, etc.)",personrf.csv
PERSONRF,101,Obstructed Sidewalk (for this Person),personrf.csv
PERSONRF,102,Motor Vehicle Occupant in Prior Crash,personrf.csv
PERSONRF,103,Road Rage,personrf.csv
PERSONRF,105,Paraplegic or in a Wheelchair,personrf.csv
PER_TYP,1,Driver of a Motor Vehicle In-Transport,person.csv
PER_TYP,2,Passenger of a Motor Vehicle In-Transport,person.csv
PER_TYP,3,Occupant of a Motor Vehicle Not In- Transport,person.csv
PER_TYP,4,Occupant of a Non-Motor Vehicle Transport Device,person.csv
PER_TYP,5,Pedestrian,person.csv
PER_TYP,6,Bicyclist,person.csv
PER_TYP,7,Other Pedalcyclist,person.csv
PER_TYP,8,Person on a Personal Conveyance,person.csv
PER_TYP,9,Unknown Occupant Type in a Motor Vehicle In- Transport,person.csv
PER_TYP,10,Person In/On a Building,person.csv
PFIRE,0,No or Not Reported,parkwork.csv
PFIRE,1,Yes,parkwork.csv
PGVWR_FROM,11,"Class 1: 6,000 lbs. or less (2,722 kg or less)",parkwork.csv
PGVWR_FROM,12,"Class 2: 6,001 - 10,000 lbs. (2,722 - 4,536 kg)",parkwork.csv
PGVWR_FROM,13,"Class 3: 10,001 - 14,000 lbs. (4,536 - 6,350 kg)",parkwork.csv
PGVWR_FROM,14,"Class 4: 14,001 - 16,000 lbs. (6,350 - 7,258 kg)",parkwork.csv
PGVWR_FROM,15,"Class 5: 16,001 - 19,500 lbs. (7,258 - 8,845 kg)",parkwork.csv
PGVWR_FROM,16,"Class 6: 19,501 - 26,000 lbs. (8,845 - 11,794 kg)",parkwork.csv
PGVWR_FROM,17,"Class 7: 26,001 - 33,000 lbs. (11,794 - 14,969 kg)",parkwork.csv
PGVWR_FROM,18,"Class 8: 33,001 lbs. and above (14,969 kg and above)",parkwork.csv
PGVWR_FROM,98,Not Reported,parkwork.csv
PGVWR_FROM,99,Reported as Unknown,parkwork.csv
PGVWR_TO,11,"Class 1: 6,000 lbs. or less (2,722 kg or less)",parkwork.csv
PGVWR_TO,12,"Class 2: 6,001 - 10,000 lbs. (2,722 - 4,536 kg)",parkwork.csv
PGVWR_TO,13,"Class 3: 10,001 - 14,000 lbs. (4,536 - 6,350 kg)",parkwork.csv
PGVWR_TO,14,"Class 4: 14,001 - 16,000 lbs. (6,350 - 7,258 kg)",parkwork.csv
PGVWR_TO,15,"Class 5: 16,001 - 19,500 lbs. (7,258 - 8,845 kg)",parkwork.csv
PGVWR_TO,16,"Class 6: 19,501 - 26,000 lbs. (8,845 - 11,794 kg)",parkwork.csv
PGVWR_TO,17,"Class 7: 26,001 - 33,000 lbs. (11,794 - 14,969 kg)",parkwork.csv
PGVWR_TO,18,"Class 8: 33,001 lbs. and above (14,969 kg and above)",parkwork.csv
PGVWR_TO,98,Not Reported,parkwork.csv
PGVWR_TO,99,Reported as Unknown,parkwork.csv
PHARM_EV,1,Rollover/Overturn,parkwork.csv
PHARM_EV,5,Fell/Jumped from Vehicle,parkwork.csv
PHARM_EV,7,Other Non-Collision,parkwork.csv
PHARM_EV,8,Pedestrian,parkwork.csv
PHARM_EV,9,Pedalcyclist,parkwork.csv
PHARM_EV,10,Railway Vehicle,parkwork.csv
PHARM_EV,12,Motor Vehicle In-Transport,parkwork.csv
PHARM_EV,14,Parked Motor Vehicle,parkwork.csv
PHARM_EV,15,Non-Motorist on Personal Conveyance,parkwork.csv
PHARM_EV,18,Other Object (not fixed),parkwork.csv
PHARM_EV,19,Building,parkwork.csv
PHARM_EV,24,Guardrail Face,parkwork.csv
PHARM_EV,25,Concrete Traffic Barrier,parkwork.csv
PHARM_EV,30,Utility Pole/Light Support,parkwork.csv
PHARM_EV,31,"Post, Pole or Other Supports",parkwork.csv
PHARM_EV,32,Culvert,parkwork.csv
PHARM_EV,33,Curb,parkwork.csv
PHARM_EV,34,Ditch,parkwork.csv
PHARM_EV,35,Embankment,parkwork.csv
PHARM_EV,38,Fence,parkwork.csv
PHARM_EV,39,Wall,parkwork.csv
PHARM_EV,40,Fire Hydrant,parkwork.csv
PHARM_EV,42,Tree (Standing Only),parkwork.csv
PHARM_EV,43,Other Fixed Object,parkwork.csv
PHARM_EV,44,"Pavement Surface Irregularity (Ruts, Potholes, Grates, etc.)",parkwork.csv
PHARM_EV,45,Working Motor Vehicle,parkwork.csv
PHARM_EV,53,Mail Box,parkwork.csv
PHARM_EV,57,Cable Barrier,parkwork.csv
PHARM_EV,58,Ground,parkwork.csv
PHARM_EV,59,Traffic Sign Support,parkwork.csv
PHARM_EV,93,Unknown Fixed Object,parkwork.csv
PHARM_EV,98,"Harmful Event, Details Not Reported",parkwork.csv
PHAZPLAC,0,Not Applicable,parkwork.csv
PHAZPLAC,2,Yes,parkwork.csv
PHAZ_CNO,0,Not Applicable,parkwork.csv
PHAZ_ID,0,Not Applicable,parkwork.csv
PHAZ_INV,1,No,parkwork.csv
PHAZ_INV,2,Yes,parkwork.csv
PHAZ_REL,0,Not Applicable,parkwork.csv
PHAZ_REL,1,No,parkwork.csv
PHAZ_REL,2,Yes,parkwork.csv
PHIT_RUN,0,No,parkwork.csv
PHIT_RUN,1,Yes,parkwork.csv
PHOUR,0,0:00am-0:59am,parkwork.csv
PHOUR,1,1:00am-1:59am,parkwork.csv
PHOUR,2,2:00am-2:59am,parkwork.csv
PHOUR,3,3:00am-3:59am,parkwork.csv
PHOUR,4,4:00am-4:59am,parkwork.csv
PHOUR,5,5:00am-5:59am,parkwork.csv
PHOUR,6,6:00am-6:59am,parkwork.csv
PHOUR,7,7:00am-7:59am,parkwork.csv
PHOUR,8,8:00am-8:59am,parkwork.csv
PHOUR,9,9:00am-9:59am,parkwork.csv
PHOUR,10,10:00am-10:59am,parkwork.csv
PHOUR,11,11:00am-11:59am,parkwork.csv
PHOUR,12,12:00pm-12:59pm,parkwork.csv
PHOUR,13,1:00pm-1:59pm,parkwork.csv
PHOUR,14,2:00pm-2:59pm,parkwork.csv
PHOUR,15,3:00pm-3:59pm,parkwork.csv
PHOUR,16,4:00pm-4:59pm,parkwork.csv
PHOUR,17,5:00pm-5:59pm,parkwork.csv
PHOUR,18,6:00pm-6:59pm,parkwork.csv
PHOUR,19,7:00pm-7:59pm,parkwork.csv
PHOUR,20,8:00pm-8:59pm,parkwork.csv
PHOUR,21,9:00pm-9:59pm,parkwork.csv
PHOUR,22,10:00pm-10:59pm,parkwork.csv
PHOUR,23,11:00pm-11:59pm,parkwork.csv
PHOUR,99,Unknown Hours,parkwork.csv
PICFINALBODY,0,Not Applicable,parkwork.csv
PICFINALBODY,9,Van,parkwork.csv
PICFINALBODY,11,Truck,parkwork.csv
PICFINALBODY,60,Pickup,parkwork.csv
PICFINALBODY,66,Truck-Tractor,parkwork.csv
PICFINALBODY,95,Cargo Van,parkwork.csv
PICFINALBODY,108,Motorhome,parkwork.csv
PICFINALBODY,111,Step Van / Walk-in Van,parkwork.csv
PICFINALBODY,128,Ambulance,parkwork.csv
PICFINALBODY,129,Street Sweeper,parkwork.csv
PICFINALBODY,997,Other (Specify:),parkwork.csv
PICFINALBODY,998,Not Reported,parkwork.csv
PICFINALBODY,999,Unknown,parkwork.csv
PIMPACT1,0,Non-Collision,parkwork.csv
PIMPACT1,1,1 Clock Point,parkwork.csv
PIMPACT1,2,2 Clock Point,parkwork.csv
PIMPACT1,3,3 Clock Point,parkwork.csv
PIMPACT1,4,4 Clock Point,parkwork.csv
PIMPACT1,5,5 Clock Point,parkwork.csv
PIMPACT1,6,6 Clock Point,parkwork.csv
PIMPACT1,7,7 Clock Point,parkwork.csv
PIMPACT1,8,8 Clock Point,parkwork.csv
PIMPACT1,9,9 Clock Point,parkwork.csv
PIMPACT1,10,10 Clock Point,parkwork.csv
PIMPACT1,11,11 Clock Point,parkwork.csv
PIMPACT1,12,12 Clock Point,parkwork.csv
PIMPACT1,13,Top,parkwork.csv
PIMPACT1,14,Undercarriage,parkwork.csv
PIMPACT1,20,"Object Set in Motion, Unknown if Cargo/Vehicle Parts or Other",parkwork.csv
PIMPACT1,61,Left,parkwork.csv
PIMPACT1,62,Left-Front Side,parkwork.csv
PIMPACT1,63,Left-Back Side,parkwork.csv
PIMPACT1,81,Right,parkwork.csv
PIMPACT1,82,Right-Front Side,parkwork.csv
PIMPACT1,83,Right-Back Side,parkwork.csv
PIMPACT1,98,Not Reported,parkwork.csv
PIMPACT1,99,Reported as Unknown,parkwork.csv
PMAKE,2,Jeep / Kaiser-Jeep / Willys- Jeep,parkwork.csv
PMAKE,6,Chrysler,parkwork.csv
PMAKE,7,Dodge,parkwork.csv
PMAKE,12,Ford,parkwork.csv
PMAKE,13,Lincoln,parkwork.csv
PMAKE,14,Mercury,parkwork.csv
PMAKE,18,Buick / Opel,parkwork.csv
PMAKE,19,Cadillac,parkwork.csv
PMAKE,20,Chevrolet,parkwork.csv
PMAKE,21,Oldsmobile,parkwork.csv
PMAKE,22,Pontiac,parkwork.csv
PMAKE,23,GMC,parkwork.csv
PMAKE,24,Saturn,parkwork.csv
PMAKE,29,Other Domestic Manufacturers,parkwork.csv
PMAKE,30,Volkswagen,parkwork.csv
PMAKE,31,Alfa Romeo,parkwork.csv
PMAKE,32,Audi,parkwork.csv
PMAKE,34,BMW,parkwork.csv
PMAKE,35,Nissan/Datsun,parkwork.csv
PMAKE,36,Fiat,parkwork.csv
PMAKE,37,Honda,parkwork.csv
PMAKE,38,Isuzu,parkwork.csv
PMAKE,39,Jaguar,parkwork.csv
PMAKE,41,Mazda,parkwork.csv
PMAKE,42,Mercedes-Benz,parkwork.csv
PMAKE,45,Porsche,parkwork.csv
PMAKE,48,Subaru,parkwork.csv
PMAKE,49,Toyota,parkwork.csv
PMAKE,51,Volvo,parkwork.csv
PMAKE,52,Mitsubishi,parkwork.csv
PMAKE,53,Suzuki,parkwork.csv
PMAKE,54,Acura,parkwork.csv
PMAKE,55,Hyundai,parkwork.csv
PMAKE,58,Infiniti,parkwork.csv
PMAKE,59,Lexus,parkwork.csv
PMAKE,60,Daihatsu,parkwork.csv
PMAKE,62,Land Rover,parkwork.csv
PMAKE,63,KIA,parkwork.csv
PMAKE,67,Scion,parkwork.csv
PMAKE,69,Other Import,parkwork.csv
PMAKE,72,Harley-Davidson,parkwork.csv
PMAKE,73,Kawasaki,parkwork.csv
PMAKE,82,Freightliner,parkwork.csv
PMAKE,84,International Harvester/Navistar,parkwork.csv
PMAKE,85,Kenworth,parkwork.csv
PMAKE,86,Mack,parkwork.csv
PMAKE,87,Peterbilt,parkwork.csv
PMAKE,92,Gillig,parkwork.csv
PMAKE,97,Not Reported,parkwork.csv
PMAKE,98,Other Make,parkwork.csv
PMAKE,99,Unknown Make,parkwork.csv
PMAK_MOD,2001,Jeep / Kaiser Jeep / Willys Jeep Compass,parkwork.csv
PMAK_MOD,2403,Jeep / Kaiser Jeep / Willys Jeep YJ series/Wrangler,parkwork.csv
PMAK_MOD,2404,Jeep / Kaiser Jeep / Willys Jeep Cherokee (1984-on) (For Grand Cherokee for 2014 on use 02-422.),parkwork.csv
PMAK_MOD,2405,Jeep / Kaiser Jeep / Willys Jeep Liberty,parkwork.csv
PMAK_MOD,2406,Jeep / Kaiser Jeep / Willys Jeep Commander,parkwork.csv
PMAK_MOD,2407,Jeep / Kaiser Jeep / Willys Jeep Patriot,parkwork.csv
PMAK_MOD,2408,Jeep / Kaiser Jeep / Willys Jeep Renegade,parkwork.csv
PMAK_MOD,2422,Jeep / Kaiser Jeep / Willys Jeep Grand Cherokee (For 2014 on. Use model 404 for model years prior to 2013.),parkwork.csv
PMAK_MOD,2483,Jeep / Kaiser Jeep / Willys Jeep Gladiator,parkwork.csv
PMAK_MOD,2498,Jeep / Kaiser Jeep / Willys Jeep Other (light truck),parkwork.csv
PMAK_MOD,6018,Chrysler 200,parkwork.csv
PMAK_MOD,6043,Chrysler Sebring,parkwork.csv
PMAK_MOD,6051,Chrysler 300M/300/300C/300S,parkwork.csv
PMAK_MOD,6052,Chrysler PT Cruiser,parkwork.csv
PMAK_MOD,6441,Chrysler Town and Country,parkwork.csv
PMAK_MOD,6443,Chrysler Pacifica,parkwork.csv
PMAK_MOD,7020,Dodge Neon,parkwork.csv
PMAK_MOD,7024,Dodge Charger,parkwork.csv
PMAK_MOD,7026,Dodge Avenger,parkwork.csv
PMAK_MOD,7027,"Dodge Journey (For 2009-2018 only. For model years 2019 on, see 07-404.)",parkwork.csv
PMAK_MOD,7028,Dodge Challenger (2008 on; for 1970-74 see model 005),parkwork.csv
PMAK_MOD,7029,Dodge Dart (2013 on. See model 001 for 1960-1976.),parkwork.csv
PMAK_MOD,7043,Dodge Stratus,parkwork.csv
PMAK_MOD,7402,Dodge Durango (1998-2003 only; see model 422 for 2004 on),parkwork.csv
PMAK_MOD,7403,Dodge Nitro,parkwork.csv
PMAK_MOD,7422,Dodge Durango (2004 on; see 402 for 1998-2003 models),parkwork.csv
PMAK_MOD,7442,Dodge Caravan/Grand Caravan,parkwork.csv
PMAK_MOD,7444,Dodge Promaster City,parkwork.csv
PMAK_MOD,7461,Dodge B-Series Van/Ram Van/ Ram Wagon,parkwork.csv
PMAK_MOD,7463,Dodge Ram Promaster,parkwork.csv
PMAK_MOD,7472,Dodge Dakota,parkwork.csv
PMAK_MOD,7481,"Dodge D, W-Series pickup",parkwork.csv
PMAK_MOD,7482,Dodge Ram Pickup,parkwork.csv
PMAK_MOD,7880,"Dodge Medium/Heavy Pickup (pickup-style only - over 10,000 lbs)",parkwork.csv
PMAK_MOD,7881,Dodge Medium/Heavy - CBE,parkwork.csv
PMAK_MOD,12003,Ford Mustang/Mustang II,parkwork.csv
PMAK_MOD,12016,"Ford Crown Victoria (For 2011 on, code as vehicle model 398)",parkwork.csv
PMAK_MOD,12017,Ford Taurus/Taurus X,parkwork.csv
PMAK_MOD,12021,Ford Five Hundred,parkwork.csv
PMAK_MOD,12022,Ford Freestyle,parkwork.csv
PMAK_MOD,12023,Ford Fusion,parkwork.csv
PMAK_MOD,12024,"Ford Edge (For model years 2007-2018 only. For model years 2019 on, see 12-424.)",parkwork.csv
PMAK_MOD,12025,Ford Flex,parkwork.csv
PMAK_MOD,12032,Ford Fiesta,parkwork.csv
PMAK_MOD,12037,Ford Focus,parkwork.csv
PMAK_MOD,12401,"Ford Bronco (thru 1977)/Bronco II/Explorer/Explorer Sport (Explorer for 1990-2018 only. For model years 2019 on, see 12-425.)",parkwork.csv
PMAK_MOD,12402,Ford Escape,parkwork.csv
PMAK_MOD,12403,Ford EcoSport,parkwork.csv
PMAK_MOD,12422,Ford Expedition,parkwork.csv
PMAK_MOD,12424,"Ford Edge(For 2019 on. For model years 2007-2018, see 12-024.)",parkwork.csv
PMAK_MOD,12425,Ford Explorer (For 2019 on. For model years 1990-2018 see 12-401.),parkwork.csv
PMAK_MOD,12442,Ford Windstar,parkwork.csv
PMAK_MOD,12461,Ford E-Series Van/Econoline,parkwork.csv
PMAK_MOD,12462,Ford Transit,parkwork.csv
PMAK_MOD,12471,Ford Ranger,parkwork.csv
PMAK_MOD,12473,Ford Explorer Sport Trac,parkwork.csv
PMAK_MOD,12481,Ford F-Series pickup,parkwork.csv
PMAK_MOD,12498,Ford Other (light truck),parkwork.csv
PMAK_MOD,12850,Ford Motorhome,parkwork.csv
PMAK_MOD,12870,Ford Medium/Heavy Van-Based Vehicle,parkwork.csv
PMAK_MOD,12880,"Ford Medium/Heavy Pickup (pickup-style only - over 10,000 lbs)",parkwork.csv
PMAK_MOD,12881,Ford Medium/Heavy - CBE,parkwork.csv
PMAK_MOD,12898,Ford Other (medium/heavy truck),parkwork.csv
PMAK_MOD,13015,Lincoln MKS,parkwork.csv
PMAK_MOD,13401,Lincoln Aviator,parkwork.csv
PMAK_MOD,13421,Lincoln Navigator,parkwork.csv
PMAK_MOD,14006,Mercury Marquis/Monterey (car version; for van version 2004 on see code 444) /Grand Marquis,parkwork.csv
PMAK_MOD,14017,Mercury Sable,parkwork.csv
PMAK_MOD,14021,Mercury Milan,parkwork.csv
PMAK_MOD,14401,Mercury Mountaineer,parkwork.csv
PMAK_MOD,14402,Mercury Mariner,parkwork.csv
PMAK_MOD,18002,"Buick / Opel LeSabre/Centurion/ Estate Wagon, Invicta, Custom, Limited, T-Type, Ltd, C.M.I, LE",parkwork.csv
PMAK_MOD,18007,Buick / Opel Century,parkwork.csv
PMAK_MOD,18022,Buick / Opel LaCrosse,parkwork.csv
PMAK_MOD,18023,Buick / Opel Lucerne,parkwork.csv
PMAK_MOD,18024,Buick / Opel Enclave (2008-12 model years only. For 2013 on see model 421.),parkwork.csv
PMAK_MOD,18025,Buick / Opel Verano,parkwork.csv
PMAK_MOD,18401,Buick / Opel Rendezvous,parkwork.csv
PMAK_MOD,18404,Buick / Opel Encore,parkwork.csv
PMAK_MOD,18421,Buick / Opel Enclave (2013 on. See model 024 for 2008-12 model years.),parkwork.csv
PMAK_MOD,19003,"Cadillac Deville/Fleetwood,Coupe de Ville, Sedan de Ville, Fleetwood Brougham, Fleetwood 60 Special, d`Elegan",parkwork.csv
PMAK_MOD,19009,Cadillac Allante',parkwork.csv
PMAK_MOD,19018,Cadillac CTS/CTC,parkwork.csv
PMAK_MOD,19023,Cadillac XTS,parkwork.csv
PMAK_MOD,19401,Cadillac XT5,parkwork.csv
PMAK_MOD,19421,Cadillac Escalade/ESV (from 2004 on; see 431 for 2003 only),parkwork.csv
PMAK_MOD,20002,"Chevrolet Impala/Caprice (For SS from 2014 on, use 20-021.)",parkwork.csv
PMAK_MOD,20007,Chevrolet El Camino,parkwork.csv
PMAK_MOD,20009,Chevrolet Camaro,parkwork.csv
PMAK_MOD,20016,Chevrolet Cavalier,parkwork.csv
PMAK_MOD,20019,Chevrolet Beretta/Corsica,parkwork.csv
PMAK_MOD,20020,Chevrolet Lumina,parkwork.csv
PMAK_MOD,20022,Chevrolet Cobalt,parkwork.csv
PMAK_MOD,20023,Chevrolet HHR,parkwork.csv
PMAK_MOD,20024,Chevrolet Traverse (2009-2012 only. For 2013 on see model 423.),parkwork.csv
PMAK_MOD,20025,Chevrolet Cruze,parkwork.csv
PMAK_MOD,20026,Chevrolet Volt,parkwork.csv
PMAK_MOD,20028,Chevrolet Sonic,parkwork.csv
PMAK_MOD,20029,Chevrolet Spark,parkwork.csv
PMAK_MOD,20036,Chevrolet Monte Carlo (1995 on),parkwork.csv
PMAK_MOD,20037,Chevrolet Malibu/Malibu Maxx,parkwork.csv
PMAK_MOD,20039,Chevrolet Aveo/Aveo 5,parkwork.csv
PMAK_MOD,20399,Chevrolet Unknown (automobile),parkwork.csv
PMAK_MOD,20401,"Chevrolet S-10 Blazer/TrailBlazer (2002 only; for 2003 on, see 403)",parkwork.csv
PMAK_MOD,20403,"Chevrolet TrailBlazer (2003 on; for 2002 model, see 401)",parkwork.csv
PMAK_MOD,20404,Chevrolet Equinox,parkwork.csv
PMAK_MOD,20405,Chevrolet Captiva,parkwork.csv
PMAK_MOD,20406,Chevrolet Trax,parkwork.csv
PMAK_MOD,20421,Chevrolet Fullsize Blazer/Tahoe,parkwork.csv
PMAK_MOD,20422,Chevrolet Suburban (from 2004 on; see 431 for 1950-2003),parkwork.csv
PMAK_MOD,20423,Chevrolet Traverse (2013 on. For 2009-2012 see model 024.),parkwork.csv
PMAK_MOD,20431,Chevrolet Suburban (from 1950-2003;see 422 for 2004 on),parkwork.csv
PMAK_MOD,20441,Chevrolet Astro Van,parkwork.csv
PMAK_MOD,20445,Chevrolet City Express,parkwork.csv
PMAK_MOD,20461,Chevrolet G-series van,parkwork.csv
PMAK_MOD,20471,Chevrolet S-10/T-10 Pickup,parkwork.csv
PMAK_MOD,20473,Chevrolet Colorado,parkwork.csv
PMAK_MOD,20481,"Chevrolet C, K, R, V-series pickup/Silverado",parkwork.csv
PMAK_MOD,20482,Chevrolet Avalanche,parkwork.csv
PMAK_MOD,20498,Chevrolet Other (light truck),parkwork.csv
PMAK_MOD,20499,Chevrolet Unknown (light truck),parkwork.csv
PMAK_MOD,20880,"Chevrolet Medium/Heavy Pickup (pickup-style only - over 10,000 lbs)",parkwork.csv
PMAK_MOD,20881,Chevrolet Medium/Heavy - CBE,parkwork.csv
PMAK_MOD,20882,Chevrolet Medium/Heavy - COE low entry,parkwork.csv
PMAK_MOD,20999,Chevrolet Unknown (CHEVROLET),parkwork.csv
PMAK_MOD,21003,Oldsmobile Ninety-Eight/Regency,parkwork.csv
PMAK_MOD,21021,Oldsmobile Achieva/Alero,parkwork.csv
PMAK_MOD,22020,Pontiac Grand Prix (FWD),parkwork.csv
PMAK_MOD,22022,Pontiac G6,parkwork.csv
PMAK_MOD,22024,Pontiac G8,parkwork.csv
PMAK_MOD,22032,Pontiac Vibe,parkwork.csv
PMAK_MOD,23401,GMC Jimmy/Typhoon/Envoy,parkwork.csv
PMAK_MOD,23402,GMC Terrain,parkwork.csv
PMAK_MOD,23421,GMC Fullsize Jimmy/Yukon,parkwork.csv
PMAK_MOD,23423,GMC Acadia (2013 on. For 2007-2012 see model 008.),parkwork.csv
PMAK_MOD,23431,GMC Suburban/Yukon XL (2000 on) (1950-2003 only; see 422 for 2004 on),parkwork.csv
PMAK_MOD,23461,GMC G-series van/Savana,parkwork.csv
PMAK_MOD,23472,GMC Canyon,parkwork.csv
PMAK_MOD,23481,"GMC C, K, R, V-series pickup/ Sierra",parkwork.csv
PMAK_MOD,23880,"GMC Medium/Heavy Pickup (pickup-style only - over 10,000 lbs",parkwork.csv
PMAK_MOD,23881,GMC Medium/Heavy - CBE,parkwork.csv
PMAK_MOD,23999,GMC Unknown (GMC),parkwork.csv
PMAK_MOD,24007,Saturn Ion,parkwork.csv
PMAK_MOD,24009,Saturn Aura,parkwork.csv
PMAK_MOD,24401,Saturn Vue,parkwork.csv
PMAK_MOD,24441,Saturn Relay,parkwork.csv
PMAK_MOD,29005,Other Domestic Manufacturers Tesla,parkwork.csv
PMAK_MOD,30040,Volkswagen Jetta/Jetta SportsWagen,parkwork.csv
PMAK_MOD,30042,Volkswagen Golf/Cabriolet/Cabrio/GTI/ GLI,parkwork.csv
PMAK_MOD,30046,Volkswagen Passat (CC - 2008 thru 2011; see 052 for 2012 on),parkwork.csv
PMAK_MOD,30402,Volkswagen Tiguan,parkwork.csv
PMAK_MOD,30443,Volkswagen Routan,parkwork.csv
PMAK_MOD,31422,"Alfa Romeo Stelvio (For 2019 on. For model year 2018, see 31-401.)",parkwork.csv
PMAK_MOD,32042,Audi A6,parkwork.csv
PMAK_MOD,32043,Audi A4,parkwork.csv
PMAK_MOD,32045,Audi TT/TTS,parkwork.csv
PMAK_MOD,32048,Audi A3,parkwork.csv
PMAK_MOD,32049,Audi A5,parkwork.csv
PMAK_MOD,32402,Audi Q5,parkwork.csv
PMAK_MOD,32403,Audi Allroad (2013 on. For 2001-2005 see model 047.),parkwork.csv
PMAK_MOD,32422,"Audi Q7 (For 2019 on. For model years 2007-2018, see 32-401.)",parkwork.csv
PMAK_MOD,34034,BMW 3-series,parkwork.csv
PMAK_MOD,34035,BMW 5-series,parkwork.csv
PMAK_MOD,34042,BMW Z4,parkwork.csv
PMAK_MOD,34044,"BMW X6 (For 2008-2015. For 2016 on, see model 404.)",parkwork.csv
PMAK_MOD,34498,BMW Other (light truck),parkwork.csv
PMAK_MOD,34706,BMW 750cc and over,parkwork.csv
PMAK_MOD,35032,Nissan/Datsun 200SX/240SX,parkwork.csv
PMAK_MOD,35039,Nissan/Datsun 810/Maxima,parkwork.csv
PMAK_MOD,35043,Nissan/Datsun Sentra,parkwork.csv
PMAK_MOD,35047,Nissan/Datsun Altima,parkwork.csv
PMAK_MOD,35048,Nissan/Datsun 350Z/370Z,parkwork.csv
PMAK_MOD,35049,"Nissan/Datsun Murano (For 2003-2018 only. For model years 2019 on, see 35-422.)",parkwork.csv
PMAK_MOD,35050,Nissan/Datsun Versa,parkwork.csv
PMAK_MOD,35051,"Nissan/Datsun Rogue (For 2008-2018 only. For model years 2019 on, see 35-404.)",parkwork.csv
PMAK_MOD,35056,Nissan/Datsun Kicks,parkwork.csv
PMAK_MOD,35399,Nissan/Datsun Unknown (automobile),parkwork.csv
PMAK_MOD,35401,Nissan/Datsun Pathfinder,parkwork.csv
PMAK_MOD,35402,Nissan/Datsun Xterra,parkwork.csv
PMAK_MOD,35404,"Nissan/Datsun Rogue (For 2019 on. For model years 2008-2018, see 35-051.)",parkwork.csv
PMAK_MOD,35421,Nissan/Datsun Pathfinder Armada,parkwork.csv
PMAK_MOD,35472,Nissan/Datsun Frontier (1998 on),parkwork.csv
PMAK_MOD,35473,Nissan/Datsun Titan (from 2004-06; see 481 for 2007 on),parkwork.csv
PMAK_MOD,35481,Nissan/Datsun Titan (from 2007 on; see 473 for 2004-06),parkwork.csv
PMAK_MOD,36401,Fiat 500L,parkwork.csv
PMAK_MOD,37031,"Honda Civic/CRX, del Sol",parkwork.csv
PMAK_MOD,37032,"Honda Accord (Note: For Crosstour model years 2010 and 2011 only. For Crosstour model years 2012-2015, see vehicle model 37-405)",parkwork.csv
PMAK_MOD,37037,Honda Insight,parkwork.csv
PMAK_MOD,37039,Honda Fit,parkwork.csv
PMAK_MOD,37041,Honda CR-Z,parkwork.csv
PMAK_MOD,37402,Honda CR-V,parkwork.csv
PMAK_MOD,37403,Honda Element,parkwork.csv
PMAK_MOD,37404,Honda HR-V,parkwork.csv
PMAK_MOD,37421,Honda Pilot,parkwork.csv
PMAK_MOD,37441,Honda Odyssey,parkwork.csv
PMAK_MOD,37471,Honda Ridgeline,parkwork.csv
PMAK_MOD,37499,Honda Unknown (light truck),parkwork.csv
PMAK_MOD,37703,Honda 125-349 cc,parkwork.csv
PMAK_MOD,37706,Honda 750 cc or greater,parkwork.csv
PMAK_MOD,38401,Isuzu Trooper/Trooper II,parkwork.csv
PMAK_MOD,38882,"Isuzu Medium/Heavy - COE, low entry",parkwork.csv
PMAK_MOD,39401,Jaguar F-Pace,parkwork.csv
PMAK_MOD,41037,Mazda 626,parkwork.csv
PMAK_MOD,41050,Mazda Mazda6,parkwork.csv
PMAK_MOD,41051,Mazda Mazda3,parkwork.csv
PMAK_MOD,41052,Mazda Mazda5,parkwork.csv
PMAK_MOD,41055,Mazda Mazda2,parkwork.csv
PMAK_MOD,41403,Mazda CX5,parkwork.csv
PMAK_MOD,41421,Mazda CX-9 (2013 on. See model 054 for 2007-12 model years.),parkwork.csv
PMAK_MOD,41471,Mazda Pickup/ B-Series Pickup,parkwork.csv
PMAK_MOD,42042,Mercedes-Benz C Class (94 on),parkwork.csv
PMAK_MOD,42047,Mercedes-Benz CLK,parkwork.csv
PMAK_MOD,42048,Mercedes-Benz E Class (97 on),parkwork.csv
PMAK_MOD,42051,Mercedes-Benz CLS Class,parkwork.csv
PMAK_MOD,42054,Mercedes-Benz CLA Class,parkwork.csv
PMAK_MOD,42401,Mercedes-Benz M/ML Class,parkwork.csv
PMAK_MOD,42404,"Mercedes-Benz GLE Class (For 2016-2018 only. For model years 2019 on, see 42-423.)",parkwork.csv
PMAK_MOD,42405,Mercedes-Benz GLC Class,parkwork.csv
PMAK_MOD,42406,Mercedes-Benz GLB Class,parkwork.csv
PMAK_MOD,42421,Mercedes-Benz GL Class,parkwork.csv
PMAK_MOD,42422,Mercedes-Benz GLS Class,parkwork.csv
PMAK_MOD,42423,"Mercedes-Benz GLE Class (For 2019 on. For model years 2016-2018, see 42-404.)",parkwork.csv
PMAK_MOD,42461,Mercedes-Benz SPRINTER,parkwork.csv
PMAK_MOD,42870,Mercedes-Benz Medium Heavy Van-Based Vehicle,parkwork.csv
PMAK_MOD,45421,Porsche Cayenne,parkwork.csv
PMAK_MOD,48034,Subaru Legacy/Outback(prior to 2003 only; see 045 for 2003 on),parkwork.csv
PMAK_MOD,48038,Subaru Impreza,parkwork.csv
PMAK_MOD,48045,Subaru Outback (2003 on)(see 034 for prior to 2003),parkwork.csv
PMAK_MOD,48401,Subaru Forester,parkwork.csv
PMAK_MOD,48403,Subaru XV Crosstrek,parkwork.csv
PMAK_MOD,48498,Subaru Other (light truck),parkwork.csv
PMAK_MOD,48999,Subaru Unknown (SUBARU),parkwork.csv
PMAK_MOD,49032,Toyota Corolla,parkwork.csv
PMAK_MOD,49033,Toyota Celica,parkwork.csv
PMAK_MOD,49040,Toyota Camry,parkwork.csv
PMAK_MOD,49043,Toyota Avalon,parkwork.csv
PMAK_MOD,49046,Toyota Prius *,parkwork.csv
PMAK_MOD,49047,Toyota Matrix,parkwork.csv
PMAK_MOD,49048,Toyota Scion xA,parkwork.csv
PMAK_MOD,49049,Toyota Scion xB (2004-2011 only. See Scion for 2012 on.),parkwork.csv
PMAK_MOD,49051,Toyota Yaris,parkwork.csv
PMAK_MOD,49053,Toyota Venza,parkwork.csv
PMAK_MOD,49399,Toyota Unknown (automobile),parkwork.csv
PMAK_MOD,49401,Toyota 4-Runner,parkwork.csv
PMAK_MOD,49402,Toyota RAV4 *,parkwork.csv
PMAK_MOD,49403,Toyota Highlander,parkwork.csv
PMAK_MOD,49421,Toyota Land Cruiser,parkwork.csv
PMAK_MOD,49422,Toyota Sequoia,parkwork.csv
PMAK_MOD,49442,Toyota Sienna,parkwork.csv
PMAK_MOD,49471,Toyota Pickup,parkwork.csv
PMAK_MOD,49472,Toyota Tacoma,parkwork.csv
PMAK_MOD,49482,Toyota Tundra,parkwork.csv
PMAK_MOD,51043,"Volvo 70 Series (For XC70 for 2014 on, use model code 402)",parkwork.csv
PMAK_MOD,51045,Volvo 80 Series,parkwork.csv
PMAK_MOD,51401,Volvo XC90,parkwork.csv
PMAK_MOD,51403,Volvo XC40,parkwork.csv
PMAK_MOD,51881,Volvo Medium/Heavy - CBE,parkwork.csv
PMAK_MOD,51884,Volvo Medium/Heavy - Unknown engine location,parkwork.csv
PMAK_MOD,51998,Volvo Other (Vehicle),parkwork.csv
PMAK_MOD,52046,Mitsubishi Lancer/Lancer Sportback/ Lancer Evolution,parkwork.csv
PMAK_MOD,52047,"Mitsubishi Outlander (For 2003-2018 only. For model years 2019 on, see 52-404.)",parkwork.csv
PMAK_MOD,52048,Mitsubishi Mirage (2014 on. For 1985-2002 use 52-035.),parkwork.csv
PMAK_MOD,52402,Mitsubishi Endeavor,parkwork.csv
PMAK_MOD,52404,"Mitsubishi Outlander (For 2019 on. For model years 2003-2018, see 52-047.)",parkwork.csv
PMAK_MOD,53033,Suzuki Aerio,parkwork.csv
PMAK_MOD,53402,Suzuki Sidekick/Vitara/ Vitara V6,parkwork.csv
PMAK_MOD,53706,Suzuki 750cc-over,parkwork.csv
PMAK_MOD,54032,Acura Legend,parkwork.csv
PMAK_MOD,54035,Acura TL,parkwork.csv
PMAK_MOD,54036,Acura RL/RLX,parkwork.csv
PMAK_MOD,54039,Acura TSX,parkwork.csv
PMAK_MOD,54044,Acura TLX,parkwork.csv
PMAK_MOD,54421,Acura MDX,parkwork.csv
PMAK_MOD,55033,Hyundai Sonata,parkwork.csv
PMAK_MOD,55035,Hyundai Elantra,parkwork.csv
PMAK_MOD,55036,Hyundai Accent,parkwork.csv
PMAK_MOD,55399,Hyundai Unknown (automobile),parkwork.csv
PMAK_MOD,55401,Hyundai Santa Fe,parkwork.csv
PMAK_MOD,55402,Hyundai Tucson,parkwork.csv
PMAK_MOD,55404,Hyundai Kona,parkwork.csv
PMAK_MOD,55421,Hyundai Veracruz (2008 on; see 403 for 2007 only),parkwork.csv
PMAK_MOD,58034,Infiniti J30,parkwork.csv
PMAK_MOD,58037,Infiniti G25/G35/G37,parkwork.csv
PMAK_MOD,58039,Infiniti FX35/FX37/FX45/FX50,parkwork.csv
PMAK_MOD,58401,Infiniti QX4,parkwork.csv
PMAK_MOD,58403,Infiniti QX60,parkwork.csv
PMAK_MOD,58421,Infiniti QX56,parkwork.csv
PMAK_MOD,58422,Infiniti QX80,parkwork.csv
PMAK_MOD,59031,Lexus ES-250/300/300h/330/ 350,parkwork.csv
PMAK_MOD,59032,Lexus LS-400/430/460/460L/600h/600hL,parkwork.csv
PMAK_MOD,59033,Lexus SC-400/SC-300,parkwork.csv
PMAK_MOD,59035,Lexus IS-250/300/350/500/200t,parkwork.csv
PMAK_MOD,59043,Lexus UX,parkwork.csv
PMAK_MOD,59403,Lexus RX330/350/400h/450h,parkwork.csv
PMAK_MOD,59404,Lexus GX460,parkwork.csv
PMAK_MOD,59405,Lexus NX,parkwork.csv
PMAK_MOD,60999,Daihatsu Unknown (DAIHATSU),parkwork.csv
PMAK_MOD,62404,Land Rover Range Rover Evoque,parkwork.csv
PMAK_MOD,62421,Land Rover Range Rover,parkwork.csv
PMAK_MOD,62423,Land Rover LR3/LR4,parkwork.csv
PMAK_MOD,62424,Land Rover LR2,parkwork.csv
PMAK_MOD,63032,KIA Rio/Rio5,parkwork.csv
PMAK_MOD,63033,KIA Spectra/Spectra5,parkwork.csv
PMAK_MOD,63034,KIA Optima,parkwork.csv
PMAK_MOD,63037,KIA Soul,parkwork.csv
PMAK_MOD,63038,KIA Forte,parkwork.csv
PMAK_MOD,63398,KIA Other (automobile),parkwork.csv
PMAK_MOD,63401,KIA Sportage,parkwork.csv
PMAK_MOD,63402,KIA Sorento,parkwork.csv
PMAK_MOD,63441,KIA Sedona,parkwork.csv
PMAK_MOD,63498,KIA Other (Light Truck),parkwork.csv
PMAK_MOD,63999,KIA Unknown (KIA),parkwork.csv
PMAK_MOD,67031,Scion xB (2012 on. See Toyota for 2004-2011),parkwork.csv
PMAK_MOD,67033,Scion xD (2012 on. See Toyota for 2007-2011),parkwork.csv
PMAK_MOD,69054,Other Import Mini-Cooper,parkwork.csv
PMAK_MOD,72706,Harley-Davidson 750cc or greater,parkwork.csv
PMAK_MOD,73705,Kawasaki 450-749cc,parkwork.csv
PMAK_MOD,82881,Freightliner Medium/Heavy - CBE,parkwork.csv
PMAK_MOD,82898,Freightliner Other (medium/heavy truck),parkwork.csv
PMAK_MOD,84881,International Harvester/Navistar Medium/Heavy - CBE,parkwork.csv
PMAK_MOD,85881,Kenworth Medium/Heavy - CBE,parkwork.csv
PMAK_MOD,85884,Kenworth Medium/Heavy - Unknown engine location,parkwork.csv
PMAK_MOD,85898,Kenworth Other (medium/heavy truck),parkwork.csv
PMAK_MOD,85999,Kenworth Unknown (KENWORTH),parkwork.csv
PMAK_MOD,86881,Mack Medium/Heavy - CBE,parkwork.csv
PMAK_MOD,86882,Mack Medium/Heavy - COE low entry,parkwork.csv
PMAK_MOD,87881,Peterbilt Medium/Heavy - CBE,parkwork.csv
PMAK_MOD,87882,Peterbilt Medium/Heavy - COE low entry,parkwork.csv
PMAK_MOD,92988,Gillig Other (bus),parkwork.csv
PMAK_MOD,97997,Not Reported Not Reported,parkwork.csv
PMAK_MOD,98804,Other Make Western Star,parkwork.csv
PMAK_MOD,98806,Other Make Hino,parkwork.csv
PMAK_MOD,98881,Other Make Medium/Heavy - CBE,parkwork.csv
PMAK_MOD,98898,Other Make Other (medium/heavy truck)**,parkwork.csv
PMAK_MOD,98982,"Other Make Bus: Front engine, Flat front",parkwork.csv
PMAK_MOD,98988,Other Make Other (bus),parkwork.csv
PMAK_MOD,98998,Other Make Other (vehicle),parkwork.csv
PMAK_MOD,98999,Other Make Unknown (OTHER MAKE),parkwork.csv
PMAK_MOD,99499,Unknown Make Unknown (light truck),parkwork.csv
PMAK_MOD,99739,Unknown Make Unknown cc (ATV),parkwork.csv
PMAK_MOD,99998,Unknown Make Other (vehicle),parkwork.csv
PMAK_MOD,99999,"Unknown Make Unknown (as to automobile, motored cycle, light truck or truck)",parkwork.csv
PMAN_COLL,0,The First Harmful Event was Not a Collision with a Motor Vehicle in Transport,parkwork.csv
PMAN_COLL,1,Front-to-Rear,parkwork.csv
PMAN_COLL,2,Front-to-Front,parkwork.csv
PMAN_COLL,6,Angle,parkwork.csv
PMAN_COLL,7,Sideswipe - Same Direction,parkwork.csv
PMAN_COLL,8,Sideswipe - Opposite Direction,parkwork.csv
PMAN_COLL,9,Rear-to-Side,parkwork.csv
PMAN_COLL,99,Reported as Unknown,parkwork.csv
PMCARR_I1,0,Not Applicable,parkwork.csv
PMCARR_I1,1,Alabama,parkwork.csv
PMCARR_I1,5,Arkansas,parkwork.csv
PMCARR_I1,6,California,parkwork.csv
PMCARR_I1,12,Florida,parkwork.csv
PMCARR_I1,13,Georgia,parkwork.csv
PMCARR_I1,15,Hawaii,parkwork.csv
PMCARR_I1,17,Illinois,parkwork.csv
PMCARR_I1,18,Indiana,parkwork.csv
PMCARR_I1,24,Maryland,parkwork.csv
PMCARR_I1,26,Michigan,parkwork.csv
PMCARR_I1,31,Nebraska,parkwork.csv
PMCARR_I1,32,Nevada,parkwork.csv
PMCARR_I1,48,Texas,parkwork.csv
PMCARR_I1,55,Wisconsin,parkwork.csv
PMCARR_I1,56,Wyoming,parkwork.csv
PMCARR_I1,57,US DOT,parkwork.csv
PMCARR_I1,77,Not Reported,parkwork.csv
PMCARR_I1,88,None,parkwork.csv
PMCARR_I1,95,Canada,parkwork.csv
PMCARR_I1,99,Unknown,parkwork.csv
PMCARR_I2,000000000,Not Applicable,parkwork.csv
PMCARR_I2,777777777,Not Reported,parkwork.csv
PMCARR_I2,888888888,None,parkwork.csv
PMCARR_I2,999999999,Unknown,parkwork.csv
PMCARR_ID,00000000000,Not Applicable,parkwork.csv
PMCARR_ID,77777777777,Not Reported,parkwork.csv
PMCARR_ID,88888888888,None,parkwork.csv
PMCARR_ID,99999999999,Unknown,parkwork.csv
PMINUTE,99,Unknown Minutes,parkwork.csv
PMODYEAR,9998,Not Reported,parkwork.csv
PMODYEAR,9999,Unknown,parkwork.csv
PMONTH,1,January,parkwork.csv
PMONTH,2,February,parkwork.csv
PMONTH,3,March,parkwork.csv
PMONTH,4,April,parkwork.csv
PMONTH,5,May,parkwork.csv
PMONTH,6,June,parkwork.csv
PMONTH,7,July,parkwork.csv
PMONTH,8,August,parkwork.csv
PMONTH,9,September,parkwork.csv
PMONTH,10,October,parkwork.csv
PMONTH,11,November,parkwork.csv
PMONTH,12,December,parkwork.csv
PM_HARM,1,Rollover/Overturn,parkwork.csv
PM_HARM,2,Fire/Explosion,parkwork.csv
PM_HARM,7,Other Non-Collision,parkwork.csv
PM_HARM,8,Pedestrian,parkwork.csv
PM_HARM,9,Pedalcyclist,parkwork.csv
PM_HARM,12,Motor Vehicle In-Transport,parkwork.csv
PM_HARM,14,Parked Motor Vehicle,parkwork.csv
PM_HARM,15,Non-Motorist on Personal Conveyance,parkwork.csv
PM_HARM,16,Thrown or Falling Object,parkwork.csv
PM_HARM,18,Other Object (not fixed),parkwork.csv
PM_HARM,19,Building,parkwork.csv
PM_HARM,33,Curb,parkwork.csv
PM_HARM,39,Wall,parkwork.csv
PM_HARM,42,Tree (Standing Only),parkwork.csv
PM_HARM,43,Other Fixed Object,parkwork.csv
PM_HARM,45,Working Motor Vehicle,parkwork.csv
PM_HARM,50,Bridge Overhead Structure,parkwork.csv
PM_HARM,55,Motor Vehicle in Motion Outside the Trafficway,parkwork.csv
PM_HARM,72,"Cargo/Equipment Loss, Shift, or Damage [harmful]",parkwork.csv
PM_HARM,73,Object That Had Fallen From Motor Vehicle In-Transport,parkwork.csv
PM_HARM,91,Unknown Object Not Fixed,parkwork.csv
PM_HARM,98,"Harmful Event, Details Not Reported",parkwork.csv
PM_HARM,99,Reported as Unknown,parkwork.csv
PNUMOCCS,0,None,parkwork.csv
PNUMOCCS,99,Unknown,parkwork.csv
POWNER,0,"Not Applicable, Vehicle Not Registered",parkwork.csv
POWNER,3,Vehicle Registered as Commercial/Business/Company/Government Vehicle,parkwork.csv
POWNER,4,Vehicle Registered as Rental Vehicle,parkwork.csv
POWNER,6,Driverless/Motor Vehicle Parked/Stopped Off Roadway,parkwork.csv
PREG_STAT,0,Not Applicable,parkwork.csv
PREG_STAT,1,Alabama,parkwork.csv
PREG_STAT,2,Alaska,parkwork.csv
PREG_STAT,4,Arizona,parkwork.csv
PREG_STAT,5,Arkansas,parkwork.csv
PREG_STAT,6,California,parkwork.csv
PREG_STAT,8,Colorado,parkwork.csv
PREG_STAT,9,Connecticut,parkwork.csv
PREG_STAT,10,Delaware,parkwork.csv
PREG_STAT,11,District of Columbia,parkwork.csv
PREG_STAT,12,Florida,parkwork.csv
PREG_STAT,13,Georgia,parkwork.csv
PREG_STAT,15,Hawaii,parkwork.csv
PREG_STAT,16,Idaho,parkwork.csv
PREG_STAT,17,Illinois,parkwork.csv
PREG_STAT,18,Indiana,parkwork.csv
PREG_STAT,19,Iowa,parkwork.csv
PREG_STAT,20,Kansas,parkwork.csv
PREG_STAT,21,Kentucky,parkwork.csv
PREG_STAT,22,Louisiana,parkwork.csv
PREG_STAT,23,Maine,parkwork.csv
PREG_STAT,24,Maryland,parkwork.csv
PREG_STAT,25,Massachusetts,parkwork.csv
PREG_STAT,26,Michigan,parkwork.csv
PREG_STAT,27,Minnesota,parkwork.csv
PREG_STAT,28,Mississippi,parkwork.csv
PREG_STAT,29,Missouri,parkwork.csv
PREG_STAT,30,Montana,parkwork.csv
PREG_STAT,31,Nebraska,parkwork.csv
PREG_STAT,32,Nevada,parkwork.csv
PREG_STAT,33,New Hampshire,parkwork.csv
PREG_STAT,34,New Jersey,parkwork.csv
PREG_STAT,35,New Mexico,parkwork.csv
PREG_STAT,36,New York,parkwork.csv
PREG_STAT,37,North Carolina,parkwork.csv
PREG_STAT,39,Ohio,parkwork.csv
PREG_STAT,40,Oklahoma,parkwork.csv
PREG_STAT,41,Oregon,parkwork.csv
PREG_STAT,42,Pennsylvania,parkwork.csv
PREG_STAT,44,Rhode Island,parkwork.csv
PREG_STAT,45,South Carolina,parkwork.csv
PREG_STAT,46,South Dakota,parkwork.csv
PREG_STAT,47,Tennessee,parkwork.csv
PREG_STAT,48,Texas,parkwork.csv
PREG_STAT,49,Utah,parkwork.csv
PREG_STAT,50,Vermont,parkwork.csv
PREG_STAT,51,Virginia,parkwork.csv
PREG_STAT,53,Washington,parkwork.csv
PREG_STAT,54,West Virginia,parkwork.csv
PREG_STAT,55,Wisconsin,parkwork.csv
PREG_STAT,56,Wyoming,parkwork.csv
PREG_STAT,91,Not Reported,parkwork.csv
PREG_STAT,92,No Registration,parkwork.csv
PREG_STAT,93,Multiple State Registration,parkwork.csv
PREG_STAT,94,U.S. Government Tags (includes military),parkwork.csv
PREG_STAT,95,Canada,parkwork.csv
PREG_STAT,96,Mexico,parkwork.csv
PREG_STAT,98,Other Registration,parkwork.csv
PREG_STAT,99,Reported as Unknown,parkwork.csv
PREV_ACC,0,None,vehicle.csv
PREV_ACC,98,Crashes Not Reported on Driving Record,vehicle.csv
PREV_ACC,99,Unknown,vehicle.csv
PREV_ACC,998,No Driver Present/Unknown if Driver Present,vehicle.csv
PREV_DWI,0,None,vehicle.csv
PREV_DWI,99,Unknown,vehicle.csv
PREV_DWI,998,No Driver Present/Unknown if Driver Present,vehicle.csv
PREV_OTH,0,None,vehicle.csv
PREV_OTH,99,Unknown,vehicle.csv
PREV_OTH,998,No Driver Present/Unknown if Driver Present,vehicle.csv
PREV_SPD,0,None,vehicle.csv
PREV_SPD,99,Unknown,vehicle.csv
PREV_SPD,998,No Driver Present/Unknown if Driver Present,vehicle.csv
PREV_SUS1,0,None,vehicle.csv
PREV_SUS1,99,Unknown,vehicle.csv
PREV_SUS1,998,No Driver Present/Unknown if Driver Present,vehicle.csv
PREV_SUS2,0,None,vehicle.csv
PREV_SUS2,99,Unknown,vehicle.csv
PREV_SUS2,998,No Driver Present/Unknown if Driver Present,vehicle.csv
PREV_SUS3,0,None,vehicle.csv
PREV_SUS3,99,Unknown,vehicle.csv
PREV_SUS3,998,No Driver Present/Unknown if Driver Present,vehicle.csv
PSP_USE,0,No Special Use Noted,parkwork.csv
PSP_USE,3,Vehicle Used as Other Bus,parkwork.csv
PSP_USE,5,Police,parkwork.csv
PSP_USE,6,Ambulance,parkwork.csv
PSP_USE,7,Fire Truck,parkwork.csv
PSP_USE,10,Safety Service Patrols - Incident Response,parkwork.csv
PSP_USE,11,Other Incident Response,parkwork.csv
PSP_USE,12,Towing - Incident Response,parkwork.csv
PSP_USE,22,Public Utility,parkwork.csv
PSP_USE,23,"Rental Truck over 10,000 lbs.",parkwork.csv
PSP_USE,24,Truck Operating with Crash Attenuator Equipment,parkwork.csv
PSP_USE,99,Reported as Unknown,parkwork.csv
PTOWED,5,Not Towed,parkwork.csv
PTOWED,6,Towed,parkwork.csv
PTOWED,8,Not Reported,parkwork.csv
PTOWED,9,Reported as Unknown,parkwork.csv
PTRAILER,0,No Trailers,parkwork.csv
PTRAILER,1,One Trailer,parkwork.csv
PTRAILER,2,Two Trailers,parkwork.csv
PTRAILER,5,Vehicle Towing Another Motor Vehicle - Fixed Linkage,parkwork.csv
PTRAILER,7,Trailing Unit Other than a Trailer or Another Motor Vehicle,parkwork.csv
PTRLR1GVWR,11,"Class 1: 6,000 lbs or less (2,722 kg or less)",parkwork.csv
PTRLR1GVWR,12,"Class 2: 6,001 - 10,000 lbs (2,722 - 4,536 kg)",parkwork.csv
PTRLR1GVWR,13,"Class 3: 10,001 - 14,000 lbs (4,536 - 6,350 kg)",parkwork.csv
PTRLR1GVWR,14,"Class 4: 14,001 - 16,000 lbs (6,350 - 7,258 kg)",parkwork.csv
PTRLR1GVWR,15,"Class 5: 16,001 - 19,500 lbs (7,258 - 8,845 kg)",parkwork.csv
PTRLR1GVWR,16,"Class 6: 19,501 - 26,000 lbs (8,845 - 11,794 kg)",parkwork.csv
PTRLR1GVWR,17,"Class 7: 26,001 - 33,000 lbs (11,794 - 14,969 kg)",parkwork.csv
PTRLR1GVWR,18,"Class 8: 33,001 lbs and above (14,969 kg and above)",parkwork.csv
PTRLR1GVWR,77,No Trailing Units,parkwork.csv
PTRLR1GVWR,98,Not Reported,parkwork.csv
PTRLR1GVWR,99,Reported as Unknown,parkwork.csv
PTRLR1VIN,777777777777,No Trailing Units,parkwork.csv
PTRLR1VIN,888888888888,Not Reported,parkwork.csv
PTRLR1VIN,999999999999,Reported as Unknown,parkwork.csv
PTRLR2GVWR,18,"Class 8: 33,001 lbs and above (14,969 kg and above)",parkwork.csv
PTRLR2GVWR,77,No Trailing Units,parkwork.csv
PTRLR2GVWR,98,Not Reported,parkwork.csv
PTRLR2VIN,777777777777,No Trailing Units,parkwork.csv
PTRLR2VIN,888888888888,Not Reported,parkwork.csv
PTRLR3GVWR,77,No Trailing Units,parkwork.csv
PTRLR3VIN,777777777777,No Trailing Units,parkwork.csv
PTYPE,2,Motor Vehicle Not In-Transport Within the Trafficway,parkwork.csv
PTYPE,3,Motor Vehicle Not In-Transport Outside the Trafficway,parkwork.csv
PTYPE,4,"Working Motor Vehicle (highway construction, maintenance, utility only)",parkwork.csv
PUNDEROVERRIDE,0,No Underride or Override,parkwork.csv
PUNDEROVERRIDE,1,Underride,parkwork.csv
PUNDEROVERRIDE,2,Override,parkwork.csv
PUNDEROVERRIDE,7,Not Applicable,parkwork.csv
PUNDEROVERRIDE,8,Not Reported,parkwork.csv
PUNDEROVERRIDE,9,Reported as Unknown,parkwork.csv
PVEHICLESF,0,None Noted,pvehiclesf.csv
PVEHICLESF,29,Default Code Used for Vehicle Numbering,pvehiclesf.csv
PVEHICLESF,32,Vehicle Registration for a Person with a Disability,pvehiclesf.csv
PVEHICLESF,35,Reconstructed/Altered Vehicle,pvehiclesf.csv
PVEHICLESF,39,"Highway Construction, Maintenance, or Utility Vehicle, In Transport (Inside or Outside Workzone)",pvehiclesf.csv
PVEHICLESF,41,"Police, Fire, or EMS Vehicle Working at the Scene of an Emergency or Performing Other Traffic Control Activities",pvehiclesf.csv
PVEHICLESF,42,"Other Working Vehicle (Not Construction, Maintenance, Utility, Police, Fire, or EMS Vehicle)",pvehiclesf.csv
PVEH_SEV,0,No Damage,parkwork.csv
PVEH_SEV,2,Minor Damage,parkwork.csv
PVEH_SEV,4,Functional Damage,parkwork.csv
PVEH_SEV,6,Disabling Damage,parkwork.csv
PVEH_SEV,7,"Damage Reported, Extent Unknown",parkwork.csv
PVEH_SEV,8,Not Reported,parkwork.csv
PVEH_SEV,9,Reported as Unknown,parkwork.csv
PVIN,000000000000,"No VIN Required, Not a Vehicle for Road Use",parkwork.csv
PVIN,888888888888,Not Reported,parkwork.csv
PVIN,999999999999,Reported as Unknown,parkwork.csv
PVPICBODYCLASS,1,Convertible/Cabriolet,parkwork.csv
PVPICBODYCLASS,2,Minivan,parkwork.csv
PVPICBODYCLASS,3,Coupe,parkwork.csv
PVPICBODYCLASS,5,Hatchback/Liftback/Notchback,parkwork.csv
PVPICBODYCLASS,7,Sport Utility Vehicle (SUV)/Multi-Purpose Vehicle (MPV),parkwork.csv
PVPICBODYCLASS,8,Crossover Utility Vehicle (CUV),parkwork.csv
PVPICBODYCLASS,9,Van,parkwork.csv
PVPICBODYCLASS,11,Truck,parkwork.csv
PVPICBODYCLASS,13,Sedan/Saloon,parkwork.csv
PVPICBODYCLASS,15,Wagon,parkwork.csv
PVPICBODYCLASS,16,Bus,parkwork.csv
PVPICBODYCLASS,60,Pickup,parkwork.csv
PVPICBODYCLASS,62,Incomplete - Cutaway,parkwork.csv
PVPICBODYCLASS,63,Incomplete - Chassis Cab (Single Cab),parkwork.csv
PVPICBODYCLASS,64,Incomplete - Glider,parkwork.csv
PVPICBODYCLASS,65,Incomplete,parkwork.csv
PVPICBODYCLASS,66,Truck-Tractor,parkwork.csv
PVPICBODYCLASS,67,Incomplete - Stripped Chassis,parkwork.csv
PVPICBODYCLASS,69,Off-road Vehicle - All Terrain Vehicle (ATV) (Motorcycle-style),parkwork.csv
PVPICBODYCLASS,70,Incomplete - Chassis Cab (Double Cab),parkwork.csv
PVPICBODYCLASS,74,Incomplete - Chassis Cab (Number of Cab Unknown),parkwork.csv
PVPICBODYCLASS,78,Incomplete - Motor Home Chassis,parkwork.csv
PVPICBODYCLASS,80,Motorcycle - Sport,parkwork.csv
PVPICBODYCLASS,81,Motorcycle - Touring / Sport Touring,parkwork.csv
PVPICBODYCLASS,82,Motorcycle - Cruiser,parkwork.csv
PVPICBODYCLASS,94,Motorcycle - Custom,parkwork.csv
PVPICBODYCLASS,95,Cargo Van,parkwork.csv
PVPICBODYCLASS,97,Off-road Vehicle - Snowmobile,parkwork.csv
PVPICBODYCLASS,111,Step Van / Walk-in Van,parkwork.csv
PVPICBODYCLASS,119,Sport Utility Truck (SUT),parkwork.csv
PVPICBODYCLASS,125,Motorcycle - Unknown Body Class,parkwork.csv
PVPICBODYCLASS,126,Off-road Vehicle - Farm Equipment,parkwork.csv
PVPICBODYCLASS,127,Off-road Vehicle - Construction Equipment,parkwork.csv
PVPICBODYCLASS,130,Fire Apparatus,parkwork.csv
PVPICBODYCLASS,997,Other,parkwork.csv
PVPICBODYCLASS,998,Not Reported,parkwork.csv
PVPICBODYCLASS,999,Unknown,parkwork.csv
PVPICMAKE,441,Tesla,parkwork.csv
PVPICMAKE,442,Jaguar,parkwork.csv
PVPICMAKE,444,Land Rover,parkwork.csv
PVPICMAKE,448,Toyota,parkwork.csv
PVPICMAKE,449,Mercedes-Benz,parkwork.csv
PVPICMAKE,450,Freightliner,parkwork.csv
PVPICMAKE,452,BMW,parkwork.csv
PVPICMAKE,456,MINI,parkwork.csv
PVPICMAKE,460,Ford,parkwork.csv
PVPICMAKE,464,Lincoln,parkwork.csv
PVPICMAKE,465,Mercury,parkwork.csv
PVPICMAKE,467,Chevrolet,parkwork.csv
PVPICMAKE,468,Buick,parkwork.csv
PVPICMAKE,469,Cadillac,parkwork.csv
PVPICMAKE,472,GMC,parkwork.csv
PVPICMAKE,473,Mazda,parkwork.csv
PVPICMAKE,474,Honda,parkwork.csv
PVPICMAKE,475,Acura,parkwork.csv
PVPICMAKE,476,Dodge,parkwork.csv
PVPICMAKE,477,Chrysler,parkwork.csv
PVPICMAKE,478,Nissan,parkwork.csv
PVPICMAKE,480,Infiniti,parkwork.csv
PVPICMAKE,481,Mitsubishi,parkwork.csv
PVPICMAKE,482,Volkswagen,parkwork.csv
PVPICMAKE,483,Jeep,parkwork.csv
PVPICMAKE,485,Volvo,parkwork.csv
PVPICMAKE,487,Volvo Truck,parkwork.csv
PVPICMAKE,490,Mack,parkwork.csv
PVPICMAKE,492,Fiat,parkwork.csv
PVPICMAKE,493,Alfa Romeo,parkwork.csv
PVPICMAKE,495,Peterbilt,parkwork.csv
PVPICMAKE,496,Ram,parkwork.csv
PVPICMAKE,498,Hyundai,parkwork.csv
PVPICMAKE,499,Kia,parkwork.csv
PVPICMAKE,508,New Flyer,parkwork.csv
PVPICMAKE,509,Suzuki,parkwork.csv
PVPICMAKE,510,Kawasaki,parkwork.csv
PVPICMAKE,514,Hino,parkwork.csv
PVPICMAKE,515,Lexus,parkwork.csv
PVPICMAKE,522,Caterpillar,parkwork.csv
PVPICMAKE,523,Subaru,parkwork.csv
PVPICMAKE,526,International,parkwork.csv
PVPICMAKE,532,Kenworth,parkwork.csv
PVPICMAKE,536,Pontiac,parkwork.csv
PVPICMAKE,542,Isuzu,parkwork.csv
PVPICMAKE,554,Gillig,parkwork.csv
PVPICMAKE,560,Pierce Manufacturing,parkwork.csv
PVPICMAKE,582,Audi,parkwork.csv
PVPICMAKE,584,Porsche,parkwork.csv
PVPICMAKE,847,Daihatsu,parkwork.csv
PVPICMAKE,1056,Saturn,parkwork.csv
PVPICMAKE,3888,Harley-Davidson,parkwork.csv
PVPICMAKE,4162,Oldsmobile,parkwork.csv
PVPICMAKE,4512,Western Star,parkwork.csv
PVPICMAKE,5431,John Deere,parkwork.csv
PVPICMAKE,10190,Arctic Cat,parkwork.csv
PVPICMAKE,10370,Irizar,parkwork.csv
PVPICMAKE,13281,GM,parkwork.csv
PVPICMAKE,99997,Other,parkwork.csv
PVPICMAKE,99998,Not Reported,parkwork.csv
PVPICMAKE,99999,Unknown,parkwork.csv
PVPICMODEL,1685,Model S,parkwork.csv
PVPICMODEL,1703,Sprinter,parkwork.csv
PVPICMODEL,1709,328i,parkwork.csv
PVPICMODEL,1711,335i,parkwork.csv
PVPICMODEL,1714,X6,parkwork.csv
PVPICMODEL,1715,528i,parkwork.csv
PVPICMODEL,1716,535i,parkwork.csv
PVPICMODEL,1725,Z4,parkwork.csv
PVPICMODEL,1778,Crown Victoria,parkwork.csv
PVPICMODEL,1779,Focus,parkwork.csv
PVPICMODEL,1780,Fusion,parkwork.csv
PVPICMODEL,1781,Mustang,parkwork.csv
PVPICMODEL,1782,Taurus,parkwork.csv
PVPICMODEL,1792,Grand Marquis,parkwork.csv
PVPICMODEL,1793,Milan,parkwork.csv
PVPICMODEL,1794,MKS,parkwork.csv
PVPICMODEL,1796,E-150,parkwork.csv
PVPICMODEL,1797,Edge,parkwork.csv
PVPICMODEL,1798,Escape,parkwork.csv
PVPICMODEL,1799,Expedition,parkwork.csv
PVPICMODEL,1800,Explorer,parkwork.csv
PVPICMODEL,1801,F-150,parkwork.csv
PVPICMODEL,1802,Flex,parkwork.csv
PVPICMODEL,1803,Ranger,parkwork.csv
PVPICMODEL,1804,Explorer Sport Trac,parkwork.csv
PVPICMODEL,1805,F-250,parkwork.csv
PVPICMODEL,1806,F-350,parkwork.csv
PVPICMODEL,1807,F-450,parkwork.csv
PVPICMODEL,1808,F-550,parkwork.csv
PVPICMODEL,1809,F-650,parkwork.csv
PVPICMODEL,1810,F-750,parkwork.csv
PVPICMODEL,1814,Navigator,parkwork.csv
PVPICMODEL,1815,Mariner,parkwork.csv
PVPICMODEL,1816,Mountaineer,parkwork.csv
PVPICMODEL,1818,E-350,parkwork.csv
PVPICMODEL,1819,E-450,parkwork.csv
PVPICMODEL,1821,LaCrosse,parkwork.csv
PVPICMODEL,1823,Verano,parkwork.csv
PVPICMODEL,1825,CTS,parkwork.csv
PVPICMODEL,1827,XTS,parkwork.csv
PVPICMODEL,1828,Aveo,parkwork.csv
PVPICMODEL,1829,Camaro,parkwork.csv
PVPICMODEL,1832,Cruze,parkwork.csv
PVPICMODEL,1833,Impala,parkwork.csv
PVPICMODEL,1834,Malibu,parkwork.csv
PVPICMODEL,1835,Sonic,parkwork.csv
PVPICMODEL,1836,Spark,parkwork.csv
PVPICMODEL,1838,Volt,parkwork.csv
PVPICMODEL,1841,Enclave,parkwork.csv
PVPICMODEL,1842,Encore,parkwork.csv
PVPICMODEL,1843,Escalade,parkwork.csv
PVPICMODEL,1846,Captiva Sport,parkwork.csv
PVPICMODEL,1847,Equinox,parkwork.csv
PVPICMODEL,1848,Express,parkwork.csv
PVPICMODEL,1850,Silverado,parkwork.csv
PVPICMODEL,1851,Suburban,parkwork.csv
PVPICMODEL,1852,Tahoe,parkwork.csv
PVPICMODEL,1853,Traverse,parkwork.csv
PVPICMODEL,1855,Acadia,parkwork.csv
PVPICMODEL,1856,Savana,parkwork.csv
PVPICMODEL,1857,Sierra,parkwork.csv
PVPICMODEL,1858,Terrain,parkwork.csv
PVPICMODEL,1859,Yukon,parkwork.csv
PVPICMODEL,1861,Accord,parkwork.csv
PVPICMODEL,1862,Hardtop,parkwork.csv
PVPICMODEL,1863,Civic,parkwork.csv
PVPICMODEL,1864,Pilot,parkwork.csv
PVPICMODEL,1865,CR-V,parkwork.csv
PVPICMODEL,1866,Ridgeline,parkwork.csv
PVPICMODEL,1868,Element,parkwork.csv
PVPICMODEL,1869,Odyssey,parkwork.csv
PVPICMODEL,1870,Insight,parkwork.csv
PVPICMODEL,1872,RL,parkwork.csv
PVPICMODEL,1873,TL,parkwork.csv
PVPICMODEL,1874,TSX,parkwork.csv
PVPICMODEL,1877,Sebring,parkwork.csv
PVPICMODEL,1878,300,parkwork.csv
PVPICMODEL,1892,Avenger,parkwork.csv
PVPICMODEL,1893,Challenger,parkwork.csv
PVPICMODEL,1894,Versa,parkwork.csv
PVPICMODEL,1895,Charger,parkwork.csv
PVPICMODEL,1904,Altima,parkwork.csv
PVPICMODEL,1907,Sentra,parkwork.csv
PVPICMODEL,1909,QX80,parkwork.csv
PVPICMODEL,1910,QX60,parkwork.csv
PVPICMODEL,1911,Pathfinder,parkwork.csv
PVPICMODEL,1913,Rogue,parkwork.csv
PVPICMODEL,1914,Murano,parkwork.csv
PVPICMODEL,1915,Armada,parkwork.csv
PVPICMODEL,1916,Xterra,parkwork.csv
PVPICMODEL,1919,Frontier,parkwork.csv
PVPICMODEL,1920,Titan,parkwork.csv
PVPICMODEL,1921,City Express,parkwork.csv
PVPICMODEL,1936,Town and Country,parkwork.csv
PVPICMODEL,1938,Ram,parkwork.csv
PVPICMODEL,1939,Journey,parkwork.csv
PVPICMODEL,1940,Nitro,parkwork.csv
PVPICMODEL,1941,Dakota,parkwork.csv
PVPICMODEL,1942,Caravan/Grand Caravan,parkwork.csv
PVPICMODEL,1943,Wrangler,parkwork.csv
PVPICMODEL,1944,Liberty,parkwork.csv
PVPICMODEL,1945,Cherokee,parkwork.csv
PVPICMODEL,1946,Compass,parkwork.csv
PVPICMODEL,1947,Patriot,parkwork.csv
PVPICMODEL,1948,Commander,parkwork.csv
PVPICMODEL,1949,Grand Cherokee,parkwork.csv
PVPICMODEL,1951,Routan,parkwork.csv
PVPICMODEL,1960,S80,parkwork.csv
PVPICMODEL,1967,VNL,parkwork.csv
PVPICMODEL,2022,MT 55G Front Gasoline Engine Walk in Van Chassis,parkwork.csv
PVPICMODEL,2028,CHU (Pinnacle),parkwork.csv
PVPICMODEL,2030,GU (Granite),parkwork.csv
PVPICMODEL,2034,LR,parkwork.csv
PVPICMODEL,2037,500L,parkwork.csv
PVPICMODEL,2042,335,parkwork.csv
PVPICMODEL,2045,320,parkwork.csv
PVPICMODEL,2046,379,parkwork.csv
PVPICMODEL,2050,Promaster City,parkwork.csv
PVPICMODEL,2053,200,parkwork.csv
PVPICMODEL,2054,Dart,parkwork.csv
PVPICMODEL,2057,Santa Fe,parkwork.csv
PVPICMODEL,2058,Tucson,parkwork.csv
PVPICMODEL,2074,Mazda3,parkwork.csv
PVPICMODEL,2075,Mazda5,parkwork.csv
PVPICMODEL,2077,CX-9,parkwork.csv
PVPICMODEL,2078,Mazda6,parkwork.csv
PVPICMODEL,2081,E-Class,parkwork.csv
PVPICMODEL,2082,CLS-Class,parkwork.csv
PVPICMODEL,2083,CLA-Class,parkwork.csv
PVPICMODEL,2085,C-Class,parkwork.csv
PVPICMODEL,2123,GSX1300R,parkwork.csv
PVPICMODEL,2127,Fit,parkwork.csv
PVPICMODEL,2128,CR-Z,parkwork.csv
PVPICMODEL,2129,M-Class,parkwork.csv
PVPICMODEL,2130,GL-Class,parkwork.csv
PVPICMODEL,2147,MDX,parkwork.csv
PVPICMODEL,2153,Mazda2,parkwork.csv
PVPICMODEL,2154,Xcelsior,parkwork.csv
PVPICMODEL,2163,Outlander,parkwork.csv
PVPICMODEL,2164,Lancer,parkwork.csv
PVPICMODEL,2167,Endeavor,parkwork.csv
PVPICMODEL,2168,Conventional Type Truck,parkwork.csv
PVPICMODEL,2169,Incomplete Vehicle,parkwork.csv
PVPICMODEL,2172,320i,parkwork.csv
PVPICMODEL,2176,XJC720 / XFC720,parkwork.csv
PVPICMODEL,2182,LS,parkwork.csv
PVPICMODEL,2183,SC,parkwork.csv
PVPICMODEL,2184,IS,parkwork.csv
PVPICMODEL,2206,SCION xA,parkwork.csv
PVPICMODEL,2208,Corolla,parkwork.csv
PVPICMODEL,2209,PRIUS,parkwork.csv
PVPICMODEL,2210,SCION xB,parkwork.csv
PVPICMODEL,2211,Land Cruiser,parkwork.csv
PVPICMODEL,2213,Highlander,parkwork.csv
PVPICMODEL,2214,RX,parkwork.csv
PVPICMODEL,2215,GX,parkwork.csv
PVPICMODEL,2216,4-Runner,parkwork.csv
PVPICMODEL,2217,RAV4,parkwork.csv
PVPICMODEL,2223,Tacoma,parkwork.csv
PVPICMODEL,2232,Legacy,parkwork.csv
PVPICMODEL,2233,Outback,parkwork.csv
PVPICMODEL,2234,Forester,parkwork.csv
PVPICMODEL,2235,Impreza,parkwork.csv
PVPICMODEL,2243,LR2,parkwork.csv
PVPICMODEL,2244,Range Rover Evoque,parkwork.csv
PVPICMODEL,2246,Range Rover Sport,parkwork.csv
PVPICMODEL,2299,Rio,parkwork.csv
PVPICMODEL,2301,LR3,parkwork.csv
PVPICMODEL,2302,Maxima,parkwork.csv
PVPICMODEL,2303,350Z,parkwork.csv
PVPICMODEL,2305,G35,parkwork.csv
PVPICMODEL,2324,FX35,parkwork.csv
PVPICMODEL,2326,QX56,parkwork.csv
PVPICMODEL,2342,Mirage,parkwork.csv
PVPICMODEL,2347,Five Hundred,parkwork.csv
PVPICMODEL,2365,Sable,parkwork.csv
PVPICMODEL,2369,CX-5,parkwork.csv
PVPICMODEL,2376,535xi,parkwork.csv
PVPICMODEL,2379,Freestyle,parkwork.csv
PVPICMODEL,2459,Sonata,parkwork.csv
PVPICMODEL,2460,Soul,parkwork.csv
PVPICMODEL,2462,Forte,parkwork.csv
PVPICMODEL,2464,Yaris,parkwork.csv
PVPICMODEL,2465,Avalon,parkwork.csv
PVPICMODEL,2466,Corolla Matrix,parkwork.csv
PVPICMODEL,2467,Tundra,parkwork.csv
PVPICMODEL,2468,Sienna,parkwork.csv
PVPICMODEL,2469,Camry,parkwork.csv
PVPICMODEL,2475,ES,parkwork.csv
PVPICMODEL,2481,C120,parkwork.csv
PVPICMODEL,2482,Columbia,parkwork.csv
PVPICMODEL,2490,FL70,parkwork.csv
PVPICMODEL,2498,Coronado,parkwork.csv
PVPICMODEL,2499,M2,parkwork.csv
PVPICMODEL,2501,Cascadia,parkwork.csv
PVPICMODEL,2504,114SD,parkwork.csv
PVPICMODEL,2546,L9327,parkwork.csv
PVPICMODEL,2552,LF627,parkwork.csv
PVPICMODEL,2564,LF687,parkwork.csv
PVPICMODEL,2584,525i,parkwork.csv
PVPICMODEL,2585,530i,parkwork.csv
PVPICMODEL,2649,MA025,parkwork.csv
PVPICMODEL,2653,Aviator,parkwork.csv
PVPICMODEL,2687,SF525,parkwork.csv
PVPICMODEL,2713,LF677,parkwork.csv
PVPICMODEL,2716,T6 Series,parkwork.csv
PVPICMODEL,2719,T8 Series,parkwork.csv
PVPICMODEL,2722,T3 Series,parkwork.csv
PVPICMODEL,2732,W9 Series,parkwork.csv
PVPICMODEL,2733,T680,parkwork.csv
PVPICMODEL,2734,T880,parkwork.csv
PVPICMODEL,2735,Elantra,parkwork.csv
PVPICMODEL,2737,Motorhome Chassis,parkwork.csv
PVPICMODEL,2739,Optima,parkwork.csv
PVPICMODEL,2740,Sedona,parkwork.csv
PVPICMODEL,2741,B-Series,parkwork.csv
PVPICMODEL,2742,CST120,parkwork.csv
PVPICMODEL,2764,325i,parkwork.csv
PVPICMODEL,2765,325xi,parkwork.csv
PVPICMODEL,2769,Sorento,parkwork.csv
PVPICMODEL,2770,Sportage,parkwork.csv
PVPICMODEL,2772,Veracruz,parkwork.csv
PVPICMODEL,2773,Accent,parkwork.csv
PVPICMODEL,2777,330i,parkwork.csv
PVPICMODEL,2787,579,parkwork.csv
PVPICMODEL,2788,567,parkwork.csv
PVPICMODEL,2790,365,parkwork.csv
PVPICMODEL,2794,389,parkwork.csv
PVPICMODEL,2807,Vibe,parkwork.csv
PVPICMODEL,2817,Trooper,parkwork.csv
PVPICMODEL,2822,CLK-Class,parkwork.csv
PVPICMODEL,2827,Sequoia,parkwork.csv
PVPICMODEL,2867,Low Floor Bus,parkwork.csv
PVPICMODEL,2933,SCION xD,parkwork.csv
PVPICMODEL,3005,Venza,parkwork.csv
PVPICMODEL,3130,V70,parkwork.csv
PVPICMODEL,3132,XC90,parkwork.csv
PVPICMODEL,3133,Golf,parkwork.csv
PVPICMODEL,3134,Passat,parkwork.csv
PVPICMODEL,3137,Jetta,parkwork.csv
PVPICMODEL,3139,Aerio,parkwork.csv
PVPICMODEL,3145,TT,parkwork.csv
PVPICMODEL,3146,A4,parkwork.csv
PVPICMODEL,3148,A6,parkwork.csv
PVPICMODEL,3173,Ninja ZX-6R,parkwork.csv
PVPICMODEL,3267,Fiesta,parkwork.csv
PVPICMODEL,3508,Durango,parkwork.csv
PVPICMODEL,3595,PT Cruiser,parkwork.csv
PVPICMODEL,3608,Transit,parkwork.csv
PVPICMODEL,3628,Pacifica,parkwork.csv
PVPICMODEL,3641,NPR/NPR-HD,parkwork.csv
PVPICMODEL,3645,Celica,parkwork.csv
PVPICMODEL,3653,NX,parkwork.csv
PVPICMODEL,3676,A3,parkwork.csv
PVPICMODEL,3679,Q7,parkwork.csv
PVPICMODEL,3787,A5,parkwork.csv
PVPICMODEL,3862,Q5,parkwork.csv
PVPICMODEL,3876,Avalanche,parkwork.csv
PVPICMODEL,4086,Colorado,parkwork.csv
PVPICMODEL,4093,Canyon,parkwork.csv
PVPICMODEL,4234,Cobalt,parkwork.csv
PVPICMODEL,4262,Grand Prix,parkwork.csv
PVPICMODEL,4263,G6,parkwork.csv
PVPICMODEL,4264,G8,parkwork.csv
PVPICMODEL,4267,Lucerne,parkwork.csv
PVPICMODEL,4336,Aura,parkwork.csv
PVPICMODEL,4507,Envoy,parkwork.csv
PVPICMODEL,4548,Trailblazer,parkwork.csv
PVPICMODEL,4579,Yukon XL,parkwork.csv
PVPICMODEL,4586,HHR,parkwork.csv
PVPICMODEL,4595,Vue,parkwork.csv
PVPICMODEL,4687,W4,parkwork.csv
PVPICMODEL,4773,Monte Carlo,parkwork.csv
PVPICMODEL,4781,Ion,parkwork.csv
PVPICMODEL,4955,Rendezvous,parkwork.csv
PVPICMODEL,4964,Relay,parkwork.csv
PVPICMODEL,5190,325iC,parkwork.csv
PVPICMODEL,5264,Windstar,parkwork.csv
PVPICMODEL,5339,Legend,parkwork.csv
PVPICMODEL,5354,TLX,parkwork.csv
PVPICMODEL,5471,626,parkwork.csv
PVPICMODEL,5499,Spectra,parkwork.csv
PVPICMODEL,5565,240SX,parkwork.csv
PVPICMODEL,5572,J30,parkwork.csv
PVPICMODEL,5879,Stratus,parkwork.csv
PVPICMODEL,5880,Neon,parkwork.csv
PVPICMODEL,5885,GLC-Class,parkwork.csv
PVPICMODEL,5886,GLE-Class,parkwork.csv
PVPICMODEL,5992,X4,parkwork.csv
PVPICMODEL,6160,Renegade,parkwork.csv
PVPICMODEL,7895,Cayenne,parkwork.csv
PVPICMODEL,8151,Tiguan,parkwork.csv
PVPICMODEL,8340,Aerial,parkwork.csv
PVPICMODEL,8508,Road King,parkwork.csv
PVPICMODEL,8568,Vitara,parkwork.csv
PVPICMODEL,8572,Sidekick,parkwork.csv
PVPICMODEL,8717,QX4,parkwork.csv
PVPICMODEL,8834,Cavalier,parkwork.csv
PVPICMODEL,8842,LeSabre,parkwork.csv
PVPICMODEL,8843,Century,parkwork.csv
PVPICMODEL,8844,Deville,parkwork.csv
PVPICMODEL,8882,Astro Van,parkwork.csv
PVPICMODEL,8955,Alero,parkwork.csv
PVPICMODEL,9064,Lumina,parkwork.csv
PVPICMODEL,9116,Corsica,parkwork.csv
PVPICMODEL,9212,HR-V,parkwork.csv
PVPICMODEL,9270,F-Super Duty,parkwork.csv
PVPICMODEL,9360,WAH,parkwork.csv
PVPICMODEL,9449,RD,parkwork.csv
PVPICMODEL,9455,CV (Granite),parkwork.csv
PVPICMODEL,9499,9400i,parkwork.csv
PVPICMODEL,9517,4900,parkwork.csv
PVPICMODEL,9529,4300,parkwork.csv
PVPICMODEL,9571,4900,parkwork.csv
PVPICMODEL,9576,5700,parkwork.csv
PVPICMODEL,9716,W900,parkwork.csv
PVPICMODEL,9806,Long Conv.,parkwork.csv
PVPICMODEL,10962,Ram Van,parkwork.csv
PVPICMODEL,10967,CTP (Granite),parkwork.csv
PVPICMODEL,10978,GMT-400,parkwork.csv
PVPICMODEL,10988,Trax,parkwork.csv
PVPICMODEL,11152,4900E,parkwork.csv
PVPICMODEL,11441,F-Pace,parkwork.csv
PVPICMODEL,11442,XT5,parkwork.csv
PVPICMODEL,11467,LT62F,parkwork.csv
PVPICMODEL,11483,S-10 Pickup,parkwork.csv
PVPICMODEL,11489,C/K Pickup,parkwork.csv
PVPICMODEL,11502,Blazer,parkwork.csv
PVPICMODEL,11875,MSX125 (Grom),parkwork.csv
PVPICMODEL,11975,CBR1000,parkwork.csv
PVPICMODEL,12593,Iron 883,parkwork.csv
PVPICMODEL,12627,FLHTP / Police Electra Glide,parkwork.csv
PVPICMODEL,12658,GL1500A (GOLD WING ASPENCADE),parkwork.csv
PVPICMODEL,13236,GSX-R1000K,parkwork.csv
PVPICMODEL,13580,Crosstrek,parkwork.csv
PVPICMODEL,13620,1500,parkwork.csv
PVPICMODEL,13621,2500,parkwork.csv
PVPICMODEL,13622,3500,parkwork.csv
PVPICMODEL,13625,5500,parkwork.csv
PVPICMODEL,13629,Promaster 3500,parkwork.csv
PVPICMODEL,13670,Golf GTI,parkwork.csv
PVPICMODEL,13759,A4 allroad,parkwork.csv
PVPICMODEL,13819,ML-Class,parkwork.csv
PVPICMODEL,13823,Prius C,parkwork.csv
PVPICMODEL,13867,Outlander Sport,parkwork.csv
PVPICMODEL,14005,GLS-Class,parkwork.csv
PVPICMODEL,14019,C5,parkwork.csv
PVPICMODEL,14021,C6,parkwork.csv
PVPICMODEL,14022,C7,parkwork.csv
PVPICMODEL,14175,Ninety Eight (98),parkwork.csv
PVPICMODEL,14183,Allante,parkwork.csv
PVPICMODEL,14203,NPR,parkwork.csv
PVPICMODEL,14247,John Deere Chassis,parkwork.csv
PVPICMODEL,14263,Pick-Up,parkwork.csv
PVPICMODEL,14462,G-Series,parkwork.csv
PVPICMODEL,14582,NRR,parkwork.csv
PVPICMODEL,14637,El Camino,parkwork.csv
PVPICMODEL,14832,Grand Caravan,parkwork.csv
PVPICMODEL,14869,W-Series,parkwork.csv
PVPICMODEL,14927,Wagoneer,parkwork.csv
PVPICMODEL,15280,F-100,parkwork.csv
PVPICMODEL,15808,VNR,parkwork.csv
PVPICMODEL,15961,FTR,parkwork.csv
PVPICMODEL,16264,GM515,parkwork.csv
PVPICMODEL,17211,5900i,parkwork.csv
PVPICMODEL,17214,Rogue Sport,parkwork.csv
PVPICMODEL,17528,Malibu Classic,parkwork.csv
PVPICMODEL,17774,Ecosport,parkwork.csv
PVPICMODEL,17834,Model 3,parkwork.csv
PVPICMODEL,17999,CC Conventional,parkwork.csv
PVPICMODEL,18005,Stelvio,parkwork.csv
PVPICMODEL,20344,FXBB / Street Bob,parkwork.csv
PVPICMODEL,20842,Anthem,parkwork.csv
PVPICMODEL,20843,Granite,parkwork.csv
PVPICMODEL,20852,LT625,parkwork.csv
PVPICMODEL,20853,HV507,parkwork.csv
PVPICMODEL,20856,MV607,parkwork.csv
PVPICMODEL,22249,Kona,parkwork.csv
PVPICMODEL,22511,3500,parkwork.csv
PVPICMODEL,22791,Kicks,parkwork.csv
PVPICMODEL,23714,XC40,parkwork.csv
PVPICMODEL,24906,Silverado HD,parkwork.csv
PVPICMODEL,24909,Sierra HD,parkwork.csv
PVPICMODEL,24949,Yaris iA,parkwork.csv
PVPICMODEL,24984,UX,parkwork.csv
PVPICMODEL,25919,Gladiator,parkwork.csv
PVPICMODEL,26498,GLB-Class,parkwork.csv
PVPICMODEL,26508,Arctic Cat,parkwork.csv
PVPICMODEL,26509,Caterpillar,parkwork.csv
PVPICMODEL,26604,Encore GX,parkwork.csv
PVPICMODEL,26626,R 1250 RT,parkwork.csv
PVPICMODEL,26900,Seltos,parkwork.csv
PVPICMODEL,27027,Model Y,parkwork.csv
PVPICMODEL,27262,FXLRS / Low Rider S,parkwork.csv
PVPICMODEL,27392,Gamma,parkwork.csv
PVPICMODEL,27407,MD,parkwork.csv
PVPICMODEL,27527,K5,parkwork.csv
PVPICMODEL,28070,RAV4 Prime,parkwork.csv
PVPICMODEL,28967,Maverick,parkwork.csv
PVPICMODEL,29076,Silverado LTD,parkwork.csv
PVPICMODEL,29172,FXBBS / Street Bob,parkwork.csv
PVPICMODEL,29462,EV6,parkwork.csv
PVPICMODEL,30713,T380,parkwork.csv
PVPICMODEL,32304,Grand Highlander,parkwork.csv
PVPICMODEL,35424,Low Rider,parkwork.csv
PVPICMODEL,99997,Other,parkwork.csv
PVPICMODEL,99998,Not Reported,parkwork.csv
PVPICMODEL,99999,Unknown,parkwork.csv
PV_CONFIG,0,Not Applicable,parkwork.csv
PV_CONFIG,1,"Single-Unit Truck (2- axle and GVWR more than 10,000 lbs)",parkwork.csv
PV_CONFIG,2,Single-Unit Truck (3 or more axles),parkwork.csv
PV_CONFIG,4,Truck Pulling Trailer(s),parkwork.csv
PV_CONFIG,5,Truck Tractor (Bobtail),parkwork.csv
PV_CONFIG,6,Truck Tractor/Semi-Trailer,parkwork.csv
PV_CONFIG,7,Truck Tractor/Double,parkwork.csv
PV_CONFIG,19,"Vehicle More Than 10,000 lbs., Other",parkwork.csv
PV_CONFIG,20,"Bus/Large Van (seats for 9-15 occupants, including driver)",parkwork.csv
PV_CONFIG,21,"Bus (seats for more than 15 occupants, including driver)",parkwork.csv
PV_CONFIG,88,"Qualifying Vehicle, Unknown Configuration",parkwork.csv
PV_CONFIG,99,Unknown,parkwork.csv
P_CRASH1,0,No Driver Present / Unknown if Driver Present,vehicle.csv
P_CRASH1,1,Going Straight,vehicle.csv
P_CRASH1,2,Decelerating in Road,vehicle.csv
P_CRASH1,3,Accelerating in Road,vehicle.csv
P_CRASH1,4,Starting in Road,vehicle.csv
P_CRASH1,5,Stopped in Roadway,vehicle.csv
P_CRASH1,6,Passing or Overtaking Another Vehicle,vehicle.csv
P_CRASH1,7,"Disabled or ""Parked"" in Travel lane",vehicle.csv
P_CRASH1,8,Leaving a Parking Position,vehicle.csv
P_CRASH1,9,Entering a Parking Position,vehicle.csv
P_CRASH1,10,Turning Right,vehicle.csv
P_CRASH1,11,Turning Left,vehicle.csv
P_CRASH1,12,Making a U-turn,vehicle.csv
P_CRASH1,13,Backing Up (other than for Parking Position),vehicle.csv
P_CRASH1,14,Negotiating a Curve,vehicle.csv
P_CRASH1,15,Changing Lanes,vehicle.csv
P_CRASH1,16,Merging,vehicle.csv
P_CRASH1,17,Successful Avoidance Maneuver to a Previous Critical Event,vehicle.csv
P_CRASH1,98,Other(specify:),vehicle.csv
P_CRASH1,99,Unknown,vehicle.csv
P_CRASH2,1,Blow out/flat tire,vehicle.csv
P_CRASH2,2,Stalled engine,vehicle.csv
P_CRASH2,3,"Disabling vehicle failure (e.g., wheel fell off) (specify:)",vehicle.csv
P_CRASH2,4,"Non-disabling vehicle problem (e.g., hood flew up)(specify:)",vehicle.csv
P_CRASH2,5,"Suddenly Encountered Poor Road Conditions [Puddle, Pot Hole, Ice, Etc.][Specify:]",vehicle.csv
P_CRASH2,6,Traveling Too Fast for Conditions or Road Configuration,vehicle.csv
P_CRASH2,8,Other cause of control loss (specify:),vehicle.csv
P_CRASH2,9,Unknown cause of control loss,vehicle.csv
P_CRASH2,10,Over the lane line on left side of travel lane,vehicle.csv
P_CRASH2,11,Over the lane line on right side of travel lane,vehicle.csv
P_CRASH2,12,Off the edge of the road on the left side,vehicle.csv
P_CRASH2,13,Off the edge of the road on the right side,vehicle.csv
P_CRASH2,14,End departure,vehicle.csv
P_CRASH2,15,Turning Left,vehicle.csv
P_CRASH2,16,Turning Right,vehicle.csv
P_CRASH2,17,Crossing Over (Passing Through) Junction,vehicle.csv
P_CRASH2,18,This vehicle decelerating,vehicle.csv
P_CRASH2,19,Unknown travel direction,vehicle.csv
P_CRASH2,20,Backing,vehicle.csv
P_CRASH2,21,Making a U-Turn,vehicle.csv
P_CRASH2,50,Other vehicle stopped,vehicle.csv
P_CRASH2,51,Traveling in same direction with lower steady speed,vehicle.csv
P_CRASH2,52,Traveling in same direction while decelerating,vehicle.csv
P_CRASH2,53,Traveling in same direction with higher speed,vehicle.csv
P_CRASH2,54,Traveling in opposite direction,vehicle.csv
P_CRASH2,55,In crossover,vehicle.csv
P_CRASH2,56,Backing,vehicle.csv
P_CRASH2,59,Unknown Travel Direction/Speed of Other Motor Vehicle in Lane,vehicle.csv
P_CRASH2,60,From adjacent lane (same direction) over left lane line,vehicle.csv
P_CRASH2,61,From adjacent lane (same direction) over right lane line,vehicle.csv
P_CRASH2,62,From opposite direction over left lane line,vehicle.csv
P_CRASH2,63,From opposite direction over right lane line,vehicle.csv
P_CRASH2,64,"From Parking Lane/Shoulder, Median/Crossover, Roadside",vehicle.csv
P_CRASH2,65,"From crossing street, turning into same direction",vehicle.csv
P_CRASH2,66,"From crossing street, across path",vehicle.csv
P_CRASH2,67,"From crossing street, turning into opposite direction",vehicle.csv
P_CRASH2,68,"From crossing street, intended path not known",vehicle.csv
P_CRASH2,70,"From driveway, turning into same direction",vehicle.csv
P_CRASH2,71,"From driveway, across path",vehicle.csv
P_CRASH2,72,"From driveway, turning into opposite direction",vehicle.csv
P_CRASH2,73,"From driveway, intended path not known",vehicle.csv
P_CRASH2,74,From entrance to limited access highway,vehicle.csv
P_CRASH2,78,Encroachment by other vehicle - details unknown,vehicle.csv
P_CRASH2,80,Pedestrian in road,vehicle.csv
P_CRASH2,81,Pedestrian approaching road,vehicle.csv
P_CRASH2,82,Pedestrian unknown location,vehicle.csv
P_CRASH2,83,Pedalcyclist or other non-motorist in road,vehicle.csv
P_CRASH2,84,Pedalcyclist or other non-motorist approaching road,vehicle.csv
P_CRASH2,85,Pedalcyclist or other non-motorist unknown location,vehicle.csv
P_CRASH2,87,Animal in road,vehicle.csv
P_CRASH2,88,Animal approaching road,vehicle.csv
P_CRASH2,89,Animal -unknown location,vehicle.csv
P_CRASH2,90,Object in road,vehicle.csv
P_CRASH2,91,Object approaching road,vehicle.csv
P_CRASH2,92,Object unknown location,vehicle.csv
P_CRASH2,98,Other critical precrash event (specify:),vehicle.csv
P_CRASH2,99,Unknown,vehicle.csv
P_CRASH3,0,No Driver Present / Unknown if Driver Present,vehicle.csv
P_CRASH3,1,No Avoidance Maneuver,vehicle.csv
P_CRASH3,5,Releasing brakes,vehicle.csv
P_CRASH3,6,Steering left,vehicle.csv
P_CRASH3,7,Steering right,vehicle.csv
P_CRASH3,8,Braking and steering left,vehicle.csv
P_CRASH3,9,Braking and steering right,vehicle.csv
P_CRASH3,10,Accelerating,vehicle.csv
P_CRASH3,11,Accelerating and steering left,vehicle.csv
P_CRASH3,12,Accelerating and steering right,vehicle.csv
P_CRASH3,15,Braking and Unknown Steering Direction,vehicle.csv
P_CRASH3,16,Braking,vehicle.csv
P_CRASH3,98,Other actions (specify:),vehicle.csv
P_CRASH3,99,Unknown/Not Reported,vehicle.csv
RACE,0,Not a Fatality (not applicable),race.csv
RACE,1,White,race.csv
RACE,2,Black or African American,race.csv
RACE,3,North American Indian or Alaska Native,race.csv
RACE,4,Chinese,race.csv
RACE,5,Japanese,race.csv
RACE,6,Native Hawaiian,race.csv
RACE,7,Filipino,race.csv
RACE,18,Asian Indian,race.csv
RACE,19,"Other Indian (includes South and Central America, any others, except North American or Asian Indians)",race.csv
RACE,28,Korean,race.csv
RACE,38,Samoan,race.csv
RACE,48,Vietnamese,race.csv
RACE,58,Guamanian or Chamorro,race.csv
RACE,68,Other Asian or Pacific Islander,race.csv
RACE,78,"Asian or Pacific Islander, No Specific (individual) Race",race.csv
RACE,96,Redacted,race.csv
RACE,97,Multiple Races Unspecified,race.csv
RACE,98,Other Race,race.csv
RACE,99,Unknown,race.csv
RAIL,0000000,Not Applicable,accident.csv
RAIL,9999999,Unknown,accident.csv
RD_OWNER,1,State Highway Agency,accident.csv
RD_OWNER,2,County Highway Agency,accident.csv
RD_OWNER,3,Town or Township Highway Agency,accident.csv
RD_OWNER,4,City or Municipal Highway Agency,accident.csv
RD_OWNER,11,"State Park, Forest, or Reservation Agency",accident.csv
RD_OWNER,12,"Local Park, Forest or Reservation Agency",accident.csv
RD_OWNER,21,Other State Agency,accident.csv
RD_OWNER,25,Other Local Agency,accident.csv
RD_OWNER,26,Private (Other Than Railroad),accident.csv
RD_OWNER,27,Railroad,accident.csv
RD_OWNER,31,State Toll Road,accident.csv
RD_OWNER,32,Local Toll Authority,accident.csv
RD_OWNER,40,"Other Public Instrumentality (i.e., Airport)",accident.csv
RD_OWNER,50,Indian Tribe Nation,accident.csv
RD_OWNER,60,Other Federal Agency,accident.csv
RD_OWNER,62,Bureau of Indian Affairs,accident.csv
RD_OWNER,64,U.S. Forest Service,accident.csv
RD_OWNER,66,National Park Service,accident.csv
RD_OWNER,74,Navy/Marines,accident.csv
RD_OWNER,80,Army,accident.csv
RD_OWNER,95,Other [Specify:],accident.csv
RD_OWNER,96,Trafficway Not in State Inventory,accident.csv
RD_OWNER,98,Not Reported,accident.csv
RD_OWNER,99,Unknown,accident.csv
REG_STAT,0,Not Applicable,vehicle.csv
REG_STAT,1,Alabama,vehicle.csv
REG_STAT,2,Alaska,vehicle.csv
REG_STAT,3,American Samoa,vehicle.csv
REG_STAT,4,Arizona,vehicle.csv
REG_STAT,5,Arkansas,vehicle.csv
REG_STAT,6,California,vehicle.csv
REG_STAT,8,Colorado,vehicle.csv
REG_STAT,9,Connecticut,vehicle.csv
REG_STAT,10,Delaware,vehicle.csv
REG_STAT,11,District of Columbia,vehicle.csv
REG_STAT,12,Florida,vehicle.csv
REG_STAT,13,Georgia,vehicle.csv
REG_STAT,14,Guam,vehicle.csv
REG_STAT,15,Hawaii,vehicle.csv
REG_STAT,16,Idaho,vehicle.csv
REG_STAT,17,Illinois,vehicle.csv
REG_STAT,18,Indiana,vehicle.csv
REG_STAT,19,Iowa,vehicle.csv
REG_STAT,20,Kansas,vehicle.csv
REG_STAT,21,Kentucky,vehicle.csv
REG_STAT,22,Louisiana,vehicle.csv
REG_STAT,23,Maine,vehicle.csv
REG_STAT,24,Maryland,vehicle.csv
REG_STAT,25,Massachusetts,vehicle.csv
REG_STAT,26,Michigan,vehicle.csv
REG_STAT,27,Minnesota,vehicle.csv
REG_STAT,28,Mississippi,vehicle.csv
REG_STAT,29,Missouri,vehicle.csv
REG_STAT,30,Montana,vehicle.csv
REG_STAT,31,Nebraska,vehicle.csv
REG_STAT,32,Nevada,vehicle.csv
REG_STAT,33,New Hampshire,vehicle.csv
REG_STAT,34,New Jersey,vehicle.csv
REG_STAT,35,New Mexico,vehicle.csv
REG_STAT,36,New York,vehicle.csv
REG_STAT,37,North Carolina,vehicle.csv
REG_STAT,38,North Dakota,vehicle.csv
REG_STAT,39,Ohio,vehicle.csv
REG_STAT,40,Oklahoma,vehicle.csv
REG_STAT,41,Oregon,vehicle.csv
REG_STAT,42,Pennsylvania,vehicle.csv
REG_STAT,43,Puerto Rico,vehicle.csv
REG_STAT,44,Rhode Island,vehicle.csv
REG_STAT,45,South Carolina,vehicle.csv
REG_STAT,46,South Dakota,vehicle.csv
REG_STAT,47,Tennessee,vehicle.csv
REG_STAT,48,Texas,vehicle.csv
REG_STAT,49,Utah,vehicle.csv
REG_STAT,50,Vermont,vehicle.csv
REG_STAT,51,Virginia,vehicle.csv
REG_STAT,52,Virgin Islands,vehicle.csv
REG_STAT,53,Washington,vehicle.csv
REG_STAT,54,West Virginia,vehicle.csv
REG_STAT,55,Wisconsin,vehicle.csv
REG_STAT,56,Wyoming,vehicle.csv
REG_STAT,91,Not Reported,vehicle.csv
REG_STAT,92,No Registration,vehicle.csv
REG_STAT,93,Multiple State Registration,vehicle.csv
REG_STAT,94,U.S. Government Tags (includes military),vehicle.csv
REG_STAT,95,Canada,vehicle.csv
REG_STAT,96,Mexico,vehicle.csv
REG_STAT,97,Other Foreign Country*,vehicle.csv
REG_STAT,98,Other Registration,vehicle.csv
REG_STAT,99,Reported as Unknown,vehicle.csv
RELJCT1,0,No,accident.csv
RELJCT1,1,Yes,accident.csv
RELJCT1,8,Not Reported,accident.csv
RELJCT1,9,Reported as Unknown,accident.csv
RELJCT2,1,Non-Junction,accident.csv
RELJCT2,2,Intersection,accident.csv
RELJCT2,3,Intersection-Related,accident.csv
RELJCT2,4,Driveway Access,accident.csv
RELJCT2,5,Entrance/Exit Ramp Related,accident.csv
RELJCT2,6,Railway Grade Crossing,accident.csv
RELJCT2,7,Crossover-Related,accident.csv
RELJCT2,8,Driveway Access Related,accident.csv
RELJCT2,16,Shared-Use Path Crossing,accident.csv
RELJCT2,17,Acceleration/Deceleration Lane,accident.csv
RELJCT2,18,Through Roadway,accident.csv
RELJCT2,19,Other location within Interchange Area,accident.csv
RELJCT2,20,Entrance/Exit Ramp,accident.csv
RELJCT2,98,Not Reported,accident.csv
RELJCT2,99,Reported as Unknown,accident.csv
REL_ROAD,1,On Roadway,accident.csv
REL_ROAD,2,On Shoulder,accident.csv
REL_ROAD,3,On Median,accident.csv
REL_ROAD,4,On Roadside,accident.csv
REL_ROAD,5,Outside Trafficway,accident.csv
REL_ROAD,6,Off Roadway-Location Unknown,accident.csv
REL_ROAD,7,In Parking Lane/Zone,accident.csv
REL_ROAD,8,Gore,accident.csv
REL_ROAD,10,Separator,accident.csv
REL_ROAD,11,Continuous Left - Turn Lane,accident.csv
REL_ROAD,12,Pedestrian Refuge Island or Traffic Island,accident.csv
REL_ROAD,98,Not Reported,accident.csv
REL_ROAD,99,Reported as Unknown,accident.csv
REST_MIS,0,No Indication of Misuse,person.csv
REST_MIS,1,"Yes, Indication of Misuse",person.csv
REST_MIS,7,None Used/Not Applicable,person.csv
REST_MIS,8,Not a Motor Vehicle Occupant,person.csv
REST_USE,1,Shoulder Belt Only Used,person.csv
REST_USE,2,Lap Belt Only Used,person.csv
REST_USE,3,Shoulder and Lap Belt Used,person.csv
REST_USE,4,Child Restraint Type Unknown,person.csv
REST_USE,6,Racing-Style Harness Used,person.csv
REST_USE,8,Restraint Used - Type Unknown,person.csv
REST_USE,10,Child Restraint System - Forward Facing,person.csv
REST_USE,11,Child Restraint System - Rear Facing,person.csv
REST_USE,12,Booster Seat,person.csv
REST_USE,20,None Used/Not Applicable,person.csv
REST_USE,96,Not a Motor Vehicle Occupant,person.csv
REST_USE,97,Other,person.csv
REST_USE,98,Not Reported,person.csv
REST_USE,99,Reported as Unknown,person.csv
ROLINLOC,0,No Rollover,vehicle.csv
ROLINLOC,1,On Roadway,vehicle.csv
ROLINLOC,2,On Shoulder,vehicle.csv
ROLINLOC,3,On Median/Separator,vehicle.csv
ROLINLOC,4,In Gore,vehicle.csv
ROLINLOC,5,On Roadside,vehicle.csv
ROLINLOC,6,Outside of Trafficway,vehicle.csv
ROLINLOC,7,In Parking Lane/Zone,vehicle.csv
ROLINLOC,8,Not Applicable,vehicle.csv
ROLINLOC,9,Unknown,vehicle.csv
ROLLOVER,0,No Rollover,person.csv;vehicle.csv
ROLLOVER,3,Rollover,person.csv;vehicle.csv
ROLLOVER,8,Not Applicable,person.csv;vehicle.csv
ROUTE,0,Not Signed,accident.csv
ROUTE,1,Interstate,accident.csv
ROUTE,2,U.S. Highway,accident.csv
ROUTE,3,State Highway,accident.csv
ROUTE,4,County,accident.csv
ROUTE,5,Township,accident.csv
ROUTE,6,Municipal,accident.csv
ROUTE,10,Parkway Marker or Forest Route Marker [Specify:],accident.csv
ROUTE,11,Off-Interstate Business Marker,accident.csv
ROUTE,12,Secondary Route,accident.csv
ROUTE,13,Bureau of Indian Affairs,accident.csv
ROUTE,95,Other,accident.csv
ROUTE,96,Trafficway Not in State Inventory,accident.csv
ROUTE,99,Unknown/Not Reported,accident.csv
RUR_URB,1,Rural,accident.csv;person.csv
RUR_URB,2,Urban,accident.csv;person.csv
RUR_URB,6,Trafficway Not in State Inventory,accident.csv;person.csv
RUR_URB,8,Not Reported,accident.csv;person.csv
RUR_URB,9,Unknown,accident.csv;person.csv
SCH_BUS,0,No,accident.csv;person.csv
SCH_BUS,1,Yes,accident.csv;person.csv
SEAT_POS,0,Not a Motor Vehicle Occupant,person.csv
SEAT_POS,11,"Front Seat, Left Side",person.csv
SEAT_POS,12,"Front Seat, Middle",person.csv
SEAT_POS,13,"Front Seat, Right Side",person.csv
SEAT_POS,18,"Front Seat, Other",person.csv
SEAT_POS,19,"Front Seat, Unknown",person.csv
SEAT_POS,21,"Second Seat, Left Side",person.csv
SEAT_POS,22,"Second Seat, Middle",person.csv
SEAT_POS,23,"Second Seat, Right Side",person.csv
SEAT_POS,28,"Second Seat, Other",person.csv
SEAT_POS,29,"Second Seat, Unknown",person.csv
SEAT_POS,31,"Third Seat, Left Side",person.csv
SEAT_POS,32,"Third Seat, Middle",person.csv
SEAT_POS,33,"Third Seat, Right Side",person.csv
SEAT_POS,38,"Third Seat, Other",person.csv
SEAT_POS,39,"Third Seat, Unknown",person.csv
SEAT_POS,41,"Fourth Seat, Left Side",person.csv
SEAT_POS,42,"Fourth Seat, Middle",person.csv
SEAT_POS,43,"Fourth Seat, Right Side",person.csv
SEAT_POS,49,"Fourth Seat, Unknown",person.csv
SEAT_POS,50,Sleeper Section of Cab (Truck),person.csv
SEAT_POS,51,Other Passenger in enclosed passenger or cargo area,person.csv
SEAT_POS,52,Other Passenger in unenclosed passenger or cargo area,person.csv
SEAT_POS,53,"Other Passenger in passenger or cargo area, unknown whether or not enclosed",person.csv
SEAT_POS,54,Trailing Unit,person.csv
SEAT_POS,55,Riding on Exterior of Vehicle,person.csv
SEAT_POS,56,Appended to a Motor Vehicle for Motion,person.csv
SEAT_POS,98,Not Reported,person.csv
SEAT_POS,99,Reported as Unknown,person.csv
SEX,1,Male,person.csv
SEX,2,Female,person.csv
SEX,8,Not Reported,person.csv
SEX,9,Reported as Unknown,person.csv
SOE,1,Rollover/Overturn,cevent.csv;vevent.csv;vsoe.csv
SOE,2,Fire/Explosion,cevent.csv;vevent.csv;vsoe.csv
SOE,3,Immersion or Partial Immersion,cevent.csv;vevent.csv;vsoe.csv
SOE,5,Fell/Jumped from Vehicle,cevent.csv;vevent.csv;vsoe.csv
SOE,6,Injured In Vehicle (Non-Collision),cevent.csv;vevent.csv;vsoe.csv
SOE,7,Other Non-Collision,cevent.csv;vevent.csv;vsoe.csv
SOE,8,Pedestrian,cevent.csv;vevent.csv;vsoe.csv
SOE,9,Pedalcyclist,cevent.csv;vevent.csv;vsoe.csv
SOE,10,Railway Vehicle,cevent.csv;vevent.csv;vsoe.csv
SOE,11,Live Animal,cevent.csv;vevent.csv;vsoe.csv
SOE,12,Motor Vehicle In-Transport,cevent.csv;vevent.csv;vsoe.csv
SOE,14,Parked Motor Vehicle,cevent.csv;vevent.csv;vsoe.csv
SOE,15,Non-Motorist on Personal Conveyance,cevent.csv;vevent.csv;vsoe.csv
SOE,16,Thrown or Falling Object,cevent.csv;vevent.csv;vsoe.csv
SOE,17,Boulder,cevent.csv;vevent.csv;vsoe.csv
SOE,18,Other Object (not fixed),cevent.csv;vevent.csv;vsoe.csv
SOE,19,Building,cevent.csv;vevent.csv;vsoe.csv
SOE,20,Impact Attenuator/Crash Cushion,cevent.csv;vevent.csv;vsoe.csv
SOE,21,Bridge Pier or Support,cevent.csv;vevent.csv;vsoe.csv
SOE,23,Bridge Rail (Includes parapet),cevent.csv;vevent.csv;vsoe.csv
SOE,24,Guardrail Face,cevent.csv;vevent.csv;vsoe.csv
SOE,25,Concrete Traffic Barrier,cevent.csv;vevent.csv;vsoe.csv
SOE,26,Other Traffic Barrier,cevent.csv;vevent.csv;vsoe.csv
SOE,30,Utility Pole/Light Support,cevent.csv;vevent.csv;vsoe.csv
SOE,31,"Post, Pole or Other Supports",cevent.csv;vevent.csv;vsoe.csv
SOE,32,Culvert,cevent.csv;vevent.csv;vsoe.csv
SOE,33,Curb,cevent.csv;vevent.csv;vsoe.csv
SOE,34,Ditch,cevent.csv;vevent.csv;vsoe.csv
SOE,35,Embankment,cevent.csv;vevent.csv;vsoe.csv
SOE,38,Fence,cevent.csv;vevent.csv;vsoe.csv
SOE,39,Wall,cevent.csv;vevent.csv;vsoe.csv
SOE,40,Fire Hydrant,cevent.csv;vevent.csv;vsoe.csv
SOE,41,Shrubbery,cevent.csv;vevent.csv;vsoe.csv
SOE,42,Tree (Standing Only),cevent.csv;vevent.csv;vsoe.csv
SOE,43,Other Fixed Object,cevent.csv;vevent.csv;vsoe.csv
SOE,44,"Pavement Surface Irregularity (Ruts, Potholes, Grates, etc.)",cevent.csv;vevent.csv;vsoe.csv
SOE,45,Working Motor Vehicle,cevent.csv;vevent.csv;vsoe.csv
SOE,46,Traffic Signal Support,cevent.csv;vevent.csv;vsoe.csv
SOE,48,Snow Bank,cevent.csv;vevent.csv;vsoe.csv
SOE,49,Ridden Animal or Animal Drawn Conveyance,cevent.csv;vevent.csv;vsoe.csv
SOE,50,Bridge Overhead Structure,cevent.csv;vevent.csv;vsoe.csv
SOE,51,Jackknife (harmful to this vehicle),cevent.csv;vevent.csv;vsoe.csv
SOE,52,Guardrail End,cevent.csv;vevent.csv;vsoe.csv
SOE,53,Mail Box,cevent.csv;vevent.csv;vsoe.csv
SOE,54,"Motor Vehicle In-Transport Strikes or is Struck by Cargo, Persons or Objects Set-in-Motion from/by Another Motor Vehicle In Transport",cevent.csv;vevent.csv;vsoe.csv
SOE,55,Motor Vehicle in Motion Outside the Trafficway,cevent.csv;vevent.csv;vsoe.csv
SOE,57,Cable Barrier,cevent.csv;vevent.csv;vsoe.csv
SOE,58,Ground,cevent.csv;vevent.csv;vsoe.csv
SOE,59,Traffic Sign Support,cevent.csv;vevent.csv;vsoe.csv
SOE,60,Cargo/Equipment Loss or Shift (non-harmful),cevent.csv;vevent.csv;vsoe.csv
SOE,61,"Equipment Failure (blown tire, brake failure, etc)",cevent.csv;vevent.csv;vsoe.csv
SOE,62,Separation of Units,cevent.csv;vevent.csv;vsoe.csv
SOE,63,Ran Off Roadway - Right,cevent.csv;vevent.csv;vsoe.csv
SOE,64,Ran Off Roadway - Left,cevent.csv;vevent.csv;vsoe.csv
SOE,65,Cross Median,cevent.csv;vevent.csv;vsoe.csv
SOE,66,Downhill Runaway,cevent.csv;vevent.csv;vsoe.csv
SOE,67,Vehicle Went Airborne,cevent.csv;vevent.csv;vsoe.csv
SOE,68,Cross Centerline,cevent.csv;vevent.csv;vsoe.csv
SOE,69,Re-entering Roadway,cevent.csv;vevent.csv;vsoe.csv
SOE,70,"(Non-harmful, Swaying Trailer/Jackknife)",cevent.csv;vevent.csv;vsoe.csv
SOE,71,End Departure,cevent.csv;vevent.csv;vsoe.csv
SOE,72,"Cargo/Equipment Loss, Shift, or Damage [harmful]",cevent.csv;vevent.csv;vsoe.csv
SOE,73,Object That Had Fallen From Motor Vehicle In-Transport,cevent.csv;vevent.csv;vsoe.csv
SOE,74,Road Vehicle on Rails,cevent.csv;vevent.csv;vsoe.csv
SOE,79,Ran off Roadway - Direction Unknown,cevent.csv;vevent.csv;vsoe.csv
SOE,91,Unknown Object Not Fixed,cevent.csv;vevent.csv;vsoe.csv
SOE,93,Unknown Fixed Object,cevent.csv;vevent.csv;vsoe.csv
SOE,98,"Harmful Event, Details Not Reported",cevent.csv;vevent.csv;vsoe.csv
SOE,99,Reported as Unknown,cevent.csv;vevent.csv;vsoe.csv
SPEC_USE,0,No Special Use Noted,person.csv;vehicle.csv
SPEC_USE,1,Taxi,person.csv;vehicle.csv
SPEC_USE,2,Vehicle Used for School Transport,person.csv;vehicle.csv
SPEC_USE,3,Vehicle Used as Other Bus,person.csv;vehicle.csv
SPEC_USE,4,Military,person.csv;vehicle.csv
SPEC_USE,5,Police,person.csv;vehicle.csv
SPEC_USE,6,Ambulance,person.csv;vehicle.csv
SPEC_USE,7,Fire Truck,person.csv;vehicle.csv
SPEC_USE,8,Non-Transport Emergency Services Vehicle,person.csv;vehicle.csv
SPEC_USE,10,Safety Service Patrols - Incident Response,person.csv;vehicle.csv
SPEC_USE,11,Other Incident Response,person.csv;vehicle.csv
SPEC_USE,12,Towing - Incident Response,person.csv;vehicle.csv
SPEC_USE,19,Motor Vehicle Used for Vehicle Sharing Mobility,person.csv;vehicle.csv
SPEC_USE,20,Motor Vehicle Used for Electronic Ride-hailing,person.csv;vehicle.csv
SPEC_USE,21,Mail Carrier,person.csv;vehicle.csv
SPEC_USE,22,Public Utility,person.csv;vehicle.csv
SPEC_USE,23,"Rental Truck over 10,000 lbs.",person.csv;vehicle.csv
SPEC_USE,99,Reported as Unknown,person.csv;vehicle.csv
SPEEDREL,0,No,vehicle.csv
SPEEDREL,2,"Yes, Racing",vehicle.csv
SPEEDREL,3,"Yes, Exceeded Speed Limit",vehicle.csv
SPEEDREL,4,"Yes, Too Fast for Conditions",vehicle.csv
SPEEDREL,5,"Yes, Specifics Unknown",vehicle.csv
SPEEDREL,8,No Driver Present/Unknown if Driver Present,vehicle.csv
SPEEDREL,9,Reported as Unknown,vehicle.csv
SP_JUR,0,No Special Jurisdiction,accident.csv
SP_JUR,1,National Park Service,accident.csv
SP_JUR,2,Military,accident.csv
SP_JUR,3,Indian Reservation,accident.csv
SP_JUR,4,College/University Campus*,accident.csv
SP_JUR,5,Other Federal Properties*,accident.csv
SP_JUR,8,Other,accident.csv
SP_JUR,9,Unknown,accident.csv
STATE,1,Alabama,accident.csv;cevent.csv;crashrf.csv;damage.csv;distract.csv;drimpair.csv;driverrf.csv;drugs.csv;factor.csv;maneuver.csv;nmcrash.csv;nmdistract.csv;nmimpair.csv;nmprior.csv;parkwork.csv;pbtype.csv;person.csv;personrf.csv;pvehiclesf.csv;race.csv;safetyeq.csv;vehicle.csv;vehiclesf.csv;vevent.csv;violatn.csv;vision.csv;vpicdecode.csv;vpictrailerdecode.csv;vsoe.csv;weather.csv
STATE,2,Alaska,accident.csv;cevent.csv;crashrf.csv;damage.csv;distract.csv;drimpair.csv;driverrf.csv;drugs.csv;factor.csv;maneuver.csv;nmcrash.csv;nmdistract.csv;nmimpair.csv;nmprior.csv;parkwork.csv;pbtype.csv;person.csv;personrf.csv;pvehiclesf.csv;race.csv;safetyeq.csv;vehicle.csv;vehiclesf.csv;vevent.csv;violatn.csv;vision.csv;vpicdecode.csv;vsoe.csv;weather.csv
STATE,4,Arizona,accident.csv;cevent.csv;crashrf.csv;damage.csv;distract.csv;drimpair.csv;driverrf.csv;drugs.csv;factor.csv;maneuver.csv;nmcrash.csv;nmdistract.csv;nmimpair.csv;nmprior.csv;parkwork.csv;pbtype.csv;person.csv;personrf.csv;pvehiclesf.csv;race.csv;safetyeq.csv;vehicle.csv;vehiclesf.csv;vevent.csv;violatn.csv;vision.csv;vpicdecode.csv;vpictrailerdecode.csv;vsoe.csv;weather.csv
STATE,5,Arkansas,accident.csv;cevent.csv;crashrf.csv;damage.csv;distract.csv;drimpair.csv;driverrf.csv;drugs.csv;factor.csv;maneuver.csv;nmcrash.csv;nmdistract.csv;nmimpair.csv;nmprior.csv;parkwork.csv;pbtype.csv;person.csv;personrf.csv;pvehiclesf.csv;race.csv;safetyeq.csv;vehicle.csv;vehiclesf.csv;vevent.csv;violatn.csv;vision.csv;vpicdecode.csv;vpictrailerdecode.csv;vsoe.csv;weather.csv
STATE,6,California,accident.csv;cevent.csv;crashrf.csv;damage.csv;distract.csv;drimpair.csv;driverrf.csv;drugs.csv;factor.csv;maneuver.csv;nmcrash.csv;nmdistract.csv;nmimpair.csv;nmprior.csv;parkwork.csv;pbtype.csv;person.csv;personrf.csv;pvehiclesf.csv;race.csv;safetyeq.csv;vehicle.csv;vehiclesf.csv;vevent.csv;violatn.csv;vision.csv;vpicdecode.csv;vpictrailerdecode.csv;vsoe.csv;weather.csv
STATE,8,Colorado,accident.csv;cevent.csv;crashrf.csv;damage.csv;distract.csv;drimpair.csv;driverrf.csv;drugs.csv;factor.csv;maneuver.csv;nmcrash.csv;nmdistract.csv;nmimpair.csv;nmprior.csv;parkwork.csv;pbtype.csv;person.csv;personrf.csv;pvehiclesf.csv;race.csv;safetyeq.csv;vehicle.csv;vehiclesf.csv;vevent.csv;violatn.csv;vision.csv;vpicdecode.csv;vpictrailerdecode.csv;vsoe.csv;weather.csv
STATE,9,Connecticut,accident.csv;cevent.csv;crashrf.csv;damage.csv;distract.csv;drimpair.csv;driverrf.csv;drugs.csv;factor.csv;maneuver.csv;nmcrash.csv;nmdistract.csv;nmimpair.csv;nmprior.csv;parkwork.csv;pbtype.csv;person.csv;personrf.csv;pvehiclesf.csv;race.csv;safetyeq.csv;vehicle.csv;vehiclesf.csv;vevent.csv;violatn.csv;vision.csv;vpicdecode.csv;vpictrailerdecode.csv;vsoe.csv;weather.csv
STATE,10,Delaware,accident.csv;cevent.csv;crashrf.csv;damage.csv;distract.csv;drimpair.csv;driverrf.csv;drugs.csv;factor.csv;maneuver.csv;nmcrash.csv;nmdistract.csv;nmimpair.csv;nmprior.csv;parkwork.csv;pbtype.csv;person.csv;personrf.csv;pvehiclesf.csv;race.csv;safetyeq.csv;vehicle.csv;vehiclesf.csv;vevent.csv;violatn.csv;vision.csv;vpicdecode.csv;vpictrailerdecode.csv;vsoe.csv;weather.csv
STATE,11,District of Columbia,accident.csv;cevent.csv;crashrf.csv;damage.csv;distract.csv;drimpair.csv;driverrf.csv;drugs.csv;factor.csv;maneuver.csv;nmcrash.csv;nmdistract.csv;nmimpair.csv;nmprior.csv;parkwork.csv;pbtype.csv;person.csv;personrf.csv;pvehiclesf.csv;race.csv;safetyeq.csv;vehicle.csv;vehiclesf.csv;vevent.csv;violatn.csv;vision.csv;vpicdecode.csv;vsoe.csv;weather.csv
STATE,12,Florida,accident.csv;cevent.csv;crashrf.csv;damage.csv;distract.csv;drimpair.csv;driverrf.csv;drugs.csv;factor.csv;maneuver.csv;nmcrash.csv;nmdistract.csv;nmimpair.csv;nmprior.csv;parkwork.csv;pbtype.csv;person.csv;personrf.csv;pvehiclesf.csv;race.csv;safetyeq.csv;vehicle.csv;vehiclesf.csv;vevent.csv;violatn.csv;vision.csv;vpicdecode.csv;vpictrailerdecode.csv;vsoe.csv;weather.csv
STATE,13,Georgia,accident.csv;cevent.csv;crashrf.csv;damage.csv;distract.csv;drimpair.csv;driverrf.csv;drugs.csv;factor.csv;maneuver.csv;nmcrash.csv;nmdistract.csv;nmimpair.csv;nmprior.csv;parkwork.csv;pbtype.csv;person.csv;personrf.csv;pvehiclesf.csv;race.csv;safetyeq.csv;vehicle.csv;vehiclesf.csv;vevent.csv;violatn.csv;vision.csv;vpicdecode.csv;vsoe.csv;weather.csv
STATE,15,Hawaii,accident.csv;cevent.csv;crashrf.csv;damage.csv;distract.csv;drimpair.csv;driverrf.csv;drugs.csv;factor.csv;maneuver.csv;nmcrash.csv;nmdistract.csv;nmimpair.csv;nmprior.csv;parkwork.csv;pbtype.csv;person.csv;personrf.csv;pvehiclesf.csv;race.csv;safetyeq.csv;vehicle.csv;vehiclesf.csv;vevent.csv;violatn.csv;vision.csv;vpicdecode.csv;vsoe.csv;weather.csv
STATE,16,Idaho,accident.csv;cevent.csv;crashrf.csv;damage.csv;distract.csv;drimpair.csv;driverrf.csv;drugs.csv;factor.csv;maneuver.csv;nmcrash.csv;nmdistract.csv;nmimpair.csv;nmprior.csv;parkwork.csv;pbtype.csv;person.csv;personrf.csv;pvehiclesf.csv;race.csv;safetyeq.csv;vehicle.csv;vehiclesf.csv;vevent.csv;violatn.csv;vision.csv;vpicdecode.csv;vpictrailerdecode.csv;vsoe.csv;weather.csv
STATE,17,Illinois,accident.csv;cevent.csv;crashrf.csv;damage.csv;distract.csv;drimpair.csv;driverrf.csv;drugs.csv;factor.csv;maneuver.csv;nmcrash.csv;nmdistract.csv;nmimpair.csv;nmprior.csv;parkwork.csv;pbtype.csv;person.csv;personrf.csv;pvehiclesf.csv;race.csv;safetyeq.csv;vehicle.csv;vehiclesf.csv;vevent.csv;violatn.csv;vision.csv;vpicdecode.csv;vpictrailerdecode.csv;vsoe.csv;weather.csv
STATE,18,Indiana,accident.csv;cevent.csv;crashrf.csv;damage.csv;distract.csv;drimpair.csv;driverrf.csv;drugs.csv;factor.csv;maneuver.csv;nmcrash.csv;nmdistract.csv;nmimpair.csv;nmprior.csv;parkwork.csv;pbtype.csv;person.csv;personrf.csv;pvehiclesf.csv;race.csv;safetyeq.csv;vehicle.csv;vehiclesf.csv;vevent.csv;violatn.csv;vision.csv;vpicdecode.csv;vpictrailerdecode.csv;vsoe.csv;weather.csv
STATE,19,Iowa,accident.csv;cevent.csv;crashrf.csv;damage.csv;distract.csv;drimpair.csv;driverrf.csv;drugs.csv;factor.csv;maneuver.csv;nmcrash.csv;nmdistract.csv;nmimpair.csv;nmprior.csv;parkwork.csv;pbtype.csv;person.csv;personrf.csv;pvehiclesf.csv;race.csv;safetyeq.csv;vehicle.csv;vehiclesf.csv;vevent.csv;violatn.csv;vision.csv;vpicdecode.csv;vpictrailerdecode.csv;vsoe.csv;weather.csv
STATE,20,Kansas,accident.csv;cevent.csv;crashrf.csv;damage.csv;distract.csv;drimpair.csv;driverrf.csv;drugs.csv;factor.csv;maneuver.csv;nmcrash.csv;nmdistract.csv;nmimpair.csv;nmprior.csv;parkwork.csv;pbtype.csv;person.csv;personrf.csv;pvehiclesf.csv;race.csv;safetyeq.csv;vehicle.csv;vehiclesf.csv;vevent.csv;violatn.csv;vision.csv;vpicdecode.csv;vpictrailerdecode.csv;vsoe.csv;weather.csv
STATE,21,Kentucky,accident.csv;cevent.csv;crashrf.csv;damage.csv;distract.csv;drimpair.csv;driverrf.csv;drugs.csv;factor.csv;maneuver.csv;nmcrash.csv;nmdistract.csv;nmimpair.csv;nmprior.csv;parkwork.csv;pbtype.csv;person.csv;personrf.csv;pvehiclesf.csv;race.csv;safetyeq.csv;vehicle.csv;vehiclesf.csv;vevent.csv;violatn.csv;vision.csv;vpicdecode.csv;vpictrailerdecode.csv;vsoe.csv;weather.csv
STATE,22,Louisiana,accident.csv;cevent.csv;crashrf.csv;damage.csv;distract.csv;drimpair.csv;driverrf.csv;drugs.csv;factor.csv;maneuver.csv;nmcrash.csv;nmdistract.csv;nmimpair.csv;nmprior.csv;parkwork.csv;pbtype.csv;person.csv;personrf.csv;pvehiclesf.csv;race.csv;safetyeq.csv;vehicle.csv;vehiclesf.csv;vevent.csv;violatn.csv;vision.csv;vpicdecode.csv;vpictrailerdecode.csv;vsoe.csv;weather.csv
STATE,23,Maine,accident.csv;cevent.csv;crashrf.csv;damage.csv;distract.csv;drimpair.csv;driverrf.csv;drugs.csv;factor.csv;maneuver.csv;nmcrash.csv;nmdistract.csv;nmimpair.csv;nmprior.csv;parkwork.csv;pbtype.csv;person.csv;personrf.csv;pvehiclesf.csv;race.csv;safetyeq.csv;vehicle.csv;vehiclesf.csv;vevent.csv;violatn.csv;vision.csv;vpicdecode.csv;vpictrailerdecode.csv;vsoe.csv;weather.csv
STATE,24,Maryland,accident.csv;cevent.csv;crashrf.csv;damage.csv;distract.csv;drimpair.csv;driverrf.csv;drugs.csv;factor.csv;maneuver.csv;nmcrash.csv;nmdistract.csv;nmimpair.csv;nmprior.csv;parkwork.csv;pbtype.csv;person.csv;personrf.csv;pvehiclesf.csv;race.csv;safetyeq.csv;vehicle.csv;vehiclesf.csv;vevent.csv;violatn.csv;vision.csv;vpicdecode.csv;vpictrailerdecode.csv;vsoe.csv;weather.csv
STATE,25,Massachusetts,accident.csv;cevent.csv;crashrf.csv;damage.csv;distract.csv;drimpair.csv;driverrf.csv;drugs.csv;factor.csv;maneuver.csv;nmcrash.csv;nmdistract.csv;nmimpair.csv;nmprior.csv;parkwork.csv;pbtype.csv;person.csv;personrf.csv;pvehiclesf.csv;race.csv;safetyeq.csv;vehicle.csv;vehiclesf.csv;vevent.csv;violatn.csv;vision.csv;vpicdecode.csv;vpictrailerdecode.csv;vsoe.csv;weather.csv
STATE,26,Michigan,accident.csv;cevent.csv;crashrf.csv;damage.csv;distract.csv;drimpair.csv;driverrf.csv;drugs.csv;factor.csv;maneuver.csv;nmcrash.csv;nmdistract.csv;nmimpair.csv;nmprior.csv;parkwork.csv;pbtype.csv;person.csv;personrf.csv;pvehiclesf.csv;race.csv;safetyeq.csv;vehicle.csv;vehiclesf.csv;vevent.csv;violatn.csv;vision.csv;vpicdecode.csv;vpictrailerdecode.csv;vsoe.csv;weather.csv
STATE,27,Minnesota,accident.csv;cevent.csv;crashrf.csv;damage.csv;distract.csv;drimpair.csv;driverrf.csv;drugs.csv;factor.csv;maneuver.csv;nmcrash.csv;nmdistract.csv;nmimpair.csv;nmprior.csv;parkwork.csv;pbtype.csv;person.csv;personrf.csv;pvehiclesf.csv;race.csv;safetyeq.csv;vehicle.csv;vehiclesf.csv;vevent.csv;violatn.csv;vision.csv;vpicdecode.csv;vsoe.csv;weather.csv
STATE,28,Mississippi,accident.csv;cevent.csv;crashrf.csv;damage.csv;distract.csv;drimpair.csv;driverrf.csv;drugs.csv;factor.csv;maneuver.csv;nmcrash.csv;nmdistract.csv;nmimpair.csv;nmprior.csv;parkwork.csv;pbtype.csv;person.csv;personrf.csv;pvehiclesf.csv;race.csv;safetyeq.csv;vehicle.csv;vehiclesf.csv;vevent.csv;violatn.csv;vision.csv;vpicdecode.csv;vpictrailerdecode.csv;vsoe.csv;weather.csv
STATE,29,Missouri,accident.csv;cevent.csv;crashrf.csv;damage.csv;distract.csv;drimpair.csv;driverrf.csv;drugs.csv;factor.csv;maneuver.csv;nmcrash.csv;nmdistract.csv;nmimpair.csv;nmprior.csv;parkwork.csv;pbtype.csv;person.csv;personrf.csv;pvehiclesf.csv;race.csv;safetyeq.csv;vehicle.csv;vehiclesf.csv;vevent.csv;violatn.csv;vision.csv;vpicdecode.csv;vpictrailerdecode.csv;vsoe.csv;weather.csv
STATE,30,Montana,accident.csv;cevent.csv;crashrf.csv;damage.csv;distract.csv;drimpair.csv;driverrf.csv;drugs.csv;factor.csv;maneuver.csv;nmcrash.csv;nmdistract.csv;nmimpair.csv;nmprior.csv;pbtype.csv;person.csv;personrf.csv;race.csv;safetyeq.csv;vehicle.csv;vehiclesf.csv;vevent.csv;violatn.csv;vision.csv;vpicdecode.csv;vpictrailerdecode.csv;vsoe.csv;weather.csv
STATE,31,Nebraska,accident.csv;cevent.csv;crashrf.csv;damage.csv;distract.csv;drimpair.csv;driverrf.csv;drugs.csv;factor.csv;maneuver.csv;nmcrash.csv;nmdistract.csv;nmimpair.csv;nmprior.csv;parkwork.csv;pbtype.csv;person.csv;personrf.csv;pvehiclesf.csv;race.csv;safetyeq.csv;vehicle.csv;vehiclesf.csv;vevent.csv;violatn.csv;vision.csv;vpicdecode.csv;vpictrailerdecode.csv;vsoe.csv;weather.csv
STATE,32,Nevada,accident.csv;cevent.csv;crashrf.csv;damage.csv;distract.csv;drimpair.csv;driverrf.csv;drugs.csv;factor.csv;maneuver.csv;nmcrash.csv;nmdistract.csv;nmimpair.csv;nmprior.csv;parkwork.csv;pbtype.csv;person.csv;personrf.csv;pvehiclesf.csv;race.csv;safetyeq.csv;vehicle.csv;vehiclesf.csv;vevent.csv;violatn.csv;vision.csv;vpicdecode.csv;vpictrailerdecode.csv;vsoe.csv;weather.csv
STATE,33,New Hampshire,accident.csv;cevent.csv;crashrf.csv;damage.csv;distract.csv;drimpair.csv;driverrf.csv;drugs.csv;factor.csv;maneuver.csv;nmcrash.csv;nmdistract.csv;nmimpair.csv;nmprior.csv;parkwork.csv;pbtype.csv;person.csv;personrf.csv;pvehiclesf.csv;race.csv;safetyeq.csv;vehicle.csv;vehiclesf.csv;vevent.csv;violatn.csv;vision.csv;vpicdecode.csv;vpictrailerdecode.csv;vsoe.csv;weather.csv
STATE,34,New Jersey,accident.csv;cevent.csv;crashrf.csv;damage.csv;distract.csv;drimpair.csv;driverrf.csv;drugs.csv;factor.csv;maneuver.csv;nmcrash.csv;nmdistract.csv;nmimpair.csv;nmprior.csv;parkwork.csv;pbtype.csv;person.csv;personrf.csv;pvehiclesf.csv;race.csv;safetyeq.csv;vehicle.csv;vehiclesf.csv;vevent.csv;violatn.csv;vision.csv;vpicdecode.csv;vpictrailerdecode.csv;vsoe.csv;weather.csv
STATE,35,New Mexico,accident.csv;cevent.csv;crashrf.csv;damage.csv;distract.csv;drimpair.csv;driverrf.csv;drugs.csv;factor.csv;maneuver.csv;nmcrash.csv;nmdistract.csv;nmimpair.csv;nmprior.csv;parkwork.csv;pbtype.csv;person.csv;personrf.csv;pvehiclesf.csv;race.csv;safetyeq.csv;vehicle.csv;vehiclesf.csv;vevent.csv;violatn.csv;vision.csv;vpicdecode.csv;vpictrailerdecode.csv;vsoe.csv;weather.csv
STATE,36,New York,accident.csv;cevent.csv;crashrf.csv;damage.csv;distract.csv;drimpair.csv;driverrf.csv;drugs.csv;factor.csv;maneuver.csv;nmcrash.csv;nmdistract.csv;nmimpair.csv;nmprior.csv;parkwork.csv;pbtype.csv;person.csv;personrf.csv;pvehiclesf.csv;race.csv;safetyeq.csv;vehicle.csv;vehiclesf.csv;vevent.csv;violatn.csv;vision.csv;vpicdecode.csv;vpictrailerdecode.csv;vsoe.csv;weather.csv
STATE,37,North Carolina,accident.csv;cevent.csv;crashrf.csv;damage.csv;distract.csv;drimpair.csv;driverrf.csv;drugs.csv;factor.csv;maneuver.csv;nmcrash.csv;nmdistract.csv;nmimpair.csv;nmprior.csv;parkwork.csv;pbtype.csv;person.csv;personrf.csv;pvehiclesf.csv;race.csv;safetyeq.csv;vehicle.csv;vehiclesf.csv;vevent.csv;violatn.csv;vision.csv;vpicdecode.csv;vpictrailerdecode.csv;vsoe.csv;weather.csv
STATE,38,North Dakota,accident.csv;cevent.csv;crashrf.csv;damage.csv;distract.csv;drimpair.csv;driverrf.csv;drugs.csv;factor.csv;maneuver.csv;nmcrash.csv;nmdistract.csv;nmimpair.csv;nmprior.csv;pbtype.csv;person.csv;personrf.csv;race.csv;safetyeq.csv;vehicle.csv;vehiclesf.csv;vevent.csv;violatn.csv;vision.csv;vpicdecode.csv;vpictrailerdecode.csv;vsoe.csv;weather.csv
STATE,39,Ohio,accident.csv;cevent.csv;crashrf.csv;damage.csv;distract.csv;drimpair.csv;driverrf.csv;drugs.csv;factor.csv;maneuver.csv;nmcrash.csv;nmdistract.csv;nmimpair.csv;nmprior.csv;parkwork.csv;pbtype.csv;person.csv;personrf.csv;pvehiclesf.csv;race.csv;safetyeq.csv;vehicle.csv;vehiclesf.csv;vevent.csv;violatn.csv;vision.csv;vpicdecode.csv;vpictrailerdecode.csv;vsoe.csv;weather.csv
STATE,40,Oklahoma,accident.csv;cevent.csv;crashrf.csv;damage.csv;distract.csv;drimpair.csv;driverrf.csv;drugs.csv;factor.csv;maneuver.csv;nmcrash.csv;nmdistract.csv;nmimpair.csv;nmprior.csv;parkwork.csv;pbtype.csv;person.csv;personrf.csv;pvehiclesf.csv;race.csv;safetyeq.csv;vehicle.csv;vehiclesf.csv;vevent.csv;violatn.csv;vision.csv;vpicdecode.csv;vpictrailerdecode.csv;vsoe.csv;weather.csv
STATE,41,Oregon,accident.csv;cevent.csv;crashrf.csv;damage.csv;distract.csv;drimpair.csv;driverrf.csv;drugs.csv;factor.csv;maneuver.csv;nmcrash.csv;nmdistract.csv;nmimpair.csv;nmprior.csv;parkwork.csv;pbtype.csv;person.csv;personrf.csv;pvehiclesf.csv;race.csv;safetyeq.csv;vehicle.csv;vehiclesf.csv;vevent.csv;violatn.csv;vision.csv;vpicdecode.csv;vpictrailerdecode.csv;vsoe.csv;weather.csv
STATE,42,Pennsylvania,accident.csv;cevent.csv;crashrf.csv;damage.csv;distract.csv;drimpair.csv;driverrf.csv;drugs.csv;factor.csv;maneuver.csv;nmcrash.csv;nmdistract.csv;nmimpair.csv;nmprior.csv;parkwork.csv;pbtype.csv;person.csv;personrf.csv;pvehiclesf.csv;race.csv;safetyeq.csv;vehicle.csv;vehiclesf.csv;vevent.csv;violatn.csv;vision.csv;vpicdecode.csv;vpictrailerdecode.csv;vsoe.csv;weather.csv
STATE,44,Rhode Island,accident.csv;cevent.csv;crashrf.csv;damage.csv;distract.csv;drimpair.csv;driverrf.csv;drugs.csv;factor.csv;maneuver.csv;nmcrash.csv;nmdistract.csv;nmimpair.csv;nmprior.csv;parkwork.csv;pbtype.csv;person.csv;personrf.csv;pvehiclesf.csv;race.csv;safetyeq.csv;vehicle.csv;vehiclesf.csv;vevent.csv;violatn.csv;vision.csv;vpicdecode.csv;vsoe.csv;weather.csv
STATE,45,South Carolina,accident.csv;cevent.csv;crashrf.csv;damage.csv;distract.csv;drimpair.csv;driverrf.csv;drugs.csv;factor.csv;maneuver.csv;nmcrash.csv;nmdistract.csv;nmimpair.csv;nmprior.csv;parkwork.csv;pbtype.csv;person.csv;personrf.csv;pvehiclesf.csv;race.csv;safetyeq.csv;vehicle.csv;vehiclesf.csv;vevent.csv;violatn.csv;vision.csv;vpicdecode.csv;vsoe.csv;weather.csv
STATE,46,South Dakota,accident.csv;cevent.csv;crashrf.csv;damage.csv;distract.csv;drimpair.csv;driverrf.csv;drugs.csv;factor.csv;maneuver.csv;nmcrash.csv;nmdistract.csv;nmimpair.csv;nmprior.csv;parkwork.csv;pbtype.csv;person.csv;personrf.csv;pvehiclesf.csv;race.csv;safetyeq.csv;vehicle.csv;vehiclesf.csv;vevent.csv;violatn.csv;vision.csv;vpicdecode.csv;vpictrailerdecode.csv;vsoe.csv;weather.csv
STATE,47,Tennessee,accident.csv;cevent.csv;crashrf.csv;damage.csv;distract.csv;drimpair.csv;driverrf.csv;drugs.csv;factor.csv;maneuver.csv;nmcrash.csv;nmdistract.csv;nmimpair.csv;nmprior.csv;parkwork.csv;pbtype.csv;person.csv;personrf.csv;pvehiclesf.csv;race.csv;safetyeq.csv;vehicle.csv;vehiclesf.csv;vevent.csv;violatn.csv;vision.csv;vpicdecode.csv;vpictrailerdecode.csv;vsoe.csv;weather.csv
STATE,48,Texas,accident.csv;cevent.csv;crashrf.csv;damage.csv;distract.csv;drimpair.csv;driverrf.csv;drugs.csv;factor.csv;maneuver.csv;nmcrash.csv;nmdistract.csv;nmimpair.csv;nmprior.csv;parkwork.csv;pbtype.csv;person.csv;personrf.csv;pvehiclesf.csv;race.csv;safetyeq.csv;vehicle.csv;vehiclesf.csv;vevent.csv;violatn.csv;vision.csv;vpicdecode.csv;vpictrailerdecode.csv;vsoe.csv;weather.csv
STATE,49,Utah,accident.csv;cevent.csv;crashrf.csv;damage.csv;distract.csv;drimpair.csv;driverrf.csv;drugs.csv;factor.csv;maneuver.csv;nmcrash.csv;nmdistract.csv;nmimpair.csv;nmprior.csv;parkwork.csv;pbtype.csv;person.csv;personrf.csv;pvehiclesf.csv;race.csv;safetyeq.csv;vehicle.csv;vehiclesf.csv;vevent.csv;violatn.csv;vision.csv;vpicdecode.csv;vpictrailerdecode.csv;vsoe.csv;weather.csv
STATE,50,Vermont,accident.csv;cevent.csv;crashrf.csv;damage.csv;distract.csv;drimpair.csv;driverrf.csv;drugs.csv;factor.csv;maneuver.csv;nmcrash.csv;nmdistract.csv;nmimpair.csv;nmprior.csv;pbtype.csv;person.csv;personrf.csv;race.csv;safetyeq.csv;vehicle.csv;vehiclesf.csv;vevent.csv;violatn.csv;vision.csv;vpicdecode.csv;vpictrailerdecode.csv;vsoe.csv;weather.csv
STATE,51,Virginia,accident.csv;cevent.csv;crashrf.csv;damage.csv;distract.csv;drimpair.csv;driverrf.csv;drugs.csv;factor.csv;maneuver.csv;nmcrash.csv;nmdistract.csv;nmimpair.csv;nmprior.csv;parkwork.csv;pbtype.csv;person.csv;personrf.csv;pvehiclesf.csv;race.csv;safetyeq.csv;vehicle.csv;vehiclesf.csv;vevent.csv;violatn.csv;vision.csv;vpicdecode.csv;vpictrailerdecode.csv;vsoe.csv;weather.csv
STATE,53,Washington,accident.csv;cevent.csv;crashrf.csv;damage.csv;distract.csv;drimpair.csv;driverrf.csv;drugs.csv;factor.csv;maneuver.csv;nmcrash.csv;nmdistract.csv;nmimpair.csv;nmprior.csv;parkwork.csv;pbtype.csv;person.csv;personrf.csv;pvehiclesf.csv;race.csv;safetyeq.csv;vehicle.csv;vehiclesf.csv;vevent.csv;violatn.csv;vision.csv;vpicdecode.csv;vpictrailerdecode.csv;vsoe.csv;weather.csv
STATE,54,West Virginia,accident.csv;cevent.csv;crashrf.csv;damage.csv;distract.csv;drimpair.csv;driverrf.csv;drugs.csv;factor.csv;maneuver.csv;nmcrash.csv;nmdistract.csv;nmimpair.csv;nmprior.csv;parkwork.csv;pbtype.csv;person.csv;personrf.csv;pvehiclesf.csv;race.csv;safetyeq.csv;vehicle.csv;vehiclesf.csv;vevent.csv;violatn.csv;vision.csv;vpicdecode.csv;vpictrailerdecode.csv;vsoe.csv;weather.csv
STATE,55,Wisconsin,accident.csv;cevent.csv;crashrf.csv;damage.csv;distract.csv;drimpair.csv;driverrf.csv;drugs.csv;factor.csv;maneuver.csv;nmcrash.csv;nmdistract.csv;nmimpair.csv;nmprior.csv;parkwork.csv;pbtype.csv;person.csv;personrf.csv;pvehiclesf.csv;race.csv;safetyeq.csv;vehicle.csv;vehiclesf.csv;vevent.csv;violatn.csv;vision.csv;vpicdecode.csv;vpictrailerdecode.csv;vsoe.csv;weather.csv
STATE,56,Wyoming,accident.csv;cevent.csv;crashrf.csv;damage.csv;distract.csv;drimpair.csv;driverrf.csv;drugs.csv;factor.csv;maneuver.csv;nmcrash.csv;nmdistract.csv;nmimpair.csv;nmprior.csv;parkwork.csv;pbtype.csv;person.csv;personrf.csv;pvehiclesf.csv;race.csv;safetyeq.csv;vehicle.csv;vehiclesf.csv;vevent.csv;violatn.csv;vision.csv;vpicdecode.csv;vpictrailerdecode.csv;vsoe.csv;weather.csv
TOWED,5,Not Towed,vehicle.csv
TOWED,6,Towed,vehicle.csv
TOWED,8,Not Reported,vehicle.csv
TOWED,9,Reported as Unknown,vehicle.csv
TOW_VEH,0,No Trailers,person.csv;vehicle.csv
TOW_VEH,1,One Trailer,person.csv;vehicle.csv
TOW_VEH,2,Two Trailers,person.csv;vehicle.csv
TOW_VEH,3,Three or More Trailers,person.csv;vehicle.csv
TOW_VEH,4,"Yes, Number of Trailers Unknown",person.csv;vehicle.csv
TOW_VEH,5,Vehicle Towing Another Motor Vehicle - Fixed Linkage,person.csv;vehicle.csv
TOW_VEH,6,Vehicle Towing Another Motor Vehicle - Non-Fixed Linkage,person.csv;vehicle.csv
TOW_VEH,7,Trailing Unit Other than a Trailer or Another Motor Vehicle,person.csv;vehicle.csv
TOW_VEH,9,Unknown,person.csv;vehicle.csv
TRAV_SP,0,Stopped Motor Vehicle In-Transport,vehicle.csv
TRAV_SP,1,001 MPH,vehicle.csv
TRAV_SP,2,002 MPH,vehicle.csv
TRAV_SP,3,003 MPH,vehicle.csv
TRAV_SP,4,004 MPH,vehicle.csv
TRAV_SP,5,005 MPH,vehicle.csv
TRAV_SP,6,006 MPH,vehicle.csv
TRAV_SP,7,007 MPH,vehicle.csv
TRAV_SP,8,008 MPH,vehicle.csv
TRAV_SP,9,009 MPH,vehicle.csv
TRAV_SP,10,010 MPH,vehicle.csv
TRAV_SP,11,011 MPH,vehicle.csv
TRAV_SP,12,012 MPH,vehicle.csv
TRAV_SP,13,013 MPH,vehicle.csv
TRAV_SP,14,014 MPH,vehicle.csv
TRAV_SP,15,015 MPH,vehicle.csv
TRAV_SP,16,016 MPH,vehicle.csv
TRAV_SP,17,017 MPH,vehicle.csv
TRAV_SP,18,018 MPH,vehicle.csv
TRAV_SP,19,019 MPH,vehicle.csv
TRAV_SP,20,020 MPH,vehicle.csv
TRAV_SP,21,021 MPH,vehicle.csv
TRAV_SP,22,022 MPH,vehicle.csv
TRAV_SP,23,023 MPH,vehicle.csv
TRAV_SP,24,024 MPH,vehicle.csv
TRAV_SP,25,025 MPH,vehicle.csv
TRAV_SP,26,026 MPH,vehicle.csv
TRAV_SP,27,027 MPH,vehicle.csv
TRAV_SP,28,028 MPH,vehicle.csv
TRAV_SP,29,029 MPH,vehicle.csv
TRAV_SP,30,030 MPH,vehicle.csv
TRAV_SP,31,031 MPH,vehicle.csv
TRAV_SP,32,032 MPH,vehicle.csv
TRAV_SP,33,033 MPH,vehicle.csv
TRAV_SP,34,034 MPH,vehicle.csv
TRAV_SP,35,035 MPH,vehicle.csv
TRAV_SP,36,036 MPH,vehicle.csv
TRAV_SP,37,037 MPH,vehicle.csv
TRAV_SP,38,038 MPH,vehicle.csv
TRAV_SP,39,039 MPH,vehicle.csv
TRAV_SP,40,040 MPH,vehicle.csv
TRAV_SP,41,041 MPH,vehicle.csv
TRAV_SP,42,042 MPH,vehicle.csv
TRAV_SP,43,043 MPH,vehicle.csv
TRAV_SP,44,044 MPH,vehicle.csv
TRAV_SP,45,045 MPH,vehicle.csv
TRAV_SP,46,046 MPH,vehicle.csv
TRAV_SP,47,047 MPH,vehicle.csv
TRAV_SP,48,048 MPH,vehicle.csv
TRAV_SP,49,049 MPH,vehicle.csv
TRAV_SP,50,050 MPH,vehicle.csv
TRAV_SP,51,051 MPH,vehicle.csv
TRAV_SP,52,052 MPH,vehicle.csv
TRAV_SP,53,053 MPH,vehicle.csv
TRAV_SP,54,054 MPH,vehicle.csv
TRAV_SP,55,055 MPH,vehicle.csv
TRAV_SP,56,056 MPH,vehicle.csv
TRAV_SP,57,057 MPH,vehicle.csv
TRAV_SP,58,058 MPH,vehicle.csv
TRAV_SP,59,059 MPH,vehicle.csv
TRAV_SP,60,060 MPH,vehicle.csv
TRAV_SP,61,061 MPH,vehicle.csv
TRAV_SP,62,062 MPH,vehicle.csv
TRAV_SP,63,063 MPH,vehicle.csv
TRAV_SP,64,064 MPH,vehicle.csv
TRAV_SP,65,065 MPH,vehicle.csv
TRAV_SP,66,066 MPH,vehicle.csv
TRAV_SP,67,067 MPH,vehicle.csv
TRAV_SP,68,068 MPH,vehicle.csv
TRAV_SP,69,069 MPH,vehicle.csv
TRAV_SP,70,070 MPH,vehicle.csv
TRAV_SP,71,071 MPH,vehicle.csv
TRAV_SP,72,072 MPH,vehicle.csv
TRAV_SP,73,073 MPH,vehicle.csv
TRAV_SP,74,074 MPH,vehicle.csv
TRAV_SP,75,075 MPH,vehicle.csv
TRAV_SP,76,076 MPH,vehicle.csv
TRAV_SP,77,077 MPH,vehicle.csv
TRAV_SP,78,078 MPH,vehicle.csv
TRAV_SP,79,079 MPH,vehicle.csv
TRAV_SP,80,080 MPH,vehicle.csv
TRAV_SP,81,081 MPH,vehicle.csv
TRAV_SP,82,082 MPH,vehicle.csv
TRAV_SP,83,083 MPH,vehicle.csv
TRAV_SP,84,084 MPH,vehicle.csv
TRAV_SP,85,085 MPH,vehicle.csv
TRAV_SP,86,086 MPH,vehicle.csv
TRAV_SP,87,087 MPH,vehicle.csv
TRAV_SP,88,088 MPH,vehicle.csv
TRAV_SP,89,089 MPH,vehicle.csv
TRAV_SP,90,090 MPH,vehicle.csv
TRAV_SP,91,091 MPH,vehicle.csv
TRAV_SP,92,092 MPH,vehicle.csv
TRAV_SP,93,093 MPH,vehicle.csv
TRAV_SP,94,094 MPH,vehicle.csv
TRAV_SP,95,095 MPH,vehicle.csv
TRAV_SP,96,096 MPH,vehicle.csv
TRAV_SP,97,097 MPH,vehicle.csv
TRAV_SP,98,098 MPH,vehicle.csv
TRAV_SP,99,099 MPH,vehicle.csv
TRAV_SP,100,100 MPH,vehicle.csv
TRAV_SP,101,101 MPH,vehicle.csv
TRAV_SP,102,102 MPH,vehicle.csv
TRAV_SP,103,103 MPH,vehicle.csv
TRAV_SP,104,104 MPH,vehicle.csv
TRAV_SP,105,105 MPH,vehicle.csv
TRAV_SP,106,106 MPH,vehicle.csv
TRAV_SP,107,107 MPH,vehicle.csv
TRAV_SP,108,108 MPH,vehicle.csv
TRAV_SP,109,109 MPH,vehicle.csv
TRAV_SP,110,110 MPH,vehicle.csv
TRAV_SP,111,111 MPH,vehicle.csv
TRAV_SP,112,112 MPH,vehicle.csv
TRAV_SP,113,113 MPH,vehicle.csv
TRAV_SP,114,114 MPH,vehicle.csv
TRAV_SP,115,115 MPH,vehicle.csv
TRAV_SP,116,116 MPH,vehicle.csv
TRAV_SP,117,117 MPH,vehicle.csv
TRAV_SP,118,118 MPH,vehicle.csv
TRAV_SP,119,119 MPH,vehicle.csv
TRAV_SP,120,120 MPH,vehicle.csv
TRAV_SP,121,121 MPH,vehicle.csv
TRAV_SP,122,122 MPH,vehicle.csv
TRAV_SP,123,123 MPH,vehicle.csv
TRAV_SP,124,124 MPH,vehicle.csv
TRAV_SP,125,125 MPH,vehicle.csv
TRAV_SP,126,126 MPH,vehicle.csv
TRAV_SP,127,127 MPH,vehicle.csv
TRAV_SP,129,129 MPH,vehicle.csv
TRAV_SP,130,130 MPH,vehicle.csv
TRAV_SP,133,133 MPH,vehicle.csv
TRAV_SP,134,134 MPH,vehicle.csv
TRAV_SP,135,135 MPH,vehicle.csv
TRAV_SP,137,137 MPH,vehicle.csv
TRAV_SP,140,140 MPH,vehicle.csv
TRAV_SP,143,143 MPH,vehicle.csv
TRAV_SP,144,144 MPH,vehicle.csv
TRAV_SP,145,145 MPH,vehicle.csv
TRAV_SP,147,147 MPH,vehicle.csv
TRAV_SP,148,148 MPH,vehicle.csv
TRAV_SP,150,150 MPH,vehicle.csv
TRAV_SP,151,151 MPH,vehicle.csv
TRAV_SP,997,Greater than 151 MPH,vehicle.csv
TRAV_SP,998,Not Reported,vehicle.csv
TRAV_SP,999,Reported as Unknown,vehicle.csv
TRLR1GVWR,0,No Trailer GVWR Required,vehicle.csv
TRLR1GVWR,11,"Class 1: 6,000 lbs or less (2,722 kg or less)",vehicle.csv
TRLR1GVWR,12,"Class 2: 6,001 - 10,000 lbs (2,722 - 4,536 kg)",vehicle.csv
TRLR1GVWR,13,"Class 3: 10,001 - 14,000 lbs (4,536 - 6,350 kg)",vehicle.csv
TRLR1GVWR,14,"Class 4: 14,001 - 16,000 lbs (6,350 - 7,258 kg)",vehicle.csv
TRLR1GVWR,15,"Class 5: 16,001 - 19,500 lbs (7,258 - 8,845 kg)",vehicle.csv
TRLR1GVWR,16,"Class 6: 19,501 - 26,000 lbs (8,845 - 11,794 kg)",vehicle.csv
TRLR1GVWR,17,"Class 7: 26,001 - 33,000 lbs (11,794 - 14,969 kg)",vehicle.csv
TRLR1GVWR,18,"Class 8: 33,001 lbs and above (14,969 kg and above)",vehicle.csv
TRLR1GVWR,77,No Trailing Units,vehicle.csv
TRLR1GVWR,98,Not Reported,vehicle.csv
TRLR1GVWR,99,Reported as Unknown,vehicle.csv
TRLR1VIN,000000000000,"No VIN Required, Not a Vehicle for Road Use",vehicle.csv
TRLR1VIN,777777777777,No Trailing Units,vehicle.csv
TRLR1VIN,888888888888,Not Reported,vehicle.csv
TRLR1VIN,999999999999,Reported as Unknown,vehicle.csv
TRLR2GVWR,0,No Trailer GVWR Required,vehicle.csv
TRLR2GVWR,11,"Class 1: 6,000 lbs or less (2,722 kg or less)",vehicle.csv
TRLR2GVWR,12,"Class 2: 6,001 - 10,000 lbs (2,722 - 4,536 kg)",vehicle.csv
TRLR2GVWR,14,"Class 4: 14,001 - 16,000 lbs (6,350 - 7,258 kg)",vehicle.csv
TRLR2GVWR,16,"Class 6: 19,501 - 26,000 lbs (8,845 - 11,794 kg)",vehicle.csv
TRLR2GVWR,18,"Class 8: 33,001 lbs and above (14,969 kg and above)",vehicle.csv
TRLR2GVWR,77,No Trailing Units,vehicle.csv
TRLR2GVWR,98,Not Reported,vehicle.csv
TRLR2GVWR,99,Reported as Unknown,vehicle.csv
TRLR2VIN,000000000000,"No VIN Required, Not a Vehicle for Road Use",vehicle.csv
TRLR2VIN,777777777777,No Trailing Units,vehicle.csv
TRLR2VIN,888888888888,Not Reported,vehicle.csv
TRLR2VIN,999999999999,Reported as Unknown,vehicle.csv
TRLR3GVWR,0,No Trailer GVWR Required,vehicle.csv
TRLR3GVWR,77,No Trailing Units,vehicle.csv
TRLR3GVWR,98,Not Reported,vehicle.csv
TRLR3GVWR,99,Reported as Unknown,vehicle.csv
TRLR3VIN,000000000000,"No VIN Required, Not a Vehicle for Road Use",vehicle.csv
TRLR3VIN,777777777777,No Trailing Units,vehicle.csv
TRLR3VIN,888888888888,Not Reported,vehicle.csv
TRLR3VIN,999999999999,Reported as Unknown,vehicle.csv
TYP_INT,1,Not an Intersection,accident.csv
TYP_INT,2,Four-Way Intersection,accident.csv
TYP_INT,3,T-Intersection,accident.csv
TYP_INT,4,Y-Intersection,accident.csv
TYP_INT,5,Traffic Circle,accident.csv
TYP_INT,6,Roundabout,accident.csv
TYP_INT,7,"Five Point, or More",accident.csv
TYP_INT,10,L-Intersection,accident.csv
TYP_INT,11,Other Intersection Type,accident.csv
TYP_INT,98,Not Reported,accident.csv
TYP_INT,99,Reported as Unknown,accident.csv
UNDEROVERRIDE,0,No Underride or Override,vehicle.csv
UNDEROVERRIDE,1,Underride,vehicle.csv
UNDEROVERRIDE,2,Override,vehicle.csv
UNDEROVERRIDE,7,Not Applicable,vehicle.csv
UNDEROVERRIDE,8,Not Reported,vehicle.csv
UNDEROVERRIDE,9,Reported as Unknown,vehicle.csv
UNITTYPE,1,Motor Vehicle In-Transport (Inside or Outside the Trafficway),vehicle.csv
VALIGN,0,Non-Trafficway or Driveway Access,vehicle.csv
VALIGN,1,Straight,vehicle.csv
VALIGN,2,Curve Right,vehicle.csv
VALIGN,3,Curve Left,vehicle.csv
VALIGN,4,Curve - Unknown Direction,vehicle.csv
VALIGN,8,Not Reported,vehicle.csv
VALIGN,9,Reported as Unknown,vehicle.csv
VEHICLECC,0,None Noted,factor.csv
VEHICLECC,1,Tires,factor.csv
VEHICLECC,2,Brake System,factor.csv
VEHICLECC,3,Steering,factor.csv
VEHICLECC,4,Suspension,factor.csv
VEHICLECC,5,Power Train,factor.csv
VEHICLECC,6,Exhaust System,factor.csv
VEHICLECC,7,Head Lights,factor.csv
VEHICLECC,8,Signal Lights,factor.csv
VEHICLECC,9,Other Lights,factor.csv
VEHICLECC,10,Wipers,factor.csv
VEHICLECC,11,Wheels,factor.csv
VEHICLECC,12,Mirrors,factor.csv
VEHICLECC,13,Windows/Windshield,factor.csv
VEHICLECC,14,"Body, Doors",factor.csv
VEHICLECC,15,Truck Coupling/Trailer Hitch/Safety Chains,factor.csv
VEHICLECC,16,Safety Systems,factor.csv
VEHICLECC,17,Vehicle Contributing Factors - No Details,factor.csv
VEHICLECC,97,Other,factor.csv
VEHICLECC,99,Reported as Unknown,factor.csv
VEHICLESF,0,None Noted,vehiclesf.csv
VEHICLESF,29,Default Code Used for Vehicle Numbering,vehiclesf.csv
VEHICLESF,30,Multi-Wheeled Motorcycle Conversion,vehiclesf.csv
VEHICLESF,32,Vehicle Registration for a Person with a Disability,vehiclesf.csv
VEHICLESF,33,Vehicle Being Pushed by Non-Motorist,vehiclesf.csv
VEHICLESF,35,Reconstructed/Altered Vehicle,vehiclesf.csv
VEHICLESF,37,Transporting Children To/From Head Start/Day Care,vehiclesf.csv
VEHICLESF,39,"Highway Construction, Maintenance, or Utility Vehicle, In Transport (Inside or Outside Workzone)",vehiclesf.csv
VEHICLESF,41,"Police, Fire, or EMS Vehicle Working at the Scene of an Emergency or Performing Other Traffic Control Activities",vehiclesf.csv
VEHICLESF,42,"Other Working Vehicle (Not Construction, Maintenance, Utility, Police, Fire, or EMS Vehicle)",vehiclesf.csv
VEHICLESF,44,Adaptive Equipment,vehiclesf.csv
VEHICLESF,45,Slide-in Camper,vehiclesf.csv
VIN,000000000000,"No VIN Required, Not a Vehicle for Road Use",vehicle.csv
VIN,888888888888,Not Reported,vehicle.csv
VIN,999999999999,Reported as Unknown,vehicle.csv
VIOLATION,0,None,violatn.csv
VIOLATION,1,Manslaughter or homicide,violatn.csv
VIOLATION,2,Willful reckless driving; driving to endanger; negligent driving,violatn.csv
VIOLATION,3,"Unsafe reckless (not willful, wanton reckless) driving",violatn.csv
VIOLATION,4,"Inattentive, careless, improper driving, driving without due care",violatn.csv
VIOLATION,5,Fleeing or eluding police,violatn.csv
VIOLATION,6,"Fail to obey police, fireman, authorized person directing traffic",violatn.csv
VIOLATION,7,"Hit-and-run, fail to stop after crash",violatn.csv
VIOLATION,8,"Fail to give aid, info., wait for police after crash",violatn.csv
VIOLATION,9,Serious violation resulting in death,violatn.csv
VIOLATION,10,Use of Telecommunications Device,violatn.csv
VIOLATION,11,Driving while intoxicated (alcohol or drugs) or BAC above limit (any detectable BAC for CDLs),violatn.csv
VIOLATION,12,Driving while impaired,violatn.csv
VIOLATION,13,Driving under influence of substance not intended to intoxicate,violatn.csv
VIOLATION,14,Drinking while operating,violatn.csv
VIOLATION,15,Illegal possession of alcohol or drugs,violatn.csv
VIOLATION,16,Driving with detectable alcohol,violatn.csv
VIOLATION,17,Circumvention of Ignition Interlock Device,violatn.csv
VIOLATION,18,Refusal to submit to chemical test,violatn.csv
VIOLATION,19,"Alcohol, drug, or impairment violations generally",violatn.csv
VIOLATION,21,Racing,violatn.csv
VIOLATION,22,Speeding (above the speed limit),violatn.csv
VIOLATION,23,Speed greater than reasonable & prudent (not necessarily over the limit),violatn.csv
VIOLATION,24,"Exceeding special speed limit (e.g. for trucks, buses, cycles, or on bridge, in school zone, etc.)",violatn.csv
VIOLATION,26,Driving too slowly,violatn.csv
VIOLATION,29,"Speed related violations, generally",violatn.csv
VIOLATION,31,Fail to stop for red signal,violatn.csv
VIOLATION,32,Fail to stop for flashing red,violatn.csv
VIOLATION,33,"Violation of turn on red (fail to stop & yield, yield to pedestrians before turning)",violatn.csv
VIOLATION,34,Fail to obey flashing signal (yellow or red),violatn.csv
VIOLATION,35,Fail to obey signal generally,violatn.csv
VIOLATION,36,Violate RR grade crossing device/regulations,violatn.csv
VIOLATION,37,Fail to obey stop sign,violatn.csv
VIOLATION,38,Fail to obey yield sign,violatn.csv
VIOLATION,39,Fail to obey traffic control device,violatn.csv
VIOLATION,41,"Turn in violation of traffic control (disobey signs, turn arrow or pavement markings; not a right on red violation)",violatn.csv
VIOLATION,42,"Improper method & position of turn (too wide, wrong lane)",violatn.csv
VIOLATION,43,Fail to signal for turn or stop,violatn.csv
VIOLATION,45,Fail to yield to emergency vehicle,violatn.csv
VIOLATION,46,Fail to yield generally,violatn.csv
VIOLATION,48,Enter intersection when space insufficient,violatn.csv
VIOLATION,49,"Turn, yield, signaling violations generally",violatn.csv
VIOLATION,51,Driving wrong way on one-way road,violatn.csv
VIOLATION,52,"Driving on left, wrong side of road, generally",violatn.csv
VIOLATION,53,"Improper, unsafe passing",violatn.csv
VIOLATION,58,Following too closely,violatn.csv
VIOLATION,59,"Wrong side, passing, following violations, generally",violatn.csv
VIOLATION,61,Unsafe or prohibited lane change,violatn.csv
VIOLATION,62,"Improper use of lane (enter of 3-lane road, HOV designated lane)",violatn.csv
VIOLATION,63,"Certain traffic to use right lane (trucks, slow moving, etc.)",violatn.csv
VIOLATION,69,"Lane violations, generally",violatn.csv
VIOLATION,71,Driving while license withdrawn,violatn.csv
VIOLATION,72,Other driver license violations,violatn.csv
VIOLATION,73,"Commercial driver violations (log book, hours, permits carried)",violatn.csv
VIOLATION,74,Vehicle registration violations,violatn.csv
VIOLATION,75,Fail to carry insurance card,violatn.csv
VIOLATION,76,Driving uninsured vehicle,violatn.csv
VIOLATION,79,Non-moving violations generally,violatn.csv
VIOLATION,81,Lamp violations,violatn.csv
VIOLATION,82,Brake violations,violatn.csv
VIOLATION,83,Failure to require restraint use (by self or passengers),violatn.csv
VIOLATION,84,"Motorcycle equipment violations (helmet, special equipment)",violatn.csv
VIOLATION,86,"Size, weight, load violations",violatn.csv
VIOLATION,89,Equipment violations generally,violatn.csv
VIOLATION,91,Parking,violatn.csv
VIOLATION,92,"Theft, unauthorized use of motor vehicle",violatn.csv
VIOLATION,93,"Driving where prohibited (sidewalk, limited access, off truck route)",violatn.csv
VIOLATION,95,No Driver Present/Unknown if Driver Present,violatn.csv
VIOLATION,97,Not Reported,violatn.csv
VIOLATION,98,"Other moving violation (coasting, backing, opening door)",violatn.csv
VIOLATION,99,Unknown Violation(s),violatn.csv
VISION,0,No Obstruction Noted,vision.csv
VISION,1,"Rain, Snow, Fog, Smoke, Sand, Dust",vision.csv
VISION,2,"Reflected Glare, Bright Sunlight, Headlights",vision.csv
VISION,3,"Curve, Hill or Other Roadway Design Feature",vision.csv
VISION,4,"Building, Billboard, Other Structure",vision.csv
VISION,5,"Trees, Crops, Vegetation",vision.csv
VISION,6,In-Transport Motor Vehicle (including load),vision.csv
VISION,7,"Not In-Transport Motor Vehicle (parked, working)",vision.csv
VISION,8,Splash or Spray of Passing Vehicle,vision.csv
VISION,9,Inadequate Defrost or Defog System,vision.csv
VISION,10,Inadequate Vehicle Lighting System,vision.csv
VISION,11,Obstruction Interior to the Vehicle,vision.csv
VISION,13,Broken or Improperly Cleaned Windshield,vision.csv
VISION,14,Obstructing Angles on Vehicle,vision.csv
VISION,95,No Driver Present/Unknown if Driver present,vision.csv
VISION,97,Vision Obscured - No Details,vision.csv
VISION,98,Other Visual Obstruction,vision.csv
VISION,99,Reported as Unknown,vision.csv
VNUMBER2,5555,Non-Harmful Event,cevent.csv;vevent.csv
VNUMBER2,9999,Not a Motor Vehicle,cevent.csv;vevent.csv
VNUM_LAN,0,Non-Trafficway or Driveway Access,vehicle.csv
VNUM_LAN,1,One lane,vehicle.csv
VNUM_LAN,2,Two lanes,vehicle.csv
VNUM_LAN,3,Three lanes,vehicle.csv
VNUM_LAN,4,Four lanes,vehicle.csv
VNUM_LAN,5,Five lanes,vehicle.csv
VNUM_LAN,6,Six lanes,vehicle.csv
VNUM_LAN,7,Seven or more lanes,vehicle.csv
VNUM_LAN,8,Not Reported,vehicle.csv
VNUM_LAN,9,Reported as Unknown,vehicle.csv
VPAVETYP,0,Non-Trafficway or Driveway Access,vehicle.csv
VPAVETYP,1,Concrete,vehicle.csv
VPAVETYP,2,"Blacktop, Bituminous, or Asphalt",vehicle.csv
VPAVETYP,3,Brick or Block,vehicle.csv
VPAVETYP,4,"Slag, Gravel or Stone",vehicle.csv
VPAVETYP,5,Dirt,vehicle.csv
VPAVETYP,7,Other,vehicle.csv
VPAVETYP,8,Not Reported,vehicle.csv
VPAVETYP,9,Reported as Unknown,vehicle.csv
VPICBODYCLASS,1,Convertible/Cabriolet,person.csv;vehicle.csv
VPICBODYCLASS,2,Minivan,person.csv;vehicle.csv
VPICBODYCLASS,3,Coupe,person.csv;vehicle.csv
VPICBODYCLASS,4,Low Speed Vehicle (LSV) / Neighborhood Electric Vehicle (NEV),person.csv;vehicle.csv
VPICBODYCLASS,5,Hatchback/Liftback/Notchback,person.csv;vehicle.csv
VPICBODYCLASS,6,Motorcycle - Standard,person.csv;vehicle.csv
VPICBODYCLASS,7,Sport Utility Vehicle (SUV)/Multi-Purpose Vehicle (MPV),person.csv;vehicle.csv
VPICBODYCLASS,8,Crossover Utility Vehicle (CUV),person.csv;vehicle.csv
VPICBODYCLASS,9,Van,person.csv;vehicle.csv
VPICBODYCLASS,10,Roadster,person.csv;vehicle.csv
VPICBODYCLASS,11,Truck,person.csv;vehicle.csv
VPICBODYCLASS,12,Motorcycle - Scooter,person.csv;vehicle.csv
VPICBODYCLASS,13,Sedan/Saloon,person.csv;vehicle.csv
VPICBODYCLASS,15,Wagon,person.csv;vehicle.csv
VPICBODYCLASS,16,Bus,person.csv;vehicle.csv
VPICBODYCLASS,60,Pickup,person.csv;vehicle.csv
VPICBODYCLASS,62,Incomplete - Cutaway,person.csv;vehicle.csv
VPICBODYCLASS,63,Incomplete - Chassis Cab (Single Cab),person.csv;vehicle.csv
VPICBODYCLASS,64,Incomplete - Glider,person.csv;vehicle.csv
VPICBODYCLASS,65,Incomplete,person.csv;vehicle.csv
VPICBODYCLASS,66,Truck-Tractor,person.csv;vehicle.csv
VPICBODYCLASS,67,Incomplete - Stripped Chassis,person.csv;vehicle.csv
VPICBODYCLASS,69,Off-road Vehicle - All Terrain Vehicle (ATV) (Motorcycle-style),person.csv;vehicle.csv
VPICBODYCLASS,70,Incomplete - Chassis Cab (Double Cab),person.csv;vehicle.csv
VPICBODYCLASS,71,Incomplete - School Bus Chassis,person.csv;vehicle.csv
VPICBODYCLASS,72,Incomplete - Commercial Bus Chassis,person.csv;vehicle.csv
VPICBODYCLASS,73,Bus - School Bus,person.csv;vehicle.csv
VPICBODYCLASS,74,Incomplete - Chassis Cab (Number of Cab Unknown),person.csv;vehicle.csv
VPICBODYCLASS,77,Incomplete - Shuttle Bus Chassis,person.csv;vehicle.csv
VPICBODYCLASS,78,Incomplete - Motor Home Chassis,person.csv;vehicle.csv
VPICBODYCLASS,80,Motorcycle - Sport,person.csv;vehicle.csv
VPICBODYCLASS,81,Motorcycle - Touring / Sport Touring,person.csv;vehicle.csv
VPICBODYCLASS,82,Motorcycle - Cruiser,person.csv;vehicle.csv
VPICBODYCLASS,83,Motorcycle - Three-Wheeled Motorcycle [2 Rear Wheels],person.csv;vehicle.csv
VPICBODYCLASS,84,Off-road Vehicle - Dirt Bike / Off-Road,person.csv;vehicle.csv
VPICBODYCLASS,85,Motorcycle - Dual Sport / Adventure / Supermoto / On/Off-road,person.csv;vehicle.csv
VPICBODYCLASS,86,Off-road Vehicle - Enduro (Off-road long distance racing),person.csv;vehicle.csv
VPICBODYCLASS,87,Motorcycle - Small / Minibike,person.csv;vehicle.csv
VPICBODYCLASS,88,Off-road Vehicle - Go Kart,person.csv;vehicle.csv
VPICBODYCLASS,90,Motorcycle - Side Car,person.csv;vehicle.csv
VPICBODYCLASS,94,Motorcycle - Custom,person.csv;vehicle.csv
VPICBODYCLASS,95,Cargo Van,person.csv;vehicle.csv
VPICBODYCLASS,97,Off-road Vehicle - Snowmobile,person.csv;vehicle.csv
VPICBODYCLASS,98,Motorcycle - Street,person.csv;vehicle.csv
VPICBODYCLASS,103,Motorcycle - Unenclosed Three Wheeled or Open Autocycle [1 Rear Wheel],person.csv;vehicle.csv
VPICBODYCLASS,104,Motorcycle - Moped,person.csv;vehicle.csv
VPICBODYCLASS,105,Off-road Vehicle - Multipurpose Off-Highway Utility Vehicle [MOHUV] or Recreational Off-Highway Vehicle [ROV],person.csv;vehicle.csv
VPICBODYCLASS,107,Incomplete - Bus Chassis,person.csv;vehicle.csv
VPICBODYCLASS,108,Motorhome,person.csv;vehicle.csv
VPICBODYCLASS,110,Motorcycle - Underbone,person.csv;vehicle.csv
VPICBODYCLASS,111,Step Van / Walk-in Van,person.csv;vehicle.csv
VPICBODYCLASS,112,Incomplete - Commercial Chassis,person.csv;vehicle.csv
VPICBODYCLASS,113,"Off-road Vehicle - Motocross (Off-road short distance, closed track racing)",person.csv;vehicle.csv
VPICBODYCLASS,114,Motorcycle - Competition,person.csv;vehicle.csv
VPICBODYCLASS,119,Sport Utility Truck (SUT),person.csv;vehicle.csv
VPICBODYCLASS,124,Off-road Vehicle - Golf Cart,person.csv;vehicle.csv
VPICBODYCLASS,125,Motorcycle - Unknown Body Class,person.csv;vehicle.csv
VPICBODYCLASS,126,Off-road Vehicle - Farm Equipment,person.csv;vehicle.csv
VPICBODYCLASS,127,Off-road Vehicle - Construction Equipment,person.csv;vehicle.csv
VPICBODYCLASS,129,Street Sweeper,person.csv;vehicle.csv
VPICBODYCLASS,130,Fire Apparatus,person.csv;vehicle.csv
VPICBODYCLASS,131,"Motorcycle - Three Wheeled, Unknown Enclosure or Autocycle, Unknown Enclosure",person.csv;vehicle.csv
VPICBODYCLASS,997,Other,person.csv;vehicle.csv
VPICBODYCLASS,998,Not Reported,person.csv;vehicle.csv
VPICBODYCLASS,999,Unknown,person.csv;vehicle.csv
VPICMAKE,440,Aston Martin,person.csv;vehicle.csv
VPICMAKE,441,Tesla,person.csv;vehicle.csv
VPICMAKE,442,Jaguar,person.csv;vehicle.csv
VPICMAKE,443,Maserati,person.csv;vehicle.csv
VPICMAKE,444,Land Rover,person.csv;vehicle.csv
VPICMAKE,445,Rolls-Royce,person.csv;vehicle.csv
VPICMAKE,448,Toyota,person.csv;vehicle.csv
VPICMAKE,449,Mercedes-Benz,person.csv;vehicle.csv
VPICMAKE,450,Freightliner,person.csv;vehicle.csv
VPICMAKE,452,BMW,person.csv;vehicle.csv
VPICMAKE,456,MINI,person.csv;vehicle.csv
VPICMAKE,460,Ford,person.csv;vehicle.csv
VPICMAKE,464,Lincoln,person.csv;vehicle.csv
VPICMAKE,465,Mercury,person.csv;vehicle.csv
VPICMAKE,466,Lotus,person.csv;vehicle.csv
VPICMAKE,467,Chevrolet,person.csv;vehicle.csv
VPICMAKE,468,Buick,person.csv;vehicle.csv
VPICMAKE,469,Cadillac,person.csv;vehicle.csv
VPICMAKE,472,GMC,person.csv;vehicle.csv
VPICMAKE,473,Mazda,person.csv;vehicle.csv
VPICMAKE,474,Honda,person.csv;vehicle.csv
VPICMAKE,475,Acura,person.csv;vehicle.csv
VPICMAKE,476,Dodge,person.csv;vehicle.csv
VPICMAKE,477,Chrysler,person.csv;vehicle.csv
VPICMAKE,478,Nissan,person.csv;vehicle.csv
VPICMAKE,480,Infiniti,person.csv;vehicle.csv
VPICMAKE,481,Mitsubishi,person.csv;vehicle.csv
VPICMAKE,482,Volkswagen,person.csv;vehicle.csv
VPICMAKE,483,Jeep,person.csv;vehicle.csv
VPICMAKE,484,Club Car,person.csv;vehicle.csv
VPICMAKE,485,Volvo,person.csv;vehicle.csv
VPICMAKE,486,Golf Cars of Arizona,person.csv;vehicle.csv
VPICMAKE,487,Volvo Truck,person.csv;vehicle.csv
VPICMAKE,490,Mack,person.csv;vehicle.csv
VPICMAKE,491,Navistar,person.csv;vehicle.csv
VPICMAKE,492,Fiat,person.csv;vehicle.csv
VPICMAKE,493,Alfa Romeo,person.csv;vehicle.csv
VPICMAKE,495,Peterbilt,person.csv;vehicle.csv
VPICMAKE,496,Ram,person.csv;vehicle.csv
VPICMAKE,498,Hyundai,person.csv;vehicle.csv
VPICMAKE,499,Kia,person.csv;vehicle.csv
VPICMAKE,502,Lamborghini,person.csv;vehicle.csv
VPICMAKE,504,smart,person.csv;vehicle.csv
VPICMAKE,505,Blue Bird,person.csv;vehicle.csv
VPICMAKE,507,NABI,person.csv;vehicle.csv
VPICMAKE,508,New Flyer,person.csv;vehicle.csv
VPICMAKE,509,Suzuki,person.csv;vehicle.csv
VPICMAKE,510,Kawasaki,person.csv;vehicle.csv
VPICMAKE,511,E-One,person.csv;vehicle.csv
VPICMAKE,514,Hino,person.csv;vehicle.csv
VPICMAKE,515,Lexus,person.csv;vehicle.csv
VPICMAKE,517,Oshkosh,person.csv;vehicle.csv
VPICMAKE,518,UD,person.csv;vehicle.csv
VPICMAKE,522,Caterpillar,person.csv;vehicle.csv
VPICMAKE,523,Subaru,person.csv;vehicle.csv
VPICMAKE,524,IC Bus,person.csv;vehicle.csv
VPICMAKE,525,Workhorse,person.csv;vehicle.csv
VPICMAKE,526,International,person.csv;vehicle.csv
VPICMAKE,527,Geely,person.csv;vehicle.csv
VPICMAKE,528,Mitsubishi Fuso,person.csv;vehicle.csv
VPICMAKE,532,Kenworth,person.csv;vehicle.csv
VPICMAKE,535,Thomas Built,person.csv;vehicle.csv
VPICMAKE,536,Pontiac,person.csv;vehicle.csv
VPICMAKE,542,Isuzu,person.csv;vehicle.csv
VPICMAKE,553,ElDorado National,person.csv;vehicle.csv
VPICMAKE,554,Gillig,person.csv;vehicle.csv
VPICMAKE,560,Pierce Manufacturing,person.csv;vehicle.csv
VPICMAKE,562,NovaBUS,person.csv;vehicle.csv
VPICMAKE,564,Yamaha,person.csv;vehicle.csv
VPICMAKE,565,Triumph,person.csv;vehicle.csv
VPICMAKE,566,Polaris,person.csv;vehicle.csv
VPICMAKE,567,Victory,person.csv;vehicle.csv
VPICMAKE,568,Ducati,person.csv;vehicle.csv
VPICMAKE,570,Genuine Scooters,person.csv;vehicle.csv
VPICMAKE,572,SAAB,person.csv;vehicle.csv
VPICMAKE,574,Moto Guzzi,person.csv;vehicle.csv
VPICMAKE,582,Audi,person.csv;vehicle.csv
VPICMAKE,583,Bentley,person.csv;vehicle.csv
VPICMAKE,584,Porsche,person.csv;vehicle.csv
VPICMAKE,590,Buell,person.csv;vehicle.csv
VPICMAKE,591,CAN-AM,person.csv;vehicle.csv
VPICMAKE,592,Van Hool,person.csv;vehicle.csv
VPICMAKE,594,Slingshot,person.csv;vehicle.csv
VPICMAKE,595,GEM,person.csv;vehicle.csv
VPICMAKE,596,KTM,person.csv;vehicle.csv
VPICMAKE,597,Husqvarna,person.csv;vehicle.csv
VPICMAKE,601,KTMMEX,person.csv;vehicle.csv
VPICMAKE,603,Ferrari,person.csv;vehicle.csv
VPICMAKE,606,AM General,person.csv;vehicle.csv
VPICMAKE,689,American Motorcycle Corporation,person.csv;vehicle.csv
VPICMAKE,739,Crane Carrier,person.csv;vehicle.csv
VPICMAKE,834,Apex Motor,person.csv;vehicle.csv
VPICMAKE,845,Aprilia,person.csv;vehicle.csv
VPICMAKE,847,Daihatsu,person.csv
VPICMAKE,877,Beta,person.csv;vehicle.csv
VPICMAKE,922,E-Z-Go Division of Textron,person.csv;vehicle.csv
VPICMAKE,951,Hummer,person.csv;vehicle.csv
VPICMAKE,972,Falcon,person.csv;vehicle.csv
VPICMAKE,1043,Big Bear American Made Chopper dba Big Bear Choppers,person.csv;vehicle.csv
VPICMAKE,1056,Saturn,person.csv;vehicle.csv
VPICMAKE,1068,Big Dog Motorcycles,person.csv;vehicle.csv
VPICMAKE,1146,Geo,person.csv;vehicle.csv
VPICMAKE,1180,Art In Motion,person.csv;vehicle.csv
VPICMAKE,1297,Autocar,person.csv;vehicle.csv
VPICMAKE,1372,Chongqing Hi-Bird Motorcycle,person.csv;vehicle.csv
VPICMAKE,1375,Chongqing Huansong Industries,person.csv;vehicle.csv
VPICMAKE,1496,KYMCO,person.csv;vehicle.csv
VPICMAKE,1540,Chunfeng,person.csv;vehicle.csv
VPICMAKE,1649,American IronHorse Motorcycles,person.csv;vehicle.csv
VPICMAKE,1651,Badass Industries,person.csv;vehicle.csv
VPICMAKE,1768,Indian Motorcycle,person.csv;vehicle.csv
VPICMAKE,1811,DAIX,person.csv;vehicle.csv
VPICMAKE,1840,SACIN,person.csv;vehicle.csv
VPICMAKE,2080,BASHAN,person.csv;vehicle.csv
VPICMAKE,2146,Mahindra,person.csv;vehicle.csv
VPICMAKE,2236,McLaren,person.csv;vehicle.csv
VPICMAKE,2342,DONGFANG,person.csv;vehicle.csv
VPICMAKE,2409,Plymouth,person.csv;vehicle.csv
VPICMAKE,2411,Hensim,person.csv;vehicle.csv
VPICMAKE,2476,Roadmaster,person.csv;vehicle.csv
VPICMAKE,2536,MV Agusta Motor,person.csv;vehicle.csv
VPICMAKE,2644,"NINGBO SANJIANG DYKON MOTORCYCLE CO., LTD.",person.csv;vehicle.csv
VPICMAKE,2678,Piaggio and Vespa,person.csv;vehicle.csv
VPICMAKE,2685,Qianjiang Motorcycles,person.csv;vehicle.csv
VPICMAKE,2696,Qingqi,person.csv;vehicle.csv
VPICMAKE,3070,Jiangmen City Huari Group Co. LTD,person.csv;vehicle.csv
VPICMAKE,3099,"JIANGMEN SINO-HONGKONG BAOTIAN MOTORCYCLE INDUSTRIAL CO., LTD.",person.csv;vehicle.csv
VPICMAKE,3115,BAODIAO,person.csv;vehicle.csv
VPICMAKE,3122,SYM,person.csv;vehicle.csv
VPICMAKE,3128,Royal Enfield,person.csv;vehicle.csv
VPICMAKE,3220,Taizhou Jiaojiang Zhiwei Motorcycle,person.csv;vehicle.csv
VPICMAKE,3223,Taizhou Oming Motorcycle,person.csv;vehicle.csv
VPICMAKE,3285,SSR,person.csv;vehicle.csv
VPICMAKE,3309,Taiwan Golden Bee,person.csv;vehicle.csv
VPICMAKE,3335,Terex Advance Mixer,person.csv;vehicle.csv
VPICMAKE,3350,TAOTAO,person.csv;vehicle.csv
VPICMAKE,3360,Vanderhall Motor Works,person.csv;vehicle.csv
VPICMAKE,3382,TICO Manufacturing Division,person.csv;vehicle.csv
VPICMAKE,3386,"Taizhou City Kaitong Motorcycle Manufacture Co.,Ltd",person.csv;vehicle.csv
VPICMAKE,3395,ZNEN,person.csv;vehicle.csv
VPICMAKE,3430,SHANGHAI JMSTAR MOTORCYCLE,person.csv;vehicle.csv
VPICMAKE,3669,Tomos,person.csv;vehicle.csv
VPICMAKE,3758,Spartan Motors Chassis,person.csv;vehicle.csv
VPICMAKE,3814,ZERO MOTORCYCLES,person.csv;vehicle.csv
VPICMAKE,3859,Motor Coach Industries,person.csv;vehicle.csv
VPICMAKE,3862,Jiajue,person.csv;vehicle.csv
VPICMAKE,3864,MEIDUO,person.csv;vehicle.csv
VPICMAKE,3888,Harley-Davidson,person.csv;vehicle.csv
VPICMAKE,3942,ZHEJIANG LEIKE MACHINE INDUSTRY CO,person.csv;vehicle.csv
VPICMAKE,3944,ZHEJIANG LINGYU VEHICLE INDUSTRY CO,person.csv;vehicle.csv
VPICMAKE,3955,ZHEJIANG XINGYUE VEHICLE CO,person.csv;vehicle.csv
VPICMAKE,3972,ZHEJIANG RIYA MOTORCYCLE CO,person.csv;vehicle.csv
VPICMAKE,4007,Bajaj Auto,person.csv;vehicle.csv
VPICMAKE,4148,Prevost,person.csv;vehicle.csv
VPICMAKE,4153,COLEMAN CUSTOM CHOPPERS,person.csv;vehicle.csv
VPICMAKE,4162,Oldsmobile,person.csv;vehicle.csv
VPICMAKE,4186,Itasca Thunder,vehicle.csv
VPICMAKE,4269,Hyosung Motors & Machinery,person.csv;vehicle.csv
VPICMAKE,4353,Safari Motor Coaches,person.csv;vehicle.csv
VPICMAKE,4438,Wenzhou Light Motorcycle Co.,person.csv;vehicle.csv
VPICMAKE,4454,Crane Carrier Company (CCC),person.csv;vehicle.csv
VPICMAKE,4512,Western Star,person.csv;vehicle.csv
VPICMAKE,4535,Yongfu,person.csv;vehicle.csv
VPICMAKE,4637,Shandong Liangzi Power Co. Ltd.,person.csv;vehicle.csv
VPICMAKE,4656,Thunder Mountain Custom Cycles,person.csv;vehicle.csv
VPICMAKE,4785,Benelli,person.csv;vehicle.csv
VPICMAKE,4819,Qipai,person.csv;vehicle.csv
VPICMAKE,4841,EZ GO,person.csv;vehicle.csv
VPICMAKE,4858,JONWAY,person.csv;vehicle.csv
VPICMAKE,4892,SSR Motorsports,person.csv;vehicle.csv
VPICMAKE,5083,GENESIS,person.csv;vehicle.csv
VPICMAKE,5320,SANYOU,person.csv;vehicle.csv
VPICMAKE,5363,Kovatch Mobile Equipment,person.csv;vehicle.csv
VPICMAKE,5396,White,person.csv;vehicle.csv
VPICMAKE,5426,WHITEGMC,person.csv;vehicle.csv
VPICMAKE,5431,John Deere,person.csv;vehicle.csv
VPICMAKE,5657,Datsun,person.csv;vehicle.csv
VPICMAKE,5679,YIBEN,person.csv;vehicle.csv
VPICMAKE,5714,HMC,person.csv;vehicle.csv
VPICMAKE,6005,Orion Bus,person.csv;vehicle.csv
VPICMAKE,6148,Massimo Motor Sports,person.csv;vehicle.csv
VPICMAKE,6437,Nikota USA,person.csv;vehicle.csv
VPICMAKE,6570,SPECIAL CONSTRUCTION MOTORCYCLES,person.csv;vehicle.csv
VPICMAKE,6898,TITAN,person.csv;vehicle.csv
VPICMAKE,7079,Cushman,person.csv;vehicle.csv
VPICMAKE,7099,Cobra Cars,person.csv;vehicle.csv
VPICMAKE,7385,California Motorcycle Company (CMC),person.csv;vehicle.csv
VPICMAKE,7396,Ultra Acquisition Corporation,person.csv;vehicle.csv
VPICMAKE,7501,Kubota,person.csv;vehicle.csv
VPICMAKE,8219,Indiana Phoenix Inc,person.csv;vehicle.csv
VPICMAKE,8329,EZGO,person.csv;vehicle.csv
VPICMAKE,8814,Predator Motorcycle Company,person.csv;vehicle.csv
VPICMAKE,9271,Sterling Truck,person.csv;vehicle.csv
VPICMAKE,9647,"Zhejiang Jiajia Juneng Motorcycle Technology Co., Ltd.",person.csv;vehicle.csv
VPICMAKE,9784,Chongqing Liyang Jiayu Motorcycle,person.csv;vehicle.csv
VPICMAKE,9848,"Zongshen Industrial Group Co., LTD.",person.csv;vehicle.csv
VPICMAKE,9849,"Chongqing Zongshen Automotive Industry Co., Ltd.",person.csv;vehicle.csv
VPICMAKE,9999,ZIGGY,person.csv;vehicle.csv
VPICMAKE,10019,Lance,person.csv;vehicle.csv
VPICMAKE,10134,TEYIN,person.csv;vehicle.csv
VPICMAKE,10157,"YONGKANG EAGLE MOTOR CO., LTD",person.csv;vehicle.csv
VPICMAKE,10190,Arctic Cat,person.csv;vehicle.csv
VPICMAKE,10191,Tracker,person.csv;vehicle.csv
VPICMAKE,10196,Massimo,person.csv;vehicle.csv
VPICMAKE,10199,Apollo,person.csv;vehicle.csv
VPICMAKE,10211,SUTPHEN,person.csv;vehicle.csv
VPICMAKE,10224,Polestar,person.csv;vehicle.csv
VPICMAKE,10331,GLOBAL ENVIRONMENTAL PRODUCTS INC,person.csv;vehicle.csv
VPICMAKE,10470,CLUB CAR PRECEDENT,person.csv;vehicle.csv
VPICMAKE,10487,KAYO,person.csv;vehicle.csv
VPICMAKE,10565,"SPARTAN FIRE, LLC",person.csv;vehicle.csv
VPICMAKE,10669,HDK Electric Vehicles,person.csv;vehicle.csv
VPICMAKE,10695,American Landmaster,person.csv;vehicle.csv
VPICMAKE,10774,Harley,person.csv;vehicle.csv
VPICMAKE,10887,RIVIAN,person.csv;vehicle.csv
VPICMAKE,10903,LIEFAN,person.csv;vehicle.csv
VPICMAKE,10919,Lucid,person.csv;vehicle.csv
VPICMAKE,10927,SEAGRAVE,person.csv;vehicle.csv
VPICMAKE,11131,SenLing,person.csv;vehicle.csv
VPICMAKE,11170,URAL,person.csv;vehicle.csv
VPICMAKE,11307,GasGas,person.csv;vehicle.csv
VPICMAKE,11448,ZHONGXING,person.csv;vehicle.csv
VPICMAKE,11625,FLY WING,person.csv;vehicle.csv
VPICMAKE,11697,FLY E-BIKE,person.csv;vehicle.csv
VPICMAKE,11721,CFMOTO,person.csv;vehicle.csv
VPICMAKE,11787,ZHILONG,person.csv;vehicle.csv
VPICMAKE,11887,FENGYUAN,person.csv;vehicle.csv
VPICMAKE,12035,SUPERMACH,person.csv;vehicle.csv
VPICMAKE,12157,Jiming,person.csv;vehicle.csv
VPICMAKE,12284,"URAL (IMZ-KAZAKHSTAN, LLC)",person.csv;vehicle.csv
VPICMAKE,12310,SURRON,person.csv;vehicle.csv
VPICMAKE,12500,ERIDE,person.csv;vehicle.csv
VPICMAKE,12543,CITY COCO,person.csv;vehicle.csv
VPICMAKE,12721,BASHAN/RAVEN,person.csv;vehicle.csv
VPICMAKE,12805,PIAGGIO,person.csv;vehicle.csv
VPICMAKE,12806,VESPA,person.csv;vehicle.csv
VPICMAKE,13022,DeLorean,person.csv;vehicle.csv
VPICMAKE,13281,GM,person.csv;vehicle.csv
VPICMAKE,99997,Other,person.csv;vehicle.csv
VPICMAKE,99998,Not Reported,person.csv;vehicle.csv
VPICMAKE,99999,Unknown,person.csv;vehicle.csv
VPICMODEL,1685,Model S,person.csv;vehicle.csv
VPICMODEL,1699,Quattroporte,person.csv;vehicle.csv
VPICMODEL,1700,Granturismo,person.csv;vehicle.csv
VPICMODEL,1703,Sprinter,person.csv;vehicle.csv
VPICMODEL,1704,Sprinter,person.csv;vehicle.csv
VPICMODEL,1707,128i,person.csv;vehicle.csv
VPICMODEL,1708,135i,person.csv;vehicle.csv
VPICMODEL,1709,328i,person.csv;vehicle.csv
VPICMODEL,1710,M3,person.csv;vehicle.csv
VPICMODEL,1711,335i,person.csv;vehicle.csv
VPICMODEL,1712,335is,person.csv;vehicle.csv
VPICMODEL,1714,X6,person.csv;vehicle.csv
VPICMODEL,1715,528i,person.csv;vehicle.csv
VPICMODEL,1716,535i,person.csv;vehicle.csv
VPICMODEL,1717,X5,person.csv;vehicle.csv
VPICMODEL,1718,550i,person.csv;vehicle.csv
VPICMODEL,1719,X3,person.csv;vehicle.csv
VPICMODEL,1720,740i,person.csv;vehicle.csv
VPICMODEL,1721,740Li,person.csv;vehicle.csv
VPICMODEL,1722,750i,person.csv;vehicle.csv
VPICMODEL,1723,750Li,person.csv;vehicle.csv
VPICMODEL,1724,760Li,person.csv;vehicle.csv
VPICMODEL,1725,Z4,person.csv;vehicle.csv
VPICMODEL,1729,M6,person.csv;vehicle.csv
VPICMODEL,1730,528xi,person.csv;vehicle.csv
VPICMODEL,1731,640i,person.csv;vehicle.csv
VPICMODEL,1732,650i,person.csv;vehicle.csv
VPICMODEL,1733,650xi,person.csv;vehicle.csv
VPICMODEL,1737,F 800 S,person.csv;vehicle.csv
VPICMODEL,1738,F 800 ST,person.csv;vehicle.csv
VPICMODEL,1739,F 800 GS,person.csv;vehicle.csv
VPICMODEL,1740,F 800 R,person.csv;vehicle.csv
VPICMODEL,1742,S 1000 RR,person.csv;vehicle.csv
VPICMODEL,1743,R 1200 GS,person.csv;vehicle.csv
VPICMODEL,1744,R 1200 R,person.csv;vehicle.csv
VPICMODEL,1745,R 1200 RT,person.csv;vehicle.csv
VPICMODEL,1746,K 1300 S,person.csv;vehicle.csv
VPICMODEL,1750,G 650 GS,person.csv;vehicle.csv
VPICMODEL,1752,K 1600 GT,person.csv;vehicle.csv
VPICMODEL,1753,K 1600 GTL,person.csv;vehicle.csv
VPICMODEL,1754,F 700 GS,person.csv;vehicle.csv
VPICMODEL,1758,HP4,person.csv;vehicle.csv
VPICMODEL,1759,S 1000 R,person.csv;vehicle.csv
VPICMODEL,1760,R nineT,person.csv;vehicle.csv
VPICMODEL,1761,Cooper,person.csv;vehicle.csv
VPICMODEL,1765,Clubman,person.csv;vehicle.csv
VPICMODEL,1767,Cooper Convertible,person.csv;vehicle.csv
VPICMODEL,1778,Crown Victoria,person.csv;vehicle.csv
VPICMODEL,1779,Focus,person.csv;vehicle.csv
VPICMODEL,1780,Fusion,person.csv;vehicle.csv
VPICMODEL,1781,Mustang,person.csv;vehicle.csv
VPICMODEL,1782,Taurus,person.csv;vehicle.csv
VPICMODEL,1790,MKZ,person.csv;vehicle.csv
VPICMODEL,1791,Town Car,person.csv;vehicle.csv
VPICMODEL,1792,Grand Marquis,person.csv;vehicle.csv
VPICMODEL,1793,Milan,person.csv;vehicle.csv
VPICMODEL,1794,MKS,person.csv;vehicle.csv
VPICMODEL,1796,E-150,person.csv;vehicle.csv
VPICMODEL,1797,Edge,person.csv;vehicle.csv
VPICMODEL,1798,Escape,person.csv;vehicle.csv
VPICMODEL,1799,Expedition,person.csv;vehicle.csv
VPICMODEL,1800,Explorer,person.csv;vehicle.csv
VPICMODEL,1801,F-150,person.csv;vehicle.csv
VPICMODEL,1802,Flex,person.csv;vehicle.csv
VPICMODEL,1803,Ranger,person.csv;vehicle.csv
VPICMODEL,1804,Explorer Sport Trac,person.csv;vehicle.csv
VPICMODEL,1805,F-250,person.csv;vehicle.csv
VPICMODEL,1806,F-350,person.csv;vehicle.csv
VPICMODEL,1807,F-450,person.csv;vehicle.csv
VPICMODEL,1808,F-550,person.csv;vehicle.csv
VPICMODEL,1809,F-650,person.csv;vehicle.csv
VPICMODEL,1810,F-750,person.csv;vehicle.csv
VPICMODEL,1811,Transit Connect,person.csv;vehicle.csv
VPICMODEL,1812,MKT,person.csv;vehicle.csv
VPICMODEL,1813,MKX,person.csv;vehicle.csv
VPICMODEL,1814,Navigator,person.csv;vehicle.csv
VPICMODEL,1815,Mariner,person.csv;vehicle.csv
VPICMODEL,1816,Mountaineer,person.csv;vehicle.csv
VPICMODEL,1817,E-250,person.csv;vehicle.csv
VPICMODEL,1818,E-350,person.csv;vehicle.csv
VPICMODEL,1819,E-450,person.csv;vehicle.csv
VPICMODEL,1820,Expedition MAX,person.csv;vehicle.csv
VPICMODEL,1821,LaCrosse,person.csv;vehicle.csv
VPICMODEL,1822,Regal,person.csv;vehicle.csv
VPICMODEL,1823,Verano,person.csv;vehicle.csv
VPICMODEL,1824,ATS,person.csv;vehicle.csv
VPICMODEL,1825,CTS,person.csv;vehicle.csv
VPICMODEL,1826,ELR,person.csv;vehicle.csv
VPICMODEL,1827,XTS,person.csv;vehicle.csv
VPICMODEL,1828,Aveo,person.csv;vehicle.csv
VPICMODEL,1829,Camaro,person.csv;vehicle.csv
VPICMODEL,1830,Caprice Police Vehicle,person.csv;vehicle.csv
VPICMODEL,1831,Corvette,person.csv;vehicle.csv
VPICMODEL,1832,Cruze,person.csv;vehicle.csv
VPICMODEL,1833,Impala,person.csv;vehicle.csv
VPICMODEL,1834,Malibu,person.csv;vehicle.csv
VPICMODEL,1835,Sonic,person.csv;vehicle.csv
VPICMODEL,1836,Spark,person.csv;vehicle.csv
VPICMODEL,1837,SS,person.csv;vehicle.csv
VPICMODEL,1838,Volt,person.csv;vehicle.csv
VPICMODEL,1841,Enclave,person.csv;vehicle.csv
VPICMODEL,1842,Encore,person.csv;vehicle.csv
VPICMODEL,1843,Escalade,person.csv;vehicle.csv
VPICMODEL,1844,SRX,person.csv;vehicle.csv
VPICMODEL,1846,Captiva Sport,person.csv;vehicle.csv
VPICMODEL,1847,Equinox,person.csv;vehicle.csv
VPICMODEL,1848,Express,person.csv;vehicle.csv
VPICMODEL,1850,Silverado,person.csv;vehicle.csv
VPICMODEL,1851,Suburban,person.csv;vehicle.csv
VPICMODEL,1852,Tahoe,person.csv;vehicle.csv
VPICMODEL,1853,Traverse,person.csv;vehicle.csv
VPICMODEL,1854,Tracker,person.csv;vehicle.csv
VPICMODEL,1855,Acadia,person.csv;vehicle.csv
VPICMODEL,1856,Savana,person.csv;vehicle.csv
VPICMODEL,1857,Sierra,person.csv;vehicle.csv
VPICMODEL,1858,Terrain,person.csv;vehicle.csv
VPICMODEL,1859,Yukon,person.csv;vehicle.csv
VPICMODEL,1860,Tribute,person.csv;vehicle.csv
VPICMODEL,1861,Accord,person.csv;vehicle.csv
VPICMODEL,1862,Hardtop,person.csv;vehicle.csv
VPICMODEL,1863,Civic,person.csv;vehicle.csv
VPICMODEL,1864,Pilot,person.csv;vehicle.csv
VPICMODEL,1865,CR-V,person.csv;vehicle.csv
VPICMODEL,1866,Ridgeline,person.csv;vehicle.csv
VPICMODEL,1867,ZDX,person.csv;vehicle.csv
VPICMODEL,1868,Element,person.csv;vehicle.csv
VPICMODEL,1869,Odyssey,person.csv;vehicle.csv
VPICMODEL,1870,Insight,person.csv;vehicle.csv
VPICMODEL,1871,RDX,person.csv;vehicle.csv
VPICMODEL,1872,RL,person.csv;vehicle.csv
VPICMODEL,1873,TL,person.csv;vehicle.csv
VPICMODEL,1874,TSX,person.csv;vehicle.csv
VPICMODEL,1876,Cirrus,person.csv;vehicle.csv
VPICMODEL,1877,Sebring,person.csv;vehicle.csv
VPICMODEL,1878,300,person.csv;vehicle.csv
VPICMODEL,1880,Countryman,person.csv;vehicle.csv
VPICMODEL,1886,Cooper Coupe,person.csv;vehicle.csv
VPICMODEL,1890,GT-R,person.csv;vehicle.csv
VPICMODEL,1892,Avenger,person.csv;vehicle.csv
VPICMODEL,1893,Challenger,person.csv;vehicle.csv
VPICMODEL,1894,Versa,person.csv;vehicle.csv
VPICMODEL,1895,Charger,person.csv;vehicle.csv
VPICMODEL,1896,Caliber,person.csv;vehicle.csv
VPICMODEL,1897,Viper,person.csv;vehicle.csv
VPICMODEL,1898,Versa Note,person.csv;vehicle.csv
VPICMODEL,1899,QX50,person.csv;vehicle.csv
VPICMODEL,1900,Q40,person.csv;vehicle.csv
VPICMODEL,1901,Q50,person.csv;vehicle.csv
VPICMODEL,1902,Q60,person.csv;vehicle.csv
VPICMODEL,1903,Q70,person.csv;vehicle.csv
VPICMODEL,1904,Altima,person.csv;vehicle.csv
VPICMODEL,1905,Leaf,person.csv;vehicle.csv
VPICMODEL,1906,370Z,person.csv;vehicle.csv
VPICMODEL,1907,Sentra,person.csv;vehicle.csv
VPICMODEL,1908,QX70,person.csv;vehicle.csv
VPICMODEL,1909,QX80,person.csv;vehicle.csv
VPICMODEL,1910,QX60,person.csv;vehicle.csv
VPICMODEL,1911,Pathfinder,person.csv;vehicle.csv
VPICMODEL,1912,Juke,person.csv;vehicle.csv
VPICMODEL,1913,Rogue,person.csv;vehicle.csv
VPICMODEL,1914,Murano,person.csv;vehicle.csv
VPICMODEL,1915,Armada,person.csv;vehicle.csv
VPICMODEL,1916,Xterra,person.csv;vehicle.csv
VPICMODEL,1917,Quest,person.csv;vehicle.csv
VPICMODEL,1918,NV200,person.csv;vehicle.csv
VPICMODEL,1919,Frontier,person.csv;vehicle.csv
VPICMODEL,1920,Titan,person.csv;vehicle.csv
VPICMODEL,1921,City Express,person.csv;vehicle.csv
VPICMODEL,1922,NV,person.csv;vehicle.csv
VPICMODEL,1925,Cooper Roadster,person.csv;vehicle.csv
VPICMODEL,1936,Town and Country,person.csv;vehicle.csv
VPICMODEL,1938,Ram,person.csv;vehicle.csv
VPICMODEL,1939,Journey,person.csv;vehicle.csv
VPICMODEL,1940,Nitro,person.csv;vehicle.csv
VPICMODEL,1941,Dakota,person.csv;vehicle.csv
VPICMODEL,1942,Caravan/Grand Caravan,person.csv;vehicle.csv
VPICMODEL,1943,Wrangler,person.csv;vehicle.csv
VPICMODEL,1944,Liberty,person.csv;vehicle.csv
VPICMODEL,1945,Cherokee,person.csv;vehicle.csv
VPICMODEL,1946,Compass,person.csv;vehicle.csv
VPICMODEL,1947,Patriot,person.csv;vehicle.csv
VPICMODEL,1948,Commander,person.csv;vehicle.csv
VPICMODEL,1949,Grand Cherokee,person.csv;vehicle.csv
VPICMODEL,1950,Raider,person.csv;vehicle.csv
VPICMODEL,1951,Routan,person.csv;vehicle.csv
VPICMODEL,1953,Fairplay Car,person.csv;vehicle.csv
VPICMODEL,1958,Ram Chassis Cab,person.csv;vehicle.csv
VPICMODEL,1959,S60,person.csv;vehicle.csv
VPICMODEL,1960,S80,person.csv;vehicle.csv
VPICMODEL,1961,V60,person.csv;vehicle.csv
VPICMODEL,1962,XC60,person.csv;vehicle.csv
VPICMODEL,1963,XC70,person.csv;vehicle.csv
VPICMODEL,1965,VHD,person.csv;vehicle.csv
VPICMODEL,1966,VNM,person.csv;vehicle.csv
VPICMODEL,1967,VNL,person.csv;vehicle.csv
VPICMODEL,1968,VAH,person.csv;vehicle.csv
VPICMODEL,1974,XC Chassis,person.csv;vehicle.csv
VPICMODEL,1978,MT 45 Chassis,person.csv;vehicle.csv
VPICMODEL,1979,MT 55 Chassis,person.csv;vehicle.csv
VPICMODEL,1982,FS 65 Chassis,person.csv;vehicle.csv
VPICMODEL,1989,B2 Bus Chassis,person.csv;vehicle.csv
VPICMODEL,1993,XC Raised Rail Rear Engine Motor Home Chassis,person.csv;vehicle.csv
VPICMODEL,2000,XC-M Modular Rail Rear Engine Motor Home Chassis,person.csv;vehicle.csv
VPICMODEL,2001,XC-R Raised Rail Rear Engine Motor Home Chassis,person.csv;vehicle.csv
VPICMODEL,2008,MT 45G Front Gasoline Engine Walk in Van Chassis,person.csv;vehicle.csv
VPICMODEL,2012,MBC Front Engine Commercial Bus Chassis,person.csv;vehicle.csv
VPICMODEL,2021,S2G Conventional Full Cab and Chassis,person.csv;vehicle.csv
VPICMODEL,2022,MT 55G Front Gasoline Engine Walk in Van Chassis,person.csv;vehicle.csv
VPICMODEL,2024,M5,person.csv;vehicle.csv
VPICMODEL,2028,CHU (Pinnacle),person.csv;vehicle.csv
VPICMODEL,2029,CXU (Pinnacle),person.csv;vehicle.csv
VPICMODEL,2030,GU (Granite),person.csv;vehicle.csv
VPICMODEL,2031,LEU (TerraPro),person.csv;vehicle.csv
VPICMODEL,2032,MRU (TerraPro),person.csv;vehicle.csv
VPICMODEL,2034,LR,person.csv;vehicle.csv
VPICMODEL,2037,500L,person.csv;vehicle.csv
VPICMODEL,2038,Q70L,person.csv;vehicle.csv
VPICMODEL,2039,357,person.csv;vehicle.csv
VPICMODEL,2040,378,person.csv;vehicle.csv
VPICMODEL,2041,385,person.csv;vehicle.csv
VPICMODEL,2042,335,person.csv;vehicle.csv
VPICMODEL,2043,330,person.csv;vehicle.csv
VPICMODEL,2045,320,person.csv;vehicle.csv
VPICMODEL,2046,379,person.csv;vehicle.csv
VPICMODEL,2047,362,person.csv;vehicle.csv
VPICMODEL,2048,387,person.csv;vehicle.csv
VPICMODEL,2049,386,person.csv;vehicle.csv
VPICMODEL,2050,Promaster City,person.csv;vehicle.csv
VPICMODEL,2053,200,person.csv;vehicle.csv
VPICMODEL,2054,Dart,person.csv;vehicle.csv
VPICMODEL,2055,500,person.csv;vehicle.csv
VPICMODEL,2056,Equus,person.csv;vehicle.csv
VPICMODEL,2057,Santa Fe,person.csv;vehicle.csv
VPICMODEL,2058,Tucson,person.csv;vehicle.csv
VPICMODEL,2067,Gallardo,person.csv;vehicle.csv
VPICMODEL,2072,MX-5,person.csv;vehicle.csv
VPICMODEL,2073,RX-8,person.csv;vehicle.csv
VPICMODEL,2074,Mazda3,person.csv;vehicle.csv
VPICMODEL,2075,Mazda5,person.csv;vehicle.csv
VPICMODEL,2076,CX-7,person.csv;vehicle.csv
VPICMODEL,2077,CX-9,person.csv;vehicle.csv
VPICMODEL,2078,Mazda6,person.csv;vehicle.csv
VPICMODEL,2079,SL-Class,person.csv;vehicle.csv
VPICMODEL,2080,SLK-Class,person.csv;vehicle.csv
VPICMODEL,2081,E-Class,person.csv;vehicle.csv
VPICMODEL,2082,CLS-Class,person.csv;vehicle.csv
VPICMODEL,2083,CLA-Class,person.csv;vehicle.csv
VPICMODEL,2084,GLA-Class,person.csv;vehicle.csv
VPICMODEL,2085,C-Class,person.csv;vehicle.csv
VPICMODEL,2086,S-Class,person.csv;vehicle.csv
VPICMODEL,2088,All American / All Canada,person.csv;vehicle.csv
VPICMODEL,2091,BB Conventional,person.csv;vehicle.csv
VPICMODEL,2096,DR200SE,person.csv;vehicle.csv
VPICMODEL,2099,DR-Z400SL,person.csv;vehicle.csv
VPICMODEL,2102,GSX600F/GSX600FT,person.csv;vehicle.csv
VPICMODEL,2103,GSX-R600L,person.csv;vehicle.csv
VPICMODEL,2106,DR650SEL,person.csv;vehicle.csv
VPICMODEL,2107,SV650/SV650S/SV650SF,person.csv;vehicle.csv
VPICMODEL,2110,LS650L,person.csv;vehicle.csv
VPICMODEL,2116,VS800,person.csv;vehicle.csv
VPICMODEL,2118,VL800 / VL800T / VL800C/VL800B,person.csv;vehicle.csv
VPICMODEL,2119,DL1000,person.csv;vehicle.csv
VPICMODEL,2120,SV1000 / SV1000S,person.csv;vehicle.csv
VPICMODEL,2121,GSX-R1000L,person.csv;vehicle.csv
VPICMODEL,2122,GSF1250S,person.csv;vehicle.csv
VPICMODEL,2123,GSX1300R,person.csv;vehicle.csv
VPICMODEL,2125,VL1500 / VL1500T,person.csv;vehicle.csv
VPICMODEL,2126,VZR1800/VZR1800Z/VZR1800N,person.csv;vehicle.csv
VPICMODEL,2127,Fit,person.csv;vehicle.csv
VPICMODEL,2128,CR-Z,person.csv;vehicle.csv
VPICMODEL,2129,M-Class,person.csv;vehicle.csv
VPICMODEL,2130,GL-Class,person.csv;vehicle.csv
VPICMODEL,2131,G-Class,person.csv;vehicle.csv
VPICMODEL,2132,GLK-Class,person.csv;vehicle.csv
VPICMODEL,2140,LT-A400F/KING QUAD 400AS,person.csv;vehicle.csv
VPICMODEL,2146,LT-A700X,person.csv;vehicle.csv
VPICMODEL,2147,MDX,person.csv;vehicle.csv
VPICMODEL,2150,ILX,person.csv;vehicle.csv
VPICMODEL,2151,Truck,person.csv;vehicle.csv
VPICMODEL,2153,Mazda2,person.csv;vehicle.csv
VPICMODEL,2154,Xcelsior,person.csv;vehicle.csv
VPICMODEL,2159,Low Floor Re-styled,person.csv;vehicle.csv
VPICMODEL,2163,Outlander,person.csv;vehicle.csv
VPICMODEL,2164,Lancer,person.csv;vehicle.csv
VPICMODEL,2165,Galant,person.csv;vehicle.csv
VPICMODEL,2166,Eclipse,person.csv;vehicle.csv
VPICMODEL,2167,Endeavor,person.csv;vehicle.csv
VPICMODEL,2168,Conventional Type Truck,person.csv;vehicle.csv
VPICMODEL,2169,Incomplete Vehicle,person.csv;vehicle.csv
VPICMODEL,2170,228i,person.csv;vehicle.csv
VPICMODEL,2171,M235i,person.csv;vehicle.csv
VPICMODEL,2172,320i,person.csv;vehicle.csv
VPICMODEL,2173,328d,person.csv;vehicle.csv
VPICMODEL,2176,XJC720 / XFC720,person.csv;vehicle.csv
VPICMODEL,2177,XJC740 / XFC740,person.csv;vehicle.csv
VPICMODEL,2178,i3,person.csv;vehicle.csv
VPICMODEL,2179,i8,person.csv;vehicle.csv
VPICMODEL,2180,GS,person.csv;vehicle.csv
VPICMODEL,2182,LS,person.csv;vehicle.csv
VPICMODEL,2183,SC,person.csv;vehicle.csv
VPICMODEL,2184,IS,person.csv;vehicle.csv
VPICMODEL,2186,S Series,person.csv;vehicle.csv
VPICMODEL,2206,SCION xA,person.csv;vehicle.csv
VPICMODEL,2207,SCION tC,person.csv;vehicle.csv
VPICMODEL,2208,Corolla,person.csv;vehicle.csv
VPICMODEL,2209,PRIUS,person.csv;vehicle.csv
VPICMODEL,2210,SCION xB,person.csv;vehicle.csv
VPICMODEL,2211,Land Cruiser,person.csv;vehicle.csv
VPICMODEL,2212,LX,person.csv;vehicle.csv
VPICMODEL,2213,Highlander,person.csv;vehicle.csv
VPICMODEL,2214,RX,person.csv;vehicle.csv
VPICMODEL,2215,GX,person.csv;vehicle.csv
VPICMODEL,2216,4-Runner,person.csv;vehicle.csv
VPICMODEL,2217,RAV4,person.csv;vehicle.csv
VPICMODEL,2219,ActiveHybrid 3,person.csv;vehicle.csv
VPICMODEL,2220,428i,person.csv;vehicle.csv
VPICMODEL,2223,Tacoma,person.csv;vehicle.csv
VPICMODEL,2230,435i,person.csv;vehicle.csv
VPICMODEL,2232,Legacy,person.csv;vehicle.csv
VPICMODEL,2233,Outback,person.csv;vehicle.csv
VPICMODEL,2234,Forester,person.csv;vehicle.csv
VPICMODEL,2235,Impreza,person.csv;vehicle.csv
VPICMODEL,2236,XV CrossTrek,person.csv;vehicle.csv
VPICMODEL,2237,WRX,person.csv;vehicle.csv
VPICMODEL,2238,BRZ,person.csv;vehicle.csv
VPICMODEL,2241,Discovery Sport,person.csv;vehicle.csv
VPICMODEL,2242,XJ,person.csv;vehicle.csv
VPICMODEL,2243,LR2,person.csv;vehicle.csv
VPICMODEL,2244,Range Rover Evoque,person.csv;vehicle.csv
VPICMODEL,2245,LR4,person.csv;vehicle.csv
VPICMODEL,2246,Range Rover Sport,person.csv;vehicle.csv
VPICMODEL,2247,Range Rover,person.csv;vehicle.csv
VPICMODEL,2260,PB105,person.csv;vehicle.csv
VPICMODEL,2262,PB305,person.csv;vehicle.csv
VPICMODEL,2263,PC305,person.csv;vehicle.csv
VPICMODEL,2276,6 series,person.csv;vehicle.csv
VPICMODEL,2285,XF,person.csv;vehicle.csv
VPICMODEL,2291,FG84D,person.csv;vehicle.csv
VPICMODEL,2293,FM61F,person.csv;vehicle.csv
VPICMODEL,2298,Veloster,person.csv;vehicle.csv
VPICMODEL,2299,Rio,person.csv;vehicle.csv
VPICMODEL,2300,X1,person.csv;vehicle.csv
VPICMODEL,2301,LR3,person.csv;vehicle.csv
VPICMODEL,2302,Maxima,person.csv;vehicle.csv
VPICMODEL,2303,350Z,person.csv;vehicle.csv
VPICMODEL,2304,Q45,person.csv;vehicle.csv
VPICMODEL,2305,G35,person.csv;vehicle.csv
VPICMODEL,2306,M35,person.csv;vehicle.csv
VPICMODEL,2307,M45,person.csv;vehicle.csv
VPICMODEL,2312,FGB72S,person.csv;vehicle.csv
VPICMODEL,2313,X-Type,person.csv;vehicle.csv
VPICMODEL,2314,S-Type,person.csv;vehicle.csv
VPICMODEL,2315,Scion FR-S,person.csv;vehicle.csv
VPICMODEL,2318,Montero,person.csv;vehicle.csv
VPICMODEL,2319,Baja,person.csv;vehicle.csv
VPICMODEL,2320,B9 Tribeca,person.csv;vehicle.csv
VPICMODEL,2324,FX35,person.csv;vehicle.csv
VPICMODEL,2325,FX45,person.csv;vehicle.csv
VPICMODEL,2326,QX56,person.csv;vehicle.csv
VPICMODEL,2329,UD1400,person.csv;vehicle.csv
VPICMODEL,2337,G37,person.csv;vehicle.csv
VPICMODEL,2338,EX35,person.csv;vehicle.csv
VPICMODEL,2341,Cube,person.csv;vehicle.csv
VPICMODEL,2342,Mirage,person.csv;vehicle.csv
VPICMODEL,2343,FX50,person.csv;vehicle.csv
VPICMODEL,2345,Thunderbird,person.csv;vehicle.csv
VPICMODEL,2347,Five Hundred,person.csv;vehicle.csv
VPICMODEL,2354,K 1200 S,person.csv;vehicle.csv
VPICMODEL,2355,K 1200 LT,person.csv;vehicle.csv
VPICMODEL,2357,M37,person.csv;vehicle.csv
VPICMODEL,2358,G25,person.csv;vehicle.csv
VPICMODEL,2359,K 1200 GT,person.csv;vehicle.csv
VPICMODEL,2365,Sable,person.csv;vehicle.csv
VPICMODEL,2366,Montego,person.csv;vehicle.csv
VPICMODEL,2367,LS,person.csv;vehicle.csv
VPICMODEL,2369,CX-5,person.csv;vehicle.csv
VPICMODEL,2370,Excursion,person.csv;vehicle.csv
VPICMODEL,2373,FX37,person.csv;vehicle.csv
VPICMODEL,2374,JX35,person.csv;vehicle.csv
VPICMODEL,2375,F-Type,person.csv;vehicle.csv
VPICMODEL,2376,535xi,person.csv;vehicle.csv
VPICMODEL,2377,328xi,person.csv;vehicle.csv
VPICMODEL,2378,335xi,person.csv;vehicle.csv
VPICMODEL,2379,Freestyle,person.csv;vehicle.csv
VPICMODEL,2384,Freestar,person.csv;vehicle.csv
VPICMODEL,2458,Genesis Coupe,person.csv;vehicle.csv
VPICMODEL,2459,Sonata,person.csv;vehicle.csv
VPICMODEL,2460,Soul,person.csv;vehicle.csv
VPICMODEL,2461,Borrego,person.csv;vehicle.csv
VPICMODEL,2462,Forte,person.csv;vehicle.csv
VPICMODEL,2463,FJ Cruiser,person.csv;vehicle.csv
VPICMODEL,2464,Yaris,person.csv;vehicle.csv
VPICMODEL,2465,Avalon,person.csv;vehicle.csv
VPICMODEL,2466,Corolla Matrix,person.csv;vehicle.csv
VPICMODEL,2467,Tundra,person.csv;vehicle.csv
VPICMODEL,2468,Sienna,person.csv;vehicle.csv
VPICMODEL,2469,Camry,person.csv;vehicle.csv
VPICMODEL,2475,ES,person.csv;vehicle.csv
VPICMODEL,2481,C120,person.csv;vehicle.csv
VPICMODEL,2482,Columbia,person.csv;vehicle.csv
VPICMODEL,2485,FLD120,person.csv;vehicle.csv
VPICMODEL,2486,FLD132,person.csv;vehicle.csv
VPICMODEL,2487,FL112,person.csv;vehicle.csv
VPICMODEL,2489,FL60,person.csv;vehicle.csv
VPICMODEL,2490,FL70,person.csv;vehicle.csv
VPICMODEL,2491,FL80,person.csv;vehicle.csv
VPICMODEL,2498,Coronado,person.csv;vehicle.csv
VPICMODEL,2499,M2,person.csv;vehicle.csv
VPICMODEL,2500,Classic,person.csv;vehicle.csv
VPICMODEL,2501,Cascadia,person.csv;vehicle.csv
VPICMODEL,2504,114SD,person.csv;vehicle.csv
VPICMODEL,2505,108SD,person.csv;vehicle.csv
VPICMODEL,2544,L9227,person.csv;vehicle.csv
VPICMODEL,2546,L9327,person.csv;vehicle.csv
VPICMODEL,2547,L9357,person.csv;vehicle.csv
VPICMODEL,2548,L9427,person.csv;vehicle.csv
VPICMODEL,2552,LF627,person.csv;vehicle.csv
VPICMODEL,2563,LA687,person.csv;vehicle.csv
VPICMODEL,2564,LF687,person.csv;vehicle.csv
VPICMODEL,2567,L9377,person.csv;vehicle.csv
VPICMODEL,2570,SF567,person.csv;vehicle.csv
VPICMODEL,2581,RA027,person.csv;vehicle.csv
VPICMODEL,2582,RF027,person.csv;vehicle.csv
VPICMODEL,2584,525i,person.csv;vehicle.csv
VPICMODEL,2585,530i,person.csv;vehicle.csv
VPICMODEL,2586,530xi,person.csv;vehicle.csv
VPICMODEL,2611,CF7AA,person.csv;vehicle.csv
VPICMODEL,2623,TA005,person.csv;vehicle.csv
VPICMODEL,2648,MA035,person.csv;vehicle.csv
VPICMODEL,2649,MA025,person.csv;vehicle.csv
VPICMODEL,2650,MH025,person.csv;vehicle.csv
VPICMODEL,2653,Aviator,person.csv;vehicle.csv
VPICMODEL,2654,MF035,person.csv;vehicle.csv
VPICMODEL,2655,MA045,person.csv;vehicle.csv
VPICMODEL,2667,DF677,person.csv;vehicle.csv
VPICMODEL,2678,CL-Class,person.csv;vehicle.csv
VPICMODEL,2682,SR515,person.csv;vehicle.csv
VPICMODEL,2683,SA625,person.csv;vehicle.csv
VPICMODEL,2684,SA525,person.csv;vehicle.csv
VPICMODEL,2685,SR525,person.csv;vehicle.csv
VPICMODEL,2686,SF625,person.csv;vehicle.csv
VPICMODEL,2687,SF525,person.csv;vehicle.csv
VPICMODEL,2692,SF637,person.csv;vehicle.csv
VPICMODEL,2695,SF547,person.csv;vehicle.csv
VPICMODEL,2696,SF647,person.csv;vehicle.csv
VPICMODEL,2703,DF557,person.csv;vehicle.csv
VPICMODEL,2704,DF597,person.csv;vehicle.csv
VPICMODEL,2711,SA615,person.csv;vehicle.csv
VPICMODEL,2712,LA677,person.csv;vehicle.csv
VPICMODEL,2716,T6 Series,person.csv;vehicle.csv
VPICMODEL,2717,T4 Series,person.csv;vehicle.csv
VPICMODEL,2718,C5 Series,person.csv;vehicle.csv
VPICMODEL,2719,T8 Series,person.csv;vehicle.csv
VPICMODEL,2720,K 100E,person.csv;vehicle.csv
VPICMODEL,2721,T7 Series,person.csv;vehicle.csv
VPICMODEL,2722,T3 Series,person.csv;vehicle.csv
VPICMODEL,2723,K270/K370,person.csv;vehicle.csv
VPICMODEL,2726,T300,person.csv;vehicle.csv
VPICMODEL,2730,T2 Series,person.csv;vehicle.csv
VPICMODEL,2732,W9 Series,person.csv;vehicle.csv
VPICMODEL,2733,T680,person.csv;vehicle.csv
VPICMODEL,2734,T880,person.csv;vehicle.csv
VPICMODEL,2735,Elantra,person.csv;vehicle.csv
VPICMODEL,2736,Entourage,person.csv;vehicle.csv
VPICMODEL,2737,Motorhome Chassis,person.csv;vehicle.csv
VPICMODEL,2738,Rondo,person.csv;vehicle.csv
VPICMODEL,2739,Optima,person.csv;vehicle.csv
VPICMODEL,2740,Sedona,person.csv;vehicle.csv
VPICMODEL,2741,B-Series,person.csv;vehicle.csv
VPICMODEL,2742,CST120,person.csv;vehicle.csv
VPICMODEL,2746,W62,person.csv;vehicle.csv
VPICMODEL,2762,325Ci,person.csv;vehicle.csv
VPICMODEL,2763,330Ci,person.csv;vehicle.csv
VPICMODEL,2764,325i,person.csv;vehicle.csv
VPICMODEL,2765,325xi,person.csv;vehicle.csv
VPICMODEL,2769,Sorento,person.csv;vehicle.csv
VPICMODEL,2770,Sportage,person.csv;vehicle.csv
VPICMODEL,2771,Azera,person.csv;vehicle.csv
VPICMODEL,2772,Veracruz,person.csv;vehicle.csv
VPICMODEL,2773,Accent,person.csv;vehicle.csv
VPICMODEL,2774,Genesis,person.csv;vehicle.csv
VPICMODEL,2776,Zephyr,person.csv;vehicle.csv
VPICMODEL,2777,330i,person.csv;vehicle.csv
VPICMODEL,2778,330xi,person.csv;vehicle.csv
VPICMODEL,2783,MVP-EF (Engine Front),person.csv;vehicle.csv
VPICMODEL,2784,HDX,person.csv;vehicle.csv
VPICMODEL,2787,579,person.csv;vehicle.csv
VPICMODEL,2788,567,person.csv;vehicle.csv
VPICMODEL,2790,365,person.csv;vehicle.csv
VPICMODEL,2791,367,person.csv;vehicle.csv
VPICMODEL,2792,384,person.csv;vehicle.csv
VPICMODEL,2793,388,person.csv;vehicle.csv
VPICMODEL,2794,389,person.csv;vehicle.csv
VPICMODEL,2797,337,person.csv;vehicle.csv
VPICMODEL,2798,348,person.csv;vehicle.csv
VPICMODEL,2799,587,person.csv;vehicle.csv
VPICMODEL,2802,220,person.csv;vehicle.csv
VPICMODEL,2803,Camry Solara,person.csv;vehicle.csv
VPICMODEL,2804,760i,person.csv;vehicle.csv
VPICMODEL,2807,Vibe,person.csv;vehicle.csv
VPICMODEL,2808,Mark LT,person.csv;vehicle.csv
VPICMODEL,2817,Trooper,person.csv;vehicle.csv
VPICMODEL,2818,Rodeo,person.csv;vehicle.csv
VPICMODEL,2822,CLK-Class,person.csv;vehicle.csv
VPICMODEL,2827,Sequoia,person.csv;vehicle.csv
VPICMODEL,2857,Axess,person.csv;vehicle.csv
VPICMODEL,2865,Incomplete Vehicle,person.csv;vehicle.csv
VPICMODEL,2867,Low Floor Bus,person.csv;vehicle.csv
VPICMODEL,2873,Arrow XT,person.csv;vehicle.csv
VPICMODEL,2890,YP400 / Majesty,person.csv;vehicle.csv
VPICMODEL,2893,YW125 / Zuma 125,person.csv;vehicle.csv
VPICMODEL,2895,Daytona 675 R,person.csv;vehicle.csv
VPICMODEL,2896,Trident,person.csv;vehicle.csv
VPICMODEL,2897,Sprint,person.csv;vehicle.csv
VPICMODEL,2898,Tiger,person.csv;vehicle.csv
VPICMODEL,2904,America,person.csv;vehicle.csv
VPICMODEL,2905,Bonneville,person.csv;vehicle.csv
VPICMODEL,2906,SpeedMaster,person.csv;vehicle.csv
VPICMODEL,2907,Scrambler,person.csv;vehicle.csv
VPICMODEL,2908,Thruxton,person.csv;vehicle.csv
VPICMODEL,2909,Rocket III,person.csv;vehicle.csv
VPICMODEL,2910,Street Triple,person.csv;vehicle.csv
VPICMODEL,2912,Cross Roads,person.csv;vehicle.csv
VPICMODEL,2913,Cross Country,person.csv;vehicle.csv
VPICMODEL,2914,Vegas,person.csv;vehicle.csv
VPICMODEL,2916,Gunner,person.csv;vehicle.csv
VPICMODEL,2920,Cross Country Tour,person.csv;vehicle.csv
VPICMODEL,2921,Magnum,person.csv;vehicle.csv
VPICMODEL,2922,High-Ball,person.csv;vehicle.csv
VPICMODEL,2923,Jackpot,person.csv;vehicle.csv
VPICMODEL,2926,Multistrada (MTS),person.csv;vehicle.csv
VPICMODEL,2927,Monster,person.csv;vehicle.csv
VPICMODEL,2933,SCION xD,person.csv;vehicle.csv
VPICMODEL,2992,9-3,person.csv;vehicle.csv
VPICMODEL,2993,9-5,person.csv;vehicle.csv
VPICMODEL,2998,Griso 1200 8V,person.csv;vehicle.csv
VPICMODEL,3005,Venza,person.csv;vehicle.csv
VPICMODEL,3052,645Ci,person.csv;vehicle.csv
VPICMODEL,3055,745Li,person.csv;vehicle.csv
VPICMODEL,3071,Cadenza,person.csv;vehicle.csv
VPICMODEL,3106,Elise,person.csv;vehicle.csv
VPICMODEL,3121,Sprinter,person.csv;vehicle.csv
VPICMODEL,3127,S40,person.csv;vehicle.csv
VPICMODEL,3129,C70,person.csv;vehicle.csv
VPICMODEL,3130,V70,person.csv;vehicle.csv
VPICMODEL,3132,XC90,person.csv;vehicle.csv
VPICMODEL,3133,Golf,person.csv;vehicle.csv
VPICMODEL,3134,Passat,person.csv;vehicle.csv
VPICMODEL,3136,Touareg,person.csv;vehicle.csv
VPICMODEL,3137,Jetta,person.csv;vehicle.csv
VPICMODEL,3139,Aerio,person.csv;vehicle.csv
VPICMODEL,3140,GTI,person.csv;vehicle.csv
VPICMODEL,3142,Jetta Wagon,person.csv;vehicle.csv
VPICMODEL,3143,XL7,person.csv;vehicle.csv
VPICMODEL,3144,C30,person.csv;vehicle.csv
VPICMODEL,3145,TT,person.csv;vehicle.csv
VPICMODEL,3146,A4,person.csv;vehicle.csv
VPICMODEL,3147,S4,person.csv;vehicle.csv
VPICMODEL,3148,A6,person.csv;vehicle.csv
VPICMODEL,3151,A8,person.csv;vehicle.csv
VPICMODEL,3152,SX4,person.csv;vehicle.csv
VPICMODEL,3153,S2000,person.csv;vehicle.csv
VPICMODEL,3154,CT,person.csv;vehicle.csv
VPICMODEL,3156,Equator,person.csv;vehicle.csv
VPICMODEL,3160,Taurus X,person.csv;vehicle.csv
VPICMODEL,3161,Vulcan 2000,person.csv;vehicle.csv
VPICMODEL,3162,Vulcan 1600,person.csv;vehicle.csv
VPICMODEL,3163,Vulcan 1500,person.csv;vehicle.csv
VPICMODEL,3165,ZRX 1200R,person.csv;vehicle.csv
VPICMODEL,3166,ZZR1200,person.csv;vehicle.csv
VPICMODEL,3167,KZ1000,person.csv;vehicle.csv
VPICMODEL,3168,CONCOURS,person.csv;vehicle.csv
VPICMODEL,3169,Z1000,person.csv;vehicle.csv
VPICMODEL,3170,Vulcan 800,person.csv;vehicle.csv
VPICMODEL,3171,Vulcan 750,person.csv;vehicle.csv
VPICMODEL,3173,Ninja ZX-6R,person.csv;vehicle.csv
VPICMODEL,3175,ZZR600,person.csv;vehicle.csv
VPICMODEL,3177,Vulcan 500,person.csv;vehicle.csv
VPICMODEL,3178,Ninja 250R,person.csv;vehicle.csv
VPICMODEL,3180,KLR650,person.csv;vehicle.csv
VPICMODEL,3181,KLR250,person.csv;vehicle.csv
VPICMODEL,3183,RSX,person.csv;vehicle.csv
VPICMODEL,3184,K900,person.csv;vehicle.csv
VPICMODEL,3185,HS,person.csv;vehicle.csv
VPICMODEL,3187,DR-Z125L,person.csv;vehicle.csv
VPICMODEL,3197,Ninja ZX-10R,person.csv;vehicle.csv
VPICMODEL,3198,Z750S,person.csv;vehicle.csv
VPICMODEL,3199,Ninja ZX-14,person.csv;vehicle.csv
VPICMODEL,3200,XF50 / C3,person.csv;vehicle.csv
VPICMODEL,3202,Vulcan 900,person.csv;vehicle.csv
VPICMODEL,3203,Ninja 650R,person.csv;vehicle.csv
VPICMODEL,3211,YZF-R6,person.csv;vehicle.csv
VPICMODEL,3212,FZ6R,person.csv;vehicle.csv
VPICMODEL,3213,FZ1,person.csv;vehicle.csv
VPICMODEL,3214,YZF-R1,person.csv;vehicle.csv
VPICMODEL,3222,XVS1300 (V Star 1300),person.csv;vehicle.csv
VPICMODEL,3231,Concours 14,person.csv;vehicle.csv
VPICMODEL,3232,Versys,person.csv;vehicle.csv
VPICMODEL,3234,PCX150,person.csv;vehicle.csv
VPICMODEL,3235,CB1100,person.csv;vehicle.csv
VPICMODEL,3246,CTX1300,person.csv;vehicle.csv
VPICMODEL,3247,CTX700,person.csv;vehicle.csv
VPICMODEL,3249,GOLDWING,person.csv;vehicle.csv
VPICMODEL,3251,NC700X,person.csv;vehicle.csv
VPICMODEL,3253,NPS50 (Ruckus),person.csv;vehicle.csv
VPICMODEL,3256,INTERCEPTOR,person.csv;vehicle.csv
VPICMODEL,3267,Fiesta,person.csv;vehicle.csv
VPICMODEL,3272,JR80,person.csv;vehicle.csv
VPICMODEL,3284,FZ6,person.csv;vehicle.csv
VPICMODEL,3300,Vulcan 1700,person.csv;vehicle.csv
VPICMODEL,3305,XVS650 (V Star 650),person.csv;vehicle.csv
VPICMODEL,3307,XVZ13TF Royal Star Venture,person.csv;vehicle.csv
VPICMODEL,3315,XT250,person.csv;vehicle.csv
VPICMODEL,3321,FZ8-N,person.csv;vehicle.csv
VPICMODEL,3322,FZ8-NC,person.csv;vehicle.csv
VPICMODEL,3331,WR250R,person.csv;vehicle.csv
VPICMODEL,3337,YW50F / Zuma 50F,person.csv;vehicle.csv
VPICMODEL,3372,FZ09,person.csv;vehicle.csv
VPICMODEL,3381,TT-R110,person.csv;vehicle.csv
VPICMODEL,3384,YW50FX / Zuma 50FX,person.csv;vehicle.csv
VPICMODEL,3386,Ninja 1000,person.csv;vehicle.csv
VPICMODEL,3387,Ninja ZX-14R,person.csv;vehicle.csv
VPICMODEL,3388,AN400,person.csv;vehicle.csv
VPICMODEL,3390,Versys 1000,person.csv;vehicle.csv
VPICMODEL,3391,Ninja 650,person.csv;vehicle.csv
VPICMODEL,3392,Ninja 300,person.csv;vehicle.csv
VPICMODEL,3393,SV650A/SV650SA/SV650SAF,person.csv;vehicle.csv
VPICMODEL,3396,SFV650L,person.csv;vehicle.csv
VPICMODEL,3397,GSX650F,person.csv;vehicle.csv
VPICMODEL,3400,GSX1300BK,person.csv;vehicle.csv
VPICMODEL,3403,Ninja H2,person.csv;vehicle.csv
VPICMODEL,3404,Vulcan S,person.csv;vehicle.csv
VPICMODEL,3405,Versys 650,person.csv;vehicle.csv
VPICMODEL,3406,RC,person.csv;vehicle.csv
VPICMODEL,3410,Commercial Chassis,person.csv;vehicle.csv
VPICMODEL,3414,VZ800L,person.csv;vehicle.csv
VPICMODEL,3415,TU250XL,person.csv;vehicle.csv
VPICMODEL,3429,UH200L,person.csv;vehicle.csv
VPICMODEL,3433,Hypermotard (HYM),person.csv;vehicle.csv
VPICMODEL,3435,Diavel,person.csv;vehicle.csv
VPICMODEL,3436,New Superbike (SBK),person.csv;vehicle.csv
VPICMODEL,3437,Scrambler 800,person.csv;vehicle.csv
VPICMODEL,3440,TT600,person.csv;vehicle.csv
VPICMODEL,3450,BLAST P3,person.csv;vehicle.csv
VPICMODEL,3453,XB12R,person.csv;vehicle.csv
VPICMODEL,3455,XB12Scg,person.csv;vehicle.csv
VPICMODEL,3456,XB12Ss,person.csv;vehicle.csv
VPICMODEL,3457,XB12X,person.csv;vehicle.csv
VPICMODEL,3461,1125R,person.csv;vehicle.csv
VPICMODEL,3462,C-max,person.csv;vehicle.csv
VPICMODEL,3472,Spyder,person.csv;vehicle.csv
VPICMODEL,3477,VTX1300C,person.csv;vehicle.csv
VPICMODEL,3478,VTX1300R,person.csv;vehicle.csv
VPICMODEL,3479,VTX1300S,person.csv;vehicle.csv
VPICMODEL,3484,Shadow VLX,person.csv;vehicle.csv
VPICMODEL,3493,Vegas Eight Ball,person.csv;vehicle.csv
VPICMODEL,3494,Ness Jackpot,person.csv;vehicle.csv
VPICMODEL,3495,Kingpin,person.csv;vehicle.csv
VPICMODEL,3496,Hammer,person.csv;vehicle.csv
VPICMODEL,3508,Durango,person.csv;vehicle.csv
VPICMODEL,3515,CB600 (599),person.csv;vehicle.csv
VPICMODEL,3520,NIGHTHAWK 750,person.csv;vehicle.csv
VPICMODEL,3521,CBR1100XX,person.csv;vehicle.csv
VPICMODEL,3524,Slingshot,person.csv;vehicle.csv
VPICMODEL,3529,GEM,person.csv;vehicle.csv
VPICMODEL,3530,ST1100,person.csv;vehicle.csv
VPICMODEL,3531,Geo Prizm,person.csv;vehicle.csv
VPICMODEL,3534,Closed Course Competition,person.csv;vehicle.csv
VPICMODEL,3538,Single Cylinder LC4 Duke,person.csv;vehicle.csv
VPICMODEL,3539,V-twin LC8 Adventure,person.csv;vehicle.csv
VPICMODEL,3543,V-twin RC8 Super Duke R,person.csv;vehicle.csv
VPICMODEL,3544,V-twin RC8 + RC8 R,person.csv;vehicle.csv
VPICMODEL,3545,Closed Course Competition,person.csv;vehicle.csv
VPICMODEL,3570,DUKE,person.csv;vehicle.csv
VPICMODEL,3578,V-Engine Duke,person.csv;vehicle.csv
VPICMODEL,3595,PT Cruiser,person.csv;vehicle.csv
VPICMODEL,3597,CBR900,person.csv;vehicle.csv
VPICMODEL,3598,Crossfire,person.csv;vehicle.csv
VPICMODEL,3599,MKC,person.csv;vehicle.csv
VPICMODEL,3608,Transit,person.csv;vehicle.csv
VPICMODEL,3623,Commuter Coach,person.csv;vehicle.csv
VPICMODEL,3624,Double Deck Coach,person.csv;vehicle.csv
VPICMODEL,3626,Tourist Coach,person.csv;vehicle.csv
VPICMODEL,3628,Pacifica,person.csv;vehicle.csv
VPICMODEL,3629,Aspen,person.csv;vehicle.csv
VPICMODEL,3641,NPR/NPR-HD,person.csv;vehicle.csv
VPICMODEL,3642,NQR/NRR,vehicle.csv
VPICMODEL,3644,Tercel,person.csv;vehicle.csv
VPICMODEL,3645,Celica,person.csv;vehicle.csv
VPICMODEL,3647,Supra,person.csv;vehicle.csv
VPICMODEL,3648,MR2,person.csv;vehicle.csv
VPICMODEL,3650,Echo,person.csv;vehicle.csv
VPICMODEL,3653,NX,person.csv;vehicle.csv
VPICMODEL,3654,VFR 750F,person.csv;vehicle.csv
VPICMODEL,3669,Shadow 1100,person.csv;vehicle.csv
VPICMODEL,3676,A3,person.csv;vehicle.csv
VPICMODEL,3678,S8,person.csv;vehicle.csv
VPICMODEL,3679,Q7,person.csv;vehicle.csv
VPICMODEL,3680,Magnum,person.csv;vehicle.csv
VPICMODEL,3684,Hawk GT,person.csv;vehicle.csv
VPICMODEL,3777,TRANSALP,person.csv;vehicle.csv
VPICMODEL,3787,A5,person.csv;vehicle.csv
VPICMODEL,3788,S5,person.csv;vehicle.csv
VPICMODEL,3789,R8,person.csv;vehicle.csv
VPICMODEL,3817,Pavement Powder,person.csv;vehicle.csv
VPICMODEL,3861,TTS,person.csv;vehicle.csv
VPICMODEL,3862,Q5,person.csv;vehicle.csv
VPICMODEL,3876,Avalanche,person.csv;vehicle.csv
VPICMODEL,3885,Drill Rig,person.csv;vehicle.csv
VPICMODEL,4006,Trike,person.csv;vehicle.csv
VPICMODEL,4014,RS 5,person.csv;vehicle.csv
VPICMODEL,4015,A7,person.csv;vehicle.csv
VPICMODEL,4021,SR 50,person.csv;vehicle.csv
VPICMODEL,4051,Q3,person.csv;vehicle.csv
VPICMODEL,4052,SQ5,person.csv;vehicle.csv
VPICMODEL,4084,Rabbit,person.csv;vehicle.csv
VPICMODEL,4086,Colorado,person.csv;vehicle.csv
VPICMODEL,4087,E-Z-Go Division of Textron,person.csv;vehicle.csv
VPICMODEL,4093,Canyon,person.csv;vehicle.csv
VPICMODEL,4167,Eos,person.csv;vehicle.csv
VPICMODEL,4234,Cobalt,person.csv;vehicle.csv
VPICMODEL,4259,G5,person.csv;vehicle.csv
VPICMODEL,4260,Solstice,person.csv;vehicle.csv
VPICMODEL,4262,Grand Prix,person.csv;vehicle.csv
VPICMODEL,4263,G6,person.csv;vehicle.csv
VPICMODEL,4264,G8,person.csv;vehicle.csv
VPICMODEL,4267,Lucerne,person.csv;vehicle.csv
VPICMODEL,4300,STS,person.csv;vehicle.csv
VPICMODEL,4308,DTS,person.csv;vehicle.csv
VPICMODEL,4311,XLR,person.csv;vehicle.csv
VPICMODEL,4323,Astra,person.csv;vehicle.csv
VPICMODEL,4335,Sky,person.csv;vehicle.csv
VPICMODEL,4336,Aura,person.csv;vehicle.csv
VPICMODEL,4373,Shiver 750,person.csv;vehicle.csv
VPICMODEL,4376,Tuono 1000,person.csv;vehicle.csv
VPICMODEL,4378,Sport City 250,person.csv;vehicle.csv
VPICMODEL,4489,Chopper,person.csv;vehicle.csv
VPICMODEL,4507,Envoy,person.csv;vehicle.csv
VPICMODEL,4548,Trailblazer,person.csv;vehicle.csv
VPICMODEL,4579,Yukon XL,person.csv;vehicle.csv
VPICMODEL,4586,HHR,person.csv;vehicle.csv
VPICMODEL,4588,Uplander,person.csv;vehicle.csv
VPICMODEL,4589,Montana SV6,person.csv;vehicle.csv
VPICMODEL,4591,Torrent,person.csv;vehicle.csv
VPICMODEL,4593,Hearse,person.csv;vehicle.csv
VPICMODEL,4595,Vue,person.csv;vehicle.csv
VPICMODEL,4596,Outlook,person.csv;vehicle.csv
VPICMODEL,4598,H2,person.csv;vehicle.csv
VPICMODEL,4599,H3,person.csv;vehicle.csv
VPICMODEL,4601,Ascender,person.csv;vehicle.csv
VPICMODEL,4603,9-7X,person.csv;vehicle.csv
VPICMODEL,4634,WXLL,person.csv;vehicle.csv
VPICMODEL,4669,Xpeditor,person.csv;vehicle.csv
VPICMODEL,4687,W4,person.csv
VPICMODEL,4715,Chongqing Hi-Bird Motorcycle,person.csv;vehicle.csv
VPICMODEL,4722,Chongqing Huansong Industries,person.csv;vehicle.csv
VPICMODEL,4734,Orion VII,person.csv;vehicle.csv
VPICMODEL,4773,Monte Carlo,person.csv;vehicle.csv
VPICMODEL,4781,Ion,person.csv;vehicle.csv
VPICMODEL,4879,Super 8 50,person.csv;vehicle.csv
VPICMODEL,4889,SSR,person.csv;vehicle.csv
VPICMODEL,4935,Escalade ESV,person.csv;vehicle.csv
VPICMODEL,4951,Chunfeng Scooter,person.csv;vehicle.csv
VPICMODEL,4953,Terraza,person.csv;vehicle.csv
VPICMODEL,4954,Rainier,person.csv;vehicle.csv
VPICMODEL,4955,Rendezvous,person.csv;vehicle.csv
VPICMODEL,4993,GTO,person.csv;vehicle.csv
VPICMODEL,5059,Golf SportWagen,person.csv;vehicle.csv
VPICMODEL,5063,Integra,person.csv;vehicle.csv
VPICMODEL,5071,Badass Industries,person.csv;vehicle.csv
VPICMODEL,5095,K75,person.csv;vehicle.csv
VPICMODEL,5099,R 100,person.csv;vehicle.csv
VPICMODEL,5104,R 1100 R,person.csv;vehicle.csv
VPICMODEL,5107,Prelude,person.csv;vehicle.csv
VPICMODEL,5108,F 650,person.csv;vehicle.csv
VPICMODEL,5145,CL,person.csv;vehicle.csv
VPICMODEL,5178,318i,person.csv;vehicle.csv
VPICMODEL,5181,Escort,person.csv;vehicle.csv
VPICMODEL,5182,ZX2,person.csv;vehicle.csv
VPICMODEL,5190,325iC,person.csv
VPICMODEL,5191,Cougar,person.csv;vehicle.csv
VPICMODEL,5192,Continental,person.csv;vehicle.csv
VPICMODEL,5195,540i,person.csv;vehicle.csv
VPICMODEL,5234,TE 610,person.csv;vehicle.csv
VPICMODEL,5239,Z3,person.csv;vehicle.csv
VPICMODEL,5253,323i,person.csv;vehicle.csv
VPICMODEL,5258,Villager,person.csv;vehicle.csv
VPICMODEL,5264,Windstar,person.csv;vehicle.csv
VPICMODEL,5293,1st Generation,person.csv;vehicle.csv
VPICMODEL,5331,ST125/ST150/ST160,person.csv;vehicle.csv
VPICMODEL,5343,525iA,person.csv;vehicle.csv
VPICMODEL,5347,530iA,person.csv;vehicle.csv
VPICMODEL,5348,540iA,person.csv;vehicle.csv
VPICMODEL,5354,TLX,person.csv;vehicle.csv
VPICMODEL,5361,F-800,person.csv;vehicle.csv
VPICMODEL,5374,Qingqi,person.csv;vehicle.csv
VPICMODEL,5384,645i,person.csv;vehicle.csv
VPICMODEL,5410,Protege,person.csv;vehicle.csv
VPICMODEL,5415,FE639,person.csv;vehicle.csv
VPICMODEL,5425,Diamante,person.csv;vehicle.csv
VPICMODEL,5471,626,person.csv;vehicle.csv
VPICMODEL,5499,Spectra,person.csv;vehicle.csv
VPICMODEL,5500,Amanti,person.csv;vehicle.csv
VPICMODEL,5548,People,person.csv;vehicle.csv
VPICMODEL,5555,Xciting,person.csv;vehicle.csv
VPICMODEL,5565,240SX,person.csv;vehicle.csv
VPICMODEL,5566,300ZX,person.csv;vehicle.csv
VPICMODEL,5572,J30,person.csv;vehicle.csv
VPICMODEL,5573,G20,person.csv;vehicle.csv
VPICMODEL,5576,Agility,person.csv;vehicle.csv
VPICMODEL,5748,Pickup,person.csv;vehicle.csv
VPICMODEL,5755,Montero Sport,person.csv;vehicle.csv
VPICMODEL,5808,Lancer SportBack,person.csv;vehicle.csv
VPICMODEL,5809,Lancer Evolution,person.csv;vehicle.csv
VPICMODEL,5813,I35,person.csv;vehicle.csv
VPICMODEL,5836,Chongqing Astronautic Bashan,person.csv;vehicle.csv
VPICMODEL,5847,Tiburon,person.csv;vehicle.csv
VPICMODEL,5868,Explorer Sport,person.csv;vehicle.csv
VPICMODEL,5871,Elantra Touring,person.csv;vehicle.csv
VPICMODEL,5872,XG350,person.csv;vehicle.csv
VPICMODEL,5875,Concorde,person.csv;vehicle.csv
VPICMODEL,5878,Intrepid,person.csv;vehicle.csv
VPICMODEL,5879,Stratus,person.csv;vehicle.csv
VPICMODEL,5880,Neon,person.csv;vehicle.csv
VPICMODEL,5881,AMG GT,person.csv;vehicle.csv
VPICMODEL,5885,GLC-Class,person.csv;vehicle.csv
VPICMODEL,5886,GLE-Class,person.csv;vehicle.csv
VPICMODEL,5959,Passport,person.csv;vehicle.csv
VPICMODEL,5968,W4,person.csv;vehicle.csv
VPICMODEL,5992,X4,person.csv;vehicle.csv
VPICMODEL,6049,Chief,person.csv;vehicle.csv
VPICMODEL,6105,Swift,person.csv;vehicle.csv
VPICMODEL,6106,Forenza,person.csv;vehicle.csv
VPICMODEL,6107,Reno,person.csv;vehicle.csv
VPICMODEL,6160,Renegade,person.csv;vehicle.csv
VPICMODEL,6176,LFS Articulated,person.csv;vehicle.csv
VPICMODEL,6194,Hensim,person.csv;vehicle.csv
VPICMODEL,6283,Roadmaster,person.csv;vehicle.csv
VPICMODEL,6437,Vanden Plas,person.csv;vehicle.csv
VPICMODEL,6470,New Yorker,person.csv;vehicle.csv
VPICMODEL,6495,Neon,person.csv;vehicle.csv
VPICMODEL,6567,ET 4,person.csv;vehicle.csv
VPICMODEL,6569,X-9,person.csv;vehicle.csv
VPICMODEL,6591,Qianjiang Motorcycles,person.csv;vehicle.csv
VPICMODEL,6664,"Buddy (50, 125, 170i)",person.csv;vehicle.csv
VPICMODEL,6666,Blur SS220i,person.csv;vehicle.csv
VPICMODEL,6667,Roughhouse 50,person.csv;vehicle.csv
VPICMODEL,6703,Aspire,person.csv;vehicle.csv
VPICMODEL,6730,Probe,person.csv;vehicle.csv
VPICMODEL,6732,Tracer,person.csv;vehicle.csv
VPICMODEL,6733,Mystique,person.csv;vehicle.csv
VPICMODEL,6794,Mark,person.csv;vehicle.csv
VPICMODEL,6825,Bronco,person.csv;vehicle.csv
VPICMODEL,7124,"JIANGMEN SINO-HONGKONG BAOTIAN MOTORCYCLE INDUSTRIAL CO., LTD.",person.csv;vehicle.csv
VPICMODEL,7331,F-150 Heritage,person.csv;vehicle.csv
VPICMODEL,7427,XF 250,person.csv;vehicle.csv
VPICMODEL,7527,Terex Advance Mixer,person.csv;vehicle.csv
VPICMODEL,7576,ATM50-A,person.csv;vehicle.csv
VPICMODEL,7589,CY50-A,person.csv;vehicle.csv
VPICMODEL,7593,CY50-E,person.csv;vehicle.csv
VPICMODEL,7638,PALADIN 150,person.csv;vehicle.csv
VPICMODEL,7649,TICO Standard Terminal Tractor,person.csv;vehicle.csv
VPICMODEL,7683,ZNEN,person.csv;vehicle.csv
VPICMODEL,7791,MX-6,person.csv;vehicle.csv
VPICMODEL,7810,JSD250T,person.csv;vehicle.csv
VPICMODEL,7832,911,person.csv;vehicle.csv
VPICMODEL,7847,Boxster,person.csv;vehicle.csv
VPICMODEL,7895,Cayenne,person.csv;vehicle.csv
VPICMODEL,7900,Cayman,person.csv;vehicle.csv
VPICMODEL,7994,Panamera,person.csv;vehicle.csv
VPICMODEL,8031,Macan,person.csv;vehicle.csv
VPICMODEL,8059,Cabriolet,person.csv;vehicle.csv
VPICMODEL,8068,Tomos,person.csv;vehicle.csv
VPICMODEL,8118,e-Golf,person.csv;vehicle.csv
VPICMODEL,8119,Beetle,person.csv;vehicle.csv
VPICMODEL,8121,CC,person.csv;vehicle.csv
VPICMODEL,8151,Tiguan,person.csv;vehicle.csv
VPICMODEL,8173,S3,person.csv;vehicle.csv
VPICMODEL,8226,K2,person.csv;vehicle.csv
VPICMODEL,8227,Mountain Master (MM),person.csv;vehicle.csv
VPICMODEL,8234,Metro Star,person.csv;vehicle.csv
VPICMODEL,8261,Concrete,person.csv;vehicle.csv
VPICMODEL,8264,Truck,person.csv;vehicle.csv
VPICMODEL,8338,Pumper,person.csv;vehicle.csv
VPICMODEL,8340,Aerial,person.csv;vehicle.csv
VPICMODEL,8364,Jetta SportWagen,person.csv;vehicle.csv
VPICMODEL,8418,102DL3 Intercity/D4500,person.csv;vehicle.csv
VPICMODEL,8421,102EL3 Intercity/E4500,person.csv;vehicle.csv
VPICMODEL,8427,J4500,person.csv;vehicle.csv
VPICMODEL,8479,Sportster 1200 Custom,person.csv;vehicle.csv
VPICMODEL,8480,Forty-Eight,person.csv;vehicle.csv
VPICMODEL,8489,Seventy-Two,person.csv;vehicle.csv
VPICMODEL,8491,Switchback,person.csv;vehicle.csv
VPICMODEL,8497,Night Rod Special,person.csv;vehicle.csv
VPICMODEL,8498,V-Rod Muscle,person.csv;vehicle.csv
VPICMODEL,8499,Softail Slim,person.csv;vehicle.csv
VPICMODEL,8501,Heritage Softail Classic,person.csv;vehicle.csv
VPICMODEL,8502,Fat Boy,person.csv;vehicle.csv
VPICMODEL,8503,Fat Boy Lo,person.csv;vehicle.csv
VPICMODEL,8505,Softail Deluxe,person.csv;vehicle.csv
VPICMODEL,8506,Breakout,person.csv;vehicle.csv
VPICMODEL,8507,Police Road King,person.csv;vehicle.csv
VPICMODEL,8508,Road King,person.csv;vehicle.csv
VPICMODEL,8509,Electra Glide Ultra Classic,person.csv;vehicle.csv
VPICMODEL,8512,Ultra Limited Low,person.csv;vehicle.csv
VPICMODEL,8515,Street Glide,person.csv;vehicle.csv
VPICMODEL,8516,Street Glide Special,person.csv;vehicle.csv
VPICMODEL,8517,FLTRI / Road Glide,person.csv;vehicle.csv
VPICMODEL,8518,Road Glide Special,person.csv;vehicle.csv
VPICMODEL,8519,Road Glide Ultra,person.csv;vehicle.csv
VPICMODEL,8521,Freewheeler,person.csv;vehicle.csv
VPICMODEL,8523,CVO Road Glide Ultra,person.csv;vehicle.csv
VPICMODEL,8525,CVO Street Glide,person.csv;vehicle.csv
VPICMODEL,8526,Harley-Davidson Street 500,person.csv;vehicle.csv
VPICMODEL,8544,Harley-Davidson Street 750,person.csv;vehicle.csv
VPICMODEL,8568,Vitara,person.csv;vehicle.csv
VPICMODEL,8574,Sidekick Sport,person.csv;vehicle.csv
VPICMODEL,8576,ZHEJIANG LEIKE MACHINE INDUSTRY CO,person.csv;vehicle.csv
VPICMODEL,8577,Scooter,person.csv;vehicle.csv
VPICMODEL,8588,TL1000R,person.csv;vehicle.csv
VPICMODEL,8590,DR350SE,person.csv;vehicle.csv
VPICMODEL,8593,LS650P,person.csv;vehicle.csv
VPICMODEL,8596,TL1000S,person.csv;vehicle.csv
VPICMODEL,8599,ZHEJIANG XINGYUE VEHICLE CO,person.csv;vehicle.csv
VPICMODEL,8628,ZHEJIANG RIYA MOTORCYCLE CO,person.csv;vehicle.csv
VPICMODEL,8664,Chetak,person.csv;vehicle.csv
VPICMODEL,8685,RS 7,person.csv;vehicle.csv
VPICMODEL,8702,I30,person.csv;vehicle.csv
VPICMODEL,8717,QX4,person.csv;vehicle.csv
VPICMODEL,8834,Cavalier,person.csv;vehicle.csv
VPICMODEL,8838,Bonneville,person.csv;vehicle.csv
VPICMODEL,8839,Sunfire,person.csv;vehicle.csv
VPICMODEL,8840,Grand AM,person.csv;vehicle.csv
VPICMODEL,8841,Park Avenue,person.csv;vehicle.csv
VPICMODEL,8842,LeSabre,person.csv;vehicle.csv
VPICMODEL,8843,Century,person.csv;vehicle.csv
VPICMODEL,8844,Deville,person.csv;vehicle.csv
VPICMODEL,8852,L300,person.csv;vehicle.csv
VPICMODEL,8879,Safari,person.csv;vehicle.csv
VPICMODEL,8882,Astro Van,person.csv;vehicle.csv
VPICMODEL,8883,Venture,person.csv;vehicle.csv
VPICMODEL,8884,Aztek,person.csv;vehicle.csv
VPICMODEL,8900,COLEMAN CUSTOM CHOPPERS,person.csv;vehicle.csv
VPICMODEL,8913,X3 Coach (Passenger & Commuter),person.csv;vehicle.csv
VPICMODEL,8920,Bravada,person.csv;vehicle.csv
VPICMODEL,8921,Silhouette,person.csv;vehicle.csv
VPICMODEL,8944,Itasca Thunder Inc.,vehicle.csv
VPICMODEL,8955,Alero,person.csv;vehicle.csv
VPICMODEL,8957,Aurora,person.csv;vehicle.csv
VPICMODEL,8986,Firebird,person.csv;vehicle.csv
VPICMODEL,8988,Intrigue,person.csv;vehicle.csv
VPICMODEL,8989,Eldorado,person.csv;vehicle.csv
VPICMODEL,8990,SL,person.csv;vehicle.csv
VPICMODEL,8991,SL1,person.csv;vehicle.csv
VPICMODEL,8992,SL2,person.csv;vehicle.csv
VPICMODEL,8993,SC1,person.csv;vehicle.csv
VPICMODEL,8994,SC2,person.csv;vehicle.csv
VPICMODEL,9064,Lumina,person.csv;vehicle.csv
VPICMODEL,9065,Regency,person.csv;vehicle.csv
VPICMODEL,9066,Eighty Eight (88),person.csv;vehicle.csv
VPICMODEL,9068,Cutlass,person.csv;vehicle.csv
VPICMODEL,9091,Seville,person.csv;vehicle.csv
VPICMODEL,9096,Cutlass Supreme,person.csv;vehicle.csv
VPICMODEL,9115,Caprice,person.csv;vehicle.csv
VPICMODEL,9116,Corsica,person.csv;vehicle.csv
VPICMODEL,9120,Roadmaster,person.csv;vehicle.csv
VPICMODEL,9122,Fleetwood,person.csv;vehicle.csv
VPICMODEL,9128,390 Duke,person.csv;vehicle.csv
VPICMODEL,9129,RC,person.csv;vehicle.csv
VPICMODEL,9173,Crosstour,person.csv;vehicle.csv
VPICMODEL,9212,HR-V,person.csv;vehicle.csv
VPICMODEL,9213,L8501,person.csv;vehicle.csv
VPICMODEL,9253,335,person.csv;vehicle.csv
VPICMODEL,9264,Wenzhou Light Motorcycle Co. LTD. (Powersports),person.csv;vehicle.csv
VPICMODEL,9270,F-Super Duty,person.csv;vehicle.csv
VPICMODEL,9272,F-700,person.csv;vehicle.csv
VPICMODEL,9292,LT8000,person.csv;vehicle.csv
VPICMODEL,9293,LT9000,person.csv;vehicle.csv
VPICMODEL,9300,LA9000,person.csv;vehicle.csv
VPICMODEL,9302,LN7000,person.csv;vehicle.csv
VPICMODEL,9303,LN8000,person.csv;vehicle.csv
VPICMODEL,9306,LNT9000,person.csv;vehicle.csv
VPICMODEL,9312,CF7000,person.csv;vehicle.csv
VPICMODEL,9337,Discovery,person.csv;vehicle.csv
VPICMODEL,9339,XK8,person.csv;vehicle.csv
VPICMODEL,9340,XJR,person.csv;vehicle.csv
VPICMODEL,9343,850 Series,person.csv;vehicle.csv
VPICMODEL,9345,Defender,person.csv;vehicle.csv
VPICMODEL,9355,WXLL,person.csv;vehicle.csv
VPICMODEL,9356,WG,person.csv;vehicle.csv
VPICMODEL,9360,WAH,person.csv;vehicle.csv
VPICMODEL,9364,WIA,person.csv;vehicle.csv
VPICMODEL,9370,VN,person.csv;vehicle.csv
VPICMODEL,9373,Previa,person.csv;vehicle.csv
VPICMODEL,9374,T100,person.csv;vehicle.csv
VPICMODEL,9379,Super Sports,person.csv;vehicle.csv
VPICMODEL,9381,Easy Riding,person.csv;vehicle.csv
VPICMODEL,9407,Dual Purpose/Off-Road Motorcycle,person.csv;vehicle.csv
VPICMODEL,9429,Rodeo/Amigo,person.csv;vehicle.csv
VPICMODEL,9430,CHN,person.csv;vehicle.csv
VPICMODEL,9431,MR,person.csv;vehicle.csv
VPICMODEL,9448,CT (Granite),person.csv;vehicle.csv
VPICMODEL,9449,RD,person.csv;vehicle.csv
VPICMODEL,9450,CX (Vision),person.csv;vehicle.csv
VPICMODEL,9452,740iL,person.csv;vehicle.csv
VPICMODEL,9454,CXN (Vision),person.csv;vehicle.csv
VPICMODEL,9455,CV (Granite),person.csv;vehicle.csv
VPICMODEL,9456,CH,person.csv;vehicle.csv
VPICMODEL,9458,CL,person.csv;vehicle.csv
VPICMODEL,9497,9100i,person.csv;vehicle.csv
VPICMODEL,9498,9200i,person.csv;vehicle.csv
VPICMODEL,9499,9400i,person.csv;vehicle.csv
VPICMODEL,9501,9900i,person.csv;vehicle.csv
VPICMODEL,9506,F-2574,person.csv;vehicle.csv
VPICMODEL,9515,4500/4700 LPX,person.csv;vehicle.csv
VPICMODEL,9516,4700 Low Profile,person.csv;vehicle.csv
VPICMODEL,9517,4900,person.csv;vehicle.csv
VPICMODEL,9518,F-4900,person.csv;vehicle.csv
VPICMODEL,9520,8100,person.csv;vehicle.csv
VPICMODEL,9526,4700,person.csv;vehicle.csv
VPICMODEL,9527,9200,person.csv;vehicle.csv
VPICMODEL,9528,9400,person.csv;vehicle.csv
VPICMODEL,9529,4300,person.csv;vehicle.csv
VPICMODEL,9530,9600,person.csv;vehicle.csv
VPICMODEL,9535,9300,person.csv;vehicle.csv
VPICMODEL,9537,9100,person.csv;vehicle.csv
VPICMODEL,9538,9900,person.csv;vehicle.csv
VPICMODEL,9542,F-5070,person.csv;vehicle.csv
VPICMODEL,9553,8200,person.csv;vehicle.csv
VPICMODEL,9567,M2,person.csv;vehicle.csv
VPICMODEL,9568,340i,person.csv;vehicle.csv
VPICMODEL,9570,M4,person.csv;vehicle.csv
VPICMODEL,9571,4900,person.csv;vehicle.csv
VPICMODEL,9572,5900,person.csv;vehicle.csv
VPICMODEL,9574,4700,person.csv;vehicle.csv
VPICMODEL,9576,5700,person.csv;vehicle.csv
VPICMODEL,9577,del Sol,person.csv;vehicle.csv
VPICMODEL,9599,L9511,person.csv;vehicle.csv
VPICMODEL,9601,L9513,person.csv;vehicle.csv
VPICMODEL,9607,L7500 series,person.csv;vehicle.csv
VPICMODEL,9608,L8500 series,person.csv;vehicle.csv
VPICMODEL,9609,L9500 series,person.csv;vehicle.csv
VPICMODEL,9610,A9500 series,person.csv;vehicle.csv
VPICMODEL,9674,YN50QT-5 / YN125-5 / YN150T-5 / YN250T-5 / YN300-5 etc.,person.csv;vehicle.csv
VPICMODEL,9677,YN50QT-8 / YN125-8 / YN150T-8 / YN250T-8 / YN300-8 etc.,person.csv;vehicle.csv
VPICMODEL,9684,YN50QT-29 / YN125-29 / YN150T-29 / YN250T-29 / YN300-29 etc.,person.csv;vehicle.csv
VPICMODEL,9703,T600,person.csv;vehicle.csv
VPICMODEL,9706,T800,person.csv;vehicle.csv
VPICMODEL,9710,C550,person.csv;vehicle.csv
VPICMODEL,9715,T2000,person.csv;vehicle.csv
VPICMODEL,9716,W900,person.csv;vehicle.csv
VPICMODEL,9718,377,person.csv;vehicle.csv
VPICMODEL,9719,372,person.csv;vehicle.csv
VPICMODEL,9734,352,person.csv;vehicle.csv
VPICMODEL,9797,LFS,person.csv;vehicle.csv
VPICMODEL,9804,USF-1E,person.csv;vehicle.csv
VPICMODEL,9806,Long Conv.,person.csv;vehicle.csv
VPICMODEL,9807,Med. Conv.,person.csv;vehicle.csv
VPICMODEL,9848,LSV,person.csv;vehicle.csv
VPICMODEL,9851,M Series,person.csv;vehicle.csv
VPICMODEL,9868,Blackhawk,person.csv;vehicle.csv
VPICMODEL,9928,Huracan,person.csv;vehicle.csv
VPICMODEL,10007,CBR650,person.csv;vehicle.csv
VPICMODEL,10011,Merc,person.csv;vehicle.csv
VPICMODEL,10026,Mastiff,person.csv;vehicle.csv
VPICMODEL,10027,Chopper,person.csv;vehicle.csv
VPICMODEL,10030,Chopper - DT,person.csv;vehicle.csv
VPICMODEL,10043,Metro,person.csv;vehicle.csv
VPICMODEL,10045,S 1000 XR,person.csv;vehicle.csv
VPICMODEL,10046,R 1200 RS,person.csv;vehicle.csv
VPICMODEL,10049,900,person.csv;vehicle.csv
VPICMODEL,10050,9000,person.csv;vehicle.csv
VPICMODEL,10085,GSX-R750L,person.csv;vehicle.csv
VPICMODEL,10099,DF250RTS,person.csv;vehicle.csv
VPICMODEL,10137,DF50SST,person.csv;vehicle.csv
VPICMODEL,10161,DF150STE,person.csv;vehicle.csv
VPICMODEL,10169,Condor,person.csv;vehicle.csv
VPICMODEL,10174,Acterra,person.csv;vehicle.csv
VPICMODEL,10196,Street Twin,person.csv;vehicle.csv
VPICMODEL,10198,Mirai,person.csv;vehicle.csv
VPICMODEL,10199,Model X,person.csv;vehicle.csv
VPICMODEL,10202,CX-3,person.csv;vehicle.csv
VPICMODEL,10203,VZR1800BZL,person.csv;vehicle.csv
VPICMODEL,10206,V60CC,person.csv;vehicle.csv
VPICMODEL,10211,VL1500BL/VL1500TL,person.csv;vehicle.csv
VPICMODEL,10214,GSX1300RAL,person.csv;vehicle.csv
VPICMODEL,10229,GSX-S750ZL/GSX-S750L,person.csv;vehicle.csv
VPICMODEL,10235,DR-Z400SML,person.csv;vehicle.csv
VPICMODEL,10240,Sportster 1200,person.csv;vehicle.csv
VPICMODEL,10241,Scion iQ,person.csv;vehicle.csv
VPICMODEL,10246,GSX-S1000,person.csv;vehicle.csv
VPICMODEL,10248,GSX-S1000F,person.csv;vehicle.csv
VPICMODEL,10253,CB500,person.csv;vehicle.csv
VPICMODEL,10268,GSX600F,person.csv;vehicle.csv
VPICMODEL,10269,GSF600S,person.csv;vehicle.csv
VPICMODEL,10270,SV650/SV650S,person.csv;vehicle.csv
VPICMODEL,10271,GSX750F,person.csv;vehicle.csv
VPICMODEL,10272,VL800,person.csv;vehicle.csv
VPICMODEL,10274,VS1400GLP,person.csv;vehicle.csv
VPICMODEL,10275,VL1500,person.csv;vehicle.csv
VPICMODEL,10277,DR-Z400,person.csv;vehicle.csv
VPICMODEL,10287,RM65,person.csv;vehicle.csv
VPICMODEL,10290,Cascada,person.csv;vehicle.csv
VPICMODEL,10291,Grand Vitara,person.csv;vehicle.csv
VPICMODEL,10294,GSF1200S,person.csv;vehicle.csv
VPICMODEL,10296,SV650,person.csv;vehicle.csv
VPICMODEL,10297,CT6,person.csv;vehicle.csv
VPICMODEL,10326,Giulia (952),person.csv;vehicle.csv
VPICMODEL,10338,Trail Blazer,person.csv;vehicle.csv
VPICMODEL,10354,XC SP,person.csv;vehicle.csv
VPICMODEL,10356,XC,person.csv;vehicle.csv
VPICMODEL,10360,SKS,person.csv;vehicle.csv
VPICMODEL,10363,RZR,person.csv;vehicle.csv
VPICMODEL,10364,Ranger,person.csv;vehicle.csv
VPICMODEL,10367,Sportsman,person.csv;vehicle.csv
VPICMODEL,10368,Scrambler,person.csv;vehicle.csv
VPICMODEL,10378,Festiva,person.csv;vehicle.csv
VPICMODEL,10379,Base,person.csv;vehicle.csv
VPICMODEL,10391,RSV4,person.csv;vehicle.csv
VPICMODEL,10394,Tuono,person.csv;vehicle.csv
VPICMODEL,10396,500X,person.csv;vehicle.csv
VPICMODEL,10424,Fortwo,person.csv;vehicle.csv
VPICMODEL,10435,B5,person.csv;vehicle.csv
VPICMODEL,10447,JET 50,person.csv;vehicle.csv
VPICMODEL,10456,LANCE CALI CLASSIC/LANCE HAVANA CLASSIC/LANCE PCH/LANCE CABO/LANCE SOHO 50,person.csv;vehicle.csv
VPICMODEL,10544,Roadster/Outlaw,person.csv;vehicle.csv
VPICMODEL,10546,Slammer,person.csv;vehicle.csv
VPICMODEL,10588,Dyna Super Glide,person.csv;vehicle.csv
VPICMODEL,10619,XR400R,person.csv;vehicle.csv
VPICMODEL,10622,TRX450ER,person.csv;vehicle.csv
VPICMODEL,10653,Prairie 650,person.csv;vehicle.csv
VPICMODEL,10655,ZX-6RR,person.csv;vehicle.csv
VPICMODEL,10656,ZR-7S,person.csv;vehicle.csv
VPICMODEL,10657,Brute Force 750,person.csv;vehicle.csv
VPICMODEL,10659,Ninja ZX-9R,person.csv;vehicle.csv
VPICMODEL,10791,FourTrax,person.csv;vehicle.csv
VPICMODEL,10792,TRX400X,person.csv;vehicle.csv
VPICMODEL,10793,Club Car,person.csv;vehicle.csv
VPICMODEL,10794,EZ GO,person.csv;vehicle.csv
VPICMODEL,10795,Yamaha,person.csv;vehicle.csv
VPICMODEL,10955,Superbike,person.csv;vehicle.csv
VPICMODEL,10957,TRX450R,person.csv;vehicle.csv
VPICMODEL,10958,CRF70F,person.csv;vehicle.csv
VPICMODEL,10959,CRF100F,person.csv;vehicle.csv
VPICMODEL,10960,CR250,person.csv;vehicle.csv
VPICMODEL,10962,Ram Van,person.csv;vehicle.csv
VPICMODEL,10963,Ram Wagon,person.csv;vehicle.csv
VPICMODEL,10967,CTP (Granite),person.csv;vehicle.csv
VPICMODEL,10970,DM,person.csv;vehicle.csv
VPICMODEL,10978,GMT-400,person.csv;vehicle.csv
VPICMODEL,10985,GMT-400,person.csv;vehicle.csv
VPICMODEL,10988,Trax,person.csv;vehicle.csv
VPICMODEL,10997,LS1,person.csv;vehicle.csv
VPICMODEL,10998,LS2,person.csv;vehicle.csv
VPICMODEL,10999,LW2,person.csv;vehicle.csv
VPICMODEL,11004,MD50QT-3,person.csv;vehicle.csv
VPICMODEL,11042,CVO Road King,person.csv;vehicle.csv
VPICMODEL,11043,CVO Softail Deluxe,person.csv;vehicle.csv
VPICMODEL,11053,FXDB / Dyna Street Bob,person.csv;vehicle.csv
VPICMODEL,11055,Dyna Fat Bob,person.csv;vehicle.csv
VPICMODEL,11056,Dyna Wide Glide,person.csv;vehicle.csv
VPICMODEL,11060,Softail Slim 103,person.csv;vehicle.csv
VPICMODEL,11062,Fat Boy 103,person.csv;vehicle.csv
VPICMODEL,11064,Softail Deluxe 103,person.csv;vehicle.csv
VPICMODEL,11065,Blackline,person.csv;vehicle.csv
VPICMODEL,11067,1200 Custom / 1200 Custom Anniversary,person.csv;vehicle.csv
VPICMODEL,11073,Sonoma,person.csv;vehicle.csv
VPICMODEL,11074,FLHRC103 / Road King Classic 103,person.csv;vehicle.csv
VPICMODEL,11075,Electra Glide Classic 103,person.csv;vehicle.csv
VPICMODEL,11077,Street Glide 103,person.csv;vehicle.csv
VPICMODEL,11078,Road Glide Custom 103,person.csv;vehicle.csv
VPICMODEL,11084,CVO Ultra Classic Electra Glide,person.csv;vehicle.csv
VPICMODEL,11085,CVO Road Glide Custom,person.csv;vehicle.csv
VPICMODEL,11086,CVO Softail Convertible,person.csv;vehicle.csv
VPICMODEL,11087,Dyna Super Glide Custom,person.csv;vehicle.csv
VPICMODEL,11089,YY250T-2,person.csv;vehicle.csv
VPICMODEL,11117,Fat Boy Lo 103,person.csv;vehicle.csv
VPICMODEL,11121,Electra Glide Ultra Limited,person.csv;vehicle.csv
VPICMODEL,11122,Tri Glide Ultra Classic,person.csv;vehicle.csv
VPICMODEL,11128,Cross Bones,person.csv;vehicle.csv
VPICMODEL,11130,Rocker C,person.csv;vehicle.csv
VPICMODEL,11131,Sportster 1200 Low,person.csv;vehicle.csv
VPICMODEL,11135,YY50QT-21,person.csv;vehicle.csv
VPICMODEL,11136,FLHRCI / Road King Classic,person.csv;vehicle.csv
VPICMODEL,11137,Electra Glide Classic,person.csv;vehicle.csv
VPICMODEL,11138,Road Glide Custom,person.csv;vehicle.csv
VPICMODEL,11139,Street Glide Trike,person.csv;vehicle.csv
VPICMODEL,11141,V-Rod,person.csv;vehicle.csv
VPICMODEL,11142,Electra Glide Standard,person.csv;vehicle.csv
VPICMODEL,11144,Sportster 883 Low,person.csv;vehicle.csv
VPICMODEL,11145,Softail Custom,person.csv;vehicle.csv
VPICMODEL,11146,Heritage Softail,person.csv;vehicle.csv
VPICMODEL,11147,Night Train,person.csv;vehicle.csv
VPICMODEL,11152,4900E,person.csv;vehicle.csv
VPICMODEL,11157,Rocker,person.csv;vehicle.csv
VPICMODEL,11159,FXDLI / Dyna Low Rider,person.csv;vehicle.csv
VPICMODEL,11161,Sportster 883,person.csv;vehicle.csv
VPICMODEL,11162,Sportster 883 Custom,person.csv;vehicle.csv
VPICMODEL,11163,Sportster 883R,person.csv;vehicle.csv
VPICMODEL,11164,Sportster 1200 Roadster,person.csv;vehicle.csv
VPICMODEL,11175,Softail Springer,person.csv;vehicle.csv
VPICMODEL,11196,Road King Custom,person.csv;vehicle.csv
VPICMODEL,11197,Softail Standard,person.csv;vehicle.csv
VPICMODEL,11198,Softail Springer Classic,person.csv;vehicle.csv
VPICMODEL,11199,Softail Deuce,person.csv;vehicle.csv
VPICMODEL,11202,Street Rod,person.csv;vehicle.csv
VPICMODEL,11203,Night Rod,person.csv;vehicle.csv
VPICMODEL,11215,Screamin' Eagle Ultra Classic Electra Glide,person.csv;vehicle.csv
VPICMODEL,11277,Sportster 1200 Custom HD1 Base,person.csv;vehicle.csv
VPICMODEL,11283,Ultra Classic Low,person.csv;vehicle.csv
VPICMODEL,11288,Electra Glide Ultra Limited Shrine,person.csv;vehicle.csv
VPICMODEL,11289,Sportster XL1200 Superlow,person.csv;vehicle.csv
VPICMODEL,11290,CVO Street Glide Special,person.csv;vehicle.csv
VPICMODEL,11292,CVO Electra Glide Ultra Limited,person.csv;vehicle.csv
VPICMODEL,11294,FLHTP / Electra Glide Standard Police,person.csv;vehicle.csv
VPICMODEL,11296,Heritage Softail Classic Shrine,person.csv;vehicle.csv
VPICMODEL,11312,CVO Road Glide Custom 2,person.csv;vehicle.csv
VPICMODEL,11313,CVO Ultra Classic Electra Glide 8,person.csv;vehicle.csv
VPICMODEL,11319,Road King Shrine,person.csv;vehicle.csv
VPICMODEL,11320,Electra Glide Ultra Classic Shrine,person.csv;vehicle.csv
VPICMODEL,11321,Super 8,person.csv;vehicle.csv
VPICMODEL,11322,K-Pipe,person.csv;vehicle.csv
VPICMODEL,11323,Road Glide Ultra 103,person.csv;vehicle.csv
VPICMODEL,11324,Blackline 103,person.csv;vehicle.csv
VPICMODEL,11327,Electra Glide Ultra Classic 103 Shrine,person.csv;vehicle.csv
VPICMODEL,11328,Electra Glide Ultra Classic 103,person.csv;vehicle.csv
VPICMODEL,11329,Road King 103,person.csv;vehicle.csv
VPICMODEL,11330,Nightster,person.csv;vehicle.csv
VPICMODEL,11331,Sportster 883 Superlow,person.csv;vehicle.csv
VPICMODEL,11332,Heritage Softail Classic 103,person.csv;vehicle.csv
VPICMODEL,11343,CVO Street Glide 2,person.csv;vehicle.csv
VPICMODEL,11344,CVO Softail Convertible 2,person.csv;vehicle.csv
VPICMODEL,11349,XR1200,person.csv;vehicle.csv
VPICMODEL,11352,CVO Road Glide 3,person.csv;vehicle.csv
VPICMODEL,11353,CVO Softail Springer 3,person.csv;vehicle.csv
VPICMODEL,11354,CVO Ultra Classic Electra Glide 4,person.csv;vehicle.csv
VPICMODEL,11355,CVO Fat Bob,person.csv;vehicle.csv
VPICMODEL,11382,CVO Road King 3,person.csv;vehicle.csv
VPICMODEL,11387,SA50P,person.csv;vehicle.csv
VPICMODEL,11388,Sportster XL883 Low,person.csv;vehicle.csv
VPICMODEL,11389,CVO V-Rod 2,person.csv;vehicle.csv
VPICMODEL,11391,CVO Fat Boy 2,person.csv;vehicle.csv
VPICMODEL,11394,Dyna Super Glide Sport,person.csv;vehicle.csv
VPICMODEL,11397,Fat Boy Anniversary,person.csv;vehicle.csv
VPICMODEL,11400,CVO Electra Glide,person.csv;vehicle.csv
VPICMODEL,11401,Electra Glide Classic Shrine,person.csv;vehicle.csv
VPICMODEL,11409,XR250R,person.csv;vehicle.csv
VPICMODEL,11410,Sportster 883 Hugger,person.csv;vehicle.csv
VPICMODEL,11412,Sportster 1200 Sport,person.csv;vehicle.csv
VPICMODEL,11413,Dyna Super Glide T-Sport,person.csv;vehicle.csv
VPICMODEL,11414,V-Rod 100th Anniversary / V-Rod,person.csv;vehicle.csv
VPICMODEL,11415,Dyna Low Rider 100th Anniversary / Dyna Low Rider,person.csv;vehicle.csv
VPICMODEL,11416,Heritage Springer,person.csv;vehicle.csv
VPICMODEL,11417,CVO Softail Deuce,person.csv;vehicle.csv
VPICMODEL,11419,Electra Glide Classic 100th Anniversary / Electra Glide Classic,person.csv;vehicle.csv
VPICMODEL,11420,CVO Dyna Wide Glide 3,person.csv;vehicle.csv
VPICMODEL,11422,CVO Road Glide 2,person.csv;vehicle.csv
VPICMODEL,11423,Dyna Convertible,person.csv;vehicle.csv
VPICMODEL,11424,CVO Road Glide,person.csv;vehicle.csv
VPICMODEL,11438,Envision,person.csv;vehicle.csv
VPICMODEL,11440,XE,person.csv;vehicle.csv
VPICMODEL,11441,F-Pace,person.csv;vehicle.csv
VPICMODEL,11442,XT5,person.csv;vehicle.csv
VPICMODEL,11445,Ghibli,person.csv;vehicle.csv
VPICMODEL,11446,Levante,person.csv;vehicle.csv
VPICMODEL,11447,Elantra GT,person.csv;vehicle.csv
VPICMODEL,11448,124 Spider,person.csv;vehicle.csv
VPICMODEL,11451,Metris,person.csv;vehicle.csv
VPICMODEL,11466,LT62A,person.csv;vehicle.csv
VPICMODEL,11467,LT62F,person.csv;vehicle.csv
VPICMODEL,11470,LT62T,person.csv;vehicle.csv
VPICMODEL,11472,YN50QT-9 / YN150T-9 / YN250T-9 / YN125-9 / YN300-9,person.csv;vehicle.csv
VPICMODEL,11483,S-10 Pickup,person.csv;vehicle.csv
VPICMODEL,11488,Suburban,person.csv;vehicle.csv
VPICMODEL,11489,C/K Pickup,person.csv;vehicle.csv
VPICMODEL,11490,C/K Pickup,person.csv;vehicle.csv
VPICMODEL,11498,Trans Sport,person.csv;vehicle.csv
VPICMODEL,11501,Scion iM,person.csv;vehicle.csv
VPICMODEL,11502,Blazer,person.csv;vehicle.csv
VPICMODEL,11503,Jimmy Utility,person.csv;vehicle.csv
VPICMODEL,11505,EZ - Rider II MAX,person.csv;vehicle.csv
VPICMODEL,11524,FXR3,person.csv;vehicle.csv
VPICMODEL,11531,FLHPI,person.csv;vehicle.csv
VPICMODEL,11533,FLHTCUI w/Shrine,person.csv;vehicle.csv
VPICMODEL,11534,FLHTPI / Electra Glide Standard Police,person.csv;vehicle.csv
VPICMODEL,11540,FLSTC / Heritage Softail Classic,person.csv;vehicle.csv
VPICMODEL,11541,FXSTC,person.csv;vehicle.csv
VPICMODEL,11542,FXSTS / Springer Softail,person.csv;vehicle.csv
VPICMODEL,11543,FLSTF / Fat Boy,person.csv;vehicle.csv
VPICMODEL,11545,FLSTN,person.csv;vehicle.csv
VPICMODEL,11549,FXSTB / Night Train,person.csv;vehicle.csv
VPICMODEL,11555,XL1200C/XL1200C Anniversary,person.csv;vehicle.csv
VPICMODEL,11559,FLHT,person.csv;vehicle.csv
VPICMODEL,11560,FLHTC w/Fairing (Police),person.csv;vehicle.csv
VPICMODEL,11562,FLHTC / Electra Glide Classic,person.csv;vehicle.csv
VPICMODEL,11563,FLTC Ultra,person.csv;vehicle.csv
VPICMODEL,11564,FLHTC Ultra,person.csv;vehicle.csv
VPICMODEL,11566,FLHTC Ultra w/Shrine,person.csv;vehicle.csv
VPICMODEL,11567,FLHTCUI,person.csv;vehicle.csv
VPICMODEL,11568,FLHTCUI / FLHTCUI Anniversary,person.csv;vehicle.csv
VPICMODEL,11569,FLHR,person.csv;vehicle.csv
VPICMODEL,11570,FLHTCI,person.csv;vehicle.csv
VPICMODEL,11573,FLTR / Road Glide,person.csv;vehicle.csv
VPICMODEL,11575,FLHRCI,person.csv;vehicle.csv
VPICMODEL,11577,FLTRI/FLTRI Anniversary,person.csv;vehicle.csv
VPICMODEL,11578,FXDL / Dyna Low Rider,person.csv;vehicle.csv
VPICMODEL,11579,FXDWG,person.csv;vehicle.csv
VPICMODEL,11580,FXDWG/FXDWG Anniversary,person.csv;vehicle.csv
VPICMODEL,11581,FXDS Conv,person.csv;vehicle.csv
VPICMODEL,11582,FXD,person.csv;vehicle.csv
VPICMODEL,11586,XL 883 / Sportster 883,person.csv;vehicle.csv
VPICMODEL,11587,XL 1200,person.csv;vehicle.csv
VPICMODEL,11589,XR600R,person.csv;vehicle.csv
VPICMODEL,11590,TRX200D,person.csv;vehicle.csv
VPICMODEL,11592,TRX250,person.csv;vehicle.csv
VPICMODEL,11593,TRX300,person.csv;vehicle.csv
VPICMODEL,11594,TRX300EX,person.csv;vehicle.csv
VPICMODEL,11596,TRX300FW,person.csv;vehicle.csv
VPICMODEL,11602,TRX450ES,person.csv;vehicle.csv
VPICMODEL,11603,TRX400EX,person.csv;vehicle.csv
VPICMODEL,11604,9-2X,person.csv;vehicle.csv
VPICMODEL,11609,VMX17 (V-MAX),person.csv;vehicle.csv
VPICMODEL,11616,XV250 V Star 250,person.csv;vehicle.csv
VPICMODEL,11619,XVS1100 / V Star 1100,person.csv;vehicle.csv
VPICMODEL,11624,XV1700 Road Star,person.csv;vehicle.csv
VPICMODEL,11625,XV1700 Road Warrior,person.csv;vehicle.csv
VPICMODEL,11626,XV1900 Roadliner,person.csv;vehicle.csv
VPICMODEL,11627,XV1900 Stratoliner,person.csv;vehicle.csv
VPICMODEL,11628,XV1900 Raider,person.csv;vehicle.csv
VPICMODEL,11631,TT-R125,person.csv;vehicle.csv
VPICMODEL,11635,TT-R230,person.csv;vehicle.csv
VPICMODEL,11641,YZ85,person.csv;vehicle.csv
VPICMODEL,11642,YZ125,person.csv;vehicle.csv
VPICMODEL,11643,YZ250,person.csv;vehicle.csv
VPICMODEL,11646,XC125 Vino 125 / YJ125 (Canada),person.csv;vehicle.csv
VPICMODEL,11647,CP250 Morphous,person.csv;vehicle.csv
VPICMODEL,11653,CMX250 (Rebel),person.csv;vehicle.csv
VPICMODEL,11670,VT1300 (Stateline),person.csv;vehicle.csv
VPICMODEL,11674,XR650,person.csv;vehicle.csv
VPICMODEL,11689,TRX420 (FourTrax Rancher),person.csv;vehicle.csv
VPICMODEL,11692,YFM250 (Raptor 250),person.csv;vehicle.csv
VPICMODEL,11693,YFM250 (Big Bear 250),person.csv;vehicle.csv
VPICMODEL,11694,YFM350 (Grizzly 350),person.csv;vehicle.csv
VPICMODEL,11716,YFZ450,person.csv;vehicle.csv
VPICMODEL,11717,YFZ450R,person.csv;vehicle.csv
VPICMODEL,11718,TRX420,person.csv;vehicle.csv
VPICMODEL,11722,YFM660 (Grizzly 660),person.csv;vehicle.csv
VPICMODEL,11725,YFM700 (Raptor 700),person.csv;vehicle.csv
VPICMODEL,11728,TRX500 (FourTrax Foreman),person.csv;vehicle.csv
VPICMODEL,11762,NSS300 (FORZA),person.csv;vehicle.csv
VPICMODEL,11782,CRF125,person.csv;vehicle.csv
VPICMODEL,11803,CBR500,person.csv;vehicle.csv
VPICMODEL,11827,CBR300,person.csv;vehicle.csv
VPICMODEL,11837,TRX250 (FourTrax Recon),person.csv;vehicle.csv
VPICMODEL,11860,YXR660F (Rhino 660),person.csv;vehicle.csv
VPICMODEL,11875,MSX125 (Grom),person.csv;vehicle.csv
VPICMODEL,11888,YFS200 Blaster,person.csv;vehicle.csv
VPICMODEL,11889,YFM350 (Bruin 350),person.csv;vehicle.csv
VPICMODEL,11901,XV250 (Virago 250),person.csv;vehicle.csv
VPICMODEL,11903,ST1300A,person.csv;vehicle.csv
VPICMODEL,11909,FZS1000,person.csv;vehicle.csv
VPICMODEL,11914,Chief Dark Horse,person.csv;vehicle.csv
VPICMODEL,11915,Chief Vintage,person.csv;vehicle.csv
VPICMODEL,11916,Springfield,person.csv;vehicle.csv
VPICMODEL,11917,Chieftain Dark Horse,person.csv;vehicle.csv
VPICMODEL,11918,Chieftan,person.csv;vehicle.csv
VPICMODEL,11919,Chief Roadmaster,person.csv;vehicle.csv
VPICMODEL,11920,Scout ABS,person.csv;vehicle.csv
VPICMODEL,11922,Scout,person.csv;vehicle.csv
VPICMODEL,11924,Scout Sixty,person.csv;vehicle.csv
VPICMODEL,11929,YJ50R Vino,person.csv;vehicle.csv
VPICMODEL,11934,YFZ350 Banshee,person.csv;vehicle.csv
VPICMODEL,11939,YFM660 (Raptor 660),person.csv;vehicle.csv
VPICMODEL,11975,CBR1000,person.csv;vehicle.csv
VPICMODEL,11982,YFM350 (Warrior 350),person.csv;vehicle.csv
VPICMODEL,11993,CRF80F,person.csv;vehicle.csv
VPICMODEL,12005,XV1600 Road Star,person.csv;vehicle.csv
VPICMODEL,12006,XV1600 Road Star Classic,person.csv;vehicle.csv
VPICMODEL,12008,YFM400 (Kodiak 400),person.csv;vehicle.csv
VPICMODEL,12015,WR426F,person.csv;vehicle.csv
VPICMODEL,12016,YZ426F,person.csv;vehicle.csv
VPICMODEL,12018,CW50 / Zuma II,person.csv;vehicle.csv
VPICMODEL,12042,VMX12 (V-MAX),person.csv;vehicle.csv
VPICMODEL,12047,YZ80,person.csv;vehicle.csv
VPICMODEL,12058,VT750 (Shadow Aero),person.csv;vehicle.csv
VPICMODEL,12093,FZR600,person.csv;vehicle.csv
VPICMODEL,12123,VT1300 (Fury),person.csv;vehicle.csv
VPICMODEL,12132,VT750 (Shadow Phantom),person.csv;vehicle.csv
VPICMODEL,12137,VT750 (Shadow Ace 750),person.csv;vehicle.csv
VPICMODEL,12146,FSC600 (Silver Wing),person.csv;vehicle.csv
VPICMODEL,12152,YM350UB Big Bear,person.csv;vehicle.csv
VPICMODEL,12159,YFH250U Timberwolf,person.csv;vehicle.csv
VPICMODEL,12160,VT1300 (Interstate),person.csv;vehicle.csv
VPICMODEL,12162,NSA700A/DN-01,person.csv;vehicle.csv
VPICMODEL,12183,VFR800 (INTERCEPTOR),person.csv;vehicle.csv
VPICMODEL,12219,YFM350 (Moto4 350),person.csv;vehicle.csv
VPICMODEL,12220,GL1100 (GOLDWING),person.csv;vehicle.csv
VPICMODEL,12221,GL1200 (GOLDWING),person.csv;vehicle.csv
VPICMODEL,12222,VT600C (SHADOW VLX),person.csv;vehicle.csv
VPICMODEL,12224,VT1100C (SHADOW SPIRIT 1100),person.csv;vehicle.csv
VPICMODEL,12225,VT1100C2 (SHADOW SABRE),person.csv;vehicle.csv
VPICMODEL,12230,VTX1800F1/VTX1800F,person.csv;vehicle.csv
VPICMODEL,12251,XJ600 SECA II,person.csv;vehicle.csv
VPICMODEL,12258,XV750 (Virago 750),person.csv;vehicle.csv
VPICMODEL,12318,CB900,person.csv;vehicle.csv
VPICMODEL,12319,CB900 (919),person.csv;vehicle.csv
VPICMODEL,12360,TRX350FM,person.csv;vehicle.csv
VPICMODEL,12372,TRX650FA (Rincon),person.csv;vehicle.csv
VPICMODEL,12375,NSS250A (REFLEX),person.csv;vehicle.csv
VPICMODEL,12382,VT600CD (SHADOW VLX DELUXE),person.csv;vehicle.csv
VPICMODEL,12387,VT750 (Shadow Spirit 750),person.csv;vehicle.csv
VPICMODEL,12390,VTX1800C1/VTX1800C,person.csv;vehicle.csv
VPICMODEL,12392,VTX1800F2/VTX1800F,person.csv;vehicle.csv
VPICMODEL,12415,TRX400FA (FourTrax Rancher AT),person.csv;vehicle.csv
VPICMODEL,12418,CH80 (Elite),person.csv;vehicle.csv
VPICMODEL,12457,VTX1300T,person.csv;vehicle.csv
VPICMODEL,12459,VTX1800C3/VTX1800C,person.csv;vehicle.csv
VPICMODEL,12474,RVT1000R (RC51),person.csv;vehicle.csv
VPICMODEL,12485,TRX350FE (FourTrax Rancher),person.csv;vehicle.csv
VPICMODEL,12488,TRX350TM (FourTrax Rancher),person.csv;vehicle.csv
VPICMODEL,12493,VTR1000F (SUPERHAWK),person.csv;vehicle.csv
VPICMODEL,12503,VTX1800C1 (VTX),person.csv;vehicle.csv
VPICMODEL,12506,VTX1800F1 (VTX),person.csv;vehicle.csv
VPICMODEL,12508,VTX1800N3 (VTX),person.csv;vehicle.csv
VPICMODEL,12509,VTX1800N2 (VTX),person.csv;vehicle.csv
VPICMODEL,12515,VTX1800S2 (VTX),person.csv;vehicle.csv
VPICMODEL,12520,VTX1800F3 (VTX),person.csv;vehicle.csv
VPICMODEL,12528,TRX250 (Recon),person.csv;vehicle.csv
VPICMODEL,12548,VTX1800C (VTX),person.csv;vehicle.csv
VPICMODEL,12554,CB750 (Nighthawk 750),person.csv;vehicle.csv
VPICMODEL,12555,VF750C (MAGNA),person.csv;vehicle.csv
VPICMODEL,12564,CBR900/CBR954,person.csv;vehicle.csv
VPICMODEL,12565,CBR900/CBR929,person.csv;vehicle.csv
VPICMODEL,12568,VTX1800R (VTX),person.csv;vehicle.csv
VPICMODEL,12572,XR50,person.csv;vehicle.csv
VPICMODEL,12573,CR80,person.csv;vehicle.csv
VPICMODEL,12575,XR80R,person.csv;vehicle.csv
VPICMODEL,12579,G80,person.csv;vehicle.csv
VPICMODEL,12580,G90,person.csv;vehicle.csv
VPICMODEL,12581,VFR800Fi (INTERCEPTOR),person.csv;vehicle.csv
VPICMODEL,12583,ST1100A,person.csv;vehicle.csv
VPICMODEL,12584,VT1100C3 (SHADOW AERO),person.csv;vehicle.csv
VPICMODEL,12585,GL1500C (VALKYRIE),person.csv;vehicle.csv
VPICMODEL,12587,GL1500CT (VALKYRIE TOURER),person.csv;vehicle.csv
VPICMODEL,12589,GL1500SE (GOLD WING SE),person.csv;vehicle.csv
VPICMODEL,12593,Iron 883,person.csv;vehicle.csv
VPICMODEL,12594,XL1200C/SPORSTER 1200 CUSTOM,person.csv;vehicle.csv
VPICMODEL,12596,XL1200X / FORTY-EIGHT,person.csv;vehicle.csv
VPICMODEL,12597,XL1200V / SEVENTY-TWO,person.csv;vehicle.csv
VPICMODEL,12598,XL1200T / SUPERLOW 1200T,person.csv;vehicle.csv
VPICMODEL,12599,XL1200CX / ROADSTER,person.csv;vehicle.csv
VPICMODEL,12601,FXDL103 / Low Rider,person.csv;vehicle.csv
VPICMODEL,12602,FXDLS / Low Rider S,person.csv;vehicle.csv
VPICMODEL,12603,FXDB103 / Dyna Street Bob,person.csv;vehicle.csv
VPICMODEL,12604,FXDBP103 / Dyna Street Bob,person.csv;vehicle.csv
VPICMODEL,12605,FXDF103 / FAT BOB,person.csv;vehicle.csv
VPICMODEL,12606,FXDWG103 / WIDE GLIDE,person.csv;vehicle.csv
VPICMODEL,12609,FLS103 / SOFTAIL SLIM,person.csv;vehicle.csv
VPICMODEL,12611,FLSTC103 / Heritage Softail Classic,person.csv;vehicle.csv
VPICMODEL,12612,FLSTF103 / Fat Boy,person.csv;vehicle.csv
VPICMODEL,12617,FXSB103 / BREAKOUT,person.csv;vehicle.csv
VPICMODEL,12619,FLHP / Police Road King,person.csv;vehicle.csv
VPICMODEL,12621,FLHR / Road King,person.csv;vehicle.csv
VPICMODEL,12622,FLHTCU / Electra Glide Ultra Classic,person.csv;vehicle.csv
VPICMODEL,12623,FLHTCUL / ELECTRA GLIDE ULTRA CLASSIC LOW,person.csv;vehicle.csv
VPICMODEL,12624,FLHTK / ULTRA LIMITED,person.csv;vehicle.csv
VPICMODEL,12625,FLHTKL / ULTRA LIMITED LOW,person.csv;vehicle.csv
VPICMODEL,12626,FLHTK SHRINE / ULTRA LIMITED SHRINE,person.csv;vehicle.csv
VPICMODEL,12627,FLHTP / Police Electra Glide,person.csv;vehicle.csv
VPICMODEL,12628,FLHX / Street Glide,person.csv;vehicle.csv
VPICMODEL,12629,FLHXS / Street Glide Special,person.csv;vehicle.csv
VPICMODEL,12630,FLTRX / Road Glide,person.csv;vehicle.csv
VPICMODEL,12631,FLTRXS / Road Glide Special,person.csv;vehicle.csv
VPICMODEL,12632,FLTRU / Road Glide Ultra,person.csv;vehicle.csv
VPICMODEL,12633,FLHTCUTG / Tri Glide Ultra,person.csv;vehicle.csv
VPICMODEL,12634,FLRT / Freewheeler,person.csv;vehicle.csv
VPICMODEL,12635,FLHTKSE / CVO Limited,person.csv;vehicle.csv
VPICMODEL,12637,FLTRUSE / CVO Road Glide Ultra,person.csv;vehicle.csv
VPICMODEL,12638,FXSE / CVO Pro Street Breakout,person.csv;vehicle.csv
VPICMODEL,12639,FLHXSE / CVO Street Glide,person.csv;vehicle.csv
VPICMODEL,12641,XG750 / Street 750,person.csv;vehicle.csv
VPICMODEL,12647,VT1100T (SHADOW ACE TOURER),person.csv;vehicle.csv
VPICMODEL,12654,VF750C2 (MAGNA),person.csv;vehicle.csv
VPICMODEL,12658,GL1500A (GOLD WING ASPENCADE),person.csv;vehicle.csv
VPICMODEL,12662,VT1100C2 (SHADOW ACE),person.csv;vehicle.csv
VPICMODEL,12684,TBR7,person.csv;vehicle.csv
VPICMODEL,12709,GL1500i,person.csv;vehicle.csv
VPICMODEL,12718,XVS1300 (Star Stryker),person.csv;vehicle.csv
VPICMODEL,12732,FJ09,person.csv;vehicle.csv
VPICMODEL,12734,FZ07,person.csv;vehicle.csv
VPICMODEL,12740,TW200,person.csv;vehicle.csv
VPICMODEL,12766,GSX-R1000R,person.csv;vehicle.csv
VPICMODEL,12793,KX65,person.csv;vehicle.csv
VPICMODEL,12797,KX250F,person.csv;vehicle.csv
VPICMODEL,12798,KX450,person.csv;vehicle.csv
VPICMODEL,12801,KLX110,person.csv;vehicle.csv
VPICMODEL,12803,KLX140,person.csv;vehicle.csv
VPICMODEL,12818,KFX450R,person.csv;vehicle.csv
VPICMODEL,12820,Brute Force 650,person.csv;vehicle.csv
VPICMODEL,12821,BAYOU 250,person.csv;vehicle.csv
VPICMODEL,12824,Ninja 500R,person.csv;vehicle.csv
VPICMODEL,12835,FLHTCI / Electra Glide Classic,person.csv;vehicle.csv
VPICMODEL,12837,FXD / Dyna Super Glide,person.csv;vehicle.csv
VPICMODEL,12838,FLHRI / Road King,person.csv;vehicle.csv
VPICMODEL,12858,KFX700,person.csv;vehicle.csv
VPICMODEL,12881,MULE PRO-FXT,person.csv;vehicle.csv
VPICMODEL,12882,Teryx,person.csv;vehicle.csv
VPICMODEL,12883,Teryx4,person.csv;vehicle.csv
VPICMODEL,12884,Brute Force 300,person.csv;vehicle.csv
VPICMODEL,12929,M750,person.csv;vehicle.csv
VPICMODEL,12943,Mule 3010,person.csv;vehicle.csv
VPICMODEL,12949,SBE,person.csv;vehicle.csv
VPICMODEL,12951,KX250,person.csv;vehicle.csv
VPICMODEL,12952,KLX300R,person.csv;vehicle.csv
VPICMODEL,12960,KX125,person.csv;vehicle.csv
VPICMODEL,12965,YFM450 (Grizzly 450),person.csv;vehicle.csv
VPICMODEL,12968,YFM550 (Grizzly 550),person.csv;vehicle.csv
VPICMODEL,12975,Prairie 700,person.csv;vehicle.csv
VPICMODEL,12988,ZX-12R,person.csv;vehicle.csv
VPICMODEL,12989,ZX-6R,person.csv;vehicle.csv
VPICMODEL,12997,Prairie 300,person.csv;vehicle.csv
VPICMODEL,13003,ZX-7R,person.csv;vehicle.csv
VPICMODEL,13016,RSV4 R,person.csv;vehicle.csv
VPICMODEL,13018,Bayou 220,person.csv;vehicle.csv
VPICMODEL,13019,Prairie 400,person.csv;vehicle.csv
VPICMODEL,13024,W650,person.csv;vehicle.csv
VPICMODEL,13025,Ninja ZX-11,person.csv;vehicle.csv
VPICMODEL,13031,ZRX 1100,person.csv;vehicle.csv
VPICMODEL,13051,Eliminator,person.csv;vehicle.csv
VPICMODEL,13058,DL650XAL/DL650AAL/DL650AL,person.csv;vehicle.csv
VPICMODEL,13062,LT-A500XCL/LT-A500XL,person.csv;vehicle.csv
VPICMODEL,13077,LT-A500XPCL/LT-A500XPL/LT-A500XPZL,person.csv;vehicle.csv
VPICMODEL,13083,GSX1300RAL/GSX1300RAZL,person.csv;vehicle.csv
VPICMODEL,13085,VL800TL,person.csv;vehicle.csv
VPICMODEL,13087,Tuono V4 1100 Factory,person.csv;vehicle.csv
VPICMODEL,13091,Caponord 1200 ADD,person.csv;vehicle.csv
VPICMODEL,13097,Z800,person.csv;vehicle.csv
VPICMODEL,13102,Ninja ZX-10RR,person.csv;vehicle.csv
VPICMODEL,13103,Z650,person.csv;vehicle.csv
VPICMODEL,13104,Z125 PRO,person.csv;vehicle.csv
VPICMODEL,13119,VL800CL/VL800L/VL800TL,person.csv;vehicle.csv
VPICMODEL,13126,GSX1300RL/GSX1300RZL,person.csv;vehicle.csv
VPICMODEL,13130,DL650A,person.csv;vehicle.csv
VPICMODEL,13131,GSX1300RL,person.csv;vehicle.csv
VPICMODEL,13145,LT-A500,person.csv;vehicle.csv
VPICMODEL,13149,LT-R450Z,person.csv;vehicle.csv
VPICMODEL,13154,LT-Z90,person.csv;vehicle.csv
VPICMODEL,13155,RM-Z250,person.csv;vehicle.csv
VPICMODEL,13157,DR-Z400S,person.csv;vehicle.csv
VPICMODEL,13158,DR650SE,person.csv;vehicle.csv
VPICMODEL,13161,DL650,person.csv;vehicle.csv
VPICMODEL,13162,GSX-R600,person.csv;vehicle.csv
VPICMODEL,13163,GSX-R750,person.csv;vehicle.csv
VPICMODEL,13165,GS500(GS500H)/GS500F(GS500FH),person.csv;vehicle.csv
VPICMODEL,13168,SFV650,person.csv;vehicle.csv
VPICMODEL,13170,TU250X,person.csv;vehicle.csv
VPICMODEL,13172,VL800/VL800C/VL800T,person.csv;vehicle.csv
VPICMODEL,13175,AN650,person.csv;vehicle.csv
VPICMODEL,13176,AN650AL,person.csv;vehicle.csv
VPICMODEL,13179,GSX-R1000,person.csv;vehicle.csv
VPICMODEL,13182,FXSTD / Softail Deuce,person.csv;vehicle.csv
VPICMODEL,13188,VZ800,person.csv;vehicle.csv
VPICMODEL,13189,SV1000S,person.csv;vehicle.csv
VPICMODEL,13190,VZR1800,person.csv;vehicle.csv
VPICMODEL,13205,GSF1200,person.csv;vehicle.csv
VPICMODEL,13224,VL800/VL800T/VL800Z,person.csv;vehicle.csv
VPICMODEL,13227,GSX600FK,person.csv;vehicle.csv
VPICMODEL,13230,VZ1600,person.csv;vehicle.csv
VPICMODEL,13233,GSX-R600K,person.csv;vehicle.csv
VPICMODEL,13235,GSX-R750K,person.csv;vehicle.csv
VPICMODEL,13236,GSX-R1000K,person.csv;vehicle.csv
VPICMODEL,13238,GSX1300RK,person.csv;vehicle.csv
VPICMODEL,13239,GZ250K,person.csv;vehicle.csv
VPICMODEL,13243,VZ800K,person.csv;vehicle.csv
VPICMODEL,13244,VL800K,person.csv;vehicle.csv
VPICMODEL,13246,VS1400GLPK,person.csv;vehicle.csv
VPICMODEL,13247,VL1500K,person.csv;vehicle.csv
VPICMODEL,13252,AN650K,person.csv;vehicle.csv
VPICMODEL,13256,DR-Z125LK,person.csv;vehicle.csv
VPICMODEL,13266,LT160K,person.csv;vehicle.csv
VPICMODEL,13273,LT-Z400K,person.csv;vehicle.csv
VPICMODEL,13275,LT-A500FK,person.csv;vehicle.csv
VPICMODEL,13282,GSF600SK,person.csv;vehicle.csv
VPICMODEL,13284,GSF1200SK/GSF1200K,person.csv;vehicle.csv
VPICMODEL,13285,SV650K/SV650SK,person.csv;vehicle.csv
VPICMODEL,13286,TL1000RK,person.csv;vehicle.csv
VPICMODEL,13287,SV1000K / SV1000SK,person.csv;vehicle.csv
VPICMODEL,13406,SL 1000,person.csv;vehicle.csv
VPICMODEL,13420,V7 Racer,person.csv;vehicle.csv
VPICMODEL,13427,850i,person.csv;vehicle.csv
VPICMODEL,13465,Vulcan 900 Custom,person.csv;vehicle.csv
VPICMODEL,13481,MULE PRO-FX,person.csv;vehicle.csv
VPICMODEL,13486,Super Duke R,person.csv;vehicle.csv
VPICMODEL,13487,Super Adventure,person.csv;vehicle.csv
VPICMODEL,13516,YXE700 (Wolverine),person.csv;vehicle.csv
VPICMODEL,13525,ZN50QT/ ZN150T,person.csv;vehicle.csv
VPICMODEL,13537,ZN50QT/ ZN150T/ZN250T/ZN300T,person.csv;vehicle.csv
VPICMODEL,13580,Crosstrek,person.csv;vehicle.csv
VPICMODEL,13602,86,person.csv;vehicle.csv
VPICMODEL,13603,Scion iA,person.csv;vehicle.csv
VPICMODEL,13606,X3 Passenger Coach,person.csv;vehicle.csv
VPICMODEL,13608,SANYOU MOTORCYCLE,person.csv;vehicle.csv
VPICMODEL,13620,1500,person.csv;vehicle.csv
VPICMODEL,13621,2500,person.csv;vehicle.csv
VPICMODEL,13622,3500,person.csv;vehicle.csv
VPICMODEL,13624,4500,person.csv;vehicle.csv
VPICMODEL,13625,5500,person.csv;vehicle.csv
VPICMODEL,13627,Promaster 1500,person.csv;vehicle.csv
VPICMODEL,13628,Promaster 2500,person.csv;vehicle.csv
VPICMODEL,13629,Promaster 3500,person.csv;vehicle.csv
VPICMODEL,13634,Impala Limited,person.csv;vehicle.csv
VPICMODEL,13670,Golf GTI,person.csv;vehicle.csv
VPICMODEL,13672,Bolt EV,person.csv;vehicle.csv
VPICMODEL,13739,3500 / 4500,person.csv;vehicle.csv
VPICMODEL,13740,4500HD,person.csv;vehicle.csv
VPICMODEL,13742,5500XD,person.csv;vehicle.csv
VPICMODEL,13750,Kovatch Mobile Equipment,person.csv;vehicle.csv
VPICMODEL,13751,DB11,person.csv;vehicle.csv
VPICMODEL,13753,LFW,person.csv;vehicle.csv
VPICMODEL,13754,BRT,person.csv;vehicle.csv
VPICMODEL,13756,416,person.csv;vehicle.csv
VPICMODEL,13786,520,person.csv;vehicle.csv
VPICMODEL,13800,V90CC,person.csv;vehicle.csv
VPICMODEL,13816,SD122,person.csv;vehicle.csv
VPICMODEL,13819,ML-Class,person.csv;vehicle.csv
VPICMODEL,13820,QX30,person.csv;vehicle.csv
VPICMODEL,13822,Prius V,person.csv;vehicle.csv
VPICMODEL,13823,Prius C,person.csv;vehicle.csv
VPICMODEL,13825,230i,person.csv;vehicle.csv
VPICMODEL,13826,M240i,person.csv;vehicle.csv
VPICMODEL,13827,430i,person.csv;vehicle.csv
VPICMODEL,13828,440i,person.csv;vehicle.csv
VPICMODEL,13839,GLC,person.csv;vehicle.csv
VPICMODEL,13842,Mirage G4,person.csv;vehicle.csv
VPICMODEL,13844,Golf R,person.csv;vehicle.csv
VPICMODEL,13846,944,person.csv;vehicle.csv
VPICMODEL,13855,458 Spider,person.csv;vehicle.csv
VPICMODEL,13865,T-Series,person.csv;vehicle.csv
VPICMODEL,13867,Outlander Sport,person.csv;vehicle.csv
VPICMODEL,13870,Conventional /Conventional Low Profile Truck,person.csv;vehicle.csv
VPICMODEL,13873,Octane,person.csv;vehicle.csv
VPICMODEL,13905,Metro,person.csv;vehicle.csv
VPICMODEL,13907,Cargo Van,person.csv;vehicle.csv
VPICMODEL,13935,High Cab Over Short,person.csv;vehicle.csv
VPICMODEL,13958,Tempo,person.csv;vehicle.csv
VPICMODEL,13979,F-600,person.csv;vehicle.csv
VPICMODEL,14005,GLS-Class,person.csv;vehicle.csv
VPICMODEL,14009,Polaris Utility Vehicle,person.csv;vehicle.csv
VPICMODEL,14014,300,person.csv;vehicle.csv
VPICMODEL,14019,C5,person.csv;vehicle.csv
VPICMODEL,14021,C6,person.csv;vehicle.csv
VPICMODEL,14022,C7,person.csv;vehicle.csv
VPICMODEL,14027,456 GT,person.csv;vehicle.csv
VPICMODEL,14032,T-Series,person.csv;vehicle.csv
VPICMODEL,14033,C4,person.csv;vehicle.csv
VPICMODEL,14034,C5,person.csv;vehicle.csv
VPICMODEL,14035,C6,person.csv;vehicle.csv
VPICMODEL,14036,C7,person.csv;vehicle.csv
VPICMODEL,14037,C8,person.csv;vehicle.csv
VPICMODEL,14041,T6F,person.csv;vehicle.csv
VPICMODEL,14042,T7F,person.csv;vehicle.csv
VPICMODEL,14060,CBR600,person.csv;vehicle.csv
VPICMODEL,14061,WCS,person.csv;vehicle.csv
VPICMODEL,14076,WIA,person.csv;vehicle.csv
VPICMODEL,14115,John Deere Utility Vehicle,person.csv;vehicle.csv
VPICMODEL,14118,240 Series,person.csv;vehicle.csv
VPICMODEL,14124,V40,person.csv;vehicle.csv
VPICMODEL,14133,NQR,person.csv;vehicle.csv
VPICMODEL,14145,XJ6,person.csv;vehicle.csv
VPICMODEL,14150,Bronco II,person.csv;vehicle.csv
VPICMODEL,14168,Prizm,person.csv;vehicle.csv
VPICMODEL,14183,Allante,person.csv;vehicle.csv
VPICMODEL,14185,Brougham,person.csv;vehicle.csv
VPICMODEL,14199,LTD,person.csv;vehicle.csv
VPICMODEL,14203,NPR,person.csv;vehicle.csv
VPICMODEL,14204,H-Series,person.csv;vehicle.csv
VPICMODEL,14247,John Deere Chassis,person.csv;vehicle.csv
VPICMODEL,14249,Clarity,person.csv;vehicle.csv
VPICMODEL,14263,Pick-Up,person.csv;vehicle.csv
VPICMODEL,14326,Spider,person.csv;vehicle.csv
VPICMODEL,14357,Versys-X 300,person.csv;vehicle.csv
VPICMODEL,14362,Reatta,person.csv;vehicle.csv
VPICMODEL,14363,SHADOW,person.csv;vehicle.csv
VPICMODEL,14385,200SX,person.csv;vehicle.csv
VPICMODEL,14409,GRAN FURY,person.csv;vehicle.csv
VPICMODEL,14412,NEWPORT,person.csv;vehicle.csv
VPICMODEL,14413,FIFTH AVENUE,person.csv;vehicle.csv
VPICMODEL,14422,Electra,person.csv;vehicle.csv
VPICMODEL,14457,S-10 Blazer,person.csv;vehicle.csv
VPICMODEL,14458,P Truck Forward,person.csv;vehicle.csv
VPICMODEL,14460,Celebrity,person.csv;vehicle.csv
VPICMODEL,14462,G-Series,person.csv;vehicle.csv
VPICMODEL,14464,Cutaway Chassis,person.csv;vehicle.csv
VPICMODEL,14465,Motorhome Chassis,person.csv;vehicle.csv
VPICMODEL,14467,Parisienne,person.csv;vehicle.csv
VPICMODEL,14469,P Truck Forward,person.csv;vehicle.csv
VPICMODEL,14471,Fiero,person.csv;vehicle.csv
VPICMODEL,14480,Cutaway Van,person.csv;vehicle.csv
VPICMODEL,14481,Rally,person.csv;vehicle.csv
VPICMODEL,14515,Nova,person.csv;vehicle.csv
VPICMODEL,14538,R Conventional,person.csv;vehicle.csv
VPICMODEL,14539,V Conventional,person.csv;vehicle.csv
VPICMODEL,14545,R Conventional,person.csv;vehicle.csv
VPICMODEL,14546,V Conventional,person.csv;vehicle.csv
VPICMODEL,14552,Cutlass Ciera,person.csv;vehicle.csv
VPICMODEL,14553,Delta 88,person.csv;vehicle.csv
VPICMODEL,14554,S15 Pickup,person.csv;vehicle.csv
VPICMODEL,14567,280ZX,person.csv;vehicle.csv
VPICMODEL,14569,KOMBI,person.csv;vehicle.csv
VPICMODEL,14582,NRR,person.csv;vehicle.csv
VPICMODEL,14585,R 65,person.csv;vehicle.csv
VPICMODEL,14593,GSX1100G,person.csv;vehicle.csv
VPICMODEL,14594,DR650S,person.csv;vehicle.csv
VPICMODEL,14609,GS700E,person.csv;vehicle.csv
VPICMODEL,14637,El Camino,person.csv;vehicle.csv
VPICMODEL,14645,FZR1000,person.csv;vehicle.csv
VPICMODEL,14676,XT600,person.csv;vehicle.csv
VPICMODEL,14677,FZ600,person.csv;vehicle.csv
VPICMODEL,14691,YX600 Radian,person.csv;vehicle.csv
VPICMODEL,14723,FJ1200,person.csv;vehicle.csv
VPICMODEL,14727,XJ700,person.csv;vehicle.csv
VPICMODEL,14785,Roadmaster,person.csv;vehicle.csv
VPICMODEL,14786,Chieftain Limited,person.csv;vehicle.csv
VPICMODEL,14791,CH150,person.csv;vehicle.csv
VPICMODEL,14796,VT700C (Shadow),person.csv;vehicle.csv
VPICMODEL,14805,VF1000R,person.csv;vehicle.csv
VPICMODEL,14815,Touring,person.csv;vehicle.csv
VPICMODEL,14820,Moto-Cross,person.csv;vehicle.csv
VPICMODEL,14831,Caravan,person.csv;vehicle.csv
VPICMODEL,14832,Grand Caravan,person.csv;vehicle.csv
VPICMODEL,14861,Voyager,person.csv;vehicle.csv
VPICMODEL,14862,Grand Voyager,person.csv;vehicle.csv
VPICMODEL,14864,RAM 50,person.csv;vehicle.csv
VPICMODEL,14868,D-Series,person.csv;vehicle.csv
VPICMODEL,14869,W-Series,person.csv;vehicle.csv
VPICMODEL,14871,Grand Wagoneer,person.csv;vehicle.csv
VPICMODEL,14877,SM,person.csv;vehicle.csv
VPICMODEL,14927,Wagoneer,person.csv;vehicle.csv
VPICMODEL,15042,ZX1000,person.csv;vehicle.csv
VPICMODEL,15049,EN450,person.csv;vehicle.csv
VPICMODEL,15063,ZN700,person.csv;vehicle.csv
VPICMODEL,15064,KZ750,person.csv;vehicle.csv
VPICMODEL,15073,CJ-7,person.csv;vehicle.csv
VPICMODEL,15084,Z900,person.csv;vehicle.csv
VPICMODEL,15086,CJ-5,person.csv;vehicle.csv
VPICMODEL,15093,2 lines,person.csv;vehicle.csv
VPICMODEL,15097,4 lines,person.csv;vehicle.csv
VPICMODEL,15099,5 lines,person.csv;vehicle.csv
VPICMODEL,15101,6 lines,person.csv;vehicle.csv
VPICMODEL,15105,8 lines,person.csv;vehicle.csv
VPICMODEL,15107,9 lines,person.csv;vehicle.csv
VPICMODEL,15109,10 lines,person.csv;vehicle.csv
VPICMODEL,15119,15 lines,person.csv;vehicle.csv
VPICMODEL,15131,Voyager,person.csv;vehicle.csv
VPICMODEL,15280,F-100,person.csv;vehicle.csv
VPICMODEL,15302,RW,vehicle.csv
VPICMODEL,15634,LUV,person.csv;vehicle.csv
VPICMODEL,15705,Niro,person.csv;vehicle.csv
VPICMODEL,15718,LB/BUS,person.csv;vehicle.csv
VPICMODEL,15724,XC/RV,person.csv;vehicle.csv
VPICMODEL,15771,MD26A,person.csv;vehicle.csv
VPICMODEL,15785,Conventional,person.csv;vehicle.csv
VPICMODEL,15792,FLHRXS / Road King Special,person.csv;vehicle.csv
VPICMODEL,15793,XG750A / Street Rod,person.csv;vehicle.csv
VPICMODEL,15800,COROLLA iM,person.csv;vehicle.csv
VPICMODEL,15808,VNR,person.csv;vehicle.csv
VPICMODEL,15831,CMX300 (Rebel 300),person.csv;vehicle.csv
VPICMODEL,15835,CMX500 (Rebel500),person.csv;vehicle.csv
VPICMODEL,15869,XS650SK,person.csv;vehicle.csv
VPICMODEL,15872,XJ650,person.csv;vehicle.csv
VPICMODEL,15894,XVZ12D Venture Royale,person.csv;vehicle.csv
VPICMODEL,15905,FXR,person.csv;vehicle.csv
VPICMODEL,15906,FXLR,person.csv;vehicle.csv
VPICMODEL,15910,FXRS,person.csv;vehicle.csv
VPICMODEL,15911,FLTC,person.csv;vehicle.csv
VPICMODEL,15912,FXRT,person.csv;vehicle.csv
VPICMODEL,15914,XLH-1100,person.csv;vehicle.csv
VPICMODEL,15916,XLH 883,person.csv;vehicle.csv
VPICMODEL,15917,FXST,person.csv;vehicle.csv
VPICMODEL,15918,FXWG,person.csv;vehicle.csv
VPICMODEL,15940,FXEF,person.csv;vehicle.csv
VPICMODEL,15942,XLH,person.csv;vehicle.csv
VPICMODEL,15943,XLS,person.csv;vehicle.csv
VPICMODEL,15945,FLH,person.csv;vehicle.csv
VPICMODEL,15947,FLHX,person.csv;vehicle.csv
VPICMODEL,15961,FTR,person.csv;vehicle.csv
VPICMODEL,16042,1954,person.csv;vehicle.csv
VPICMODEL,16054,1955,person.csv;vehicle.csv
VPICMODEL,16061,2375,person.csv;vehicle.csv
VPICMODEL,16069,F-2574,person.csv;vehicle.csv
VPICMODEL,16099,F-2575,person.csv;vehicle.csv
VPICMODEL,16203,F-9370,person.csv;vehicle.csv
VPICMODEL,16264,GM515,person.csv;vehicle.csv
VPICMODEL,16296,On Road Motorcycle,person.csv;vehicle.csv
VPICMODEL,16694,Santa Fe Sport,person.csv;vehicle.csv
VPICMODEL,16783,RS 3,person.csv;vehicle.csv
VPICMODEL,17213,C-HR,person.csv;vehicle.csv
VPICMODEL,17214,Rogue Sport,person.csv;vehicle.csv
VPICMODEL,17251,1 series,person.csv;vehicle.csv
VPICMODEL,17528,Malibu Classic,person.csv;vehicle.csv
VPICMODEL,17600,420,person.csv;vehicle.csv
VPICMODEL,17601,560,person.csv;vehicle.csv
VPICMODEL,17617,ECLIPSE CROSS,person.csv;vehicle.csv
VPICMODEL,17618,Atlas,person.csv;vehicle.csv
VPICMODEL,17696,Retro,person.csv;vehicle.csv
VPICMODEL,17734,JJ150T-16A,person.csv;vehicle.csv
VPICMODEL,17741,JJ50QT-13,person.csv;vehicle.csv
VPICMODEL,17749,JJ50QT-6B,person.csv;vehicle.csv
VPICMODEL,17774,Ecosport,person.csv;vehicle.csv
VPICMODEL,17834,Model 3,person.csv;vehicle.csv
VPICMODEL,17899,SPECIAL CONSTRUCTION MOTORCYCLES,person.csv;vehicle.csv
VPICMODEL,17907,H3 Passenger Coach,person.csv;vehicle.csv
VPICMODEL,17999,CC Conventional,person.csv;vehicle.csv
VPICMODEL,18005,Stelvio,person.csv;vehicle.csv
VPICMODEL,18137,Rogue Select,person.csv;vehicle.csv
VPICMODEL,18203,Z900RS,person.csv;vehicle.csv
VPICMODEL,18204,KLX250SJ,person.csv;vehicle.csv
VPICMODEL,18408,SIDEWINDER,person.csv;vehicle.csv
VPICMODEL,18886,Super Duke GT,person.csv;vehicle.csv
VPICMODEL,18896,GSX-S750ZAL8 / GSX-S750L8,person.csv;vehicle.csv
VPICMODEL,18900,GSX250R,person.csv;vehicle.csv
VPICMODEL,18902,SV650AL8,person.csv;vehicle.csv
VPICMODEL,18907,Hayabusa(GSX1300RAL8),person.csv;vehicle.csv
VPICMODEL,18948,Springfield Dark Horse,person.csv;vehicle.csv
VPICMODEL,18952,Chieftain Classic,person.csv;vehicle.csv
VPICMODEL,18955,Scout Bobber ABS,person.csv;vehicle.csv
VPICMODEL,18956,Scout Bobber,person.csv;vehicle.csv
VPICMODEL,18960,DR-Z400SL8,person.csv;vehicle.csv
VPICMODEL,18962,DR-Z400SML8,person.csv;vehicle.csv
VPICMODEL,19055,Range Rover Velar,person.csv;vehicle.csv
VPICMODEL,19158,Enduro Four-Stroke,person.csv;vehicle.csv
VPICMODEL,19751,Rocket 88,person.csv;vehicle.csv
VPICMODEL,19769,Ultra Acquisition Corporation Motorcycle,person.csv;vehicle.csv
VPICMODEL,19871,Delivery,person.csv;vehicle.csv
VPICMODEL,20325,FLHCS ANV / 115th Anniversary Heritage Classic 114,person.csv;vehicle.csv
VPICMODEL,20326,FLFBS ANV / 115th Anniversary Fat Boy 114,person.csv;vehicle.csv
VPICMODEL,20328,FXBRS ANX / 115th Anniversary Breakout 114,person.csv;vehicle.csv
VPICMODEL,20335,FLHC / Heritage Classic,person.csv;vehicle.csv
VPICMODEL,20336,FLHCS / Heritage Classic 114,person.csv;vehicle.csv
VPICMODEL,20338,FLFBS / Fat Boy 114,person.csv;vehicle.csv
VPICMODEL,20339,FLDE / Deluxe,person.csv;vehicle.csv
VPICMODEL,20340,FLSL / Softail Slim,person.csv;vehicle.csv
VPICMODEL,20342,FXBR / Breakout,person.csv;vehicle.csv
VPICMODEL,20343,FXBRS / Breakout 114,person.csv;vehicle.csv
VPICMODEL,20344,FXBB / Street Bob,person.csv;vehicle.csv
VPICMODEL,20346,FXFBS / Fat Bob 114,person.csv;vehicle.csv
VPICMODEL,20347,FXLR / Low Rider,person.csv;vehicle.csv
VPICMODEL,20352,FLHTK ANV / 115th Anniversary Ultra Limited,person.csv;vehicle.csv
VPICMODEL,20357,FLHTKSE ANV / 115th Anniversary CVO Limited,person.csv;vehicle.csv
VPICMODEL,20358,FLTRXSE / CVO Road Glide,person.csv;vehicle.csv
VPICMODEL,20366,Kubota Utility Vehicle,person.csv;vehicle.csv
VPICMODEL,20428,KL650,person.csv;vehicle.csv
VPICMODEL,20598,Four Passenger,person.csv;vehicle.csv
VPICMODEL,20804,Ninja H2 SX,person.csv;vehicle.csv
VPICMODEL,20805,Ninja 400,person.csv;vehicle.csv
VPICMODEL,20813,530e,person.csv;vehicle.csv
VPICMODEL,20814,M550i,person.csv;vehicle.csv
VPICMODEL,20842,Anthem,person.csv;vehicle.csv
VPICMODEL,20843,Granite,person.csv;vehicle.csv
VPICMODEL,20844,Pinnacle,person.csv;vehicle.csv
VPICMODEL,20845,Terrapro,person.csv;vehicle.csv
VPICMODEL,20848,RH613,person.csv;vehicle.csv
VPICMODEL,20849,HX520,person.csv;vehicle.csv
VPICMODEL,20851,HX620,person.csv;vehicle.csv
VPICMODEL,20852,LT625,person.csv;vehicle.csv
VPICMODEL,20853,HV507,person.csv;vehicle.csv
VPICMODEL,20854,HV513,person.csv;vehicle.csv
VPICMODEL,20855,HV613,person.csv;vehicle.csv
VPICMODEL,20856,MV607,person.csv;vehicle.csv
VPICMODEL,20860,HV607,person.csv;vehicle.csv
VPICMODEL,20861,JJ50QT-17,person.csv;vehicle.csv
VPICMODEL,20872,JJ50QT-32,person.csv;vehicle.csv
VPICMODEL,20873,JJ150T-5,person.csv;vehicle.csv
VPICMODEL,20957,CV515,person.csv;vehicle.csv
VPICMODEL,20958,SF539,person.csv;vehicle.csv
VPICMODEL,21370,Stinger,person.csv;vehicle.csv
VPICMODEL,21788,750Li / ALPINA B7,person.csv;vehicle.csv
VPICMODEL,21792,750i / B7,person.csv;vehicle.csv
VPICMODEL,21898,Mixer,person.csv;vehicle.csv
VPICMODEL,21950,Prius Prime,person.csv;vehicle.csv
VPICMODEL,21961,Ioniq,person.csv;vehicle.csv
VPICMODEL,21963,FLSB / Sport Glide,person.csv;vehicle.csv
VPICMODEL,22249,Kona,person.csv;vehicle.csv
VPICMODEL,22316,TPGS-804 / TPGS-840,person.csv;vehicle.csv
VPICMODEL,22434,E-PACE,person.csv;vehicle.csv
VPICMODEL,22511,3500,person.csv;vehicle.csv
VPICMODEL,22513,NPR-HD,person.csv;vehicle.csv
VPICMODEL,22514,NPR-XD,person.csv;vehicle.csv
VPICMODEL,22766,Polaris,person.csv;vehicle.csv
VPICMODEL,22791,Kicks,person.csv;vehicle.csv
VPICMODEL,22912,Predator Motorcycle Company,person.csv;vehicle.csv
VPICMODEL,23307,NCW50/Metropolitan,person.csv;vehicle.csv
VPICMODEL,23521,G70,person.csv;vehicle.csv
VPICMODEL,23575,Venice,person.csv;vehicle.csv
VPICMODEL,23624,999,person.csv;vehicle.csv
VPICMODEL,23714,XC40,person.csv;vehicle.csv
VPICMODEL,24230,Golf Alltrack,person.csv;vehicle.csv
VPICMODEL,24257,Bolt Incomplete,person.csv;vehicle.csv
VPICMODEL,24334,9 series,person.csv;vehicle.csv
VPICMODEL,24511,FZ-10,person.csv;vehicle.csv
VPICMODEL,24519,SCR950,person.csv;vehicle.csv
VPICMODEL,24532,YZF600,person.csv;vehicle.csv
VPICMODEL,24553,CZD300-A (XMAX 300),person.csv;vehicle.csv
VPICMODEL,24554,7400,person.csv;vehicle.csv
VPICMODEL,24559,8600,person.csv;vehicle.csv
VPICMODEL,24746,"Multistrada 950, Multistrada 1260",person.csv;vehicle.csv
VPICMODEL,24760,XL1200NS / Iron 1200,person.csv;vehicle.csv
VPICMODEL,24770,Santa Fe XL,person.csv;vehicle.csv
VPICMODEL,24805,Boulevard C50 (VL800L9) / Boulevard C50T (VL800TL9),person.csv;vehicle.csv
VPICMODEL,24807,GSX-Z750ZAL9 (50st) / GSX-S750YAL9 (50st) / GSX-S750ZL9 (50st),person.csv;vehicle.csv
VPICMODEL,24808,GSX-S750ZL9 (49st),person.csv;vehicle.csv
VPICMODEL,24814,GSX-S1000AL9/GSXS1000ZAL9/GSXS1000YAL9,person.csv;vehicle.csv
VPICMODEL,24816,GSX1300RAL9 (Hayabusa),person.csv;vehicle.csv
VPICMODEL,24830,DR650SEL9,person.csv;vehicle.csv
VPICMODEL,24831,DR-Z400SL9,person.csv;vehicle.csv
VPICMODEL,24836,Ascent,person.csv;vehicle.csv
VPICMODEL,24879,A-Class,person.csv;vehicle.csv
VPICMODEL,24892,Nautilus,person.csv;vehicle.csv
VPICMODEL,24894,Buddy Kick,person.csv;vehicle.csv
VPICMODEL,24906,Silverado HD,person.csv;vehicle.csv
VPICMODEL,24909,Sierra HD,person.csv;vehicle.csv
VPICMODEL,24910,Sierra Limited,person.csv;vehicle.csv
VPICMODEL,24940,X2,person.csv;vehicle.csv
VPICMODEL,24941,LC,person.csv;vehicle.csv
VPICMODEL,24948,XT4,person.csv;vehicle.csv
VPICMODEL,24949,Yaris iA,person.csv;vehicle.csv
VPICMODEL,24984,UX,person.csv;vehicle.csv
VPICMODEL,24990,KPG,person.csv;vehicle.csv
VPICMODEL,24999,SS3,person.csv;vehicle.csv
VPICMODEL,25197,Wrangler JK,person.csv;vehicle.csv
VPICMODEL,25213,Ryker,person.csv;vehicle.csv
VPICMODEL,25272,CRF450,person.csv;vehicle.csv
VPICMODEL,25273,Z125 (Monkey),person.csv;vehicle.csv
VPICMODEL,25276,GL1800,person.csv;vehicle.csv
VPICMODEL,25279,Silverado LD,person.csv;vehicle.csv
VPICMODEL,25317,Q8,person.csv;vehicle.csv
VPICMODEL,25392,ER400DK,person.csv;vehicle.csv
VPICMODEL,25405,Spade,person.csv;vehicle.csv
VPICMODEL,25596,Corsair,person.csv;vehicle.csv
VPICMODEL,25673,PONY,person.csv;vehicle.csv
VPICMODEL,25674,Galaxy,person.csv;vehicle.csv
VPICMODEL,25677,TITAN,person.csv;vehicle.csv
VPICMODEL,25679,Phoenix,person.csv;vehicle.csv
VPICMODEL,25681,Pilot,person.csv;vehicle.csv
VPICMODEL,25739,FLHT / Electra Glide Standard,person.csv;vehicle.csv
VPICMODEL,25741,Navigator L,person.csv;vehicle.csv
VPICMODEL,25742,Expedition EL,person.csv;vehicle.csv
VPICMODEL,25754,300C,person.csv;vehicle.csv
VPICMODEL,25756,Telluride,person.csv;vehicle.csv
VPICMODEL,25758,C125 (Super Cub),person.csv;vehicle.csv
VPICMODEL,25774,H3T,person.csv;vehicle.csv
VPICMODEL,25791,RS,person.csv;vehicle.csv
VPICMODEL,25827,i-290,person.csv;vehicle.csv
VPICMODEL,25847,Palisade,person.csv;vehicle.csv
VPICMODEL,25856,XT6,person.csv;vehicle.csv
VPICMODEL,25871,Arteon,person.csv;vehicle.csv
VPICMODEL,25881,Himalayan,person.csv;vehicle.csv
VPICMODEL,25882,INT 650,person.csv;vehicle.csv
VPICMODEL,25883,Cullinan,person.csv;vehicle.csv
VPICMODEL,25884,X7,person.csv;vehicle.csv
VPICMODEL,25919,Gladiator,person.csv;vehicle.csv
VPICMODEL,25926,FTR 1200 S,person.csv;vehicle.csv
VPICMODEL,25927,FTR 1200 S Race Replica,person.csv;vehicle.csv
VPICMODEL,25960,Outlander G2 / Outlander G2L,person.csv;vehicle.csv
VPICMODEL,25961,Outlander - MAX XT/MAX XT-P/MPV,person.csv;vehicle.csv
VPICMODEL,25966,Renegade G2,person.csv;vehicle.csv
VPICMODEL,26003,Carmel,person.csv;vehicle.csv
VPICMODEL,26062,ST/COMMERCIAL,person.csv;vehicle.csv
VPICMODEL,26088,GLI,person.csv;vehicle.csv
VPICMODEL,26200,Adonis,person.csv;vehicle.csv
VPICMODEL,26252,Roadmaster Dark Horse,person.csv;vehicle.csv
VPICMODEL,26254,Pioneer,person.csv;vehicle.csv
VPICMODEL,26271,Boulevard C50T,person.csv;vehicle.csv
VPICMODEL,26300,"YONGKANG EAGLE MOTOR CO., LTD",person.csv;vehicle.csv
VPICMODEL,26303,LET2,person.csv;vehicle.csv
VPICMODEL,26440,Super,person.csv;vehicle.csv
VPICMODEL,26441,Venue,person.csv;vehicle.csv
VPICMODEL,26450,AE series,person.csv;vehicle.csv
VPICMODEL,26465,Defender PRO,person.csv;vehicle.csv
VPICMODEL,26469,Maverick Trail / Maverick Sport,person.csv;vehicle.csv
VPICMODEL,26481,M340i,person.csv;vehicle.csv
VPICMODEL,26483,840i,person.csv;vehicle.csv
VPICMODEL,26485,M8,person.csv;vehicle.csv
VPICMODEL,26498,GLB-Class,person.csv;vehicle.csv
VPICMODEL,26508,Arctic Cat,person.csv;vehicle.csv
VPICMODEL,26509,Caterpillar,person.csv;vehicle.csv
VPICMODEL,26511,Tracker,person.csv;vehicle.csv
VPICMODEL,26512,Cushman,person.csv;vehicle.csv
VPICMODEL,26516,Massimo,person.csv;vehicle.csv
VPICMODEL,26520,Street Bike,person.csv;vehicle.csv
VPICMODEL,26521,690 Enduro,person.csv;vehicle.csv
VPICMODEL,26522,690 SMC,person.csv;vehicle.csv
VPICMODEL,26529,790 Duke,person.csv;vehicle.csv
VPICMODEL,26530,790 Adventure,person.csv;vehicle.csv
VPICMODEL,26533,701 Supermoto,person.csv;vehicle.csv
VPICMODEL,26602,CT4,person.csv;vehicle.csv
VPICMODEL,26603,CT5,person.csv;vehicle.csv
VPICMODEL,26604,Encore GX,person.csv;vehicle.csv
VPICMODEL,26611,G 310 R,person.csv;vehicle.csv
VPICMODEL,26612,G 310 GS,person.csv;vehicle.csv
VPICMODEL,26613,C 400 GT,person.csv;vehicle.csv
VPICMODEL,26617,F 750 GS,person.csv;vehicle.csv
VPICMODEL,26618,F 850 GS,person.csv;vehicle.csv
VPICMODEL,26625,R 1250 GS,person.csv;vehicle.csv
VPICMODEL,26626,R 1250 RT,person.csv;vehicle.csv
VPICMODEL,26636,K 1600 B,person.csv;vehicle.csv
VPICMODEL,26674,570GT,person.csv;vehicle.csv
VPICMODEL,26676,720S,person.csv;vehicle.csv
VPICMODEL,26714,CUSTOM,person.csv;vehicle.csv
VPICMODEL,26716,Urbano,person.csv;vehicle.csv
VPICMODEL,26823,FLHS,person.csv;vehicle.csv
VPICMODEL,26825,FXDC,person.csv;vehicle.csv
VPICMODEL,26833,CX500,person.csv;vehicle.csv
VPICMODEL,26835,CM450,person.csv;vehicle.csv
VPICMODEL,26836,VF500C,person.csv;vehicle.csv
VPICMODEL,26837,XL500S,person.csv;vehicle.csv
VPICMODEL,26841,CB650,person.csv;vehicle.csv
VPICMODEL,26854,KX252,person.csv;vehicle.csv
VPICMODEL,26855,SP200,person.csv;vehicle.csv
VPICMODEL,26900,Seltos,person.csv;vehicle.csv
VPICMODEL,26905,EZGO,person.csv;vehicle.csv
VPICMODEL,26914,CX-30,person.csv;vehicle.csv
VPICMODEL,26993,Speed Triple,person.csv;vehicle.csv
VPICMODEL,26995,Rocket 3,person.csv;vehicle.csv
VPICMODEL,27027,Model Y,person.csv;vehicle.csv
VPICMODEL,27028,A6 allroad,person.csv;vehicle.csv
VPICMODEL,27029,Q5 e,person.csv;vehicle.csv
VPICMODEL,27068,JJ150T-8A,person.csv;vehicle.csv
VPICMODEL,27071,Rattler,person.csv;vehicle.csv
VPICMODEL,27124,Atlas Cross Sport,person.csv;vehicle.csv
VPICMODEL,27165,Accord Crosstour,person.csv;vehicle.csv
VPICMODEL,27245,Defender,person.csv;vehicle.csv
VPICMODEL,27250,YXZ1000,person.csv;vehicle.csv
VPICMODEL,27254,SXS1000S4 (Talon 1000X-4),person.csv;vehicle.csv
VPICMODEL,27261,FXST / Softail Standard,person.csv;vehicle.csv
VPICMODEL,27262,FXLRS / Low Rider S,person.csv;vehicle.csv
VPICMODEL,27273,FLTRK / Road Glide Limited,person.csv;vehicle.csv
VPICMODEL,27296,F 900,person.csv;vehicle.csv
VPICMODEL,27299,DR-Z400SM,person.csv;vehicle.csv
VPICMODEL,27343,Global,person.csv;vehicle.csv
VPICMODEL,27370,Scout Bobber Sixty,person.csv;vehicle.csv
VPICMODEL,27371,FTR 1200 Rally,person.csv;vehicle.csv
VPICMODEL,27407,MD,person.csv;vehicle.csv
VPICMODEL,27409,FIREBLADE,person.csv;vehicle.csv
VPICMODEL,27411,Bronco Sport,person.csv;vehicle.csv
VPICMODEL,27424,GV80,person.csv;vehicle.csv
VPICMODEL,27440,Mustang Mach-E,person.csv;vehicle.csv
VPICMODEL,27454,Suzuki Boulevard M109R B.O.S.S.,person.csv;vehicle.csv
VPICMODEL,27457,GSX-S750,person.csv;vehicle.csv
VPICMODEL,27527,K5,person.csv;vehicle.csv
VPICMODEL,27554,PS2,person.csv;vehicle.csv
VPICMODEL,27595,Z H2,person.csv;vehicle.csv
VPICMODEL,27596,Z400,person.csv;vehicle.csv
VPICMODEL,27604,Kayo,person.csv;vehicle.csv
VPICMODEL,27654,Indian Challenger,person.csv;vehicle.csv
VPICMODEL,27699,FLT,person.csv;vehicle.csv
VPICMODEL,27700,FXE,person.csv;vehicle.csv
VPICMODEL,27705,FLSTSI / Heritage Springer,person.csv;vehicle.csv
VPICMODEL,27708,FLHTCUI / Ultra Classic Electra Glide,person.csv;vehicle.csv
VPICMODEL,27709,FLSTCI / Heritage Softail Classic,person.csv;vehicle.csv
VPICMODEL,27711,FLSTFI / Fat Boy,person.csv;vehicle.csv
VPICMODEL,27712,FLSTS / Heritage Springer,person.csv;vehicle.csv
VPICMODEL,27715,FXDBI / Dyna Street Bob,person.csv;vehicle.csv
VPICMODEL,27729,FLHRC / Road King Classic,person.csv;vehicle.csv
VPICMODEL,27769,METROSTAR,person.csv;vehicle.csv
VPICMODEL,27839,TRX500 (FourTrax Foreman Rubicon),person.csv;vehicle.csv
VPICMODEL,27878,GTS RST / SEI GIORNI,person.csv;vehicle.csv
VPICMODEL,27896,WW150/PCX150,person.csv;vehicle.csv
VPICMODEL,27897,SXS1000M (Pioneer 1000),person.csv;vehicle.csv
VPICMODEL,27899,SXS500 (Pioneer 500),person.csv;vehicle.csv
VPICMODEL,27902,TRX420 (Rancher),person.csv;vehicle.csv
VPICMODEL,27906,TRX500 (Foreman),person.csv;vehicle.csv
VPICMODEL,27909,TRX500 (Rubicon),person.csv;vehicle.csv
VPICMODEL,27927,CB300,person.csv;vehicle.csv
VPICMODEL,27928,CB1000,person.csv;vehicle.csv
VPICMODEL,27942,Trail 125,person.csv;vehicle.csv
VPICMODEL,27945,Multistrada,person.csv;vehicle.csv
VPICMODEL,27946,Hypermotard,person.csv;vehicle.csv
VPICMODEL,27947,Panigale,person.csv;vehicle.csv
VPICMODEL,27948,Streetfighter,person.csv;vehicle.csv
VPICMODEL,27950,Scrambler,person.csv;vehicle.csv
VPICMODEL,28037,Meteor,person.csv;vehicle.csv
VPICMODEL,28070,RAV4 Prime,person.csv;vehicle.csv
VPICMODEL,28076,LX300D,person.csv;vehicle.csv
VPICMODEL,28100,M440i,person.csv;vehicle.csv
VPICMODEL,28129,Buddy 125,person.csv;vehicle.csv
VPICMODEL,28156,Primavera / Sprint 150,person.csv;vehicle.csv
VPICMODEL,28219,ID.4,person.csv;vehicle.csv
VPICMODEL,28294,Carnival,person.csv;vehicle.csv
VPICMODEL,28313,Diesel,person.csv;vehicle.csv
VPICMODEL,28326,Street Glide Special,person.csv;vehicle.csv
VPICMODEL,28327,XVS950 V Star 950,person.csv;vehicle.csv
VPICMODEL,28330,MTN850 (MT-09),person.csv;vehicle.csv
VPICMODEL,28331,MTM690 (XSR700),person.csv;vehicle.csv
VPICMODEL,28332,MTN690 (MT-07),person.csv;vehicle.csv
VPICMODEL,28333,MTN1000 (MT-10),person.csv;vehicle.csv
VPICMODEL,28334,FJR1300,person.csv;vehicle.csv
VPICMODEL,28359,CMX1100A (REBEL1100),person.csv;vehicle.csv
VPICMODEL,28360,CMX1100D (REBEL1100 DCT),person.csv;vehicle.csv
VPICMODEL,28364,EXPRESS,person.csv;vehicle.csv
VPICMODEL,28387,LIBERTY,person.csv;vehicle.csv
VPICMODEL,28424,QX55,person.csv;vehicle.csv
VPICMODEL,28454,Super Chief,person.csv;vehicle.csv
VPICMODEL,28456,FTR,person.csv;vehicle.csv
VPICMODEL,28463,GV70,person.csv;vehicle.csv
VPICMODEL,28467,R1T,person.csv;vehicle.csv
VPICMODEL,28500,GT,person.csv;vehicle.csv
VPICMODEL,28502,FLY,person.csv;vehicle.csv
VPICMODEL,28521,GENERAL,person.csv;vehicle.csv
VPICMODEL,28564,M16,person.csv;vehicle.csv
VPICMODEL,28593,Air,person.csv;vehicle.csv
VPICMODEL,28609,Pumper,person.csv;vehicle.csv
VPICMODEL,28626,CRF300L,person.csv;vehicle.csv
VPICMODEL,28649,Daytona,person.csv;vehicle.csv
VPICMODEL,28652,Taos,person.csv;vehicle.csv
VPICMODEL,28705,LY250,person.csv;vehicle.csv
VPICMODEL,28728,RA1250 / Pan America,person.csv;vehicle.csv
VPICMODEL,28729,GSX1300RRM2 / GSX1300RRZM2,person.csv;vehicle.csv
VPICMODEL,28794,GEN,person.csv;vehicle.csv
VPICMODEL,28806,Predator,person.csv;vehicle.csv
VPICMODEL,28816,SANTA CRUZ,person.csv;vehicle.csv
VPICMODEL,28818,C40,person.csv;vehicle.csv
VPICMODEL,28967,Maverick,person.csv;vehicle.csv
VPICMODEL,28969,"DS, DSP, DSR, DSRP",person.csv;vehicle.csv
VPICMODEL,28976,YZ450,person.csv;vehicle.csv
VPICMODEL,28982,MC20,person.csv;vehicle.csv
VPICMODEL,28983,IONIQ 5,person.csv;vehicle.csv
VPICMODEL,28991,MTN320 (MT-03),person.csv;vehicle.csv
VPICMODEL,29034,Sportster,person.csv;vehicle.csv
VPICMODEL,29076,Silverado LTD,person.csv;vehicle.csv
VPICMODEL,29077,Hummer EV SUV,person.csv;vehicle.csv
VPICMODEL,29081,5500i,person.csv;vehicle.csv
VPICMODEL,29124,4400,person.csv;vehicle.csv
VPICMODEL,29125,MX-30,person.csv;vehicle.csv
VPICMODEL,29147,DB,person.csv;vehicle.csv
VPICMODEL,29149,RT,person.csv;vehicle.csv
VPICMODEL,29161,"Tourist, Patrol, Gear Up",person.csv;vehicle.csv
VPICMODEL,29172,FXBBS / Street Bob,person.csv;vehicle.csv
VPICMODEL,29173,R1S,person.csv;vehicle.csv
VPICMODEL,29215,Burgman,person.csv;vehicle.csv
VPICMODEL,29233,PMZ50-16;PMZ50-17;PMZ50-4J;PMZ50-M1;PMZ50-M3;PMZ150-10;PMZ150- 11;PMZ150-15;PMZ150-17;PMZ150-3C,person.csv;vehicle.csv
VPICMODEL,29258,Elantra N,person.csv;vehicle.csv
VPICMODEL,29263,Pedal two-wheeled motorcycle,person.csv;vehicle.csv
VPICMODEL,29274,COROLLA CROSS,person.csv;vehicle.csv
VPICMODEL,29287,FLHTCUTGSE / CVO Tri Glide,person.csv;vehicle.csv
VPICMODEL,29295,SG250,person.csv;vehicle.csv
VPICMODEL,29359,Closed Course Competition,person.csv;vehicle.csv
VPICMODEL,29364,GR86,person.csv;vehicle.csv
VPICMODEL,29408,Street Legal Enduro,person.csv;vehicle.csv
VPICMODEL,29409,"790/890 Duke, R",person.csv;vehicle.csv
VPICMODEL,29411,Street Legal Enduro,person.csv;vehicle.csv
VPICMODEL,29417,CIVIC SI,person.csv;vehicle.csv
VPICMODEL,29437,EDV,person.csv;vehicle.csv
VPICMODEL,29451,ZX1002,person.csv;vehicle.csv
VPICMODEL,29462,EV6,person.csv;vehicle.csv
VPICMODEL,29463,Boulevard,person.csv;vehicle.csv
VPICMODEL,29464,GSX,person.csv;vehicle.csv
VPICMODEL,29509,Navi,person.csv;vehicle.csv
VPICMODEL,29557,Scout Rogue,person.csv;vehicle.csv
VPICMODEL,29558,Scout Rogue Sixty,person.csv;vehicle.csv
VPICMODEL,29559,Scout Bobber Twenty,person.csv;vehicle.csv
VPICMODEL,29578,iX,person.csv;vehicle.csv
VPICMODEL,29579,i4,person.csv;vehicle.csv
VPICMODEL,29586,Pursuit,person.csv;vehicle.csv
VPICMODEL,29600,ZXGS-50C,person.csv;vehicle.csv
VPICMODEL,29619,PCX,person.csv;vehicle.csv
VPICMODEL,29628,Indian Challenger Dark Horse,person.csv;vehicle.csv
VPICMODEL,29629,Indian Challenger Limited,person.csv;vehicle.csv
VPICMODEL,29634,FXLRST / Low Rider ST,person.csv;vehicle.csv
VPICMODEL,29635,FLHXST / Street Glide ST,person.csv;vehicle.csv
VPICMODEL,29636,FLTRXST / Road Glide ST,person.csv;vehicle.csv
VPICMODEL,29648,Ruckus,person.csv;vehicle.csv
VPICMODEL,29667,MTT890 (Tracer 9),person.csv;vehicle.csv
VPICMODEL,29668,MTM890 (XSR900),person.csv;vehicle.csv
VPICMODEL,29669,MTN890 (MT-09),person.csv;vehicle.csv
VPICMODEL,29670,YZF690,person.csv;vehicle.csv
VPICMODEL,29671,XTZ690 (Tenere 700),person.csv;vehicle.csv
VPICMODEL,29681,Jetta GLI,person.csv;vehicle.csv
VPICMODEL,29712,SM 700,person.csv;vehicle.csv
VPICMODEL,29806,LEONCINO,person.csv;vehicle.csv
VPICMODEL,29994,e-tron GT,person.csv;vehicle.csv
VPICMODEL,30005,Bolt EUV,person.csv;vehicle.csv
VPICMODEL,30011,Lyriq,person.csv;vehicle.csv
VPICMODEL,30041,bZ4X,person.csv;vehicle.csv
VPICMODEL,30046,CX-50,person.csv;vehicle.csv
VPICMODEL,30059,FW,person.csv;vehicle.csv
VPICMODEL,30135,TY200SVT,person.csv;vehicle.csv
VPICMODEL,30191,Solterra,person.csv;vehicle.csv
VPICMODEL,30224,Militia,person.csv;vehicle.csv
VPICMODEL,30230,EQB-Class,person.csv;vehicle.csv
VPICMODEL,30265,EQS-Class SUV,person.csv;vehicle.csv
VPICMODEL,30282,SXS1000S2 (Talon 1000),person.csv;vehicle.csv
VPICMODEL,30291,Svartpilen/Vitpilen,person.csv;vehicle.csv
VPICMODEL,30292,Enduro,person.csv;vehicle.csv
VPICMODEL,30298,LX / LXV / S / FLY,person.csv;vehicle.csv
VPICMODEL,30299,"GTS / GTV, VESPA GTS / GTV",person.csv;vehicle.csv
VPICMODEL,30315,CF650,person.csv;vehicle.csv
VPICMODEL,30325,YFM700 (Grizzly 700),person.csv;vehicle.csv
VPICMODEL,30326,YFM700 (Kodiak 700),person.csv;vehicle.csv
VPICMODEL,30328,YZF-R3,person.csv;vehicle.csv
VPICMODEL,30331,MT-09,person.csv;vehicle.csv
VPICMODEL,30334,MTT9 (Tracer 900),person.csv;vehicle.csv
VPICMODEL,30335,W990,person.csv;vehicle.csv
VPICMODEL,30338,LT-A750 / King Quad 750 AXi,person.csv;vehicle.csv
VPICMODEL,30366,YXE850,person.csv;vehicle.csv
VPICMODEL,30368,YXE1000,person.csv;vehicle.csv
VPICMODEL,30372,TRX520,person.csv;vehicle.csv
VPICMODEL,30384,589,person.csv;vehicle.csv
VPICMODEL,30425,RS,person.csv;vehicle.csv
VPICMODEL,30426,Tuareg,person.csv;vehicle.csv
VPICMODEL,30432,EAGLE,person.csv;vehicle.csv
VPICMODEL,30436,ST,person.csv;vehicle.csv
VPICMODEL,30437,KY6,person.csv;vehicle.csv
VPICMODEL,30441,F35,person.csv;vehicle.csv
VPICMODEL,30444,BWS,person.csv;vehicle.csv
VPICMODEL,30445,CLICK,person.csv;vehicle.csv
VPICMODEL,30447,RAVIDA,person.csv;vehicle.csv
VPICMODEL,30468,ATC250,person.csv;vehicle.csv
VPICMODEL,30475,DS,person.csv;vehicle.csv
VPICMODEL,30476,Outlander,person.csv;vehicle.csv
VPICMODEL,30477,Renegade,person.csv;vehicle.csv
VPICMODEL,30478,YN50QT; YN150T; YN250T,person.csv;vehicle.csv
VPICMODEL,30481,CF300,person.csv;vehicle.csv
VPICMODEL,30482,CF700,person.csv;vehicle.csv
VPICMODEL,30483,Commander,person.csv;vehicle.csv
VPICMODEL,30484,Maverick,person.csv;vehicle.csv
VPICMODEL,30485,Defender/Traxter,person.csv;vehicle.csv
VPICMODEL,30512,i7,person.csv;vehicle.csv
VPICMODEL,30516,XM,person.csv;vehicle.csv
VPICMODEL,30574,Hayabusa,person.csv;vehicle.csv
VPICMODEL,30576,HORNET,person.csv;vehicle.csv
VPICMODEL,30615,FXRST / Low Rider EL Diablo,person.csv;vehicle.csv
VPICMODEL,30633,FLY-7,person.csv;vehicle.csv
VPICMODEL,30664,JIGGER,person.csv;vehicle.csv
VPICMODEL,30665,FLASH,person.csv;vehicle.csv
VPICMODEL,30667,SUNNY,person.csv;vehicle.csv
VPICMODEL,30668,ROSSI,person.csv;vehicle.csv
VPICMODEL,30671,EFSANE,person.csv;vehicle.csv
VPICMODEL,30675,BWS,person.csv;vehicle.csv
VPICMODEL,30678,ROMA,person.csv;vehicle.csv
VPICMODEL,30680,ADVENTURE,person.csv;vehicle.csv
VPICMODEL,30682,SABER,person.csv;vehicle.csv
VPICMODEL,30687,GT1,person.csv;vehicle.csv
VPICMODEL,30690,TITAN,person.csv;vehicle.csv
VPICMODEL,30697,VECTOR,person.csv;vehicle.csv
VPICMODEL,30712,T280,person.csv;vehicle.csv
VPICMODEL,30713,T380,person.csv;vehicle.csv
VPICMODEL,30714,T480,person.csv;vehicle.csv
VPICMODEL,30717,47X Chassis,person.csv;vehicle.csv
VPICMODEL,30718,49X Chassis,person.csv;vehicle.csv
VPICMODEL,30719,57X Chassis,person.csv;vehicle.csv
VPICMODEL,30751,Desert X,person.csv;vehicle.csv
VPICMODEL,30793,Indian Pursuit Limited,person.csv;vehicle.csv
VPICMODEL,30813,CM400,person.csv;vehicle.csv
VPICMODEL,30831,Chunfeng ATV,person.csv;vehicle.csv
VPICMODEL,30858,KLX230R,person.csv;vehicle.csv
VPICMODEL,30884,ARIYA,person.csv;vehicle.csv
VPICMODEL,30900,XVS950 Bolt,person.csv;vehicle.csv
VPICMODEL,31077,CROWN,person.csv;vehicle.csv
VPICMODEL,31090,XVS950,person.csv;vehicle.csv
VPICMODEL,31097,EQE-Class SUV,person.csv;vehicle.csv
VPICMODEL,31129,YZ450F,person.csv;vehicle.csv
VPICMODEL,31168,CARBO,person.csv;vehicle.csv
VPICMODEL,31172,CITYCOM,person.csv;vehicle.csv
VPICMODEL,31174,JET,person.csv;vehicle.csv
VPICMODEL,31179,MP50,person.csv;vehicle.csv
VPICMODEL,31224,718 Cayman,person.csv;vehicle.csv
VPICMODEL,31360,Ioniq 6,person.csv;vehicle.csv
VPICMODEL,31420,KLX300,person.csv;vehicle.csv
VPICMODEL,31440,KT112,person.csv;vehicle.csv
VPICMODEL,31443,RZ,person.csv;vehicle.csv
VPICMODEL,31462,BXXR,person.csv;vehicle.csv
VPICMODEL,31471,Matryx,person.csv;vehicle.csv
VPICMODEL,31490,GSX-8S,person.csv;vehicle.csv
VPICMODEL,31498,ZX400,person.csv;vehicle.csv
VPICMODEL,31535,Civic Type R,person.csv;vehicle.csv
VPICMODEL,31544,FTR Z,person.csv;vehicle.csv
VPICMODEL,31564,XR150L,person.csv;vehicle.csv
VPICMODEL,31700,Maverick X3 - XRC,person.csv;vehicle.csv
VPICMODEL,31763,JL175ZK,person.csv;vehicle.csv
VPICMODEL,31832,CX-90,person.csv;vehicle.csv
VPICMODEL,31869,Maverick X3,person.csv;vehicle.csv
VPICMODEL,31905,S3-T THUNDERBOLT,person.csv;vehicle.csv
VPICMODEL,31930,450SS,person.csv;vehicle.csv
VPICMODEL,31933,700CL-X,person.csv;vehicle.csv
VPICMODEL,31936,CFORCE,person.csv;vehicle.csv
VPICMODEL,31937,UFORCE,person.csv;vehicle.csv
VPICMODEL,32014,Ural,person.csv;vehicle.csv
VPICMODEL,32015,HDK EV,person.csv;vehicle.csv
VPICMODEL,32036,Envista,person.csv;vehicle.csv
VPICMODEL,32057,Light Bee X,person.csv;vehicle.csv
VPICMODEL,32285,536,person.csv;vehicle.csv
VPICMODEL,32288,FLST / Heritage Softail,person.csv;vehicle.csv
VPICMODEL,32304,Grand Highlander,person.csv;vehicle.csv
VPICMODEL,32375,Grand Cherokee L,person.csv;vehicle.csv
VPICMODEL,32377,Wagoneer L,person.csv;vehicle.csv
VPICMODEL,32378,Grand Wagoneer L,person.csv;vehicle.csv
VPICMODEL,32386,548,person.csv;vehicle.csv
VPICMODEL,32499,B200,person.csv;vehicle.csv
VPICMODEL,32587,EV9,person.csv;vehicle.csv
VPICMODEL,32636,TX,person.csv;vehicle.csv
VPICMODEL,32639,990 Duke,person.csv;vehicle.csv
VPICMODEL,32644,Ninja ZX-4R,person.csv;vehicle.csv
VPICMODEL,32645,Ninja ZX-4RR,person.csv;vehicle.csv
VPICMODEL,33101,Light Bee S,person.csv;vehicle.csv
VPICMODEL,33135,Cybertruck,person.csv;vehicle.csv
VPICMODEL,33193,NCW50/Giorno,person.csv;vehicle.csv
VPICMODEL,33241,XVZ13CT Royal Star Tour Deluxe,person.csv;vehicle.csv
VPICMODEL,33242,XVZ13A Royal Star,person.csv;vehicle.csv
VPICMODEL,33243,XVZ13AT Royal Star Tour Classic,person.csv;vehicle.csv
VPICMODEL,33259,CRF230F,person.csv;vehicle.csv
VPICMODEL,33279,CRF125F,person.csv;vehicle.csv
VPICMODEL,33280,CRF125FB,person.csv;vehicle.csv
VPICMODEL,33282,CRF150R,person.csv;vehicle.csv
VPICMODEL,33284,CRF150RB,person.csv;vehicle.csv
VPICMODEL,33285,CRF250L,person.csv;vehicle.csv
VPICMODEL,33286,CRF250R,person.csv;vehicle.csv
VPICMODEL,33289,CRF110F,person.csv;vehicle.csv
VPICMODEL,33290,CRF450R,person.csv;vehicle.csv
VPICMODEL,33293,CRF250F,person.csv;vehicle.csv
VPICMODEL,33294,CRF450RX,person.csv;vehicle.csv
VPICMODEL,33295,GSX-8R,person.csv;vehicle.csv
VPICMODEL,33297,CRF1000A,person.csv;vehicle.csv
VPICMODEL,33310,CRF450RL,person.csv;vehicle.csv
VPICMODEL,33311,CRF1100D,person.csv;vehicle.csv
VPICMODEL,33312,CRF1100A,person.csv;vehicle.csv
VPICMODEL,33314,CRF1100D4,person.csv;vehicle.csv
VPICMODEL,33479,BSR 250,person.csv;vehicle.csv
VPICMODEL,33482,RXE 250,person.csv;vehicle.csv
VPICMODEL,33499,XR650L,person.csv;vehicle.csv
VPICMODEL,33503,CBR600RR,person.csv;vehicle.csv
VPICMODEL,33504,CBR600RA,person.csv;vehicle.csv
VPICMODEL,33505,CBR500R,person.csv;vehicle.csv
VPICMODEL,33506,CBR500RA,person.csv;vehicle.csv
VPICMODEL,33507,CB500FA,person.csv;vehicle.csv
VPICMODEL,33508,CB500F,person.csv;vehicle.csv
VPICMODEL,33511,CBR650F,person.csv;vehicle.csv
VPICMODEL,33515,CBR1000RR,person.csv;vehicle.csv
VPICMODEL,33516,CBR1000RA,person.csv;vehicle.csv
VPICMODEL,33518,CB1000R,person.csv;vehicle.csv
VPICMODEL,33522,CBR250R,person.csv;vehicle.csv
VPICMODEL,33523,CBR250RA,person.csv;vehicle.csv
VPICMODEL,33524,CBR300R,person.csv;vehicle.csv
VPICMODEL,33534,CBF300N,person.csv;vehicle.csv
VPICMODEL,33535,CB300R,person.csv;vehicle.csv
VPICMODEL,33576,R 1300 GS,person.csv;vehicle.csv
VPICMODEL,33591,CTX700N,person.csv;vehicle.csv
VPICMODEL,33632,ST1100L,person.csv;vehicle.csv
VPICMODEL,33633,ST1100AL,person.csv;vehicle.csv
VPICMODEL,33658,Montana,person.csv;vehicle.csv
VPICMODEL,33683,XV1100 (Virago 1100),person.csv;vehicle.csv
VPICMODEL,33684,Traverse Limited,person.csv;vehicle.csv
VPICMODEL,33707,XV920 (Virago 920),person.csv;vehicle.csv
VPICMODEL,33722,Norden 901,person.csv;vehicle.csv
VPICMODEL,33766,FLI / Hydra-Glide Revival,person.csv;vehicle.csv
VPICMODEL,33769,CLE,person.csv;vehicle.csv
VPICMODEL,33775,"YB50QT, YB150T, YB200T",person.csv;vehicle.csv
VPICMODEL,33783,Continental,person.csv;vehicle.csv
VPICMODEL,33879,"Snail, Islander",person.csv;vehicle.csv
VPICMODEL,33887,Sport Edition,person.csv;vehicle.csv
VPICMODEL,33889,Sun,person.csv;vehicle.csv
VPICMODEL,33890,"Sun3, RX",person.csv;vehicle.csv
VPICMODEL,33900,Lucky,person.csv;vehicle.csv
VPICMODEL,33903,"Rugby, Marshal",person.csv;vehicle.csv
VPICMODEL,33912,Racestar,person.csv;vehicle.csv
VPICMODEL,33913,"Nitro Sport, Lightning II",person.csv;vehicle.csv
VPICMODEL,33921,TANK,person.csv;vehicle.csv
VPICMODEL,34061,A7 e,person.csv;vehicle.csv
VPICMODEL,34069,Cruze Limited,person.csv;vehicle.csv
VPICMODEL,34074,Z500,person.csv;vehicle.csv
VPICMODEL,34077,Ninja 500,person.csv;vehicle.csv
VPICMODEL,34272,Malibu Limited,person.csv;vehicle.csv
VPICMODEL,34304,DMC-12,person.csv;vehicle.csv
VPICMODEL,34788,Speed 400,person.csv;vehicle.csv
VPICMODEL,35106,Lightning II,person.csv;vehicle.csv
VPICMODEL,35424,Low Rider,vehicle.csv
VPICMODEL,35778,MP150,vehicle.csv
VPICMODEL,36067,Road Glide,person.csv;vehicle.csv
VPICMODEL,36108,800NK,vehicle.csv
VPICMODEL,36122,Xpedition,vehicle.csv
VPICMODEL,36548,Low Rider S,vehicle.csv
VPICMODEL,99997,Other,person.csv;vehicle.csv
VPICMODEL,99998,Not Reported,person.csv;vehicle.csv
VPICMODEL,99999,Unknown,person.csv;vehicle.csv
VPROFILE,0,Non-Trafficway or Driveway Access,vehicle.csv
VPROFILE,1,Level,vehicle.csv
VPROFILE,2,"Grade, Unknown Slope",vehicle.csv
VPROFILE,3,Hillcrest,vehicle.csv
VPROFILE,4,Sag (Bottom),vehicle.csv
VPROFILE,5,Uphill,vehicle.csv
VPROFILE,6,Downhill,vehicle.csv
VPROFILE,8,Not Reported,vehicle.csv
VPROFILE,9,Reported as Unknown,vehicle.csv
VSPD_LIM,0,No Statutory Limit/Non-Trafficway or Driveway Access,vehicle.csv
VSPD_LIM,5,5 MPH,vehicle.csv
VSPD_LIM,10,10 MPH,vehicle.csv
VSPD_LIM,15,15 MPH,vehicle.csv
VSPD_LIM,20,20 MPH,vehicle.csv
VSPD_LIM,25,25 MPH,vehicle.csv
VSPD_LIM,30,30 MPH,vehicle.csv
VSPD_LIM,35,35 MPH,vehicle.csv
VSPD_LIM,40,40 MPH,vehicle.csv
VSPD_LIM,45,45 MPH,vehicle.csv
VSPD_LIM,50,50 MPH,vehicle.csv
VSPD_LIM,55,55 MPH,vehicle.csv
VSPD_LIM,60,60 MPH,vehicle.csv
VSPD_LIM,65,65 MPH,vehicle.csv
VSPD_LIM,70,70 MPH,vehicle.csv
VSPD_LIM,75,75 MPH,vehicle.csv
VSPD_LIM,80,80 MPH,vehicle.csv
VSPD_LIM,98,Not Reported,vehicle.csv
VSPD_LIM,99,Reported as Unknown,vehicle.csv
VSURCOND,0,Non-Trafficway or Driveway Access,vehicle.csv
VSURCOND,1,Dry,vehicle.csv
VSURCOND,2,Wet,vehicle.csv
VSURCOND,3,Snow,vehicle.csv
VSURCOND,4,Ice/Frost,vehicle.csv
VSURCOND,5,Sand,vehicle.csv
VSURCOND,6,Water (Standing or Moving),vehicle.csv
VSURCOND,7,Oil,vehicle.csv
VSURCOND,8,Other,vehicle.csv
VSURCOND,10,Slush,vehicle.csv
VSURCOND,11,"Mud, Dirt or Gravel",vehicle.csv
VSURCOND,98,Not Reported,vehicle.csv
VSURCOND,99,Reported as Unknown,vehicle.csv
VTCONT_F,0,No Controls,vehicle.csv
VTCONT_F,1,Device Not Functioning,vehicle.csv
VTCONT_F,2,Device Functioning-Functioning Improperly,vehicle.csv
VTCONT_F,3,Device Functioning Properly,vehicle.csv
VTCONT_F,4,"Device Not Functioning or Device Functioning Improperly, Specifics Unknown",vehicle.csv
VTCONT_F,8,Not Reported,vehicle.csv
VTCONT_F,9,Reported as Unknown,vehicle.csv
VTRAFCON,0,No Controls,vehicle.csv
VTRAFCON,1,Traffic control signal (on colors) without Pedestrian Signal,vehicle.csv
VTRAFCON,2,Traffic control signal (on colors) with Pedestrian Signal,vehicle.csv
VTRAFCON,3,Traffic control signal(on colors) not known whether or not Pedestrian Signal,vehicle.csv
VTRAFCON,4,Flashing Traffic Control Signal,vehicle.csv
VTRAFCON,7,Lane Use Control Signal,vehicle.csv
VTRAFCON,8,Other Highway Traffic Signal,vehicle.csv
VTRAFCON,9,Unknown Highway Traffic Signal,vehicle.csv
VTRAFCON,20,Stop Sign,vehicle.csv
VTRAFCON,21,Yield Sign,vehicle.csv
VTRAFCON,23,School Zone Sign/Device,vehicle.csv
VTRAFCON,28,Other Regulatory Sign,vehicle.csv
VTRAFCON,29,Unknown Regulatory Sign,vehicle.csv
VTRAFCON,40,Warning Sign,vehicle.csv
VTRAFCON,50,Person,vehicle.csv
VTRAFCON,65,Railway Crossing Device,vehicle.csv
VTRAFCON,97,Not Reported,vehicle.csv
VTRAFCON,98,Other,vehicle.csv
VTRAFCON,99,Reported as Unknown,vehicle.csv
VTRAFWAY,0,Non-Trafficway or Driveway Access,vehicle.csv
VTRAFWAY,1,"Two-Way, Not Divided",vehicle.csv
VTRAFWAY,2,"Two-Way, Divided, Unprotected Median",vehicle.csv
VTRAFWAY,3,"Two-Way, Divided, Positive Median Barrier",vehicle.csv
VTRAFWAY,4,One-Way Trafficway,vehicle.csv
VTRAFWAY,5,"Two-Way, Not Divided With a Continuous Left-Turn Lane",vehicle.csv
VTRAFWAY,6,Entrance/Exit Ramp,vehicle.csv
VTRAFWAY,7,"Two-Way Divided, Unknown if Unprotected Median or Positive Median Barrier",vehicle.csv
VTRAFWAY,8,Not Reported,vehicle.csv
VTRAFWAY,9,Reported as Unknown,vehicle.csv
V_CONFIG,0,Not Applicable,vehicle.csv
V_CONFIG,1,"Single-Unit Truck (2- axle and GVWR more than 10,000 lbs)",vehicle.csv
V_CONFIG,2,Single-Unit Truck (3 or more axles),vehicle.csv
V_CONFIG,4,Truck Pulling Trailer(s),vehicle.csv
V_CONFIG,5,Truck Tractor (Bobtail),vehicle.csv
V_CONFIG,6,Truck Tractor/Semi-Trailer,vehicle.csv
V_CONFIG,7,Truck Tractor/Double,vehicle.csv
V_CONFIG,8,Truck Tractor/Triple,vehicle.csv
V_CONFIG,19,"Vehicle More Than 10,000 lbs., Other",vehicle.csv
V_CONFIG,20,"Bus/Large Van (seats for 9-15 occupants, including driver)",vehicle.csv
V_CONFIG,21,"Bus (seats for more than 15 occupants, including driver)",vehicle.csv
V_CONFIG,88,"Qualifying Vehicle, Unknown Configuration",vehicle.csv
V_CONFIG,99,Unknown,vehicle.csv
WEATHER,1,Clear,accident.csv;weather.csv
WEATHER,2,Rain,accident.csv;weather.csv
WEATHER,3,Sleet or Hail,accident.csv;weather.csv
WEATHER,4,Snow,accident.csv;weather.csv
WEATHER,5,"Fog, Smog, Smoke",accident.csv;weather.csv
WEATHER,6,Severe Crosswinds,accident.csv;weather.csv
WEATHER,7,"Blowing Sand, Soil, Dirt",accident.csv;weather.csv
WEATHER,8,Other,accident.csv;weather.csv
WEATHER,10,Cloudy,accident.csv;weather.csv
WEATHER,11,Blowing Snow,accident.csv;weather.csv
WEATHER,12,Freezing Rain or Drizzle,accident.csv;weather.csv
WEATHER,98,Not Reported,accident.csv;weather.csv
WEATHER,99,Reported as Unknown,accident.csv;weather.csv
WORK_INJ,0,No,person.csv
WORK_INJ,1,Yes,person.csv
WORK_INJ,7,Redacted,person.csv
WORK_INJ,8,Not Applicable (not a fatality),person.csv
WORK_INJ,9,Unknown,person.csv
WRK_ZONE,0,None,accident.csv
WRK_ZONE,1,Construction,accident.csv
WRK_ZONE,2,Maintenance,accident.csv
WRK_ZONE,3,Utility,accident.csv
WRK_ZONE,4,"Work Zone, Type Unknown",accident.csv
